ra,dec,source
30.690147,-11.165118,1301_4275
30.201271,-11.144945,1301_4275
30.391056,-11.107487,1301_4275
30.196264,-11.033447,1301_4275
30.493235,-11.019429,1301_4275
30.513254,-10.806742,1301_4275
31.069776,-10.696386,1301_4275
30.596039,-10.623502,1301_4275
31.714083,-11.228167,1301_4275
31.970299,-11.213195,1301_4275
31.412792,-11.15111,1301_4275
31.203613,-11.146258,1301_4275
31.808828,-10.948963,1301_4275
31.982681,-10.95393,1301_4275
32.125488,-11.198564,1301_4275
32.415287,-11.13273,1301_4275
32.646156,-11.124942,1301_4275
32.386871,-11.023117,1301_4275
32.990086,-10.963011,1301_4275
32.767452,-10.926092,1301_4275
32.871616,-10.871783,1301_4275
32.128754,-10.664643,1301_4275
32.194176,-10.582054,1301_4275
32.136494,-10.360971,1301_4275
32.218201,-10.266704,1301_4275
33.92197,-11.09567,1301_4275
33.566002,-10.76555,1301_4275
33.697021,-10.732102,1301_4275
33.428829,-10.72124,1301_4275
33.135857,-10.580472,1301_4275
33.770798,-10.468553,1301_4275
33.911705,-10.41635,1301_4275
34.150101,-11.225227,1301_4275
34.52047,-11.128219,1301_4275
34.712013,-10.842353,1301_4275
34.556,-10.782074,1301_4275
34.974277,-10.764244,1301_4275
34.698021,-10.600347,1301_4275
35.200176,-11.199566,1301_4275
35.92902,-11.171984,1301_4275
35.778553,-11.093374,1301_4275
35.65033,-10.939105,1301_4275
35.416416,-10.864992,1301_4275
35.235199,-10.825553,1301_4275
35.573376,-10.795518,1301_4275
35.44104,-10.673303,1301_4275
35.858185,-10.487077,1301_4275
35.858341,-10.480101,1301_4275
35.084522,-10.463946,1301_4275
35.383976,-10.428904,1301_4275
35.64603,-10.419737,1301_4275
35.107166,-10.274105,1301_4275
36.192448,-11.03756,1301_4275
36.751522,-10.966722,1301_4275
36.480877,-10.924501,1301_4275
36.506718,-10.863957,1301_4275
36.806564,-10.775711,1301_4275
36.796375,-10.761139,1301_4275
36.753819,-10.687791,1301_4275
36.269184,-10.614738,1301_4275
36.255611,-10.59303,1301_4275
36.755485,-10.493033,1301_4275
36.146633,-10.478559,1301_4275
36.204315,-10.464885,1301_4275
36.370941,-10.446504,1301_4275
36.408279,-10.30356,1301_4275
37.792419,-11.126202,1301_4275
37.685009,-11.122371,1301_4275
37.452518,-11.041182,1301_4275
37.476299,-10.96255,1301_4275
37.457287,-10.896633,1301_4275
37.460041,-10.823323,1301_4275
37.025684,-10.745133,1301_4275
37.223198,-10.591873,1301_4275
37.241467,-10.566697,1301_4275
37.670563,-10.531555,1301_4275
37.7155,-10.368069,1301_4275
38.727276,-11.166331,1301_4275
38.126999,-11.066277,1301_4275
38.80442,-11.023103,1301_4275
38.320705,-11.016455,1301_4275
38.449925,-10.950802,1301_4275
38.525471,-10.858728,1301_4275
37.933041,-10.739057,1301_4275
38.624039,-10.501018,1301_4275
38.071007,-10.471202,1301_4275
38.575352,-10.382453,1301_4275
30.613457,-9.799909,1301_4275
30.27099,-9.787633,1301_4275
30.594109,-9.775151,1301_4275
30.55279,-9.671059,1301_4275
30.535917,-9.531606,1301_4275
30.707821,-9.336653,1301_4275
31.767675,-10.230257,1301_4275
32.003788,-10.192514,1301_4275
31.730707,-10.154305,1301_4275
31.790983,-10.093591,1301_4275
31.547184,-9.94758,1301_4275
31.333336,-9.935458,1301_4275
32.048481,-9.898329,1301_4275
31.227858,-9.815267,1301_4275
31.566692,-9.807934,1301_4275
31.557116,-9.787653,1301_4275
31.57605,-9.666735,1301_4275
31.790985,-9.564985,1301_4275
32.060642,-9.546564,1301_4275
31.692123,-9.438184,1301_4275
31.720535,-9.397388,1301_4275
32.367489,-10.114808,1301_4275
32.110931,-10.109645,1301_4275
32.816593,-9.94853,1301_4275
32.868648,-9.949264,1301_4275
32.871441,-9.941854,1301_4275
32.152912,-9.937702,1301_4275
32.531841,-9.908673,1301_4275
32.314884,-9.784696,1301_4275
32.157692,-9.702569,1301_4275
33.062721,-9.604751,1301_4275
32.950943,-9.591608,1301_4275
32.297382,-9.546334,1301_4275
32.297039,-9.545559,1301_4275
32.344719,-9.524055,1301_4275
32.421181,-9.526288,1301_4275
32.156177,-9.475406,1301_4275
33.442871,-10.218962,1301_4275
33.855614,-10.179149,1301_4275
33.697487,-10.192449,1301_4275
33.166058,-10.152111,1301_4275
33.808041,-10.090777,1301_4275
33.166721,-10.072129,1301_4275
33.193256,-10.045926,1301_4275
33.760208,-10.066311,1301_4275
33.662407,-10.009939,1301_4275
33.608509,-9.889497,1301_4275
33.598667,-9.69736,1301_4275
33.8479,-9.624586,1301_4275
33.267975,-9.594253,1301_4275
33.399471,-9.553778,1301_4275
33.129509,-9.486804,1301_4275
33.786945,-9.493225,1301_4275
34.26384,-10.19227,1301_4275
34.649841,-10.076246,1301_4275
34.82737,-9.934042,1301_4275
34.744122,-9.905999,1301_4275
34.780174,-9.756317,1301_4275
34.100971,-9.735641,1301_4275
34.885441,-9.652877,1301_4275
34.813702,-9.590844,1301_4275
35.832821,-10.245669,1301_4275
35.571705,-10.056229,1301_4275
35.011841,-9.981007,1301_4275
35.271664,-9.623956,1301_4275
35.19796,-9.624628,1301_4275
36.765987,-10.246611,1301_4275
36.645374,-10.239376,1301_4275
36.149441,-9.866188,1301_4275
36.250824,-9.856068,1301_4275
36.340656,-9.493792,1301_4275
36.662842,-9.48071,1301_4275
36.751221,-9.47672,1301_4275
36.893604,-10.250633,1301_4275
37.771584,-10.183326,1301_4275
37.049145,-10.090625,1301_4275
37.142803,-10.071088,1301_4275
37.104496,-10.032083,1301_4275
37.231674,-10.012664,1301_4275
37.743439,-9.927332,1301_4275
37.091965,-9.887218,1301_4275
37.7896,-9.833735,1301_4275
37.106548,-9.767576,1301_4275
37.630184,-9.676272,1301_4275
36.920544,-9.607326,1301_4275
37.113533,-9.492078,1301_4275
37.301956,-9.508386,1301_4275
37.558922,-9.441507,1301_4275
37.161964,-9.432535,1301_4275
37.872478,-10.262243,1301_4275
37.916256,-10.14881,1301_4275
38.147003,-10.081855,1301_4275
37.930779,-10.007853,1301_4275
38.407307,-9.934512,1301_4275
37.911781,-9.898181,1301_4275
38.079853,-9.817242,1301_4275
37.878296,-9.718374,1301_4275
38.058838,-9.531059,1301_4275
38.535053,-9.48228,1301_4275
37.85194,-9.358905,1301_4275
30.322906,-9.311458,1301_4275
31.020853,-9.106462,1301_4275
30.634579,-8.93706,1301_4275
30.580271,-8.897491,1301_4275
31.069664,-8.868791,1301_4275
31.105413,-8.840892,1301_4275
30.353409,-8.779748,1301_4275
30.943834,-8.557221,1301_4275
31.439518,-9.213283,1301_4275
31.273115,-9.018538,1301_4275
31.317882,-8.98844,1301_4275
31.285994,-8.912488,1301_4275
31.250198,-8.710932,1301_4275
31.652765,-8.685903,1301_4275
31.861036,-8.613501,1301_4275
31.166386,-8.60813,1301_4275
32.003056,-8.411625,1301_4275
32.683708,-9.228481,1301_4275
33.019218,-9.128716,1301_4275
32.478092,-9.08216,1301_4275
33.058464,-8.905539,1301_4275
32.199753,-8.833365,1301_4275
32.634121,-8.820353,1301_4275
32.197437,-8.713874,1301_4275
32.400856,-8.496565,1301_4275
33.134842,-9.216304,1301_4275
33.321972,-9.192824,1301_4275
33.592514,-9.104666,1301_4275
33.53682,-9.013524,1301_4275
33.823746,-9.017983,1301_4275
33.430519,-8.509462,1301_4275
34.078667,-9.309242,1301_4275
34.039547,-9.233173,1301_4275
34.550709,-9.030195,1301_4275
34.82542,-9.022326,1301_4275
34.049931,-9.011267,1301_4275
34.261826,-8.9894,1301_4275
34.405296,-8.95299,1301_4275
34.123463,-8.897534,1301_4275
34.342415,-8.880447,1301_4275
34.492828,-8.831283,1301_4275
34.588104,-8.807344,1301_4275
34.458447,-8.667436,1301_4275
34.875824,-8.406717,1301_4275
35.774872,-9.247176,1301_4275
35.354874,-9.218025,1301_4275
35.370956,-9.163622,1301_4275
35.399403,-9.168033,1301_4275
35.887535,-9.034291,1301_4275
35.589836,-9.01003,1301_4275
35.534065,-8.86964,1301_4275
35.867577,-8.865355,1301_4275
35.079681,-8.786392,1301_4275
35.289887,-8.788397,1301_4275
35.503918,-8.693703,1301_4275
35.171421,-8.663119,1301_4275
35.375603,-8.637333,1301_4275
35.080135,-8.635124,1301_4275
35.23177,-8.59481,1301_4275
35.464695,-8.582577,1301_4275
35.051662,-8.539475,1301_4275
35.480911,-8.465271,1301_4275
35.596168,-8.425898,1301_4275
36.714825,-9.273974,1301_4275
36.049198,-9.177271,1301_4275
36.843426,-9.162097,1301_4275
36.136131,-9.097031,1301_4275
36.10828,-9.102746,1301_4275
36.086956,-8.921722,1301_4275
36.45771,-8.800187,1301_4275
36.59251,-8.789453,1301_4275
36.242054,-8.757931,1301_4275
36.239533,-8.745112,1301_4275
36.359467,-8.741807,1301_4275
36.619774,-8.724485,1301_4275
36.337116,-8.650527,1301_4275
36.430889,-8.623646,1301_4275
36.499699,-8.604684,1301_4275
36.081986,-8.438305,1301_4275
36.402958,-8.427581,1301_4275
36.299404,-8.411882,1301_4275
37.23809,-9.177957,1301_4275
37.480873,-9.135452,1301_4275
37.785503,-9.118298,1301_4275
37.384773,-9.020236,1301_4275
36.94688,-8.946523,1301_4275
37.022304,-8.925438,1301_4275
37.091084,-8.802407,1301_4275
36.945919,-8.625799,1301_4275
37.325748,-8.635001,1301_4275
37.190685,-8.570327,1301_4275
37.642868,-8.529206,1301_4275
37.189228,-8.460222,1301_4275
36.944374,-8.40008,1301_4275
38.354347,-9.190852,1301_4275
38.472805,-9.042811,1301_4275
38.289867,-9.052702,1301_4275
38.705605,-8.957496,1301_4275
38.137596,-8.934146,1301_4275
38.44527,-8.846831,1301_4275
38.619667,-8.799247,1301_4275
38.00779,-8.779521,1301_4275
38.72897,-8.71013,1301_4275
30.508089,-8.35965,1301_4275
30.542717,-8.197873,1301_4275
30.976486,-8.163961,1301_4275
30.962435,-8.090237,1301_4275
31.009247,-8.064521,1301_4275
30.2075,-8.041871,1301_4275
30.425079,-7.952306,1301_4275
30.226286,-7.910847,1301_4275
31.143105,-7.848433,1301_4275
31.02001,-7.83671,1301_4275
31.069555,-7.827113,1301_4275
30.243257,-7.700147,1301_4275
30.555906,-7.665324,1301_4275
30.72699,-7.65076,1301_4275
30.198858,-7.644201,1301_4275
30.412691,-7.63616,1301_4275
30.450819,-7.590811,1301_4275
30.435945,-7.58236,1301_4275
30.346054,-7.587179,1301_4275
31.093634,-7.585923,1301_4275
30.941503,-7.477212,1301_4275
30.89505,-7.469967,1301_4275
31.237183,-8.164458,1301_4275
31.246838,-8.137804,1301_4275
31.610189,-8.036794,1301_4275
31.933512,-8.009825,1301_4275
32.0471,-7.98327,1301_4275
32.001194,-7.86507,1301_4275
31.261265,-7.851139,1301_4275
31.933899,-7.721002,1301_4275
31.48583,-7.679638,1301_4275
32.059742,-7.678372,1301_4275
31.629106,-7.639644,1301_4275
31.543543,-7.594961,1301_4275
31.715618,-7.615479,1301_4275
31.82501,-7.469476,1301_4275
32.117767,-8.197608,1301_4275
32.905582,-8.173978,1301_4275
32.158356,-7.903811,1301_4275
32.264141,-7.847484,1301_4275
32.217712,-7.846273,1301_4275
32.575809,-7.805628,1301_4275
32.582008,-7.725028,1301_4275
32.72382,-7.699318,1301_4275
33.057972,-7.58348,1301_4275
32.582432,-7.508636,1301_4275
33.830673,-8.359132,1301_4275
33.867256,-8.310109,1301_4275
33.835342,-8.175205,1301_4275
33.874676,-8.06062,1301_4275
33.897575,-8.065253,1301_4275
33.429676,-8.026393,1301_4275
33.261536,-7.775615,1301_4275
34.021797,-7.581259,1301_4275
34.78603,-8.375119,1301_4275
34.747299,-8.334416,1301_4275
34.714664,-8.320452,1301_4275
34.557095,-8.308818,1301_4275
34.224121,-8.198995,1301_4275
34.392185,-8.14535,1301_4275
34.716053,-8.06168,1301_4275
34.160461,-7.99054,1301_4275
34.505474,-7.911125,1301_4275
34.827641,-7.896359,1301_4275
34.500744,-7.898188,1301_4275
34.864635,-7.759414,1301_4275
35.592838,-8.326071,1301_4275
35.382393,-8.199127,1301_4275
35.114681,-8.187393,1301_4275
35.469696,-8.161862,1301_4275
35.128216,-8.149623,1301_4275
35.486008,-7.971487,1301_4275
35.278183,-7.78526,1301_4275
35.587955,-7.68317,1301_4275
36.668934,-8.390828,1301_4275
36.385536,-8.346303,1301_4275
36.311661,-8.3478,1301_4275
36.433968,-8.323864,1301_4275
36.790924,-8.305021,1301_4275
36.385372,-8.268518,1301_4275
36.587559,-8.253731,1301_4275
35.945682,-8.213507,1301_4275
36.389431,-7.874524,1301_4275
36.028103,-7.650845,1301_4275
37.363289,-8.25656,1301_4275
37.558399,-8.187303,1301_4275
37.376488,-8.128593,1301_4275
37.778675,-7.642822,1301_4275
38.78682,-8.373136,1301_4275
37.854969,-8.262341,1301_4275
37.892899,-8.233998,1301_4275
38.101021,-8.194493,1301_4275
38.084538,-8.188407,1301_4275
38.599934,-7.477653,1301_4275
30.951706,-7.426952,1301_4275
30.726099,-7.306275,1301_4275
30.839809,-7.277797,1301_4275
30.48757,-7.158827,1301_4275
30.527094,-7.132986,1301_4275
30.565449,-7.09252,1301_4275
30.823832,-7.060918,1301_4275
30.927311,-7.050244,1301_4275
30.721937,-6.979598,1301_4275
30.198666,-6.919785,1301_4275
30.693359,-6.907103,1301_4275
30.536102,-6.820979,1301_4275
30.434628,-6.787655,1301_4275
31.01907,-6.782743,1301_4275
30.875198,-6.755153,1301_4275
30.566404,-6.72075,1301_4275
30.548346,-6.627577,1301_4275
30.670692,-6.573194,1301_4275
31.647377,-7.404199,1301_4275
31.719782,-7.349049,1301_4275
31.296377,-7.214758,1301_4275
31.978157,-7.113281,1301_4275
32.00531,-7.04304,1301_4275
31.201136,-7.036559,1301_4275
31.164372,-6.910533,1301_4275
31.958036,-6.536741,1301_4275
33.01751,-7.378637,1301_4275
32.791145,-7.142229,1301_4275
32.326901,-7.121483,1301_4275
32.519753,-6.9819,1301_4275
32.56152,-6.885199,1301_4275
32.635807,-6.873928,1301_4275
32.144451,-6.846555,1301_4275
32.930675,-6.826228,1301_4275
32.131687,-6.806475,1301_4275
32.59676,-6.755602,1301_4275
32.631798,-6.700701,1301_4275
32.602192,-6.688014,1301_4275
33.123718,-7.464976,1301_4275
33.593636,-7.440462,1301_4275
33.745148,-7.2437,1301_4275
33.374947,-7.184364,1301_4275
33.654018,-7.137939,1301_4275
33.448841,-7.130751,1301_4275
33.940559,-7.039578,1301_4275
33.385891,-7.030203,1301_4275
33.798859,-7.004424,1301_4275
33.462406,-6.951181,1301_4275
33.340557,-6.938809,1301_4275
33.073338,-6.879371,1301_4275
33.2827,-6.894778,1301_4275
33.491337,-6.79323,1301_4275
33.3722,-6.814934,1301_4275
33.392811,-6.781964,1301_4275
34.578026,-7.437544,1301_4275
34.273319,-7.278216,1301_4275
34.204697,-7.262546,1301_4275
34.539787,-7.23653,1301_4275
34.52021,-7.215819,1301_4275
34.192707,-7.142098,1301_4275
34.339634,-6.897657,1301_4275
34.684315,-6.880465,1301_4275
34.45974,-6.874788,1301_4275
34.191956,-6.859875,1301_4275
34.591911,-6.840216,1301_4275
34.308617,-6.794756,1301_4275
34.439461,-6.784333,1301_4275
34.122917,-6.758203,1301_4275
34.071777,-6.748288,1301_4275
34.336746,-6.637058,1301_4275
34.146091,-6.55879,1301_4275
35.865505,-7.236383,1301_4275
35.580322,-6.8092,1301_4275
35.579639,-6.810287,1301_4275
35.639961,-6.673075,1301_4275
36.383587,-7.247941,1301_4275
35.967853,-7.259577,1301_4275
36.193508,-7.256995,1301_4275
35.963501,-7.244499,1301_4275
36.492519,-7.227057,1301_4275
36.547245,-7.19242,1301_4275
36.535072,-7.164761,1301_4275
36.459648,-7.048455,1301_4275
36.442379,-6.723511,1301_4275
36.395885,-6.64271,1301_4275
36.008266,-6.57048,1301_4275
37.250568,-7.322034,1301_4275
37.172844,-7.030169,1301_4275
37.598686,-7.013355,1301_4275
37.132874,-6.875463,1301_4275
37.562542,-6.87555,1301_4275
38.650562,-7.343497,1301_4275
38.421764,-7.233589,1301_4275
38.327782,-6.914946,1301_4275
38.645008,-6.798974,1301_4275
38.660545,-6.71835,1301_4275
30.93034,-6.481916,1301_4275
30.938095,-6.431514,1301_4275
30.804665,-6.387253,1301_4275
30.82242,-6.321378,1301_4275
30.443417,-6.2874,1301_4275
30.218664,-6.293143,1301_4275
30.203859,-6.285913,1301_4275
30.837103,-6.284542,1301_4275
30.619959,-6.157635,1301_4275
30.285782,-6.134123,1301_4275
30.946752,-6.040495,1301_4275
30.864016,-6.024021,1301_4275
30.933336,-5.997407,1301_4275
31.04282,-5.81975,1301_4275
30.70542,-5.733137,1301_4275
32.061672,-6.316863,1301_4275
31.437141,-6.286194,1301_4275
31.413164,-6.25696,1301_4275
31.229925,-6.248841,1301_4275
31.439827,-6.230363,1301_4275
31.248655,-6.199285,1301_4275
31.433109,-6.161631,1301_4275
31.438442,-6.15489,1301_4275
31.511915,-6.096455,1301_4275
31.520147,-6.054352,1301_4275
31.974148,-6.000361,1301_4275
31.985376,-5.700945,1301_4275
32.891781,-6.503044,1301_4275
32.933716,-6.383487,1301_4275
32.468521,-6.368835,1301_4275
32.424068,-6.319464,1301_4275
32.788055,-6.306238,1301_4275
32.266251,-6.19511,1301_4275
32.171623,-6.199658,1301_4275
32.484177,-6.154427,1301_4275
32.614037,-5.983314,1301_4275
32.138538,-5.927599,1301_4275
32.142296,-5.82043,1301_4275
32.291225,-5.791084,1301_4275
32.198467,-5.787222,1301_4275
32.237541,-5.699671,1301_4275
32.89518,-5.601454,1301_4275
33.08231,-6.448335,1301_4275
33.76339,-6.446371,1301_4275
33.412563,-6.444153,1301_4275
33.369022,-6.370758,1301_4275
33.071938,-6.155965,1301_4275
33.628422,-6.13679,1301_4275
33.227508,-6.13663,1301_4275
33.56781,-6.099414,1301_4275
33.491737,-5.965949,1301_4275
33.171925,-5.818039,1301_4275
33.1087,-5.812184,1301_4275
34.816997,-6.43924,1301_4275
34.7243,-6.280736,1301_4275
34.895359,-6.105222,1301_4275
34.803513,-6.038069,1301_4275
34.817082,-6.054928,1301_4275
34.140095,-6.04112,1301_4275
34.787804,-5.910472,1301_4275
34.852253,-5.904421,1301_4275
34.794674,-5.844139,1301_4275
35.603085,-6.461341,1301_4275
35.13971,-6.434043,1301_4275
35.602489,-6.267052,1301_4275
35.749302,-6.188344,1301_4275
35.561119,-6.142495,1301_4275
35.364758,-5.823608,1301_4275
35.03828,-5.710916,1301_4275
36.102467,-6.473917,1301_4275
36.09721,-6.41298,1301_4275
36.268723,-6.310822,1301_4275
36.087307,-6.152583,1301_4275
36.62669,-6.157453,1301_4275
36.178097,-6.140841,1301_4275
36.373215,-6.102281,1301_4275
36.289196,-6.073741,1301_4275
36.576565,-6.092054,1301_4275
36.365509,-6.044162,1301_4275
36.127052,-5.918778,1301_4275
36.28981,-5.939649,1301_4275
36.308022,-5.91133,1301_4275
36.403004,-5.873018,1301_4275
36.444675,-5.742699,1301_4275
36.961597,-6.403534,1301_4275
37.707981,-6.362548,1301_4275
37.149994,-5.940963,1301_4275
37.332607,-5.939698,1301_4275
37.225613,-5.622992,1301_4275
38.652245,-6.375801,1301_4275
38.540077,-6.128997,1301_4275
38.631935,-6.076873,1301_4275
38.690754,-5.711457,1301_4275
132.259323,-5.652067,1301_4275
132.776993,-5.645323,1301_4275
132.715134,-5.517411,1301_4275
132.413864,-5.281756,1301_4275
132.406158,-5.236991,1301_4275
132.334045,-5.225745,1301_4275
132.28894,-5.14835,1301_4275
132.794662,-5.089084,1301_4275
132.672485,-5.028939,1301_4275
132.753586,-5.024798,1301_4275
132.648727,-4.999977,1301_4275
132.658295,-5.003128,1301_4275
132.607681,-4.976483,1301_4275
132.39061,-4.935987,1301_4275
132.363586,-4.918815,1301_4275
132.521866,-4.86058,1301_4275
133.931671,-5.551276,1301_4275
133.883636,-5.512226,1301_4275
133.842102,-5.473709,1301_4275
133.259811,-5.379779,1301_4275
133.513626,-5.344761,1301_4275
133.386047,-5.337523,1301_4275
133.501862,-5.21767,1301_4275
133.45932,-5.208953,1301_4275
133.13298,-5.110237,1301_4275
133.229568,-5.059359,1301_4275
133.200607,-5.044389,1301_4275
133.355881,-4.995103,1301_4275
133.087677,-4.951773,1301_4275
134.35997,-5.661165,1301_4275
134.097809,-5.648972,1301_4275
134.096191,-5.646927,1301_4275
134.447235,-5.631858,1301_4275
134.630676,-5.496285,1301_4275
134.025543,-5.465482,1301_4275
134.633362,-5.460415,1301_4275
134.870483,-5.411745,1301_4275
134.835327,-5.409752,1301_4275
134.71936,-5.413341,1301_4275
134.339188,-5.404944,1301_4275
134.072891,-5.38525,1301_4275
134.738327,-5.350936,1301_4275
134.826599,-5.350978,1301_4275
134.42836,-5.262855,1301_4275
134.67514,-5.274775,1301_4275
134.526459,-5.252233,1301_4275
134.875931,-5.18842,1301_4275
134.426621,-5.086775,1301_4275
134.323563,-5.047715,1301_4275
134.786636,-5.04317,1301_4275
133.990845,-4.978526,1301_4275
134.349228,-4.89557,1301_4275
134.708542,-4.756621,1301_4275
134.085617,-4.754487,1301_4275
134.558044,-4.724215,1301_4275
134.839401,-4.7195,1301_4275
135.687607,-5.66828,1301_4275
135.053574,-5.58415,1301_4275
135.292801,-5.354094,1301_4275
135.755264,-5.289909,1301_4275
135.812897,-5.275785,1301_4275
135.55722,-5.214266,1301_4275
134.98671,-5.150891,1301_4275
135.593979,-5.093661,1301_4275
134.981278,-5.050979,1301_4275
135.19812,-4.994212,1301_4275
135.290176,-4.718444,1301_4275
135.987289,-5.535717,1301_4275
135.99942,-5.529022,1301_4275
136.320755,-5.47367,1301_4275
135.926346,-5.412499,1301_4275
136.241318,-5.355691,1301_4275
136.099869,-5.212903,1301_4275
136.468353,-5.018272,1301_4275
136.124847,-4.951866,1301_4275
136.312515,-4.889222,1301_4275
132.516892,-4.67436,1301_4275
132.302368,-4.405945,1301_4275
132.527802,-4.330365,1301_4275
132.17511,-4.326365,1301_4275
132.787613,-4.175069,1301_4275
132.804611,-4.138937,1301_4275
132.889358,-4.113917,1301_4275
132.73172,-4.100234,1301_4275
132.305405,-3.988713,1301_4275
133.395615,-4.607748,1301_4275
133.40741,-4.60237,1301_4275
133.442429,-4.486828,1301_4275
133.775757,-4.406029,1301_4275
133.601166,-4.379664,1301_4275
133.64006,-4.101349,1301_4275
133.310883,-3.883724,1301_4275
134.109619,-4.629538,1301_4275
134.482361,-4.607965,1301_4275
134.342041,-4.608329,1301_4275
134.737427,-4.563935,1301_4275
134.83696,-4.544373,1301_4275
134.498932,-4.542769,1301_4275
134.077087,-4.34359,1301_4275
134.182358,-4.220983,1301_4275
134.123688,-4.147353,1301_4275
134.718765,-4.170416,1301_4275
134.002884,-4.108618,1301_4275
134.065872,-4.033625,1301_4275
135.343567,-4.670206,1301_4275
135.494507,-4.61828,1301_4275
135.814468,-4.608713,1301_4275
135.184586,-4.595252,1301_4275
135.829803,-4.548098,1301_4275
135.021881,-4.459963,1301_4275
135.588928,-4.460535,1301_4275
135.479981,-4.429192,1301_4275
135.259399,-4.396011,1301_4275
134.994598,-4.369384,1301_4275
135.248123,-4.217878,1301_4275
134.998444,-4.18859,1301_4275
134.93132,-4.192882,1301_4275
135.061218,-4.141319,1301_4275
135.095703,-4.120724,1301_4275
135.039917,-4.100404,1301_4275
135.048904,-4.013731,1301_4275
135.229477,-3.986971,1301_4275
136.716858,-4.619988,1301_4275
136.398773,-4.613728,1301_4275
136.051926,-4.373498,1301_4275
135.990906,-4.301221,1301_4275
136.584213,-4.188684,1301_4275
136.581207,-4.017592,1301_4275
136.666214,-4.009181,1301_4275
135.934112,-3.931017,1301_4275
132.611786,-3.303008,1301_4275
132.380005,-3.304142,1301_4275
133.701965,-3.148548,1301_4275
133.198395,-3.092494,1301_4275
133.253647,-3.035109,1301_4275
134.59259,-3.565807,1301_4275
134.759598,-3.083574,1301_4275
134.600677,-3.026728,1301_4275
134.304062,-2.872144,1301_4275
135.73204,-3.453702,1301_4275
134.988358,-3.436502,1301_4275
135.14885,-3.420034,1301_4275
135.237701,-3.397559,1301_4275
135.975525,-3.76042,1301_4275
136.415604,-3.701932,1301_4275
136.535477,-3.297325,1301_4275
136.346664,-3.095819,1301_4275
132.558639,-2.512032,1301_4275
132.204147,-2.317823,1301_4275
132.264084,-2.186942,1301_4275
132.347031,-2.104322,1301_4275
132.341003,-2.086731,1301_4275
132.714615,-2.051213,1301_4275
135.001083,-2.756109,1301_4275
135.463547,-2.664347,1301_4275
135.711639,-2.611654,1301_4275
135.584045,-2.439234,1301_4275
135.159592,-2.046415,1301_4275
136.102127,-2.623159,1301_4275
136.207016,-2.571914,1301_4275
136.776611,-2.564915,1301_4275
136.51889,-2.467287,1301_4275
135.909988,-2.330835,1301_4275
136.003708,-2.278247,1301_4275
136.748779,-2.154649,1301_4275
132.321686,-1.756479,1301_4275
132.929489,-1.555087,1301_4275
132.477875,-1.434345,1301_4275
133.975159,-1.899,1301_4275
133.381226,-1.699979,1301_4275
133.83194,-1.68238,1301_4275
133.312698,-1.648569,1301_4275
133.2845,-1.647511,1301_4275
133.75824,-1.338264,1301_4275
134.482437,-1.490402,1301_4275
134.066177,-1.477762,1301_4275
134.37529,-1.393179,1301_4275
134.140808,-0.982172,1301_4275
135.488373,-1.913194,1301_4275
135.470764,-1.443076,1301_4275
134.959381,-1.356144,1301_4275
135.347717,-1.266364,1301_4275
135.60199,-1.262184,1301_4275
136.503021,-1.555141,1301_4275
136.488342,-1.530554,1301_4275
136.606049,-1.40679,1301_4275
136.289154,-1.18199,1301_4275
136.284973,-1.148197,1301_4275
136.328873,-1.149851,1301_4275
136.787796,-1.057288,1301_4275
136.018036,-1.033201,1301_4275
209.808914,51.24403,1301_4275
210.462769,51.332729,1301_4275
209.485474,51.354378,1301_4275
209.821686,51.385986,1301_4275
210.130035,51.64286,1301_4275
210.094452,51.859917,1301_4275
209.93837,52.025921,1301_4275
210.942337,51.332611,1301_4275
211.455597,51.391953,1301_4275
212.006683,51.707348,1301_4275
211.849899,51.834339,1301_4275
211.486053,51.917835,1301_4275
211.724411,52.029446,1301_4275
211.034622,52.074902,1301_4275
212.357788,51.231632,1301_4275
212.391144,51.295437,1301_4275
212.435638,51.484604,1301_4275
212.625275,52.130371,1301_4275
213.814575,51.231358,1301_4275
213.848114,51.443409,1301_4275
214.09906,51.482929,1301_4275
213.78479,51.613769,1301_4275
214.616455,51.634003,1301_4275
213.963867,51.856842,1301_4275
213.89679,51.864822,1301_4275
214.878281,51.924484,1301_4275
214.745422,52.028076,1301_4275
213.96843,52.052456,1301_4275
213.995758,52.050819,1301_4275
213.957642,52.054176,1301_4275
213.765137,52.07616,1301_4275
213.817093,52.08234,1301_4275
214.609482,52.147411,1301_4275
214.050446,52.160267,1301_4275
215.867218,51.330772,1301_4275
215.869675,51.918484,1301_4275
215.896591,52.154884,1301_4275
217.666061,51.258587,1301_4275
216.790588,51.329815,1301_4275
217.458588,51.692394,1301_4275
217.168594,51.72237,1301_4275
217.373825,51.74181,1301_4275
217.168747,52.056721,1301_4275
218.759338,51.467274,1301_4275
218.496979,51.510536,1301_4275
218.268997,51.522354,1301_4275
219.370926,51.582718,1301_4275
219.326599,51.612659,1301_4275
219.349945,51.646694,1301_4275
219.128418,51.660389,1301_4275
218.992279,51.692577,1301_4275
219.359604,51.694965,1301_4275
219.439178,51.735279,1301_4275
219.424499,51.763504,1301_4275
218.930649,51.769669,1301_4275
219.180328,51.791294,1301_4275
219.410309,51.792931,1301_4275
219.153854,51.920685,1301_4275
218.736588,51.970367,1301_4275
218.435577,51.974934,1301_4275
218.426041,52.056137,1301_4275
210.215012,52.268498,1301_4275
210.487763,52.279442,1301_4275
209.798569,52.362545,1301_4275
209.292969,52.343117,1301_4275
209.650284,52.355919,1301_4275
209.666946,52.360199,1301_4275
209.940918,52.3769,1301_4275
209.355331,52.392796,1301_4275
209.590347,52.392918,1301_4275
210.164871,52.439419,1301_4275
210.275452,52.472275,1301_4275
209.749939,52.501736,1301_4275
210.152359,52.53862,1301_4275
209.535187,52.526508,1301_4275
209.404678,52.580059,1301_4275
209.618195,52.586479,1301_4275
209.330246,52.731747,1301_4275
209.395874,52.810326,1301_4275
209.50032,52.883415,1301_4275
209.289475,52.941017,1301_4275
209.898544,52.953594,1301_4275
209.505081,52.963158,1301_4275
209.858505,52.992821,1301_4275
209.485703,53.001759,1301_4275
209.408997,53.023777,1301_4275
210.910278,52.205021,1301_4275
212.192047,52.354225,1301_4275
211.565323,52.54303,1301_4275
212.096909,52.917885,1301_4275
212.649674,52.252735,1301_4275
213.330643,52.311333,1301_4275
212.903153,52.342899,1301_4275
212.533722,52.351055,1301_4275
213.503693,52.394409,1301_4275
212.54007,52.422321,1301_4275
212.626358,52.538002,1301_4275
212.727081,52.597843,1301_4275
212.919144,52.635445,1301_4275
212.916229,52.654568,1301_4275
212.90181,52.708626,1301_4275
213.455978,52.786572,1301_4275
213.598999,52.786713,1301_4275
213.497894,52.784462,1301_4275
212.945465,52.799118,1301_4275
212.943024,52.861485,1301_4275
214.632416,52.212444,1301_4275
213.941483,52.224419,1301_4275
213.935242,52.315334,1301_4275
213.737656,52.343651,1301_4275
213.85408,52.424507,1301_4275
214.529358,52.697182,1301_4275
213.873688,52.779507,1301_4275
213.923721,52.813126,1301_4275
214.629379,52.894325,1301_4275
214.626129,52.903076,1301_4275
214.348984,52.964146,1301_4275
216.243637,52.493702,1301_4275
216.063599,52.507214,1301_4275
215.329254,52.542801,1301_4275
215.482788,52.813068,1301_4275
216.419113,52.819981,1301_4275
215.880478,52.923363,1301_4275
215.478272,53.004913,1301_4275
218.209183,52.305428,1301_4275
216.806152,52.399116,1301_4275
217.106079,52.456772,1301_4275
216.780335,52.833733,1301_4275
217.734665,52.970123,1301_4275
217.759003,52.985268,1301_4275
218.293564,52.225994,1301_4275
218.594971,52.477631,1301_4275
218.660126,52.47652,1301_4275
219.006836,52.532066,1301_4275
219.133163,52.644855,1301_4275
218.493957,52.657406,1301_4275
218.587921,52.685917,1301_4275
219.174988,52.703667,1301_4275
218.301025,52.732204,1301_4275
219.238205,52.761662,1301_4275
218.724045,52.797436,1301_4275
218.370041,52.816826,1301_4275
219.062866,52.819733,1301_4275
219.343277,52.835514,1301_4275
219.431351,52.928234,1301_4275
218.293991,52.975128,1301_4275
218.282562,53.021771,1301_4275
210.362747,53.170868,1301_4275
209.149353,53.217339,1301_4275
209.158005,53.236908,1301_4275
209.159347,53.23867,1301_4275
209.227921,53.28281,1301_4275
209.706406,53.480301,1301_4275
209.378998,53.492874,1301_4275
209.320465,53.505669,1301_4275
209.882095,53.75267,1301_4275
209.86824,53.750801,1301_4275
209.271423,53.796322,1301_4275
209.898498,53.857487,1301_4275
209.862823,53.864845,1301_4275
209.74144,53.904179,1301_4275
211.299377,53.115326,1301_4275
211.885223,53.144672,1301_4275
211.488709,53.511341,1301_4275
211.888779,53.732769,1301_4275
210.78595,53.727581,1301_4275
210.904633,53.807507,1301_4275
212.061478,53.837715,1301_4275
211.330795,53.865372,1301_4275
211.975235,53.905971,1301_4275
211.729981,53.925156,1301_4275
211.830338,53.9328,1301_4275
211.850418,54.004223,1301_4275
212.177994,53.998447,1301_4275
211.857315,54.009377,1301_4275
212.131134,54.03215,1301_4275
212.929306,53.258701,1301_4275
212.358276,53.416184,1301_4275
212.50354,53.423107,1301_4275
213.69429,53.479568,1301_4275
212.535065,53.6404,1301_4275
212.910584,53.620235,1301_4275
213.104614,53.632404,1301_4275
212.563415,53.658115,1301_4275
212.921493,53.651966,1301_4275
212.420593,53.655346,1301_4275
212.570328,53.668453,1301_4275
212.515091,53.763378,1301_4275
212.271851,53.795422,1301_4275
212.705353,53.772068,1301_4275
212.880936,53.795136,1301_4275
212.231049,53.824078,1301_4275
213.141983,54.00967,1301_4275
214.731949,53.108681,1301_4275
215.052277,53.124859,1301_4275
214.062256,53.146286,1301_4275
214.933639,53.1786,1301_4275
214.872299,53.194256,1301_4275
214.998291,53.337639,1301_4275
214.11203,53.38007,1301_4275
213.741882,53.588757,1301_4275
213.979172,53.587486,1301_4275
214.461975,53.607838,1301_4275
215.132873,53.601181,1301_4275
214.942932,53.612072,1301_4275
214.572891,53.788956,1301_4275
214.511124,53.784096,1301_4275
214.111115,53.809334,1301_4275
214.078598,53.841564,1301_4275
215.125763,53.866497,1301_4275
216.622604,53.311359,1301_4275
216.472351,53.327595,1301_4275
215.877731,53.473263,1301_4275
216.543228,53.697403,1301_4275
216.110794,53.738377,1301_4275
215.4897,53.840237,1301_4275
216.182754,53.864155,1301_4275
215.778595,53.948265,1301_4275
217.032608,53.200806,1301_4275
218.016815,53.235176,1301_4275
218.086365,53.438587,1301_4275
218.187241,53.46262,1301_4275
217.074982,53.568829,1301_4275
218.163193,53.586056,1301_4275
218.083038,53.61388,1301_4275
216.776779,53.621136,1301_4275
217.552505,53.925854,1301_4275
217.36438,53.92997,1301_4275
218.717087,53.116196,1301_4275
218.689728,53.271534,1301_4275
219.292465,53.306797,1301_4275
218.451843,53.32122,1301_4275
219.340042,53.445568,1301_4275
219.569824,53.43507,1301_4275
218.626083,53.459709,1301_4275
218.418457,53.454117,1301_4275
219.546112,53.462536,1301_4275
219.499527,53.518875,1301_4275
219.692154,53.6492,1301_4275
218.644486,53.684467,1301_4275
219.792877,53.693619,1301_4275
219.025299,53.798485,1301_4275
218.47699,53.875362,1301_4275
209.096008,54.160988,1301_4275
209.319412,54.210136,1301_4275
209.544098,54.246803,1301_4275
210.077286,54.480289,1301_4275
209.986847,54.538315,1301_4275
209.420425,54.679054,1301_4275
209.547699,54.732265,1301_4275
209.532455,54.755295,1301_4275
210.008667,54.779526,1301_4275
210.548492,54.932991,1301_4275
209.275131,54.940247,1301_4275
209.303955,54.944824,1301_4275
211.995529,54.363045,1301_4275
211.166351,54.387829,1301_4275
211.772003,54.405373,1301_4275
211.230392,54.441349,1301_4275
212.004944,54.557308,1301_4275
212.115982,54.65593,1301_4275
211.977921,54.703484,1301_4275
211.155212,54.793438,1301_4275
211.065872,54.966366,1301_4275
212.123306,54.964237,1301_4275
212.935638,54.158489,1301_4275
212.425156,54.236733,1301_4275
213.177521,54.266514,1301_4275
212.300415,54.333485,1301_4275
212.395416,54.442329,1301_4275
212.338608,54.491951,1301_4275
213.609879,54.505718,1301_4275
212.262207,54.551937,1301_4275
212.762207,54.531582,1301_4275
212.256546,54.555839,1301_4275
212.25238,54.571976,1301_4275
212.311401,54.581997,1301_4275
212.784698,54.593464,1301_4275
212.347671,54.599747,1301_4275
213.011124,54.650566,1301_4275
212.774796,54.679138,1301_4275
213.595871,54.706509,1301_4275
213.674393,54.721996,1301_4275
213.358948,54.739876,1301_4275
213.479492,54.763748,1301_4275
212.226685,54.789204,1301_4275
213.14006,54.769024,1301_4275
212.2052,54.856037,1301_4275
212.789459,54.946629,1301_4275
214.81543,54.126843,1301_4275
214.912064,54.152737,1301_4275
213.93486,54.202934,1301_4275
214.475021,54.268238,1301_4275
214.492859,54.26836,1301_4275
215.145676,54.324493,1301_4275
214.670135,54.38697,1301_4275
215.002319,54.478725,1301_4275
214.002472,54.488846,1301_4275
215.003433,54.523369,1301_4275
214.147751,54.63353,1301_4275
214.162903,54.711464,1301_4275
215.147766,54.828606,1301_4275
215.381073,54.057564,1301_4275
215.481949,54.075027,1301_4275
215.39119,54.203026,1301_4275
216.697327,54.229217,1301_4275
215.50415,54.356323,1301_4275
216.141022,54.418999,1301_4275
215.609528,54.439373,1301_4275
215.946182,54.551251,1301_4275
216.312592,54.55228,1301_4275
215.83725,54.730713,1301_4275
215.423477,54.828404,1301_4275
216.49646,54.833511,1301_4275
216.627426,54.93824,1301_4275
216.22438,54.954727,1301_4275
217.190521,54.07864,1301_4275
216.957825,54.098724,1301_4275
217.824753,54.113495,1301_4275
216.928345,54.230267,1301_4275
217.733276,54.283123,1301_4275
217.896072,54.372257,1301_4275
217.707581,54.648228,1301_4275
217.188309,54.681698,1301_4275
217.464722,54.686123,1301_4275
217.323593,54.709038,1301_4275
217.9814,54.876423,1301_4275
219.541336,54.162456,1301_4275
218.457718,54.22942,1301_4275
219.408432,54.267662,1301_4275
219.715637,54.356796,1301_4275
219.402222,54.405361,1301_4275
218.614075,54.472122,1301_4275
218.70726,54.534405,1301_4275
219.263992,54.685173,1301_4275
218.389389,54.780766,1301_4275
219.811752,54.827934,1301_4275
218.899323,54.828564,1301_4275
218.506485,54.834026,1301_4275
219.805649,54.968014,1301_4275
210.33136,55.086922,1301_4275
209.117859,55.166359,1301_4275
208.867874,55.207722,1301_4275
209.150513,55.19239,1301_4275
209.286758,55.189678,1301_4275
209.198685,55.206921,1301_4275
208.849335,55.202705,1301_4275
209.529312,55.2831,1301_4275
209.949463,55.300571,1301_4275
210.409256,55.308182,1301_4275
209.671936,55.323101,1301_4275
209.368576,55.355038,1301_4275
209.914551,55.443405,1301_4275
209.967835,55.465286,1301_4275
209.539413,55.540852,1301_4275
210.242447,55.5681,1301_4275
210.228546,55.61964,1301_4275
209.144775,55.667687,1301_4275
208.942078,55.675217,1301_4275
209.868133,55.707054,1301_4275
210.153564,55.725655,1301_4275
208.981293,55.760666,1301_4275
209.032471,55.815609,1301_4275
210.151413,55.871018,1301_4275
209.957382,55.894707,1301_4275
210.65799,55.0238,1301_4275
211.729599,55.213062,1301_4275
212.003998,55.258217,1301_4275
211.91478,55.23312,1301_4275
211.885681,55.239986,1301_4275
211.766403,55.260757,1301_4275
210.710159,55.411366,1301_4275
211.756836,55.519615,1301_4275
211.220612,55.677914,1301_4275
210.64418,55.676636,1301_4275
210.766708,55.708042,1301_4275
211.279007,55.70084,1301_4275
212.457245,55.016281,1301_4275
213.535523,55.010467,1301_4275
213.651459,55.062466,1301_4275
212.971497,55.109039,1301_4275
212.272369,55.151615,1301_4275
212.636581,55.182625,1301_4275
213.037079,55.228241,1301_4275
212.177032,55.240601,1301_4275
212.103363,55.336563,1301_4275
212.773422,55.386803,1301_4275
212.164017,55.466053,1301_4275
212.243622,55.495552,1301_4275
213.572845,55.513,1301_4275
212.165024,55.578022,1301_4275
212.204559,55.637169,1301_4275
212.408783,55.647339,1301_4275
213.480987,55.719357,1301_4275
212.920792,55.796898,1301_4275
214.848144,55.011856,1301_4275
214.639572,55.147488,1301_4275
215.250748,55.175194,1301_4275
214.332459,55.219215,1301_4275
214.00032,55.364109,1301_4275
214.619461,55.4571,1301_4275
214.895447,55.458962,1301_4275
214.146668,55.48151,1301_4275
214.176209,55.515049,1301_4275
213.738373,55.633755,1301_4275
214.241287,55.66687,1301_4275
214.520798,55.678165,1301_4275
215.049591,55.774597,1301_4275
215.381638,55.046955,1301_4275
216.28595,55.138115,1301_4275
216.575806,55.157219,1301_4275
215.944,55.206379,1301_4275
216.789215,55.233643,1301_4275
216.543793,55.242374,1301_4275
216.599075,55.301342,1301_4275
216.530151,55.328838,1301_4275
216.564621,55.329418,1301_4275
215.41182,55.340649,1301_4275
216.597214,55.475098,1301_4275
216.173843,55.503174,1301_4275
216.666977,55.48803,1301_4275
215.668274,55.547287,1301_4275
215.971954,55.667068,1301_4275
216.08812,55.742367,1301_4275
215.316116,55.757687,1301_4275
215.538773,55.783234,1301_4275
216.254273,55.781845,1301_4275
215.4599,55.787472,1301_4275
216.859817,55.819546,1301_4275
218.069809,55.006325,1301_4275
217.332565,55.111221,1301_4275
217.144577,55.096451,1301_4275
218.196899,55.141067,1301_4275
217.71904,55.205998,1301_4275
217.268326,55.203339,1301_4275
216.971985,55.221546,1301_4275
217.708466,55.263634,1301_4275
217.088425,55.367073,1301_4275
217.400818,55.401341,1301_4275
217.857559,55.443459,1301_4275
217.22464,55.453125,1301_4275
218.006836,55.493298,1301_4275
217.36026,55.495979,1301_4275
218.290146,55.541634,1301_4275
218.291901,55.587231,1301_4275
216.948181,55.633583,1301_4275
217.084778,55.66544,1301_4275
217.454666,55.720551,1301_4275
217.469406,55.769699,1301_4275
216.872879,55.77393,1301_4275
216.878876,55.794086,1301_4275
216.939438,55.877148,1301_4275
218.79454,55.063026,1301_4275
218.540436,55.071095,1301_4275
219.232437,55.133591,1301_4275
218.9104,55.135887,1301_4275
218.912674,55.177967,1301_4275
218.7603,55.196377,1301_4275
219.974533,55.275673,1301_4275
219.90799,55.443043,1301_4275
218.969315,55.527519,1301_4275
219.791962,55.544693,1301_4275
219.654495,55.535358,1301_4275
218.969696,55.545967,1301_4275
218.528275,55.61673,1301_4275
219.805328,55.614353,1301_4275
218.97995,55.665669,1301_4275
219.819595,55.650024,1301_4275
219.340424,55.889736,1301_4275
210.353577,55.911888,1301_4275
210.232269,55.932606,1301_4275
209.687424,56.022244,1301_4275
209.836807,56.18697,1301_4275
209.451737,56.228241,1301_4275
209.696625,56.284565,1301_4275
210.268295,56.421101,1301_4275
209.432343,56.459686,1301_4275
209.550644,56.482079,1301_4275
208.925186,56.502041,1301_4275
208.876404,56.619949,1301_4275
210.223602,56.753967,1301_4275
210.215408,56.839241,1301_4275
211.532867,55.968048,1301_4275
211.556915,56.020981,1301_4275
211.628494,56.045727,1301_4275
211.614914,56.141468,1301_4275
211.274994,56.129696,1301_4275
211.259674,56.126534,1301_4275
211.644089,56.132023,1301_4275
211.111725,56.174515,1301_4275
211.592117,56.183678,1301_4275
211.492737,56.218418,1301_4275
210.88945,56.217407,1301_4275
211.071655,56.348755,1301_4275
211.85672,56.379898,1301_4275
210.581238,56.459492,1301_4275
211.804489,56.48624,1301_4275
211.183487,56.571766,1301_4275
212.974289,56.03183,1301_4275
212.232697,56.039803,1301_4275
212.34494,56.276474,1301_4275
212.425522,56.449921,1301_4275
212.425125,56.542023,1301_4275
213.281692,56.532928,1301_4275
212.313614,56.572281,1301_4275
213.079651,56.808018,1301_4275
212.828232,56.818035,1301_4275
213.028046,56.835709,1301_4275
214.699539,55.928799,1301_4275
214.660584,55.919517,1301_4275
214.08165,55.962498,1301_4275
214.004364,56.003899,1301_4275
214.658081,56.053642,1301_4275
214.835632,56.102737,1301_4275
214.889145,56.130386,1301_4275
214.047745,56.141998,1301_4275
213.751419,56.177952,1301_4275
214.88884,56.290112,1301_4275
214.285644,56.310581,1301_4275
215.268509,56.359219,1301_4275
214.988236,56.391193,1301_4275
214.296493,56.395828,1301_4275
214.588898,56.48222,1301_4275
215.253418,56.510746,1301_4275
214.75412,56.515423,1301_4275
214.466537,56.554977,1301_4275
215.130005,56.581638,1301_4275
215.06514,56.601692,1301_4275
214.598724,56.617912,1301_4275
214.298523,56.662456,1301_4275
215.227264,56.814789,1301_4275
216.109787,55.960014,1301_4275
216.529816,55.994091,1301_4275
215.810791,56.049374,1301_4275
215.558472,56.164738,1301_4275
216.224899,56.15728,1301_4275
216.147308,56.249447,1301_4275
216.716431,56.414154,1301_4275
215.71312,56.523972,1301_4275
215.83461,56.688942,1301_4275
216.85376,56.72559,1301_4275
215.305298,56.716385,1301_4275
216.92688,55.908955,1301_4275
217.849976,55.962254,1301_4275
218.326538,56.001923,1301_4275
217.678772,56.13427,1301_4275
217.095627,56.231556,1301_4275
217.401672,56.260201,1301_4275
217.558807,56.393723,1301_4275
218.292633,56.446789,1301_4275
218.322647,56.457497,1301_4275
218.27356,56.454361,1301_4275
216.949448,56.550613,1301_4275
218.330032,56.567432,1301_4275
216.94014,56.570087,1301_4275
216.926575,56.595989,1301_4275
217.336578,56.600349,1301_4275
218.031906,56.618202,1301_4275
217.152527,56.609116,1301_4275
218.406113,56.629433,1301_4275
217.798172,56.635506,1301_4275
217.0439,56.663475,1301_4275
217.337418,56.683056,1301_4275
217.322952,56.729992,1301_4275
218.031967,56.751259,1301_4275
217.584915,56.799042,1301_4275
216.934158,56.799492,1301_4275
217.131683,56.83498,1301_4275
219.654816,55.996777,1301_4275
219.660889,56.000236,1301_4275
218.616119,55.997444,1301_4275
219.067215,56.028618,1301_4275
219.713516,55.999035,1301_4275
218.868317,56.00592,1301_4275
219.332153,56.009197,1301_4275
219.840378,56.031444,1301_4275
219.492538,56.109177,1301_4275
219.853424,56.118454,1301_4275
219.845901,56.122925,1301_4275
219.977158,56.219234,1301_4275
219.021851,56.254871,1301_4275
219.337143,56.386539,1301_4275
218.698807,56.42202,1301_4275
218.986176,56.435924,1301_4275
219.847931,56.491878,1301_4275
219.550812,56.497955,1301_4275
219.590653,56.515137,1301_4275
220.072372,56.5844,1301_4275
219.085083,56.594688,1301_4275
218.75618,56.628857,1301_4275
218.784302,56.658211,1301_4275
219.757355,56.748199,1301_4275
219.904556,56.840286,1301_4275
209.539948,56.869362,1301_4275
208.991562,56.884029,1301_4275
208.783035,56.894363,1301_4275
210.242432,56.976021,1301_4275
209.932266,57.126465,1301_4275
209.666199,57.156979,1301_4275
209.068146,57.380859,1301_4275
210.201584,57.511112,1301_4275
209.112412,57.512756,1301_4275
208.690842,57.556175,1301_4275
210.047195,57.640346,1301_4275
210.170654,57.664898,1301_4275
209.080978,57.709969,1301_4275
210.780258,57.065758,1301_4275
210.629623,57.09354,1301_4275
211.104095,57.118259,1301_4275
211.904373,57.227856,1301_4275
211.849747,57.411072,1301_4275
211.478439,57.549408,1301_4275
211.546204,57.589668,1301_4275
211.546249,57.619793,1301_4275
210.602402,57.656265,1301_4275
210.611969,57.66148,1301_4275
210.684494,57.71479,1301_4275
212.316834,56.859882,1301_4275
212.169556,56.905048,1301_4275
212.281433,56.940502,1301_4275
212.11908,56.946087,1301_4275
212.256744,56.98003,1301_4275
212.578171,57.01767,1301_4275
212.510757,57.019852,1301_4275
212.269653,57.03743,1301_4275
212.885895,57.068798,1301_4275
212.095871,57.147739,1301_4275
213.139252,57.179367,1301_4275
212.920578,57.198368,1301_4275
212.458023,57.22504,1301_4275
213.491364,57.238537,1301_4275
213.526031,57.333084,1301_4275
213.014008,57.363293,1301_4275
212.613205,57.36607,1301_4275
213.576584,57.377564,1301_4275
212.130005,57.406738,1301_4275
212.758179,57.428154,1301_4275
212.314529,57.446087,1301_4275
212.966934,57.460319,1301_4275
213.367996,57.476372,1301_4275
212.964462,57.488709,1301_4275
213.34552,57.518585,1301_4275
212.824158,57.520996,1301_4275
213.586731,57.546841,1301_4275
213.546829,57.544617,1301_4275
213.604874,57.630859,1301_4275
212.070816,57.652313,1301_4275
212.748459,57.691952,1301_4275
212.352661,57.716354,1301_4275
212.743149,57.759705,1301_4275
212.720154,57.768215,1301_4275
212.4646,57.796677,1301_4275
215.197632,56.852032,1301_4275
215.117325,56.857895,1301_4275
215.214371,56.872746,1301_4275
213.734436,56.902283,1301_4275
215.118744,57.017494,1301_4275
214.20433,57.047108,1301_4275
213.661041,57.198566,1301_4275
214.466675,57.235199,1301_4275
214.270615,57.254372,1301_4275
214.327591,57.362904,1301_4275
214.210739,57.393139,1301_4275
214.539276,57.5186,1301_4275
214.464539,57.531799,1301_4275
213.864471,57.609169,1301_4275
213.954086,57.662121,1301_4275
215.365021,57.005806,1301_4275
216.624939,57.024589,1301_4275
216.099915,57.029461,1301_4275
216.254379,57.065247,1301_4275
216.79985,57.14045,1301_4275
216.820038,57.143543,1301_4275
215.753754,57.178761,1301_4275
215.837585,57.231533,1301_4275
216.839279,57.206802,1301_4275
216.341614,57.265285,1301_4275
216.529862,57.289738,1301_4275
215.591431,57.299217,1301_4275
215.376602,57.295055,1301_4275
216.95227,57.63028,1301_4275
217.328995,56.873768,1301_4275
217.512787,56.904774,1301_4275
217.637878,56.925568,1301_4275
218.177978,56.964821,1301_4275
217.117416,56.98827,1301_4275
216.981613,57.009777,1301_4275
218.316864,57.014088,1301_4275
217.003388,57.012856,1301_4275
218.05928,57.140106,1301_4275
218.260208,57.216923,1301_4275
217.07663,57.228882,1301_4275
217.817062,57.279854,1301_4275
217.817184,57.344814,1301_4275
217.765915,57.341679,1301_4275
217.781281,57.350887,1301_4275
217.740753,57.373817,1301_4275
218.434753,57.40736,1301_4275
218.383194,57.408386,1301_4275
217.796539,57.438427,1301_4275
218.51796,57.420505,1301_4275
217.814926,57.437256,1301_4275
217.854416,57.469807,1301_4275
218.54361,57.459923,1301_4275
218.565414,57.471237,1301_4275
218.466888,57.494324,1301_4275
218.329498,57.510162,1301_4275
217.852417,57.634521,1301_4275
217.859497,57.715527,1301_4275
219.293518,56.89822,1301_4275
219.630402,57.205872,1301_4275
218.938782,57.271553,1301_4275
219.819427,57.313759,1301_4275
219.972611,57.31966,1301_4275
219.187576,57.342899,1301_4275
219.250748,57.431534,1301_4275
220.118393,57.482555,1301_4275
218.708664,57.585598,1301_4275
219.33812,57.601242,1301_4275
219.975433,57.683632,1301_4275
332.187439,-0.985447,1301_4275
332.128876,-0.945157,1301_4275
331.93985,-0.868295,1301_4275
332.631531,-0.841735,1301_4275
332.562439,-0.842626,1301_4275
332.772156,-0.801952,1301_4275
331.924866,-0.765838,1301_4275
332.055695,-0.722331,1301_4275
332.29071,-0.651755,1301_4275
332.120697,-0.573062,1301_4275
332.066833,-0.56087,1301_4275
332.426392,-0.561766,1301_4275
332.380981,-0.507227,1301_4275
332.42334,-0.343151,1301_4275
332.376892,-0.232011,1301_4275
332.015442,-0.249663,1301_4275
332.469452,-0.245198,1301_4275
332.37854,-0.153945,1301_4275
332.27771,-0.095191,1301_4275
333.094574,-0.962172,1301_4275
332.996338,-0.866336,1301_4275
333.135864,-0.868342,1301_4275
332.969147,-0.827915,1301_4275
333.410278,-0.659344,1301_4275
333.599792,-0.616455,1301_4275
332.881928,-0.481501,1301_4275
332.980469,-0.293282,1301_4275
333.719879,-0.189874,1301_4275
333.296814,-0.188359,1301_4275
333.92453,-0.977121,1301_4275
334.168213,-0.967574,1301_4275
334.683624,-0.949678,1301_4275
334.67804,-0.909993,1301_4275
334.294983,-0.835698,1301_4275
334.142487,-0.743079,1301_4275
334.700775,-0.625146,1301_4275
334.127228,-0.574382,1301_4275
334.634705,-0.500728,1301_4275
334.054413,-0.486237,1301_4275
334.295715,-0.460554,1301_4275
334.636993,-0.470263,1301_4275
334.173462,-0.451006,1301_4275
334.035675,-0.342842,1301_4275
334.428925,-0.290699,1301_4275
334.342377,-0.268455,1301_4275
334.191437,-0.26052,1301_4275
334.296143,-0.258003,1301_4275
334.196075,-0.182738,1301_4275
334.252869,-0.08087,1301_4275
334.899872,-1.001287,1301_4275
335.067474,-1.004113,1301_4275
334.830566,-0.977966,1301_4275
334.903686,-0.985897,1301_4275
335.435913,-0.926112,1301_4275
335.65387,-0.894193,1301_4275
334.909454,-0.872048,1301_4275
334.7901,-0.851103,1301_4275
335.395538,-0.813621,1301_4275
334.950348,-0.802236,1301_4275
334.881897,-0.700974,1301_4275
335.401184,-0.660927,1301_4275
335.057007,-0.456164,1301_4275
334.976318,-0.43836,1301_4275
335.277344,-0.393877,1301_4275
332.133514,0.094452,1301_4275
332.06546,0.630648,1301_4275
332.662415,0.649555,1301_4275
333.260864,-0.051349,1301_4275
333.217316,-0.01602,1301_4275
333.428742,0.03893,1301_4275
332.951294,0.080042,1301_4275
332.855774,0.144966,1301_4275
333.500244,0.317248,1301_4275
333.73587,0.478156,1301_4275
333.027924,0.586307,1301_4275
333.153503,0.600898,1301_4275
333.32132,0.83857,1301_4275
334.522858,-0.001675,1301_4275
334.505646,-0.02267,1301_4275
333.872803,0.116215,1301_4275
333.909607,0.135223,1301_4275
334.42337,0.152145,1301_4275
334.073944,0.165063,1301_4275
334.453735,0.174981,1301_4275
333.960541,0.21429,1301_4275
334.013916,0.213259,1301_4275
334.565125,0.268002,1301_4275
334.393616,0.304381,1301_4275
334.344666,0.352445,1301_4275
334.697968,0.398587,1301_4275
334.08371,0.520163,1301_4275
334.232239,0.671036,1301_4275
334.394898,0.811042,1301_4275
335.154083,0.011333,1301_4275
335.221314,0.046047,1301_4275
335.692719,0.161847,1301_4275
335.376465,0.271377,1301_4275
335.12735,0.296558,1301_4275
335.040833,0.327715,1301_4275
335.182129,0.34028,1301_4275
335.343994,0.461429,1301_4275
335.340393,0.467835,1301_4275
334.748718,0.66259,1301_4275
334.843048,0.75044,1301_4275
335.592804,0.751369,1301_4275
335.400574,0.847896,1301_4275
330.500336,0.909949,1301_4275
330.662903,0.924946,1301_4275
330.103088,0.980357,1301_4275
330.801117,1.016565,1301_4275
330.626007,1.052597,1301_4275
330.54953,1.103121,1301_4275
330.227508,1.199446,1301_4275
330.741913,1.276678,1301_4275
330.244995,1.429781,1301_4275
330.747742,1.491192,1301_4275
330.557068,1.484962,1301_4275
330.375824,1.506501,1301_4275
330.707916,1.637985,1301_4275
331.239654,0.84504,1301_4275
331.455017,1.03404,1301_4275
331.658508,1.021953,1301_4275
331.541107,1.084808,1301_4275
331.601654,1.112513,1301_4275
331.116974,1.242247,1301_4275
331.176971,1.351165,1301_4275
331.746124,1.362379,1301_4275
331.392883,1.545326,1301_4275
331.638397,1.613127,1301_4275
331.476685,1.657902,1301_4275
332.39267,1.057576,1301_4275
332.280945,1.076237,1301_4275
332.155182,1.14959,1301_4275
332.338562,1.22399,1301_4275
332.365387,1.283633,1301_4275
332.356567,1.308342,1301_4275
332.573914,1.329177,1301_4275
332.368805,1.400959,1301_4275
332.156891,1.390052,1301_4275
332.76181,1.437543,1301_4275
332.632843,1.454486,1301_4275
332.248901,1.469085,1301_4275
332.391937,1.481176,1301_4275
332.431061,1.538875,1301_4275
332.638886,1.525781,1301_4275
332.419403,1.518399,1301_4275
332.558563,1.589804,1301_4275
332.557922,1.588671,1301_4275
332.552154,1.601283,1301_4275
332.208527,1.65404,1301_4275
332.778076,1.672177,1301_4275
332.304504,1.731201,1301_4275
333.104736,0.853247,1301_4275
333.227387,0.91414,1301_4275
333.206543,1.008695,1301_4275
332.981781,1.068207,1301_4275
332.999237,1.20121,1301_4275
332.965088,1.281956,1301_4275
333.366913,1.306768,1301_4275
332.966949,1.576547,1301_4275
334.53714,0.994265,1301_4275
334.152771,1.005529,1301_4275
333.880676,1.029724,1301_4275
334.670441,1.056372,1301_4275
334.118988,1.05814,1301_4275
334.458588,1.098715,1301_4275
334.679169,1.17104,1301_4275
333.9953,1.365095,1301_4275
333.912994,1.46367,1301_4275
334.213287,1.46291,1301_4275
334.212463,1.46341,1301_4275
334.648499,1.496185,1301_4275
334.550354,1.501998,1301_4275
334.690674,1.537719,1301_4275
334.69342,1.531309,1301_4275
334.56134,1.631843,1301_4275
334.742859,1.74347,1301_4275
333.983093,1.742156,1301_4275
334.894196,0.98452,1301_4275
334.930267,1.052131,1301_4275
335.659058,1.115576,1301_4275
335.167786,1.230395,1301_4275
335.194702,1.258995,1301_4275
335.196197,1.26014,1301_4275
335.701508,1.275821,1301_4275
335.220062,1.287796,1301_4275
335.699402,1.295124,1301_4275
335.08371,1.394875,1301_4275
335.21637,1.430157,1301_4275
334.875824,1.515994,1301_4275
335.647675,1.527969,1301_4275
335.305054,1.576374,1301_4275
335.171448,1.604952,1301_4275
334.761597,1.685503,1301_4275
334.827576,1.714247,1301_4275
334.852508,1.746216,1301_4275
335.271515,1.777235,1301_4275
330.313019,1.847237,1301_4275
330.649506,1.871501,1301_4275
330.124329,1.870875,1301_4275
330.34378,1.928869,1301_4275
330.706085,1.940658,1301_4275
330.13855,2.036495,1301_4275
330.143433,2.041096,1301_4275
330.226624,2.04411,1301_4275
330.616455,2.130686,1301_4275
330.279175,2.219401,1301_4275
330.233368,2.219552,1301_4275
330.647919,2.407765,1301_4275
330.872162,2.531194,1301_4275
330.673248,2.611628,1301_4275
331.56543,1.795392,1301_4275
331.478516,1.816255,1301_4275
331.190857,1.835212,1301_4275
331.204681,1.845583,1301_4275
331.312103,1.941748,1301_4275
331.186676,1.948029,1301_4275
331.731049,2.034368,1301_4275
331.672119,2.045805,1301_4275
331.68277,2.054486,1301_4275
331.533752,2.10131,1301_4275
331.338165,2.145282,1301_4275
331.770477,2.145975,1301_4275
331.444397,2.146207,1301_4275
331.405029,2.193817,1301_4275
331.277008,2.30176,1301_4275
331.436462,2.280555,1301_4275
331.690216,2.297623,1301_4275
331.583038,2.429217,1301_4275
331.000885,2.471788,1301_4275
331.253784,2.505939,1301_4275
332.725098,1.850783,1301_4275
332.268005,1.901855,1301_4275
332.448578,1.924362,1301_4275
332.77652,2.09274,1301_4275
333.318695,2.351277,1301_4275
332.854309,2.566752,1301_4275
334.257874,1.830785,1301_4275
334.105347,1.929412,1301_4275
334.175262,2.026385,1301_4275
334.698029,2.089893,1301_4275
333.927856,2.105751,1301_4275
333.86853,2.133758,1301_4275
333.851929,2.145244,1301_4275
334.354736,2.275227,1301_4275
334.374145,2.408052,1301_4275
334.531738,2.422202,1301_4275
334.579498,2.485579,1301_4275
334.27652,2.508918,1301_4275
333.857056,2.537548,1301_4275
333.966217,2.538991,1301_4275
333.895935,2.558254,1301_4275
334.031006,2.596407,1301_4275
334.001007,2.653258,1301_4275
330.015655,2.78327,1301_4275
330.892151,3.038593,1301_4275
330.643189,3.274862,1301_4275
330.869873,3.275786,1301_4275
330.722809,3.25611,1301_4275
330.42337,3.273135,1301_4275
330.50708,3.62416,1301_4275
330.098846,3.643949,1301_4275
331.06311,2.76077,1301_4275
331.101685,2.944743,1301_4275
331.050537,3.230286,1301_4275
331.197052,3.434962,1301_4275
330.947479,3.505455,1301_4275
331.445862,3.611482,1301_4275
331.943329,3.241427,1301_4275
331.919373,3.258077,1301_4275
331.918701,3.296956,1301_4275
332.618347,3.45597,1301_4275
332.602661,3.446751,1301_4275
330.779755,3.776597,1301_4275
330.397613,3.79138,1301_4275
330.07782,4.167262,1301_4275
330.108063,4.203234,1301_4275
330.515106,4.298555,1301_4275
330.042114,4.361153,1301_4275
331.306305,3.723338,1301_4275
331.361664,3.916549,1301_4275
331.056335,4.024874,1301_4275
331.090271,4.118608,1301_4275
330.99292,4.1193,1301_4275
331.239075,4.187174,1301_4275
331.13559,4.200491,1301_4275
331.194428,4.439025,1301_4275
331.088165,4.506465,1301_4275
332.082214,3.675448,1301_4275
332.644531,3.891357,1301_4275
332.092743,3.993267,1301_4275
332.673401,4.136741,1301_4275
332.111176,4.225845,1301_4275
332.441864,4.386792,1301_4275
332.115387,4.392965,1301_4275
332.648132,4.445655,1301_4275
133.0709,3.7298,1803_05447
133.3863,4.7823,1803_05447
133.6862,4.302,1803_05447
134.0094,1.8835,1803_05447
134.4549,1.323,1803_05447
134.6091,3.3942,1803_05447
134.6198,3.3694,1803_05447
134.824,0.6901,1803_05447
134.9949,3.4791,1803_05447
135.2076,2.8908,1803_05447
135.2126,1.1612,1803_05447
135.2653,3.6045,1803_05447
135.438,0.5217,1803_05447
135.4779,1.172,1803_05447
135.5883,3.6157,1803_05447
135.7865,3.7221,1803_05447
136.4075,0.0034,1803_05447
136.7698,3.1461,1803_05447
137.1741,0.4848,1803_05447
137.2265,1.4326,1803_05447
137.4391,1.7933,1803_05447
137.4761,1.6854,1803_05447
139.1756,0.2057,1803_05447
139.5685,0.3851,1803_05447
139.7567,0.172,1803_05447
139.776,0.6776,1803_05447
139.7933,1.0555,1803_05447
139.9255,1.3259,1803_05447
139.9349,0.9135,1803_05447
139.9799,0.9452,1803_05447
139.9951,0.961,1803_05447
139.9987,0.9309,1803_05447
140.0089,1.0384,1803_05447
140.065,1.2889,1803_05447
140.0916,0.8231,1803_05447
140.1239,1.8482,1803_05447
140.1311,0.937,1803_05447
140.1386,0.721,1803_05447
140.1431,1.5511,1803_05447
140.1551,0.8229,1803_05447
140.16,3.7565,1803_05447
140.1923,0.6049,1803_05447
140.286,0.0806,1803_05447
140.2928,1.4727,1803_05447
140.3588,3.9189,1803_05447
140.3894,1.5852,1803_05447
140.4301,2.6909,1803_05447
140.433,4.3741,1803_05447
140.5892,4.0613,1803_05447
140.7372,1.4341,1803_05447
140.7506,2.8687,1803_05447
140.7834,2.486,1803_05447
140.8049,2.0602,1803_05447
140.8056,2.6013,1803_05447
140.9021,2.1366,1803_05447
140.9427,2.7528,1803_05447
140.9498,2.1129,1803_05447
141.0269,2.0827,1803_05447
141.2944,1.6539,1803_05447
141.3519,2.0638,1803_05447
141.3746,2.0783,1803_05447
141.395,2.3419,1803_05447
141.4321,3.1011,1803_05447
141.4456,2.2291,1803_05447
141.4476,2.0897,1803_05447
141.6176,2.3002,1803_05447
141.6862,1.1544,1803_05447
141.8701,3.9296,1803_05447
141.8788,3.7116,1803_05447
141.9624,3.4735,1803_05447
142.0909,1.749,1803_05447
142.1256,2.4337,1803_05447
142.3117,4.912,1803_05447
142.3566,0.3555,1803_05447
142.3592,2.0708,1803_05447
142.4214,2.2056,1803_05447
142.4414,2.2016,1803_05447
142.4556,2.144,1803_05447
142.4718,2.1607,1803_05447
142.4731,2.2804,1803_05447
142.563,4.144,1803_05447
142.8163,4.6259,1803_05447
142.9234,4.5001,1803_05447
142.9445,1.0568,1803_05447
143.0549,3.8027,1803_05447
143.0959,2.5481,1803_05447
143.4691,3.1233,1803_05447
143.5018,2.4772,1803_05447
143.5171,0.3838,1803_05447
143.5435,0.2579,1803_05447
143.544,0.2416,1803_05447
143.6427,0.0896,1803_05447
143.6543,0.0462,1803_05447
143.6907,3.0964,1803_05447
143.764,4.6904,1803_05447
143.9687,4.0167,1803_05447
144.0292,3.0116,1803_05447
144.1116,1.1917,1803_05447
144.1474,1.1166,1803_05447
144.166,0.4073,1803_05447
144.1696,2.7035,1803_05447
144.2495,4.5201,1803_05447
144.4331,2.7591,1803_05447
144.4376,2.7476,1803_05447
144.4469,2.736,1803_05447
144.4895,3.463,1803_05447
144.545,3.079,1803_05447
144.5621,4.1526,1803_05447
144.5729,4.0805,1803_05447
144.5764,4.0942,1803_05447
144.5993,4.0146,1803_05447
144.6279,2.5734,1803_05447
144.6489,2.6682,1803_05447
144.7536,4.7214,1803_05447
144.789,0.9844,1803_05447
145.1516,3.5771,1803_05447
145.3161,1.5233,1803_05447
145.4796,1.3189,1803_05447
145.6133,3.3468,1803_05447
145.6578,1.3006,1803_05447
145.7819,3.4301,1803_05447
145.7854,3.9403,1803_05447
145.8265,0.3731,1803_05447
146.039,3.4038,1803_05447
146.0433,2.4102,1803_05447
146.1434,4.0018,1803_05447
146.2123,4.5808,1803_05447
146.2254,2.4653,1803_05447
146.2317,0.0682,1803_05447
146.2829,0.064,1803_05447
146.3009,0.0355,1803_05447
146.3977,4.4106,1803_05447
146.4949,3.1452,1803_05447
146.5092,3.1343,1803_05447
146.5146,4.4036,1803_05447
146.5307,0.7818,1803_05447
146.5844,3.0458,1803_05447
146.5878,3.0713,1803_05447
146.7496,2.5615,1803_05447
146.8069,0.6657,1803_05447
146.8421,0.7408,1803_05447
146.9006,3.2837,1803_05447
146.9203,3.3373,1803_05447
147.0396,2.5292,1803_05447
147.0411,2.5394,1803_05447
147.0676,3.9059,1803_05447
147.1714,3.3747,1803_05447
147.1927,0.2719,1803_05447
147.2486,2.4626,1803_05447
147.2528,4.3031,1803_05447
147.2864,2.4811,1803_05447
147.3055,0.2176,1803_05447
147.3103,3.7851,1803_05447
147.3611,4.0032,1803_05447
147.5602,4.1991,1803_05447
147.6431,3.5411,1803_05447
147.6803,4.9507,1803_05447
147.7464,4.2733,1803_05447
147.8353,0.8998,1803_05447
147.86,1.9306,1803_05447
147.8958,1.1121,1803_05447
147.8972,0.4348,1803_05447
147.9483,3.1228,1803_05447
147.9987,1.0465,1803_05447
148.0476,1.0955,1803_05447
148.1041,2.1809,1803_05447
148.1118,2.279,1803_05447
148.1234,2.1545,1803_05447
148.3206,1.9778,1803_05447
148.3235,1.2194,1803_05447
148.3352,0.7207,1803_05447
148.4326,2.3741,1803_05447
148.4404,0.7867,1803_05447
148.4434,0.4945,1803_05447
148.5444,2.2874,1803_05447
148.5845,2.2976,1803_05447
148.6752,4.9755,1803_05447
148.8468,0.8793,1803_05447
148.9427,3.4051,1803_05447
149.2182,3.1493,1803_05447
149.2338,3.3829,1803_05447
149.2449,3.3564,1803_05447
149.4481,4.5207,1803_05447
149.821,3.4414,1803_05447
149.918,3.2931,1803_05447
150.158,3.1271,1803_05447
150.2103,1.3356,1803_05447
150.5292,3.0578,1803_05447
150.5468,2.0216,1803_05447
150.6891,4.4551,1803_05447
151.0222,3.4944,1803_05447
151.0791,0.1205,1803_05447
151.1089,0.6018,1803_05447
151.1638,0.2816,1803_05447
151.3046,4.1634,1803_05447
151.3105,2.7433,1803_05447
151.328,2.4958,1803_05447
151.3503,0.544,1803_05447
151.3522,2.549,1803_05447
151.3653,2.6335,1803_05447
151.3829,0.6111,1803_05447
151.3957,3.0538,1803_05447
151.4576,0.6334,1803_05447
151.461,0.6319,1803_05447
151.4805,0.6523,1803_05447
151.4837,0.6173,1803_05447
151.4838,0.5909,1803_05447
151.5088,4.5222,1803_05447
151.513,3.1098,1803_05447
151.5348,2.9691,1803_05447
151.5361,0.6883,1803_05447
151.5437,2.913,1803_05447
151.5515,2.5237,1803_05447
151.5565,4.0337,1803_05447
151.5704,3.8278,1803_05447
151.584,3.1245,1803_05447
151.6308,2.4826,1803_05447
151.6546,0.6327,1803_05447
151.7858,2.6566,1803_05447
151.7993,0.809,1803_05447
151.8069,2.9024,1803_05447
151.8094,0.056,1803_05447
151.8481,3.0709,1803_05447
151.8555,1.265,1803_05447
151.9416,3.3712,1803_05447
151.9438,2.8745,1803_05447
151.9534,2.8785,1803_05447
152.0708,2.2732,1803_05447
152.6163,2.2284,1803_05447
152.6306,2.2328,1803_05447
152.7097,0.2806,1803_05447
152.735,1.0721,1803_05447
153.1051,1.2459,1803_05447
153.4689,0.5508,1803_05447
153.7596,0.9682,1803_05447
153.8821,0.3077,1803_05447
154.0388,1.1911,1803_05447
154.1713,2.0747,1803_05447
154.3092,1.7201,1803_05447
154.3587,1.7021,1803_05447
154.3741,0.2007,1803_05447
154.5096,0.7638,1803_05447
154.6057,1.1823,1803_05447
154.8229,0.3445,1803_05447
155.2267,1.9134,1803_05447
155.4649,0.4102,1803_05447
155.4715,0.2955,1803_05447
155.5738,0.0104,1803_05447
155.5859,3.9617,1803_05447
155.6004,1.1988,1803_05447
155.6012,3.9972,1803_05447
155.7791,1.0061,1803_05447
155.9826,1.0334,1803_05447
156.007,0.6215,1803_05447
156.0116,0.2078,1803_05447
156.0319,0.142,1803_05447
156.059,0.1478,1803_05447
156.085,4.0191,1803_05447
156.149,1.1098,1803_05447
156.2211,3.8467,1803_05447
156.3132,0.8927,1803_05447
156.3323,0.6363,1803_05447
156.3659,0.8837,1803_05447
156.3793,0.3811,1803_05447
156.4252,0.763,1803_05447
156.5366,4.373,1803_05447
156.5881,0.685,1803_05447
156.6617,0.9835,1803_05447
156.6808,1.0061,1803_05447
156.8377,0.4224,1803_05447
156.8405,1.2774,1803_05447
156.8542,1.2418,1803_05447
156.873,1.2467,1803_05447
156.8737,1.2546,1803_05447
156.8777,2.7683,1803_05447
156.8896,4.4667,1803_05447
156.9192,1.4374,1803_05447
156.9209,1.2007,1803_05447
156.9317,1.194,1803_05447
156.9606,2.1191,1803_05447
157.0657,4.4066,1803_05447
157.1206,1.2499,1803_05447
157.1557,1.3043,1803_05447
157.1689,1.3486,1803_05447
157.2081,4.9605,1803_05447
157.2384,2.1858,1803_05447
157.4046,0.9512,1803_05447
157.9487,2.2265,1803_05447
157.9854,3.0818,1803_05447
158.1121,2.5548,1803_05447
158.116,3.914,1803_05447
158.2064,2.7772,1803_05447
158.5094,1.3114,1803_05447
158.8374,3.5583,1803_05447
158.8545,3.2945,1803_05447
158.8842,1.4487,1803_05447
158.9319,0.0086,1803_05447
159.0086,0.989,1803_05447
159.16,1.0246,1803_05447
159.4381,0.4774,1803_05447
159.466,2.3889,1803_05447
159.4707,4.8132,1803_05447
159.5092,0.5267,1803_05447
159.5294,4.8944,1803_05447
159.5677,0.1198,1803_05447
159.5705,1.0968,1803_05447
159.8515,2.4442,1803_05447
159.8849,2.188,1803_05447
160.0399,0.0702,1803_05447
160.1681,0.3754,1803_05447
160.2552,0.6324,1803_05447
160.3259,1.3482,1803_05447
160.4726,0.794,1803_05447
160.5562,0.7748,1803_05447
160.6143,2.7614,1803_05447
160.6866,0.1492,1803_05447
160.7097,0.88,1803_05447
160.8871,1.1973,1803_05447
160.9125,4.9706,1803_05447
160.993,1.9357,1803_05447
161.0694,2.7878,1803_05447
161.0889,2.7932,1803_05447
161.1667,2.2591,1803_05447
161.2023,3.2983,1803_05447
161.2816,3.6747,1803_05447
161.3209,1.4675,1803_05447
161.3423,1.9854,1803_05447
161.3439,1.124,1803_05447
161.4424,1.9974,1803_05447
161.4566,2.0896,1803_05447
161.47,1.6492,1803_05447
161.4836,2.5871,1803_05447
161.4939,2.8325,1803_05447
161.5589,2.5562,1803_05447
161.6429,1.7745,1803_05447
161.6618,3.2439,1803_05447
161.6947,3.1617,1803_05447
161.9344,0.8719,1803_05447
161.9774,0.8125,1803_05447
162.0791,0.8407,1803_05447
162.382,4.0071,1803_05447
162.5717,3.5125,1803_05447
162.6024,4.9931,1803_05447
162.6876,3.5135,1803_05447
162.8474,2.2183,1803_05447
162.9063,2.095,1803_05447
162.9329,3.9979,1803_05447
162.9689,0.5544,1803_05447
163.1371,3.0192,1803_05447
163.2232,4.5063,1803_05447
163.2404,4.6241,1803_05447
163.2657,4.6318,1803_05447
163.3583,4.504,1803_05447
163.5302,4.9401,1803_05447
163.6994,2.948,1803_05447
163.8995,4.3776,1803_05447
163.9153,4.3688,1803_05447
163.9695,4.4653,1803_05447
164.0108,0.6621,1803_05447
164.5676,4.5837,1803_05447
164.5746,4.6606,1803_05447
164.6282,4.6311,1803_05447
164.8309,0.3025,1803_05447
165.0798,4.1718,1803_05447
165.0982,4.1966,1803_05447
165.1526,4.1984,1803_05447
165.2114,4.3915,1803_05447
165.3009,3.5536,1803_05447
165.3831,4.3773,1803_05447
165.4756,4.0465,1803_05447
165.4875,4.0264,1803_05447
165.5285,4.2574,1803_05447
165.5756,0.2331,1803_05447
165.6354,4.0615,1803_05447
165.7672,3.7007,1803_05447
165.8108,3.7249,1803_05447
166.0529,4.3305,1803_05447
166.286,4.8223,1803_05447
166.312,0.9893,1803_05447
166.3883,4.1964,1803_05447
166.417,4.6128,1803_05447
166.457,1.7445,1803_05447
166.4582,0.4032,1803_05447
166.4989,4.5142,1803_05447
166.5096,4.4295,1803_05447
166.5453,4.3362,1803_05447
166.5575,2.6168,1803_05447
166.5782,4.4631,1803_05447
166.5799,4.6368,1803_05447
166.6722,4.4447,1803_05447
166.6886,4.8641,1803_05447
166.8336,4.5423,1803_05447
167.1414,4.8319,1803_05447
167.2688,4.7761,1803_05447
167.2782,3.9279,1803_05447
167.4939,0.1814,1803_05447
167.5458,4.9784,1803_05447
167.6815,4.4928,1803_05447
167.6867,4.8467,1803_05447
167.7347,4.7319,1803_05447
167.7356,4.7294,1803_05447
167.7814,4.3379,1803_05447
168.0905,3.7614,1803_05447
168.3163,3.6573,1803_05447
168.334,3.6204,1803_05447
168.4334,4.2406,1803_05447
168.4691,4.2908,1803_05447
168.4718,4.8017,1803_05447
168.5684,4.1922,1803_05447
168.5751,4.7097,1803_05447
168.6012,4.1602,1803_05447
168.623,2.6057,1803_05447
168.7059,0.9056,1803_05447
168.7657,1.7004,1803_05447
168.772,1.2868,1803_05447
168.8011,1.186,1803_05447
168.8317,4.2069,1803_05447
169.0163,3.5676,1803_05447
169.0789,4.1392,1803_05447
169.1433,4.0805,1803_05447
169.2053,4.3614,1803_05447
169.3309,2.8817,1803_05447
169.3352,2.4468,1803_05447
169.3733,2.5043,1803_05447
169.393,2.7725,1803_05447
169.5025,3.8108,1803_05447
169.544,2.6008,1803_05447
169.5514,3.8038,1803_05447
169.6053,0.1958,1803_05447
169.6188,1.6641,1803_05447
169.6298,3.3835,1803_05447
169.6652,3.6975,1803_05447
169.673,2.6221,1803_05447
169.6853,2.0328,1803_05447
169.6862,2.9092,1803_05447
169.7316,0.0899,1803_05447
169.7626,4.4442,1803_05447
169.7711,1.2522,1803_05447
169.7814,3.2312,1803_05447
169.7905,3.2291,1803_05447
169.7941,3.2083,1803_05447
169.817,3.5618,1803_05447
169.8592,3.2017,1803_05447
169.9828,1.1989,1803_05447
170.0558,0.9427,1803_05447
170.0735,0.886,1803_05447
170.1065,1.067,1803_05447
170.1643,0.4575,1803_05447
170.194,0.4706,1803_05447
170.1999,0.4688,1803_05447
170.2041,0.4593,1803_05447
170.2054,0.3903,1803_05447
170.2299,2.0257,1803_05447
170.2487,0.5343,1803_05447
170.3168,1.7846,1803_05447
170.3618,3.4459,1803_05447
170.3656,1.4677,1803_05447
170.3871,2.8106,1803_05447
170.5048,4.9603,1803_05447
170.5338,4.6929,1803_05447
170.6104,0.4246,1803_05447
170.6633,0.5559,1803_05447
170.6754,0.5917,1803_05447
170.905,0.9818,1803_05447
170.961,1.7343,1803_05447
170.9907,0.6216,1803_05447
170.9945,2.937,1803_05447
170.9985,2.6918,1803_05447
171.061,2.0102,1803_05447
171.0652,2.9586,1803_05447
171.1568,1.1687,1803_05447
171.1759,1.2151,1803_05447
171.5041,1.9843,1803_05447
171.5341,2.8332,1803_05447
171.5397,1.8956,1803_05447
171.5748,2.5797,1803_05447
171.6741,1.2414,1803_05447
171.7209,2.1802,1803_05447
171.742,2.3329,1803_05447
171.9176,3.5899,1803_05447
171.9846,3.7107,1803_05447
171.9872,1.2995,1803_05447
172.0598,2.4001,1803_05447
172.0668,2.6336,1803_05447
172.0733,2.654,1803_05447
172.114,1.0826,1803_05447
172.1286,0.7825,1803_05447
172.1703,4.7718,1803_05447
172.1931,1.6179,1803_05447
172.2065,1.8238,1803_05447
172.242,0.879,1803_05447
172.25,3.854,1803_05447
172.3315,3.0894,1803_05447
172.369,0.1131,1803_05447
172.3821,1.0347,1803_05447
172.3934,4.3474,1803_05447
172.3945,1.068,1803_05447
172.4055,3.1561,1803_05447
172.4499,1.1379,1803_05447
172.5518,3.8011,1803_05447
172.6566,3.7567,1803_05447
172.7225,4.5338,1803_05447
172.7363,2.2872,1803_05447
172.8679,0.4945,1803_05447
172.9213,3.4881,1803_05447
172.9562,0.331,1803_05447
172.9808,0.9923,1803_05447
173.0242,3.5624,1803_05447
173.0433,1.2074,1803_05447
173.0558,0.8193,1803_05447
173.0688,0.5123,1803_05447
173.0899,0.804,1803_05447
173.1433,0.8012,1803_05447
173.2182,1.1726,1803_05447
173.2232,0.568,1803_05447
173.3396,0.7987,1803_05447
173.4947,4.345,1803_05447
173.5162,2.9735,1803_05447
173.5717,3.8415,1803_05447
173.6021,1.1544,1803_05447
173.6322,3.6349,1803_05447
173.7689,1.6759,1803_05447
173.7704,2.5513,1803_05447
173.7811,4.221,1803_05447
173.7952,1.9868,1803_05447
173.9039,0.1278,1803_05447
173.9117,1.3576,1803_05447
174.1139,3.9755,1803_05447
174.226,4.1237,1803_05447
174.3821,0.2739,1803_05447
174.4073,3.3245,1803_05447
174.4099,1.0867,1803_05447
174.4362,4.075,1803_05447
174.6185,0.3005,1803_05447
174.7289,3.581,1803_05447
174.7305,3.6008,1803_05447
174.8011,1.1579,1803_05447
174.8618,3.4711,1803_05447
174.8736,0.1166,1803_05447
174.91,4.4657,1803_05447
175.0493,3.5678,1803_05447
175.05,2.1852,1803_05447
175.0789,4.2697,1803_05447
175.2072,1.7589,1803_05447
175.2139,4.8097,1803_05447
175.2364,1.4611,1803_05447
175.2567,1.4934,1803_05447
175.2907,4.6257,1803_05447
175.3424,0.1276,1803_05447
175.4311,3.7818,1803_05447
175.4621,2.3931,1803_05447
175.4673,2.582,1803_05447
175.5511,0.3341,1803_05447
175.6867,0.2823,1803_05447
175.7245,0.1619,1803_05447
175.7887,0.559,1803_05447
175.8374,0.0285,1803_05447
175.8548,0.0139,1803_05447
175.9028,4.9296,1803_05447
176.3969,3.2319,1803_05447
176.442,3.0297,1803_05447
176.4883,4.747,1803_05447
176.7226,2.1006,1803_05447
176.7696,1.8142,1803_05447
176.8037,2.5339,1803_05447
176.8835,2.7876,1803_05447
177.0007,4.4882,1803_05447
177.1575,0.0244,1803_05447
177.2301,4.1648,1803_05447
177.347,2.6926,1803_05447
177.4138,3.2218,1803_05447
177.628,1.9833,1803_05447
177.8833,4.8526,1803_05447
178.0061,1.9979,1803_05447
178.0467,4.3565,1803_05447
178.0626,2.5332,1803_05447
178.0979,3.9744,1803_05447
178.141,2.0269,1803_05447
178.1808,1.7409,1803_05447
178.2229,1.5784,1803_05447
178.4903,1.8347,1803_05447
178.5089,1.5484,1803_05447
178.7138,2.9593,1803_05447
178.7418,4.6606,1803_05447
178.7475,1.8584,1803_05447
178.8663,4.1473,1803_05447
179.1088,3.7667,1803_05447
179.1905,1.0143,1803_05447
179.2155,4.8383,1803_05447
179.2359,2.8064,1803_05447
179.2599,0.4984,1803_05447
179.3479,4.543,1803_05447
179.3959,4.5562,1803_05447
179.6811,4.3615,1803_05447
179.8952,3.3381,1803_05447
180.0749,0.2949,1803_05447
180.1107,1.6688,1803_05447
180.1528,2.1466,1803_05447
180.2445,2.1038,1803_05447
180.2708,0.1138,1803_05447
180.3049,2.05,1803_05447
180.3212,2.0881,1803_05447
180.3344,2.5239,1803_05447
180.3452,1.9256,1803_05447
180.3818,1.2958,1803_05447
180.3972,4.5925,1803_05447
180.4209,4.77,1803_05447
180.4562,4.4053,1803_05447
180.4561,2.4215,1803_05447
180.4622,1.5698,1803_05447
180.4838,2.096,1803_05447
180.5225,1.526,1803_05447
180.5397,3.3106,1803_05447
180.5733,4.7164,1803_05447
180.5841,1.7981,1803_05447
180.5956,4.3298,1803_05447
180.6093,1.3527,1803_05447
180.6196,2.2886,1803_05447
180.6284,4.4053,1803_05447
180.6363,1.7489,1803_05447
180.6414,1.8611,1803_05447
180.6514,4.55,1803_05447
180.6778,1.9522,1803_05447
180.6788,1.5263,1803_05447
180.7039,4.208,1803_05447
180.7316,4.234,1803_05447
180.7371,1.3938,1803_05447
180.7394,2.1352,1803_05447
180.7407,4.846,1803_05447
180.7539,2.8364,1803_05447
180.7583,4.1187,1803_05447
180.7713,1.4782,1803_05447
180.8051,1.9509,1803_05447
180.8445,4.2298,1803_05447
180.8466,2.8345,1803_05447
180.8697,1.9765,1803_05447
180.8728,1.2294,1803_05447
180.8809,4.1676,1803_05447
180.882,2.0086,1803_05447
180.8839,3.3978,1803_05447
180.8867,1.8029,1803_05447
180.8932,2.1789,1803_05447
180.9001,2.05,1803_05447
180.901,3.7565,1803_05447
180.904,2.6305,1803_05447
180.9066,2.0469,1803_05447
180.9127,3.6459,1803_05447
180.9127,4.4404,1803_05447
180.9259,1.4576,1803_05447
180.9342,4.2154,1803_05447
180.9348,1.8361,1803_05447
180.936,1.6952,1803_05447
180.9483,2.0172,1803_05447
180.953,4.222,1803_05447
180.9541,3.5483,1803_05447
180.9662,1.8361,1803_05447
180.9759,1.8915,1803_05447
180.9776,2.181,1803_05447
180.9897,1.961,1803_05447
180.9924,1.4827,1803_05447
180.9977,1.4108,1803_05447
181.0204,1.9718,1803_05447
181.0249,1.8471,1803_05447
181.0309,1.5835,1803_05447
181.0405,1.8262,1803_05447
181.0463,2.3213,1803_05447
181.0545,1.9002,1803_05447
181.0621,1.8667,1803_05447
181.0693,1.5463,1803_05447
181.0696,2.0023,1803_05447
181.0721,1.9175,1803_05447
181.0721,3.8731,1803_05447
181.0761,1.7,1803_05447
181.0791,1.8484,1803_05447
181.0832,1.5675,1803_05447
181.1026,2.4593,1803_05447
181.1049,1.6473,1803_05447
181.1125,1.8961,1803_05447
181.1151,1.7485,1803_05447
181.1203,1.8944,1803_05447
181.1227,1.94,1803_05447
181.1244,2.4486,1803_05447
181.1262,1.684,1803_05447
181.1284,2.3434,1803_05447
181.134,2.4532,1803_05447
181.1416,1.8019,1803_05447
181.1419,1.7381,1803_05447
181.145,1.8424,1803_05447
181.1522,2.0474,1803_05447
181.153,1.8927,1803_05447
181.1531,1.9191,1803_05447
181.1575,2.0725,1803_05447
181.1584,1.7878,1803_05447
181.1687,2.1389,1803_05447
181.1717,1.9969,1803_05447
181.1743,1.6028,1803_05447
181.1915,1.804,1803_05447
181.1933,2.0053,1803_05447
181.2218,1.9423,1803_05447
181.2258,1.8214,1803_05447
181.2274,1.2155,1803_05447
181.2328,1.9009,1803_05447
181.237,1.5082,1803_05447
181.2391,1.6353,1803_05447
181.2657,2.5671,1803_05447
181.2852,2.3457,1803_05447
181.2878,1.846,1803_05447
181.2894,1.5592,1803_05447
181.299,2.4158,1803_05447
181.3248,2.2895,1803_05447
181.3284,1.6375,1803_05447
181.3338,1.7787,1803_05447
181.337,2.5343,1803_05447
181.3398,2.0862,1803_05447
181.3529,2.2086,1803_05447
181.3645,1.9482,1803_05447
181.3663,1.8615,1803_05447
181.3831,0.0394,1803_05447
181.407,1.8283,1803_05447
181.4144,0.4086,1803_05447
181.4193,1.5936,1803_05447
181.4196,1.575,1803_05447
181.4502,1.9718,1803_05447
181.4976,2.4984,1803_05447
181.4992,1.8861,1803_05447
181.513,1.5552,1803_05447
181.5265,2.1923,1803_05447
181.6313,1.6166,1803_05447
181.664,1.2843,1803_05447
181.6674,1.3344,1803_05447
181.8834,1.6375,1803_05447
181.9086,1.5743,1803_05447
181.9171,0.2467,1803_05447
182.0023,1.362,1803_05447
182.0164,0.6977,1803_05447
182.1292,0.7526,1803_05447
182.13,1.9094,1803_05447
182.1779,1.4566,1803_05447
182.2206,0.7056,1803_05447
182.2783,0.4733,1803_05447
182.2996,1.7315,1803_05447
182.3047,1.8365,1803_05447
182.3217,1.1516,1803_05447
182.3555,0.3082,1803_05447
182.3694,0.5334,1803_05447
182.4044,0.5361,1803_05447
182.411,0.957,1803_05447
182.421,0.6577,1803_05447
182.4743,0.9285,1803_05447
182.48,2.0687,1803_05447
182.5513,0.7541,1803_05447
182.5693,0.6266,1803_05447
182.6297,0.6728,1803_05447
182.6358,0.6776,1803_05447
182.647,1.0287,1803_05447
182.6552,1.0649,1803_05447
182.6817,0.9519,1803_05447
182.6846,0.6259,1803_05447
182.7095,0.596,1803_05447
182.7641,0.6241,1803_05447
182.7669,0.9724,1803_05447
182.783,0.9569,1803_05447
182.7906,0.7857,1803_05447
182.7951,2.2557,1803_05447
182.7952,1.4418,1803_05447
182.8326,0.805,1803_05447
182.869,0.3786,1803_05447
182.9043,0.3224,1803_05447
182.9205,0.2527,1803_05447
182.9446,0.9894,1803_05447
182.9899,1.4891,1803_05447
182.9978,1.3498,1803_05447
183.0384,1.3115,1803_05447
183.0908,0.2965,1803_05447
183.1286,0.8942,1803_05447
183.1437,0.1861,1803_05447
183.1582,0.8934,1803_05447
183.1933,0.4091,1803_05447
183.2512,0.0439,1803_05447
183.2913,1.1923,1803_05447
183.5092,2.9927,1803_05447
183.5332,2.0826,1803_05447
183.6216,0.8302,1803_05447
183.6372,0.9843,1803_05447
183.6893,0.7436,1803_05447
183.8946,1.2864,1803_05447
183.9686,0.4007,1803_05447
183.9904,3.306,1803_05447
183.994,2.0397,1803_05447
184.1391,3.5215,1803_05447
184.1772,1.405,1803_05447
184.3388,2.5797,1803_05447
184.3721,1.1986,1803_05447
184.4462,4.7831,1803_05447
184.5695,0.5519,1803_05447
184.6069,2.0039,1803_05447
184.6252,4.3069,1803_05447
184.6274,0.0133,1803_05447
184.667,3.027,1803_05447
184.6985,2.0996,1803_05447
184.7225,3.0144,1803_05447
184.723,2.9923,1803_05447
184.7395,2.9906,1803_05447
184.8174,0.6481,1803_05447
184.8551,0.6309,1803_05447
184.8988,1.2167,1803_05447
185.1116,4.5917,1803_05447
185.1678,2.7581,1803_05447
185.4786,4.8754,1803_05447
185.5027,2.8994,1803_05447
185.5372,1.1128,1803_05447
185.6764,3.1419,1803_05447
185.7067,3.104,1803_05447
185.7303,3.1315,1803_05447
185.7324,3.6798,1803_05447
185.7682,3.6659,1803_05447
185.7964,3.1115,1803_05447
185.8188,4.8361,1803_05447
185.8345,4.8951,1803_05447
185.8369,4.8106,1803_05447
185.8504,2.6791,1803_05447
185.8578,4.5251,1803_05447
185.8869,4.4833,1803_05447
185.8925,4.1071,1803_05447
185.8984,3.7683,1803_05447
185.9114,4.8162,1803_05447
185.9273,0.9621,1803_05447
185.9612,4.0872,1803_05447
185.9771,0.8306,1803_05447
186.0204,1.1897,1803_05447
186.0584,3.7262,1803_05447
186.1461,1.8925,1803_05447
186.2618,1.794,1803_05447
186.2783,3.7915,1803_05447
186.4301,4.4182,1803_05447
186.4442,4.5103,1803_05447
186.461,1.4432,1803_05447
186.494,4.474,1803_05447
186.56,0.2673,1803_05447
186.5822,1.7244,1803_05447
186.9818,1.1163,1803_05447
187.1131,0.1425,1803_05447
187.1187,0.0604,1803_05447
187.2789,0.5812,1803_05447
187.34,1.0572,1803_05447
187.421,0.2535,1803_05447
187.5028,0.6054,1803_05447
187.5505,3.5774,1803_05447
187.653,0.8463,1803_05447
187.6575,0.344,1803_05447
187.6979,0.6358,1803_05447
187.7058,0.7451,1803_05447
187.7167,0.5273,1803_05447
187.7294,3.4921,1803_05447
187.7438,0.6514,1803_05447
187.748,0.5421,1803_05447
187.7808,0.4632,1803_05447
187.7849,0.614,1803_05447
187.7959,0.6063,1803_05447
187.8358,3.1248,1803_05447
187.8401,0.2398,1803_05447
187.8417,0.6099,1803_05447
187.8553,4.0201,1803_05447
187.8746,3.1327,1803_05447
187.9028,1.3484,1803_05447
187.9194,3.927,1803_05447
187.9218,0.9592,1803_05447
187.9223,1.306,1803_05447
187.9375,0.5119,1803_05447
187.9398,0.4526,1803_05447
187.9871,3.8891,1803_05447
188.0196,4.1271,1803_05447
188.1069,0.4571,1803_05447
188.2073,3.3,1803_05447
188.3108,3.233,1803_05447
188.6702,3.3238,1803_05447
188.6873,0.3666,1803_05447
188.695,3.0102,1803_05447
188.7165,1.8832,1803_05447
188.759,0.0377,1803_05447
189.3799,3.3843,1803_05447
189.3895,4.3678,1803_05447
189.3966,0.4769,1803_05447
189.4019,1.5889,1803_05447
189.5121,2.0597,1803_05447
189.5921,1.6792,1803_05447
189.6198,1.7544,1803_05447
189.6497,1.4024,1803_05447
189.6532,0.6244,1803_05447
189.6935,0.3226,1803_05447
189.7005,0.2701,1803_05447
189.7545,0.3657,1803_05447
189.7592,0.257,1803_05447
189.7733,0.2829,1803_05447
189.7973,0.7179,1803_05447
189.8141,0.2919,1803_05447
189.8434,0.4603,1803_05447
189.9232,0.5442,1803_05447
189.9406,0.8982,1803_05447
189.9687,0.1254,1803_05447
190.084,1.2733,1803_05447
190.1552,4.3446,1803_05447
190.1815,0.7979,1803_05447
190.2234,1.0084,1803_05447
190.239,0.9872,1803_05447
190.2787,3.6106,1803_05447
190.2841,3.7558,1803_05447
190.3094,3.6575,1803_05447
190.3398,0.221,1803_05447
190.6696,1.3459,1803_05447
190.7173,0.8988,1803_05447
191.1203,4.1724,1803_05447
191.3181,2.4491,1803_05447
191.4046,2.7219,1803_05447
191.4904,1.2981,1803_05447
191.5343,4.4436,1803_05447
191.784,4.136,1803_05447
191.8483,0.6442,1803_05447
191.8671,3.0386,1803_05447
191.8727,0.7264,1803_05447
191.9014,1.6655,1803_05447
191.9413,3.1475,1803_05447
192.1178,3.4405,1803_05447
192.1372,3.4846,1803_05447
192.1707,0.8326,1803_05447
192.2491,1.9881,1803_05447
192.3837,3.6321,1803_05447
192.3976,3.6043,1803_05447
192.8775,1.195,1803_05447
192.911,1.671,1803_05447
193.0964,2.289,1803_05447
193.3821,2.7017,1803_05447
193.5222,0.1753,1803_05447
193.8856,2.94,1803_05447
193.9868,1.9855,1803_05447
194.3435,2.3703,1803_05447
194.3904,3.9228,1803_05447
194.4033,3.4453,1803_05447
194.4709,3.7228,1803_05447
194.6645,4.3936,1803_05447
194.742,1.8243,1803_05447
194.8226,1.4994,1803_05447
194.8235,1.3111,1803_05447
194.9084,4.9756,1803_05447
194.952,4.9995,1803_05447
194.9559,4.9668,1803_05447
194.9859,4.1549,1803_05447
195.0196,0.453,1803_05447
195.0683,1.5576,1803_05447
195.2139,2.9247,1803_05447
195.2498,2.8326,1803_05447
195.3542,4.4695,1803_05447
195.4933,3.1008,1803_05447
195.6006,3.3759,1803_05447
195.7171,0.407,1803_05447
195.7189,3.549,1803_05447
196.1172,4.5318,1803_05447
196.1745,2.9638,1803_05447
196.3064,4.8997,1803_05447
196.4921,1.7926,1803_05447
196.4944,3.9565,1803_05447
196.584,4.1501,1803_05447
196.64,1.5318,1803_05447
196.6475,4.4615,1803_05447
196.8287,2.0035,1803_05447
196.8788,2.3269,1803_05447
197.0491,4.7515,1803_05447
197.0569,4.3676,1803_05447
197.1141,4.3702,1803_05447
197.1234,4.368,1803_05447
197.1386,4.3752,1803_05447
197.2086,1.0023,1803_05447
197.2122,0.7947,1803_05447
197.2283,4.0991,1803_05447
197.3321,0.8837,1803_05447
197.3827,0.8572,1803_05447
197.3878,1.6733,1803_05447
197.3932,1.6233,1803_05447
197.395,4.9506,1803_05447
197.4217,2.2849,1803_05447
197.5195,0.9491,1803_05447
197.5806,2.0258,1803_05447
197.7516,0.8752,1803_05447
197.871,3.6875,1803_05447
197.8871,1.5257,1803_05447
197.9061,0.666,1803_05447
197.9561,2.1112,1803_05447
197.9917,1.9572,1803_05447
198.0081,0.5923,1803_05447
198.0472,4.7782,1803_05447
198.0537,2.121,1803_05447
198.0676,3.7834,1803_05447
198.1765,4.7298,1803_05447
198.377,3.362,1803_05447
198.5881,4.4562,1803_05447
198.6356,2.5646,1803_05447
198.6373,0.592,1803_05447
198.642,3.0413,1803_05447
198.6676,3.0197,1803_05447
198.6891,2.9737,1803_05447
198.748,0.9627,1803_05447
198.7592,3.0169,1803_05447
198.7747,3.0453,1803_05447
198.8571,0.9735,1803_05447
198.8607,3.0167,1803_05447
198.8862,3.5007,1803_05447
198.9238,2.8789,1803_05447
198.949,2.9138,1803_05447
198.9863,1.0188,1803_05447
198.9942,2.9514,1803_05447
199.1311,3.0602,1803_05447
199.1489,3.0641,1803_05447
199.2506,0.6395,1803_05447
199.2921,2.0676,1803_05447
199.2948,0.5275,1803_05447
199.3912,4.8569,1803_05447
199.4058,4.4856,1803_05447
199.4266,3.6036,1803_05447
199.4637,4.3634,1803_05447
199.4712,0.7185,1803_05447
199.4851,4.5219,1803_05447
199.4895,3.8024,1803_05447
199.4944,4.4036,1803_05447
199.4989,2.8139,1803_05447
199.5677,4.4643,1803_05447
199.5973,0.6554,1803_05447
199.605,3.9768,1803_05447
199.6439,4.4864,1803_05447
199.6717,4.4319,1803_05447
199.6894,1.3863,1803_05447
199.7534,0.763,1803_05447
199.8179,3.9259,1803_05447
199.8671,1.8293,1803_05447
199.9035,3.0325,1803_05447
199.9199,3.4094,1803_05447
199.9287,0.743,1803_05447
199.9385,1.5142,1803_05447
200.0234,3.0718,1803_05447
200.1237,4.4391,1803_05447
200.1763,4.424,1803_05447
200.2338,1.5038,1803_05447
200.3045,1.6391,1803_05447
200.3462,0.3425,1803_05447
200.3765,2.2277,1803_05447
200.3795,0.9661,1803_05447
200.4002,0.573,1803_05447
200.5814,2.4209,1803_05447
200.7018,3.1176,1803_05447
200.7202,4.4979,1803_05447
200.8342,3.7202,1803_05447
200.8886,4.4612,1803_05447
200.9178,4.5149,1803_05447
200.9641,2.144,1803_05447
201.1176,4.775,1803_05447
201.1195,0.9894,1803_05447
201.1485,1.5769,1803_05447
201.1542,4.8797,1803_05447
201.1997,3.5314,1803_05447
201.231,3.5485,1803_05447
201.2793,0.5174,1803_05447
201.3027,2.4184,1803_05447
201.3102,0.0599,1803_05447
201.4234,4.4639,1803_05447
201.6001,4.4656,1803_05447
201.6402,2.1751,1803_05447
201.6403,4.4524,1803_05447
201.6614,2.3139,1803_05447
201.692,2.2437,1803_05447
201.7515,2.0359,1803_05447
201.761,2.8478,1803_05447
201.8157,4.2087,1803_05447
201.9181,0.688,1803_05447
201.9521,3.0906,1803_05447
201.9982,2.9944,1803_05447
202.0672,2.9828,1803_05447
202.2624,4.8441,1803_05447
202.3072,0.7279,1803_05447
202.3342,4.1998,1803_05447
202.4001,4.4782,1803_05447
202.4373,1.183,1803_05447
202.4483,0.5105,1803_05447
202.4574,1.0239,1803_05447
202.4614,2.4059,1803_05447
202.4995,0.3052,1803_05447
202.509,0.3172,1803_05447
202.5162,0.3,1803_05447
202.629,0.2711,1803_05447
202.7241,0.938,1803_05447
202.7866,0.6926,1803_05447
202.8537,1.9811,1803_05447
202.9872,3.1178,1803_05447
203.0709,4.2803,1803_05447
203.1045,3.0611,1803_05447
203.13,4.8024,1803_05447
203.1363,0.061,1803_05447
203.1517,2.7678,1803_05447
203.186,0.7688,1803_05447
203.2336,4.9471,1803_05447
203.2424,3.5325,1803_05447
203.2675,4.9818,1803_05447
203.2742,3.8835,1803_05447
203.3876,1.3066,1803_05447
203.4459,2.0455,1803_05447
203.4574,4.445,1803_05447
203.4577,3.3159,1803_05447
203.4593,2.3585,1803_05447
203.4723,3.2932,1803_05447
203.4769,3.2836,1803_05447
203.5067,1.0961,1803_05447
203.5151,4.7539,1803_05447
203.5196,3.3471,1803_05447
203.5238,4.7804,1803_05447
203.5386,4.9881,1803_05447
203.5417,1.9877,1803_05447
203.5425,4.8685,1803_05447
203.5966,4.9285,1803_05447
203.6398,4.9461,1803_05447
203.6405,4.9187,1803_05447
203.6534,0.596,1803_05447
203.6635,4.1304,1803_05447
203.7124,4.2368,1803_05447
203.7305,4.9651,1803_05447
203.769,3.6607,1803_05447
203.8519,1.4107,1803_05447
203.9107,1.5554,1803_05447
203.9178,3.2932,1803_05447
203.918,1.5082,1803_05447
203.9283,3.0018,1803_05447
203.9508,2.9991,1803_05447
203.994,1.7301,1803_05447
203.9994,3.6387,1803_05447
204.0329,3.5093,1803_05447
204.0426,3.3122,1803_05447
204.0881,3.331,1803_05447
204.1562,1.2596,1803_05447
204.1559,4.1887,1803_05447
204.1831,3.2763,1803_05447
204.2007,3.2804,1803_05447
204.2084,3.5253,1803_05447
204.2388,3.4933,1803_05447
204.244,0.2257,1803_05447
204.2613,4.9301,1803_05447
204.2808,4.6924,1803_05447
204.3132,2.4298,1803_05447
204.3279,3.9386,1803_05447
204.3408,4.689,1803_05447
204.3468,3.8975,1803_05447
204.367,2.2205,1803_05447
204.3721,4.1047,1803_05447
204.3752,1.0831,1803_05447
204.3963,0.7821,1803_05447
204.4254,3.4726,1803_05447
204.4691,3.7955,1803_05447
204.5201,4.1413,1803_05447
204.5267,0.0204,1803_05447
204.5473,4.5146,1803_05447
204.5659,4.5425,1803_05447
204.5841,1.8907,1803_05447
204.6027,1.0448,1803_05447
204.6187,0.5102,1803_05447
204.621,2.5285,1803_05447
204.634,0.5403,1803_05447
204.6656,0.5458,1803_05447
204.6835,4.4591,1803_05447
204.7144,4.4317,1803_05447
204.7258,4.1307,1803_05447
204.7339,4.2291,1803_05447
204.7357,2.1508,1803_05447
204.7691,2.1638,1803_05447
204.7961,4.9798,1803_05447
204.8051,4.6233,1803_05447
204.8224,0.3366,1803_05447
204.8639,4.5107,1803_05447
204.8706,1.0733,1803_05447
204.8737,4.5114,1803_05447
204.8839,2.9814,1803_05447
204.9447,2.6264,1803_05447
204.9703,0.8399,1803_05447
204.9772,2.122,1803_05447
204.9899,0.8308,1803_05447
204.993,0.8466,1803_05447
205.0522,2.4802,1803_05447
205.0704,2.4442,1803_05447
205.071,3.8399,1803_05447
205.0749,1.2927,1803_05447
205.0892,1.5425,1803_05447
205.1132,4.7739,1803_05447
205.1134,2.0021,1803_05447
205.1181,3.7586,1803_05447
205.1293,4.7547,1803_05447
205.13,4.6191,1803_05447
205.141,4.8203,1803_05447
205.1441,4.6996,1803_05447
205.1481,4.8168,1803_05447
205.1501,2.0843,1803_05447
205.1773,4.8136,1803_05447
205.2397,0.9261,1803_05447
205.2458,3.0697,1803_05447
205.3334,4.9563,1803_05447
205.3854,4.1942,1803_05447
205.4037,4.846,1803_05447
205.4257,4.4499,1803_05447
205.4281,4.274,1803_05447
205.4662,4.9337,1803_05447
205.4951,2.3124,1803_05447
205.4954,4.7635,1803_05447
205.5209,0.7182,1803_05447
205.5424,3.6961,1803_05447
205.5453,4.2628,1803_05447
205.5717,4.6198,1803_05447
205.6077,3.8561,1803_05447
205.6404,3.1987,1803_05447
205.6441,4.5289,1803_05447
205.6785,3.302,1803_05447
205.7166,0.9463,1803_05447
205.7422,3.2541,1803_05447
205.8309,1.3224,1803_05447
205.9175,3.8966,1803_05447
205.9373,3.8891,1803_05447
205.9902,0.7974,1803_05447
206.0023,4.7344,1803_05447
206.0075,4.0475,1803_05447
206.0199,3.9057,1803_05447
206.0211,3.0506,1803_05447
206.141,4.7758,1803_05447
206.1723,4.9422,1803_05447
206.2103,4.0239,1803_05447
206.5528,3.5058,1803_05447
206.6003,1.5788,1803_05447
206.6233,3.8784,1803_05447
206.6757,3.4597,1803_05447
206.7164,3.7479,1803_05447
206.7254,3.6608,1803_05447
206.7796,3.6224,1803_05447
206.7884,3.644,1803_05447
206.8108,3.1385,1803_05447
206.8271,3.7674,1803_05447
206.8813,0.367,1803_05447
206.9102,3.3341,1803_05447
206.9247,3.3663,1803_05447
206.9296,3.4116,1803_05447
206.9904,3.4497,1803_05447
207.0007,4.9882,1803_05447
207.0255,3.7804,1803_05447
207.0659,4.3705,1803_05447
207.2438,3.5225,1803_05447
207.3173,4.1756,1803_05447
207.3459,4.2591,1803_05447
207.3723,4.2147,1803_05447
207.4114,4.2384,1803_05447
207.42,4.2351,1803_05447
207.4716,4.178,1803_05447
207.4834,4.1399,1803_05447
207.645,4.254,1803_05447
207.7939,4.3615,1803_05447
207.9778,2.4379,1803_05447
207.9889,2.0034,1803_05447
207.9986,2.47,1803_05447
208.0168,3.369,1803_05447
208.0408,3.6368,1803_05447
208.042,2.3253,1803_05447
208.0482,2.3153,1803_05447
208.0505,2.404,1803_05447
208.052,3.6552,1803_05447
208.0607,2.3597,1803_05447
208.095,2.3457,1803_05447
208.1012,0.0889,1803_05447
208.1438,1.7781,1803_05447
208.1495,0.8184,1803_05447
208.1535,0.0225,1803_05447
208.1607,3.464,1803_05447
208.1837,0.8028,1803_05447
208.1855,0.1303,1803_05447
208.1999,1.9635,1803_05447
208.202,0.8,1803_05447
208.2088,2.2637,1803_05447
208.2144,1.6775,1803_05447
208.2356,2.8146,1803_05447
208.2536,2.2621,1803_05447
208.2576,1.4367,1803_05447
208.2897,4.9608,1803_05447
208.3098,3.8984,1803_05447
208.3515,0.9097,1803_05447
208.3819,2.609,1803_05447
208.3848,2.2593,1803_05447
208.425,3.3777,1803_05447
208.4247,0.1217,1803_05447
208.435,1.1881,1803_05447
208.4371,0.0557,1803_05447
208.5163,3.9516,1803_05447
208.5423,3.773,1803_05447
208.5874,4.0356,1803_05447
208.7359,2.0957,1803_05447
208.7711,3.296,1803_05447
208.8102,1.9076,1803_05447
208.9234,2.871,1803_05447
208.9261,4.3948,1803_05447
208.991,3.046,1803_05447
208.9963,0.7541,1803_05447
209.0433,1.7977,1803_05447
209.4567,2.4535,1803_05447
209.6861,2.4567,1803_05447
209.69,2.8443,1803_05447
209.7068,2.0362,1803_05447
209.9659,2.0917,1803_05447
209.981,4.5619,1803_05447
209.9833,1.9944,1803_05447
210.345,1.9913,1803_05447
210.3645,1.9732,1803_05447
210.4436,1.1569,1803_05447
210.5085,0.9933,1803_05447
210.5552,4.0952,1803_05447
210.6747,1.8898,1803_05447
210.7473,0.5162,1803_05447
211.3598,3.0332,1803_05447
212.1365,3.0246,1803_05447
212.1947,4.9099,1803_05447
212.5938,4.0156,1803_05447
212.8887,4.4826,1803_05447
212.9411,1.9473,1803_05447
213.1666,1.755,1803_05447
213.2052,1.4893,1803_05447
213.783,3.1129,1803_05447
213.8002,4.8719,1803_05447
213.8013,4.8242,1803_05447
213.8489,4.4085,1803_05447
213.8551,4.9341,1803_05447
213.9483,4.1601,1803_05447
216.0729,4.6996,1803_05447
216.8522,3.0722,1803_05447
216.8582,2.9454,1803_05447
216.8984,2.9545,1803_05447
216.987,0.0226,1803_05447
218.3894,3.2748,1803_05447
218.6103,0.8308,1803_05447
219.175,2.3859,1803_05447
219.7877,4.5517,1803_05447
219.8941,2.651,1803_05447
220.0273,3.8734,1803_05447
220.154,3.4647,1803_05447
220.1593,3.3564,1803_05447
220.3728,3.1953,1803_05447
220.5885,3.2709,1803_05447
221.8369,0.011,1803_05447
222.3483,4.2312,1803_05447
222.8475,0.0071,1803_05447
223.2881,4.8512,1803_05447
223.5791,4.9365,1803_05447
223.6302,4.9379,1803_05447
223.8019,2.8169,1803_05447
223.8065,3.612,1803_05447
223.8874,3.0372,1803_05447
224.0283,1.925,1803_05447
224.11,2.3477,1803_05447
224.2297,4.2051,1803_05447
224.3771,3.7758,1803_05447
224.5346,3.424,1803_05447
224.6416,3.5185,1803_05447
225.9595,0.5655,1803_05447
227.6531,3.309,1803_05447
230.9415,2.6703,1803_05447
230.9459,4.2614,1803_05447
231.2453,4.7897,1803_05447
231.2683,4.8298,1803_05447
231.2711,4.9064,1803_05447
231.716,3.5975,1803_05447
231.7359,4.0737,1803_05447
232.1705,1.3774,1803_05447
233.3986,3.8752,1803_05447
233.8943,4.7848,1803_05447
233.9136,2.4279,1803_05447
234.5443,4.7804,1803_05447
234.7283,4.583,1803_05447
235.0844,3.6343,1803_05447
235.8745,4.7944,1803_05447
235.9976,4.0264,1803_05447
142.8539,4.3432,1803_05447
155.6602,0.6204,1803_05447
158.7728,0.2814,1803_05447
159.3828,0.5214,1803_05447
189.6056,1.7844,1803_05447
190.6622,0.6859,1803_05447
206.0439,4.1469,1803_05447
206.8839,4.0966,1803_05447
180.8632,4.867,1803_05447
203.9971,3.7641,1803_05447
211.1573,0.1092,1803_05447
149.9174,0.0443,1803_05447
163.0289,4.4741,1803_05447
169.7485,3.3125,1803_05447
203.5202,3.3308,1803_05447
151.4852,3.7701,1803_05447
142.4405,2.2065,1803_05447
134.4838,1.5168,1803_05447
139.503,0.5291,1803_05447
141.3356,3.115,1803_05447
142.3618,1.8759,1803_05447
143.8406,2.9858,1803_05447
144.4216,2.7787,1803_05447
144.5536,2.9439,1803_05447
146.4588,3.6698,1803_05447
146.5744,3.4161,1803_05447
146.8864,3.9821,1803_05447
147.9994,4.2402,1803_05447
148.5591,2.4802,1803_05447
151.4295,1.6153,1803_05447
152.7584,3.5746,1803_05447
156.496,0.5128,1803_05447
156.9588,2.5041,1803_05447
159.633,0.0967,1803_05447
159.6846,3.8993,1803_05447
168.2578,4.0384,1803_05447
168.9721,4.3786,1803_05447
169.0428,3.5344,1803_05447
170.0688,0.7045,1803_05447
173.4203,2.2507,1803_05447
173.4828,1.0331,1803_05447
174.2541,3.4388,1803_05447
177.8848,2.4102,1803_05447
180.6956,2.4008,1803_05447
183.8728,2.7613,1803_05447
185.3295,3.7876,1803_05447
186.1098,1.7725,1803_05447
187.7509,0.2653,1803_05447
188.8259,1.3832,1803_05447
192.0318,3.6333,1803_05447
194.5696,4.1307,1803_05447
200.6988,3.7794,1803_05447
204.5497,4.2409,1803_05447
204.5765,3.9256,1803_05447
205.2074,2.8178,1803_05447
205.3332,2.9656,1803_05447
206.1743,3.0473,1803_05447
206.3765,1.2558,1803_05447
208.4995,3.2323,1803_05447
208.7397,3.369,1803_05447
209.7851,3.5114,1803_05447
210.8941,1.8584,1803_05447
215.1405,4.6851,1803_05447
132.0036,0.8165,1803_05447
133.5799,1.9931,1803_05447
134.5431,1.3432,1803_05447
135.589,0.6822,1803_05447
136.4167,1.8575,1803_05447
136.5226,0.2134,1803_05447
137.1463,2.9022,1803_05447
139.631,1.3344,1803_05447
139.7082,1.0231,1803_05447
139.7124,0.7775,1803_05447
140.0523,1.1523,1803_05447
140.2569,0.9243,1803_05447
140.4378,1.2413,1803_05447
140.7933,1.4532,1803_05447
140.968,0.8158,1803_05447
174.1955,0.3986,1803_05447
174.7019,0.3012,1803_05447
175.8209,0.4806,1803_05447
177.0394,0.112,1803_05447
180.0132,0.3429,1803_05447
180.3924,1.4737,1803_05447
180.451,1.7724,1803_05447
180.98,0.5518,1803_05447
180.9963,1.8322,1803_05447
181.0468,1.7697,1803_05447
181.0546,1.691,1803_05447
181.0941,1.8673,1803_05447
181.1721,0.0134,1803_05447
181.186,1.7126,1803_05447
181.1889,1.9203,1803_05447
181.1929,1.5012,1803_05447
181.203,1.6466,1803_05447
181.2426,1.7513,1803_05447
181.3419,1.8346,1803_05447
181.5265,1.6002,1803_05447
181.6248,1.8279,1803_05447
181.7834,1.0773,1803_05447
181.8657,1.2976,1803_05447
182.1418,1.2017,1803_05447
182.5249,0.3098,1803_05447
182.5307,0.4262,1803_05447
182.6414,0.6715,1803_05447
182.7987,1.1208,1803_05447
182.8979,0.591,1803_05447
182.9272,1.3521,1803_05447
183.0482,0.1263,1803_05447
185.2601,0.0062,1803_05447
185.9639,0.5147,1803_05447
216.9574,1.4699,1803_05447
217.2389,1.0684,1803_05447
218.9125,1.152,1803_05447
222.8073,0.0282,1803_05447
139.99,0.8454,1803_05447
0.0134,-1.1129,1803_05447
0.0186,-0.0834,1803_05447
0.0326,-0.0403,1803_05447
0.7089,-0.5887,1803_05447
1.1467,0.8486,1803_05447
1.909,-0.3677,1803_05447
2.2105,-1.1702,1803_05447
2.3154,0.8126,1803_05447
3.0254,-0.4151,1803_05447
3.4826,0.016,1803_05447
4.1918,-1.1082,1803_05447
4.2867,-0.958,1803_05447
4.3577,-0.9782,1803_05447
4.4165,0.5062,1803_05447
4.4761,0.3296,1803_05447
4.4808,0.3353,1803_05447
4.5359,0.4781,1803_05447
4.7535,0.6618,1803_05447
4.8128,0.9156,1803_05447
4.891,1.0491,1803_05447
4.9472,0.5907,1803_05447
4.997,0.7293,1803_05447
5.0072,0.6539,1803_05447
5.0747,1.1145,1803_05447
5.1077,0.8266,1803_05447
5.1147,0.8335,1803_05447
5.1195,0.5411,1803_05447
5.1411,0.8565,1803_05447
5.2572,0.9926,1803_05447
5.2621,0.8335,1803_05447
5.2824,0.8317,1803_05447
5.397,1.1655,1803_05447
5.4409,0.5576,1803_05447
5.5868,1.1263,1803_05447
5.9486,-0.6614,1803_05447
6.1214,-0.8294,1803_05447
6.268,-1.0508,1803_05447
6.3251,-1.2311,1803_05447
6.3331,0.5255,1803_05447
6.3934,0.8468,1803_05447
6.6043,1.0201,1803_05447
6.6369,1.0944,1803_05447
6.9744,-0.9667,1803_05447
7.1395,-1.1799,1803_05447
7.2011,-0.1676,1803_05447
7.41,0.4104,1803_05447
7.6825,-0.2994,1803_05447
7.7174,0.5289,1803_05447
7.7201,0.542,1803_05447
7.7527,0.4356,1803_05447
7.8004,-0.4073,1803_05447
7.9306,0.9006,1803_05447
7.9481,0.5587,1803_05447
7.9583,-0.991,1803_05447
8.3122,0.2014,1803_05447
8.8726,0.532,1803_05447
9.1263,-0.2872,1803_05447
9.3702,0.2777,1803_05447
9.4215,0.5555,1803_05447
9.4993,0.7101,1803_05447
9.6684,1.1407,1803_05447
9.8059,0.8643,1803_05447
9.8144,0.9427,1803_05447
9.8244,0.9128,1803_05447
9.8954,0.86,1803_05447
9.9306,0.9606,1803_05447
9.9442,0.0814,1803_05447
10.019,0.0482,1803_05447
10.1122,-0.0452,1803_05447
10.1133,0.3285,1803_05447
10.1465,-0.2935,1803_05447
10.1496,-0.2714,1803_05447
10.1579,-0.3303,1803_05447
10.2188,-0.525,1803_05447
10.2477,0.7717,1803_05447
10.2681,0.9079,1803_05447
10.3722,-1.196,1803_05447
10.4,1.0738,1803_05447
10.4083,0.2579,1803_05447
10.4174,0.209,1803_05447
10.4424,1.1774,1803_05447
10.4559,-1.0283,1803_05447
10.46,-1.0238,1803_05447
10.5157,0.7191,1803_05447
10.5385,-0.0878,1803_05447
10.5472,0.9046,1803_05447
10.5662,0.8454,1803_05447
10.6295,1.0772,1803_05447
10.7107,-0.8152,1803_05447
10.8663,-0.125,1803_05447
10.8858,-0.0505,1803_05447
10.9662,0.8018,1803_05447
11.123,1.1086,1803_05447
11.1621,-0.3623,1803_05447
11.3908,-1.1041,1803_05447
11.3962,-1.2061,1803_05447
11.6964,-0.7013,1803_05447
11.8198,-1.1486,1803_05447
12.2548,0.6697,1803_05447
12.3989,1.1159,1803_05447
12.4678,0.9628,1803_05447
12.5509,-0.583,1803_05447
12.6211,-0.5306,1803_05447
12.715,0.8514,1803_05447
12.956,0.5648,1803_05447
13.5649,-1.0822,1803_05447
13.6663,0.7555,1803_05447
13.9222,-0.9419,1803_05447
13.9374,0.5884,1803_05447
14.5235,-0.8996,1803_05447
14.6669,0.5817,1803_05447
14.7036,0.5874,1803_05447
14.7314,1.0057,1803_05447
14.7672,1.0012,1803_05447
14.918,-0.777,1803_05447
14.9258,0.9168,1803_05447
14.9855,-1.2219,1803_05447
15.2091,-0.7313,1803_05447
15.4572,0.4735,1803_05447
15.504,0.5122,1803_05447
15.6768,-0.7494,1803_05447
15.7246,-0.3197,1803_05447
15.7479,-0.6782,1803_05447
15.7573,-1.1108,1803_05447
15.808,-0.7123,1803_05447
15.8221,-0.3409,1803_05447
15.8314,-0.5896,1803_05447
15.89,-0.6069,1803_05447
15.9119,-0.4907,1803_05447
15.9651,-0.3585,1803_05447
15.9751,-0.4406,1803_05447
15.9835,-0.673,1803_05447
15.9905,-0.8981,1803_05447
16.0305,-0.97,1803_05447
16.0371,-0.0955,1803_05447
16.0595,-0.1166,1803_05447
16.0604,-0.7803,1803_05447
16.0616,-0.8446,1803_05447
16.0632,-1.1141,1803_05447
16.07,-1.0749,1803_05447
16.0708,-0.7648,1803_05447
16.1093,-0.6596,1803_05447
16.1217,-0.4406,1803_05447
16.1495,-0.9182,1803_05447
16.1614,-0.8909,1803_05447
16.1703,-0.8026,1803_05447
16.1731,-0.9556,1803_05447
16.2055,-0.2881,1803_05447
16.2162,-0.6478,1803_05447
16.2366,-0.906,1803_05447
16.2794,-0.8195,1803_05447
16.3284,-0.4609,1803_05447
16.3727,-0.3443,1803_05447
16.4755,-0.986,1803_05447
16.4984,0.2691,1803_05447
16.5296,0.7763,1803_05447
16.5977,0.3454,1803_05447
16.6166,0.65,1803_05447
16.6397,-0.1336,1803_05447
16.6448,-0.7667,1803_05447
16.6585,0.6979,1803_05447
16.6954,0.2437,1803_05447
16.7125,-0.5704,1803_05447
16.7358,-0.7565,1803_05447
16.7476,-0.596,1803_05447
16.7663,-0.0361,1803_05447
16.7884,-0.6215,1803_05447
16.789,-0.6499,1803_05447
16.8276,0.9341,1803_05447
16.8441,0.926,1803_05447
16.8476,0.8927,1803_05447
16.8483,1.0003,1803_05447
16.8613,0.8908,1803_05447
16.8813,0.8898,1803_05447
16.92,-0.8048,1803_05447
17.0091,-0.0754,1803_05447
17.0145,1.1454,1803_05447
17.0219,-0.7949,1803_05447
17.0555,-0.3433,1803_05447
17.0928,0.02,1803_05447
17.385,-0.3439,1803_05447
17.4277,-0.9537,1803_05447
17.5049,0.4119,1803_05447
17.6595,-0.2779,1803_05447
17.7071,0.5501,1803_05447
17.7119,0.1982,1803_05447
17.7472,0.4337,1803_05447
17.8157,-0.4557,1803_05447
17.8981,0.4623,1803_05447
17.9356,1.1583,1803_05447
17.944,-0.6643,1803_05447
17.9596,-0.6197,1803_05447
17.9638,-0.6302,1803_05447
18.0361,-0.4101,1803_05447
18.1413,0.2937,1803_05447
18.1488,-0.4146,1803_05447
18.169,-0.5281,1803_05447
18.1776,-0.2454,1803_05447
18.1784,-0.4025,1803_05447
18.2024,-0.2901,1803_05447
18.2393,-0.3449,1803_05447
18.2498,-0.2524,1803_05447
18.2619,0.678,1803_05447
18.3106,-0.3416,1803_05447
18.3342,-0.3955,1803_05447
18.3535,0.2205,1803_05447
18.4244,-0.1026,1803_05447
18.4416,0.9455,1803_05447
18.5555,-0.2838,1803_05447
18.6318,-0.0671,1803_05447
18.6558,1.1817,1803_05447
18.6611,-1.0204,1803_05447
18.6929,-0.001,1803_05447
18.6971,1.1213,1803_05447
18.797,-1.1502,1803_05447
18.8172,-1.1,1803_05447
18.8426,-0.1584,1803_05447
18.9039,-0.9528,1803_05447
19.1499,1.2023,1803_05447
19.2236,0.1532,1803_05447
19.3622,-0.7832,1803_05447
19.5519,0.4767,1803_05447
19.6157,-1.0253,1803_05447
19.687,-0.9061,1803_05447
19.7689,-0.1384,1803_05447
19.8209,-0.1137,1803_05447
19.9326,-0.3826,1803_05447
19.9723,-0.0876,1803_05447
19.9946,0.7222,1803_05447
20.0326,0.0771,1803_05447
20.2436,-1.1586,1803_05447
20.3195,-0.5443,1803_05447
20.3654,0.7103,1803_05447
20.4522,0.9431,1803_05447
20.4908,0.5738,1803_05447
20.5879,-0.486,1803_05447
20.6434,0.8665,1803_05447
20.6637,-0.0965,1803_05447
20.6676,0.7211,1803_05447
20.6917,-0.4264,1803_05447
20.7537,1.2089,1803_05447
20.855,0.7552,1803_05447
20.8722,1.2182,1803_05447
20.8804,1.1799,1803_05447
20.9571,0.2726,1803_05447
20.9734,-0.085,1803_05447
20.9782,0.2824,1803_05447
20.9783,-0.3114,1803_05447
20.9895,1.1057,1803_05447
21.062,1.0489,1803_05447
21.08,-0.0511,1803_05447
21.1236,-0.3693,1803_05447
21.1263,-0.8885,1803_05447
21.128,0.8345,1803_05447
21.132,-1.1765,1803_05447
21.1341,-1.1987,1803_05447
21.1553,-0.7798,1803_05447
21.2024,1.0368,1803_05447
21.2041,1.1743,1803_05447
21.2189,-1.2401,1803_05447
21.2289,-1.1083,1803_05447
21.2754,-0.4086,1803_05447
21.278,-0.1353,1803_05447
21.3124,-1.124,1803_05447
21.32,1.1641,1803_05447
21.34,0.1605,1803_05447
21.3428,-0.6442,1803_05447
21.3487,-1.1947,1803_05447
21.3494,-1.0816,1803_05447
21.3714,-0.0573,1803_05447
21.3741,-0.7037,1803_05447
21.3922,-1.2076,1803_05447
21.4146,0.13,1803_05447
21.4156,1.1782,1803_05447
21.4482,-1.1795,1803_05447
21.4781,-0.9878,1803_05447
21.4901,0.9667,1803_05447
21.5105,-1.2255,1803_05447
21.5231,-0.4201,1803_05447
21.5569,0.3585,1803_05447
21.599,-0.9387,1803_05447
21.6222,0.5489,1803_05447
21.6459,-1.1129,1803_05447
21.6497,-0.8707,1803_05447
21.6542,-0.0899,1803_05447
21.6762,-1.0878,1803_05447
21.6903,-0.5464,1803_05447
21.6905,-0.1978,1803_05447
21.7073,-0.9747,1803_05447
21.7157,-0.2225,1803_05447
21.722,-1.1892,1803_05447
21.7325,-0.0151,1803_05447
21.7338,-1.2395,1803_05447
21.738,-0.8935,1803_05447
21.7453,-1.1131,1803_05447
21.7647,-0.2565,1803_05447
21.7775,-1.1223,1803_05447
21.8111,1.0281,1803_05447
21.8124,-0.5774,1803_05447
21.8377,-0.2691,1803_05447
21.8448,-0.8658,1803_05447
21.8631,-1.1174,1803_05447
21.8983,-0.9886,1803_05447
21.8995,-1.1049,1803_05447
21.9032,-0.5461,1803_05447
21.9291,-1.1394,1803_05447
21.933,-0.9046,1803_05447
21.9452,0.5009,1803_05447
21.9688,-0.5041,1803_05447
22.0077,-0.669,1803_05447
22.009,-0.7383,1803_05447
22.156,-0.0693,1803_05447
22.2356,0.6333,1803_05447
22.2444,-0.9488,1803_05447
22.2481,-0.5618,1803_05447
22.3608,-1.1997,1803_05447
22.4333,-1.2414,1803_05447
22.4719,-1.1719,1803_05447
22.5151,0.7432,1803_05447
22.5258,0.7451,1803_05447
22.5369,-0.7789,1803_05447
22.617,-0.7301,1803_05447
22.7105,-0.7498,1803_05447
22.8019,-0.6108,1803_05447
22.8456,-0.674,1803_05447
22.8549,-0.886,1803_05447
22.86,-0.4541,1803_05447
22.8666,-0.9341,1803_05447
22.9184,-1.1824,1803_05447
22.9256,-0.9327,1803_05447
22.9776,-0.8145,1803_05447
23.0224,-0.726,1803_05447
23.1772,-1.1004,1803_05447
23.2583,-0.6898,1803_05447
23.2805,0.176,1803_05447
23.3946,-1.0908,1803_05447
23.4226,-1.1583,1803_05447
23.4361,0.9531,1803_05447
23.5104,-1.0757,1803_05447
23.5316,-1.0483,1803_05447
23.5331,-1.0321,1803_05447
23.5707,-1.1274,1803_05447
23.6564,-1.0522,1803_05447
23.7168,-0.6487,1803_05447
23.7866,0.7178,1803_05447
23.8071,-1.177,1803_05447
23.9027,0.0149,1803_05447
23.9337,-0.388,1803_05447
24.0007,0.6636,1803_05447
24.0555,-0.6104,1803_05447
24.2964,0.8824,1803_05447
24.405,0.0403,1803_05447
24.6346,-0.5163,1803_05447
24.6457,0.335,1803_05447
24.6788,-0.3479,1803_05447
24.6975,1.0719,1803_05447
24.8215,0.3395,1803_05447
24.9792,-0.2547,1803_05447
25.0604,-0.5151,1803_05447
25.2206,-0.2137,1803_05447
25.3146,-0.7046,1803_05447
25.6289,-0.8193,1803_05447
26.264,-0.301,1803_05447
26.7279,-0.6139,1803_05447
26.9578,-0.3041,1803_05447
27.1257,-0.2126,1803_05447
27.1275,-0.0628,1803_05447
27.5296,-0.7398,1803_05447
27.7635,0.3106,1803_05447
27.9186,-0.0711,1803_05447
28.1012,-0.2854,1803_05447
28.2243,-0.9021,1803_05447
28.3582,-1.1892,1803_05447
28.4094,1.1619,1803_05447
28.497,-0.7504,1803_05447
28.507,-0.0465,1803_05447
28.5335,-0.7422,1803_05447
28.5652,0.087,1803_05447
28.5933,-0.6284,1803_05447
28.6099,-0.2119,1803_05447
28.6238,-0.5262,1803_05447
28.6236,1.1923,1803_05447
28.6364,-0.7701,1803_05447
28.6502,-0.1562,1803_05447
28.6518,-0.0714,1803_05447
28.6711,-0.1432,1803_05447
28.6745,0.6118,1803_05447
28.6809,-0.2786,1803_05447
28.6938,-0.7389,1803_05447
28.7213,-0.597,1803_05447
28.7432,-0.4749,1803_05447
28.7577,-0.6263,1803_05447
28.7649,0.0129,1803_05447
28.8621,0.1044,1803_05447
28.8678,0.9505,1803_05447
28.8995,-0.3912,1803_05447
28.9078,-0.5839,1803_05447
29.0441,0.2545,1803_05447
29.145,-1.1827,1803_05447
29.1783,-0.766,1803_05447
29.2286,-0.6402,1803_05447
29.2337,-0.8154,1803_05447
29.2722,-0.4684,1803_05447
29.301,-0.4928,1803_05447
29.6273,-0.5055,1803_05447
29.646,-0.4855,1803_05447
29.649,0.1492,1803_05447
29.6587,0.4855,1803_05447
29.6824,0.7613,1803_05447
29.7178,0.5684,1803_05447
29.7975,0.11,1803_05447
29.7975,0.3779,1803_05447
29.9193,0.721,1803_05447
30.0363,0.4641,1803_05447
30.0653,0.1993,1803_05447
30.2894,0.0861,1803_05447
30.4731,-0.2558,1803_05447
30.5492,-0.1303,1803_05447
30.5517,-0.1009,1803_05447
30.8577,-0.8205,1803_05447
30.8578,0.9603,1803_05447
30.9224,-1.1265,1803_05447
30.9226,1.1976,1803_05447
31.1273,0.4312,1803_05447
31.1966,0.8351,1803_05447
31.2001,1.2078,1803_05447
31.2296,0.7705,1803_05447
31.3262,0.0557,1803_05447
31.4433,0.6261,1803_05447
31.6257,0.9735,1803_05447
31.6772,-0.8601,1803_05447
31.7495,1.0137,1803_05447
31.7633,1.0423,1803_05447
31.8692,0.6855,1803_05447
31.945,0.0355,1803_05447
32.1904,0.4848,1803_05447
32.201,0.8007,1803_05447
32.2752,1.1838,1803_05447
32.3333,1.0453,1803_05447
32.3465,0.8909,1803_05447
32.3736,1.1684,1803_05447
32.4003,1.0912,1803_05447
32.4874,0.8766,1803_05447
32.6755,-0.6383,1803_05447
32.7421,1.2058,1803_05447
32.7766,-0.6552,1803_05447
32.7845,-0.6546,1803_05447
32.8177,-0.6499,1803_05447
32.9995,1.2184,1803_05447
33.0018,1.2259,1803_05447
33.028,1.2093,1803_05447
33.2314,-0.467,1803_05447
33.41,-0.7171,1803_05447
33.5075,-0.9774,1803_05447
34.0158,0.9176,1803_05447
34.1651,-0.6546,1803_05447
34.1866,1.0696,1803_05447
34.1986,-0.6524,1803_05447
34.2612,0.6125,1803_05447
34.27,1.2443,1803_05447
34.465,1.2244,1803_05447
34.5871,0.3785,1803_05447
34.7494,-0.6014,1803_05447
35.2817,1.2182,1803_05447
35.4426,0.5647,1803_05447
35.4632,-0.9624,1803_05447
35.782,0.9904,1803_05447
36.1633,0.8044,1803_05447
36.5052,1.0181,1803_05447
36.5281,-0.3317,1803_05447
36.5966,-0.4919,1803_05447
36.8305,1.0256,1803_05447
36.8872,-0.2443,1803_05447
36.9024,-0.386,1803_05447
37.0433,0.0147,1803_05447
37.0606,0.6528,1803_05447
37.1525,-0.2466,1803_05447
37.2173,0.8834,1803_05447
37.228,0.3704,1803_05447
37.3735,0.7807,1803_05447
37.3875,0.8938,1803_05447
37.3913,0.3736,1803_05447
37.3951,-0.3125,1803_05447
37.4137,0.1234,1803_05447
37.4439,1.1108,1803_05447
37.4564,0.8132,1803_05447
37.4851,1.1792,1803_05447
37.5826,0.9131,1803_05447
37.6198,1.0878,1803_05447
37.625,0.7904,1803_05447
37.6254,0.3801,1803_05447
37.6992,0.6042,1803_05447
37.7052,-1.0152,1803_05447
37.723,0.9666,1803_05447
37.7738,1.2163,1803_05447
37.8042,0.3671,1803_05447
37.8053,1.2449,1803_05447
37.8073,1.194,1803_05447
37.8347,0.0638,1803_05447
37.8588,1.2474,1803_05447
37.8902,0.7566,1803_05447
37.9072,-0.1398,1803_05447
37.9269,1.1969,1803_05447
37.93,0.9045,1803_05447
37.9308,0.2935,1803_05447
37.9356,-0.9452,1803_05447
37.9576,1.2481,1803_05447
37.9767,1.1157,1803_05447
37.9907,1.2465,1803_05447
37.9976,0.748,1803_05447
37.9982,0.91,1803_05447
38.0223,1.21,1803_05447
38.0429,1.2474,1803_05447
38.0465,0.9136,1803_05447
38.0768,0.9926,1803_05447
38.0784,0.9003,1803_05447
38.0812,0.6718,1803_05447
38.0901,1.175,1803_05447
38.104,0.9642,1803_05447
38.1082,0.3402,1803_05447
38.1189,0.8895,1803_05447
38.1222,0.776,1803_05447
38.1251,0.2337,1803_05447
38.1325,0.0579,1803_05447
38.1463,1.0942,1803_05447
38.1525,0.9764,1803_05447
38.1534,1.0936,1803_05447
38.1591,0.5945,1803_05447
38.1637,0.6176,1803_05447
38.1652,-0.7016,1803_05447
38.1673,0.2601,1803_05447
38.1773,0.9706,1803_05447
38.1978,0.678,1803_05447
38.2042,1.1639,1803_05447
38.209,-0.3531,1803_05447
38.2093,0.661,1803_05447
38.2117,1.1492,1803_05447
38.2328,0.6833,1803_05447
38.2332,1.2308,1803_05447
38.2453,1.1533,1803_05447
38.2475,0.4467,1803_05447
38.2537,0.6742,1803_05447
38.2551,0.4208,1803_05447
38.2645,0.6826,1803_05447
38.2663,0.6451,1803_05447
38.2682,0.6937,1803_05447
38.2691,0.9312,1803_05447
38.313,0.3892,1803_05447
38.3815,1.14,1803_05447
38.3857,-0.0759,1803_05447
38.4239,1.1144,1803_05447
38.4635,1.0809,1803_05447
38.4651,1.1372,1803_05447
38.4845,0.924,1803_05447
38.5505,-0.2047,1803_05447
38.671,0.8115,1803_05447
38.8937,0.6646,1803_05447
38.9049,0.683,1803_05447
39.0984,0.7087,1803_05447
39.3792,-1.1245,1803_05447
39.6677,0.5604,1803_05447
39.6711,-0.7562,1803_05447
39.6992,1.2226,1803_05447
39.7941,1.1434,1803_05447
40.2004,1.1048,1803_05447
40.2851,1.1255,1803_05447
40.2915,1.1181,1803_05447
40.3409,0.0582,1803_05447
40.3956,1.2349,1803_05447
40.5569,0.3828,1803_05447
40.5602,0.8779,1803_05447
40.9159,0.6674,1803_05447
41.0063,0.1764,1803_05447
41.0684,0.3416,1803_05447
41.3186,-0.1345,1803_05447
41.4483,-0.2407,1803_05447
41.5196,-0.0129,1803_05447
41.5948,-1.1715,1803_05447
41.7205,-0.4542,1803_05447
41.7272,-0.4363,1803_05447
41.8084,-0.8499,1803_05447
41.8661,-0.2851,1803_05447
41.8686,-0.268,1803_05447
41.8731,-0.5374,1803_05447
41.8834,-1.2464,1803_05447
41.9095,-0.8543,1803_05447
42.0703,-0.2863,1803_05447
42.1436,-0.993,1803_05447
42.1612,-0.2712,1803_05447
42.2002,-0.9831,1803_05447
42.2118,-0.7673,1803_05447
42.228,-0.9667,1803_05447
42.3117,-1.2079,1803_05447
42.3665,-0.873,1803_05447
42.3874,-0.7843,1803_05447
42.3975,-0.7234,1803_05447
42.4029,-1.175,1803_05447
42.4037,-0.859,1803_05447
42.4072,-0.8424,1803_05447
42.4207,-0.5232,1803_05447
42.4734,-1.0034,1803_05447
42.5032,-1.2486,1803_05447
42.542,-0.8671,1803_05447
42.5476,-0.999,1803_05447
42.5826,-0.7263,1803_05447
42.6078,-1.2498,1803_05447
42.6992,-0.6117,1803_05447
42.8031,-0.9653,1803_05447
42.8055,-0.8449,1803_05447
42.8125,-0.9732,1803_05447
42.8963,-0.7336,1803_05447
42.9426,-1.1528,1803_05447
42.9776,-0.98,1803_05447
42.9838,-0.8363,1803_05447
42.999,-1.1746,1803_05447
43.0798,-0.8481,1803_05447
43.1488,-1.2323,1803_05447
43.1562,-1.169,1803_05447
43.1976,-1.2004,1803_05447
43.201,-1.2193,1803_05447
43.2226,-0.8637,1803_05447
43.251,-1.1428,1803_05447
43.2988,-0.8564,1803_05447
43.3326,-1.1332,1803_05447
43.4669,-0.2885,1803_05447
43.5222,0.0068,1803_05447
43.5931,-0.4225,1803_05447
43.5948,-0.4106,1803_05447
43.609,-0.6895,1803_05447
43.7312,0.1107,1803_05447
43.7635,-1.1892,1803_05447
43.8508,-1.0271,1803_05447
43.9538,1.0793,1803_05447
43.9659,1.2194,1803_05447
44.1133,0.8758,1803_05447
44.2991,-0.223,1803_05447
44.328,-1.1921,1803_05447
330.4587,-0.7073,1803_05447
330.534,-0.6365,1803_05447
331.0365,-0.9255,1803_05447
331.233,-0.5975,1803_05447
331.2446,-0.4643,1803_05447
331.2507,-1.0353,1803_05447
331.3095,-0.6481,1803_05447
331.4258,-0.5612,1803_05447
331.5382,-0.1185,1803_05447
332.1437,0.5117,1803_05447
332.3193,-0.994,1803_05447
332.9971,-0.2531,1803_05447
333.1577,0.5113,1803_05447
333.1705,0.5012,1803_05447
334.1083,-0.6682,1803_05447
334.1452,-0.7221,1803_05447
334.7204,-1.0587,1803_05447
336.2829,-0.7683,1803_05447
336.3205,-0.9093,1803_05447
336.9758,-1.149,1803_05447
337.1224,0.2772,1803_05447
337.1261,0.6923,1803_05447
337.2773,-0.1797,1803_05447
337.9039,0.2148,1803_05447
338.0527,0.5576,1803_05447
338.3633,0.7387,1803_05447
338.4278,-0.6736,1803_05447
338.4574,0.483,1803_05447
338.6531,0.1736,1803_05447
339.3469,-1.0252,1803_05447
340.2012,-1.1536,1803_05447
341.1019,-0.162,1803_05447
341.1951,-0.087,1803_05447
341.5177,0.9373,1803_05447
341.7681,-0.0737,1803_05447
341.9144,0.3211,1803_05447
342.0138,0.1147,1803_05447
342.3948,0.1747,1803_05447
342.4476,1.025,1803_05447
343.0943,1.0925,1803_05447
343.1821,1.0792,1803_05447
343.1946,1.1328,1803_05447
343.2052,1.2013,1803_05447
343.2438,1.1431,1803_05447
343.2633,0.0445,1803_05447
343.2688,1.1446,1803_05447
343.6207,0.8992,1803_05447
344.3385,1.1971,1803_05447
344.5188,-0.4619,1803_05447
344.7634,-0.3294,1803_05447
346.0173,0.7807,1803_05447
346.4816,-0.5397,1803_05447
346.616,-0.017,1803_05447
346.6498,0.6118,1803_05447
346.663,0.5783,1803_05447
347.3241,0.0641,1803_05447
347.3457,1.0013,1803_05447
347.7663,0.9049,1803_05447
348.581,0.1826,1803_05447
348.6383,0.2361,1803_05447
350.1467,-0.8806,1803_05447
351.0871,0.9966,1803_05447
351.1861,1.0302,1803_05447
351.3519,0.7701,1803_05447
351.8772,-0.8539,1803_05447
352.4664,0.1466,1803_05447
352.4733,0.2513,1803_05447
352.607,0.1568,1803_05447
352.6336,0.0812,1803_05447
352.6388,0.1439,1803_05447
352.6427,0.1357,1803_05447
352.6962,0.0865,1803_05447
352.8468,-0.0306,1803_05447
352.9992,-0.8051,1803_05447
353.0249,1.1187,1803_05447
353.0715,-0.7978,1803_05447
353.1055,-0.8468,1803_05447
353.1492,-0.7372,1803_05447
353.1715,-0.757,1803_05447
353.2473,0.722,1803_05447
353.8081,0.0417,1803_05447
353.8313,1.1914,1803_05447
353.9855,0.7042,1803_05447
354.7734,0.5541,1803_05447
354.7861,0.4634,1803_05447
354.8147,-0.0549,1803_05447
354.922,-0.0344,1803_05447
354.927,0.8324,1803_05447
355.022,-0.6277,1803_05447
355.1362,-0.5508,1803_05447
355.1601,-0.8917,1803_05447
355.1852,-0.8877,1803_05447
355.2685,1.1342,1803_05447
355.3265,-0.6124,1803_05447
355.5383,0.285,1803_05447
355.5484,0.3578,1803_05447
355.6084,0.2561,1803_05447
355.7882,0.3635,1803_05447
355.9831,0.2181,1803_05447
356.0085,0.517,1803_05447
356.073,0.4418,1803_05447
356.0925,0.0965,1803_05447
356.1254,0.3206,1803_05447
356.1575,0.178,1803_05447
356.2627,0.3206,1803_05447
356.2702,-0.2707,1803_05447
356.7569,0.5526,1803_05447
357.0151,1.0567,1803_05447
357.0985,0.1705,1803_05447
357.2414,0.5149,1803_05447
357.3205,0.3996,1803_05447
357.4415,-0.6579,1803_05447
357.4572,-0.0269,1803_05447
357.4906,-0.6485,1803_05447
357.5433,-1.0168,1803_05447
357.6904,-1.0795,1803_05447
358.0448,-0.4282,1803_05447
358.056,0.0854,1803_05447
358.0661,0.103,1803_05447
358.0945,-0.6287,1803_05447
358.2474,-0.3661,1803_05447
358.2699,-0.5968,1803_05447
358.3572,-0.5066,1803_05447
358.3792,-0.7401,1803_05447
358.4552,-0.9743,1803_05447
358.4688,-0.0987,1803_05447
358.4689,-0.73,1803_05447
358.5513,-0.0104,1803_05447
358.6167,-0.0579,1803_05447
358.635,-0.0469,1803_05447
358.7615,-0.4754,1803_05447
358.7836,0.2569,1803_05447
358.7973,0.0856,1803_05447
358.9036,0.0243,1803_05447
358.9667,0.558,1803_05447
359.0163,-0.9885,1803_05447
359.0322,0.5497,1803_05447
359.0365,0.4823,1803_05447
359.047,-0.0292,1803_05447
359.0564,-0.5404,1803_05447
359.0622,0.5086,1803_05447
359.1138,-0.8445,1803_05447
359.1441,0.5504,1803_05447
359.4324,0.6552,1803_05447
359.7749,0.5501,1803_05447
2.956,-1.0871,1803_05447
13.9633,-1.0736,1803_05447
29.6703,0.5289,1803_05447
35.4877,0.2207,1803_05447
37.96,-1.0432,1803_05447
22.5079,0.7365,1803_05447
30.75,0.0274,1803_05447
34.0985,0.9048,1803_05447
14.7689,-0.2026,1803_05447
22.3202,-0.0305,1803_05447
343.0527,1.062,1803_05447
18.4138,0.8741,1807_07195
21.3957,7.9908,1807_07195
27.1545,28.6427,1807_07195
28.9989,-0.1855,1807_07195
30.6615,-9.3703,1807_07195
30.8279,22.0441,1807_07195
32.5408,-1.4013,1807_07195
34.3948,-7.704,1807_07195
35.4799,-9.4766,1807_07195
35.5498,-8.5101,1807_07195
36.946,-8.6261,1807_07195
40.82292,3.64472,1807_07195
109.6395,31.3866,1807_07195
118.8437,15.0938,1807_07195
120.3283,25.2899,1807_07195
122.4474,21.6215,1807_07195
122.7846,46.4656,1807_07195
125.4696,34.3272,1807_07195
127.3861,14.4518,1807_07195
128.3229,19.3466,1807_07195
128.3457,29.5386,1807_07195
128.8927,3.6717,1807_07195
129.1278,5.1659,1807_07195
132.908,-2.366,1807_07195
134.6239,6.3213,1807_07195
135.0654,35.7276,1807_07195
135.0999,25.6147,1807_07195
135.6726,13.1077,1807_07195
137.7848,42.6562,1807_07195
139.1047,42.9916,1807_07195
139.1834,59.7746,1807_07195
140.1685,19.3374,1807_07195
142.2739,66.4579,1807_07195
142.5268,60.4481,1807_07195
143.4291,33.6002,1807_07195
144.5608,19.7111,1807_07195
145.7212,9.49164,1807_07195
146.03,-0.6598,1807_07195
147.2779,44.0477,1807_07195
147.9137,44.319,1807_07195
147.9874,68.8841,1807_07195
148.4811,7.0465,1807_07195
148.8737,8.39062,1807_07195
149.1918,28.8288,1807_07195
150.0195,45.5198,1807_07195
150.0242,43.1919,1807_07195
150.3099,37.0709,1807_07195
151.8945,-6.5232,1807_07195
152.043,2.4634,1807_07195
152.6575,5.1502,1807_07195
154.2989,4.3312,1807_07195
154.3874,43.1448,1807_07195
154.7562,21.2836,1807_07195
156.2691,17.1494,1807_07195
157.4553,16.1809,1807_07195
158.5039,-2.3663,1807_07195
158.6911,50.7683,1807_07195
158.8002,46.2367,1807_07195
163.3549,16.7711,1807_07195
163.4561,57.1186,1807_07195
163.6635,54.3052,1807_07195
165.4623,16.6069,1807_07195
167.4654,-2.9778,1807_07195
168.4562,21.5205,1807_07195
170.0612,2.52246,1807_07195
170.6666,13.3305,1807_07195
171.3825,38.0605,1807_07195
171.467,-0.6615,1807_07195
172.3137,20.5831,1807_07195
173.7706,2.5513,1807_07195
173.955,16.0266,1807_07195
175.1175,19.4097,1807_07195
175.3414,46.3932,1807_07195
175.3545,24.9516,1807_07195
176.4793,17.1923,1807_07195
177.0757,-1.6399,1807_07195
177.5113,15.0231,1807_07195
177.584,25.9618,1807_07195
178.1549,-2.4694,1807_07195
179.1355,32.1303,1807_07195
180.0115,24.8892,1807_07195
180.9725,25.4352,1807_07195
181.56,58.9711,1807_07195
182.9358,19.4906,1807_07195
183.277,17.0988,1807_07195
186.092,21.1569,1807_07195
186.1191,13.3858,1807_07195
186.4687,5.8095,1807_07195
187.0463,44.0935,1807_07195
187.6515,41.6436,1807_07195
188.0033,49.6303,1807_07195
189.7371,38.0902,1807_07195
189.8345,-3.8083,1807_07195
189.9053,45.4392,1807_07195
190.4004,-0.1216,1807_07195
191.0289,45.005,1807_07195
191.5972,48.2352,1807_07195
191.8241,47.1616,1807_07195
192.4243,-4.5797,1807_07195
193.3083,4.465,1807_07195
193.7166,2.6527,1807_07195
194.2144,16.5067,1807_07195
194.6983,-4.3861,1807_07195
199.218,12.5482,1807_07195
199.9133,30.2566,1807_07195
202.1943,-2.038,1807_07195
202.5723,31.3327,1807_07195
203.2852,54.8275,1807_07195
203.5622,31.425,1807_07195
205.7475,52.6883,1807_07195
205.8047,36.7493,1807_07195
205.8624,43.1885,1807_07195
207.4594,37.7306,1807_07195
207.9732,64.3728,1807_07195
208.9394,-6.0028,1807_07195
209.1966,-4.6923,1807_07195
209.2236,36.9454,1807_07195
210.1351,55.246,1807_07195
210.4178,7.9979,1807_07195
211.2216,12.7288,1807_07195
212.5531,-2.5744,1807_07195
214.6066,25.5018,1807_07195
214.6805,21.8175,1807_07195
215.3427,-3.7588,1807_07195
217.4622,44.4476,1807_07195
217.7876,27.2373,1807_07195
219.0358,28.4505,1807_07195
219.1908,51.4597,1807_07195
219.9387,23.3965,1807_07195
221.3852,31.4155,1807_07195
222.2,-3.7163,1807_07195
222.4531,36.3965,1807_07195
222.7356,35.5721,1807_07195
223.5488,30.2095,1807_07195
224.4108,26.6683,1807_07195
226.3632,23.6883,1807_07195
226.7837,-2.6627,1807_07195
226.9514,55.1857,1807_07195
227.3164,19.8486,1807_07195
229.3553,42.9559,1807_07195
229.6666,22.0863,1807_07195
231.8578,11.2842,1807_07195
231.9358,12.9708,1807_07195
232.3709,26.0075,1807_07195
233.7504,46.8146,1807_07195
233.9737,38.6777,1807_07195
234.0806,30.6811,1807_07195
237.0172,4.2423,1807_07195
237.7562,10.0311,1807_07195
238.6718,16.6173,1807_07195
241.4178,50.7544,1807_07195
241.4459,41.3182,1807_07195
241.6708,6.5808,1807_07195
245.3675,28.6399,1807_07195
246.9728,48.4248,1807_07195
247.9531,20.4107,1807_07195
249.5121,26.4527,1807_07195
251.7956,21.0952,1807_07195
258.2862,59.3277,1807_07195
319.9287,-7.5523,1807_07195
325.6345,15.3,1807_07195
330.6332,19.7501,1807_07195
332.0383,4.69,1807_07195
334.032,22.9333,1807_07195
336.861,12.0944,1807_07195
339.8411,13.8822,1807_07195
345.7469,16.6052,1807_07195
349.9917,-0.9855,1807_07195
350.1466,-0.8809,1807_07195
351.099,-0.1075,1807_07195
351.6245,1.9602,1807_07195
351.6595,11.7423,1807_07195
352.5412,25.5327,1807_07195
352.9928,28.9472,1807_07195
354.3894,17.9962,1807_07195
355.1846,-0.8874,1807_07195
359.9042,14.8078,1807_07195
187.18912494,-8.64240929,2104_06071
228.471916,4.461239,2104_06071
25.16263911,-31.82085075,2104_06071
26.62308444,-13.24764447,2104_06071
27.66399829,-12.6795564,2104_06071
29.06700918,3.76187016,2104_06071
31.45255925,-5.29384248,2104_06071
5.55642044,10.49158512,2104_06071
9.33978708,-19.93426638,2104_06071
12.01367083,-2.77528056,2104_06071
22.66963174,-1.99436653,2104_06071
27.29505962,-10.426337,2104_06071
30.2769287,-6.81587495,2104_06071
40.87181696,-14.75420292,2104_06071
50.52731207,-15.39994214,2104_06071
152.15163412,18.23124832,2104_06071
163.5869125,27.23965556,2104_06071
172.04590844,25.66114014,2104_06071
186.42837498,0.57257726,2104_06071
186.46110828,10.45903055,2104_06071
233.90377886,56.46169031,2104_06071
119.80445793,32.91470391,2104_06071
170.75854583,34.49773056,2104_06071
206.84234416,30.33345824,2104_06071
24.77720552,-7.51263222,2209_08636
40.93473101,-29.00326358,2209_08636
46.51258333,-15.61127222,2209_08636
119.21804511,60.34937771,2209_08636
123.24147917,36.25450833,2209_08636
130.66583717,14.2856167,2209_08636
134.7739784,53.77155936,2209_08636
138.52133196,40.1138,2209_08636
169.58890433,45.74820112,2209_08636
186.32542678,4.92513489,2209_08636
192.53046414,72.87462588,2209_08636
193.66922571,28.93867607,2209_08636
193.81470386,2.89667243,2209_08636
206.598725,43.87203889,2209_08636
212.87241334,-5.04361089,2209_08636
216.17835833,-3.21214167,2209_08636
216.63871389,56.58261797,2209_08636
221.54636756,-0.222923,2209_08636
225.23211667,-7.45731389,2209_08636
354.70257482,-6.51787477,2209_08636
0.75613,-0.31716,2406_13496
1.8701,0.90169,2406_13496
2.26488,-0.58253,2406_13496
7.35044,0.31575,2406_13496
13.72821,0.43372,2406_13496
14.08171,-0.12576,2406_13496
15.84552,-0.46923,2406_13496
17.08944,0.04368,2406_13496
18.23926,-0.345,2406_13496
18.6244,0.21522,2406_13496
19.43399,0.25434,2406_13496
19.67695,1.1346,2406_13496
20.13038,0.78572,2406_13496
20.2708,0.10292,2406_13496
21.17076,0.08109,2406_13496
23.50383,-0.53683,2406_13496
24.76539,0.43667,2406_13496
28.2646,1.02305,2406_13496
29.74327,-0.48984,2406_13496
30.19102,-0.90786,2406_13496
30.25862,0.03129,2406_13496
31.9602,-0.38421,2406_13496
31.97232,-0.02835,2406_13496
32.79416,-0.51687,2406_13496
37.93556,-0.94535,2406_13496
38.65716,-0.97985,2406_13496
41.52514,0.56355,2406_13496
43.96324,0.56408,2406_13496
47.10241,-0.55866,2406_13496
49.3604,-0.09421,2406_13496
52.60547,0.27378,2406_13496
53.38157,0.69928,2406_13496
311.043,-0.41547,2406_13496
314.20637,-0.23774,2406_13496
315.13693,0.29442,2406_13496
316.50807,-0.50361,2406_13496
319.09166,-0.73014,2406_13496
323.21103,1.15324,2406_13496
325.5426,-0.2877,2406_13496
327.67642,0.91201,2406_13496
330.52009,-0.38229,2406_13496
336.82471,-0.68212,2406_13496
337.22315,0.77054,2406_13496
339.88871,0.41084,2406_13496
344.08555,0.48698,2406_13496
344.1738,0.16169,2406_13496
350.00776,-0.10197,2406_13496
350.83207,-0.49982,2406_13496
353.01133,1.22329,2406_13496
354.82611,-0.64319,2406_13496
5.72384,-0.99712,2406_13496
6.03629,0.37913,2406_13496
10.57439,0.3707,2406_13496
13.3955,0.59626,2406_13496
16.59915,-0.16965,2406_13496
17.69276,0.79335,2406_13496
17.898,0.46228,2406_13496
19.46848,0.78079,2406_13496
22.97732,0.49202,2406_13496
23.6386,-0.4303,2406_13496
23.75164,-0.45117,2406_13496
24.46947,1.04303,2406_13496
25.14949,0.25854,2406_13496
27.11468,0.39393,2406_13496
27.56087,0.06211,2406_13496
28.69831,-0.7235,2406_13496
29.23671,1.16805,2406_13496
30.18109,1.01942,2406_13496
30.56906,-0.53304,2406_13496
31.24546,-0.26359,2406_13496
32.72181,-0.92063,2406_13496
32.77656,-0.65528,2406_13496
33.78917,-0.70357,2406_13496
36.64127,-1.10789,2406_13496
37.9107,-1.08262,2406_13496
39.17708,-0.01708,2406_13496
40.0789,0.43967,2406_13496
42.14331,-0.99324,2406_13496
46.89375,-1.04942,2406_13496
49.64189,-0.36224,2406_13496
56.60797,-0.59911,2406_13496
313.3526,0.65198,2406_13496
314.39313,0.34109,2406_13496
319.276,-0.62669,2406_13496
320.07803,-1.09339,2406_13496
320.15142,1.21234,2406_13496
326.30545,-0.18557,2406_13496
326.57991,-0.20788,2406_13496
331.37818,0.07724,2406_13496
333.7481,1.01956,2406_13496
336.16729,-0.89715,2406_13496
336.38395,0.03903,2406_13496
339.0076,-0.56015,2406_13496
340.03024,-0.81837,2406_13496
341.09551,-0.11431,2406_13496
346.59386,-0.82193,2406_13496
347.32405,0.06416,2406_13496
347.62387,0.27306,2406_13496
349.01868,-0.12261,2406_13496
351.13954,-0.73058,2406_13496
352.97156,-0.8265,2406_13496
355.22855,-1.07404,2406_13496
308.7608,-44.5274,2407_20483
35.4048,-64.6103,2407_20483
24.4181,-60.8653,2407_20483
340.8275,-59.4142,2407_20483
82.4354,-53.7556,2407_20483
87.813,-53.5746,2407_20483
308.5792,-54.8467,2407_20483
30.6285,-50.9319,2407_20483
45.8525,-50.4881,2407_20483
341.2002,-49.277,2407_20483
6.0912,-45.5073,2407_20483
12.9865,-43.4776,2407_20483
309.8261,-44.6088,2407_20483
319.5263,-46.3007,2407_20483
325.0013,-44.0962,2407_20483
325.4938,-44.0917,2407_20483
308.7697,-41.685,2407_20483
21.3131,-33.4088,2407_20483
20.2808,-26.726,2407_20483
21.641,-23.2271,2407_20483
52.91,-25.0088,2407_20483
62.5937,-23.6173,2407_20483
71.637,-26.4112,2407_20483
57.2412,-22.1318,2407_20483
18.5288,-32.6521,2407_20483
37.9619,-36.6734,2407_20483
40.4111,-28.1722,2407_20483
48.7532,-30.708,2407_20483
64.4722,-56.6163,2407_20483
42.663,-1.7342,2407_20483
42.7241,-54.9766,2407_20483
65.9437,-51.5997,2407_20483
343.5864,-45.348,2407_20483
347.9205,-2.161,2407_20483
31.7797,-25.4439,2407_20483
36.2666,-24.7905,2407_20483
37.237,-22.3496,2407_20483
0.3796,-40.8196,2407_20483
341.0415,-57.9392,2407_20483
48.731,-62.9874,2407_20483
49.789,-61.5145,2407_20483
11.0258,5.2592,2407_20483
19.2737,-55.9591,2407_20483
25.7061,-54.5238,2407_20483
34.7909,-53.3704,2407_20483
74.5152,-39.3889,2407_20483
316.9826,-40.7353,2407_20483
29.2572,-34.1937,2407_20483
62.8904,-27.2743,2407_20483
58.7478,-20.11,2407_20483
69.0135,-23.7295,2407_20483
44.641,-33.8358,2407_20483
84.0906,-45.1766,2407_20483
60.4779,-51.7533,2407_20483
85.8891,-39.4715,2407_20483
67.8642,-26.4139,2407_20483
30.5553,-6.0789,2407_20483
31.4528,-5.2947,2407_20483
35.7654,-1.7489,2407_20483
20.226667,19.516278,2502_14531
44.1275,15.923,2502_14531
156.135417,47.836306,2502_14531
156.309583,47.745833,2502_14531
167.8075,28.734556,2502_14531
194.860833,27.998444,2502_14531
195.135417,28.033833,2502_14531
195.2675,27.765556,2502_14531
227.98,5.638167,2502_14531
342.498333,10.873306,2502_14531
348.1825,10.722528,2502_14531
348.17375,10.738306,2502_14531
348.374583,10.379417,2502_14531
348.365,10.374417,2502_14531
357.685833,27.27825,2502_14531
17.878888,17.457995,2502_14531
17.882192,17.609381,2502_14531
25.813381,6.554159,2502_14531
26.225615,6.38295,2502_14531
27.283573,14.221135,2502_14531
27.285417,13.962861,2502_14531
27.451133,13.84631,2502_14531
44.154073,13.004558,2502_14531
79.270523,6.172417,2502_14531
93.569523,48.378326,2502_14531
100.09194,69.967313,2502_14531
116.044925,9.234112,2502_14531
117.355476,52.04375,2502_14531
118.188519,29.405885,2502_14531
118.504914,29.420762,2502_14531
118.506025,29.437427,2502_14531
123.665965,58.222177,2502_14531
123.936703,58.321017,2502_14531
127.182836,30.405352,2502_14531
127.4222,30.688373,2502_14531
136.910766,16.592621,2502_14531
147.979809,5.712064,2502_14531
156.801606,10.984194,2502_14531
157.091027,10.727597,2502_14531
159.021312,41.421745,2502_14531
159.025891,41.453541,2502_14531
159.50264,41.764194,2502_14531
164.940379,10.796817,2502_14531
165.188659,10.568083,2502_14531
168.10112,39.613875,2502_14531
169.081513,29.253911,2502_14531
171.703864,35.249622,2502_14531
172.297598,54.116694,2502_14531
175.461621,10.276678,2502_14531
175.520162,10.339691,2502_14531
175.529333,10.147528,2502_14531
175.692387,10.301782,2502_14531
176.225352,19.778392,2502_14531
176.275089,19.794546,2502_14531
176.287225,19.812583,2502_14531
176.32284,20.02152,2502_14531
177.778368,55.078017,2502_14531
178.51694,23.340012,2502_14531
179.354138,33.678161,2502_14531
180.735731,51.696392,2502_14531
180.747194,51.827954,2502_14531
180.821093,51.402197,2502_14531
184.954941,5.464035,2502_14531
185.426955,13.755289,2502_14531
191.829224,30.020983,2502_14531
195.233755,27.791371,2502_14531
197.758424,39.192192,2502_14531
202.488028,37.295658,2502_14531
203.610585,59.374177,2502_14531
204.035015,59.206639,2502_14531
207.360545,26.4614,2502_14531
207.421321,26.717214,2502_14531
208.276422,5.151083,2502_14531
209.540299,18.341026,2502_14531
209.672206,20.302733,2502_14531
209.749308,28.068404,2502_14531
215.258601,17.699847,2502_14531
215.375845,17.571912,2502_14531
216.53577,16.788718,2502_14531
222.718011,30.524442,2502_14531
222.813522,30.474584,2502_14531
227.746036,5.743472,2502_14531
229.188233,7.176194,2502_14531
230.325925,30.833527,2502_14531
230.59345,27.557305,2502_14531
230.640788,27.644913,2502_14531
240.532971,15.697583,2502_14531
240.551719,15.908417,2502_14531
240.88774,16.323267,2502_14531
241.247652,17.871129,2502_14531
241.388719,17.595926,2502_14531
241.404705,17.802575,2502_14531
241.418981,18.05772,2502_14531
241.672458,16.320024,2502_14531
242.937131,29.748091,2502_14531
242.991003,29.837605,2502_14531
255.702219,78.742003,2502_14531
290.633032,44.059785,2502_14531
340.051613,12.177075,2502_14531
340.113598,12.36159,2502_14531
345.27532,18.879946,2502_14531
354.251329,20.651082,2502_14531
354.273366,15.933285,2502_14531
354.325872,15.938152,2502_14531
354.463773,20.961078,2502_14531
354.622946,27.033706,2502_14531
354.672522,15.955254,2502_14531
354.727457,21.489628,2502_14531
358.994947,11.615024,2502_14531
359.007999,11.688415,2502_14531
359.01995,11.066182,2502_14531
217.86342083,3.00910556,2503_18480
184.35757136,6.69010623,2503_18480
20.02786272,3.41551721,2503_18480
21.07354323,9.33089019,2503_18480
21.32229359,9.26424215,2503_18480
27.35351389,21.99728062,2503_18480
27.44705126,21.97087292,2503_18480
29.80684438,18.95464301,2503_18480
36.82047083,33.57888056,2503_18480
36.90609167,-1.15628056,2503_18480
40.10005566,39.06323983,2503_18480
42.66325563,-1.7340918,2503_18480
47.23641614,-2.95516332,2503_18480
48.5376875,-2.82295,2503_18480
119.30731754992,23.76776659456,2503_18480
126.78354851496,25.97031168284,2503_18480
133.89459492375,58.73441015003,2503_18480
133.90206204752,-3.18399398466,2503_18480
133.95327143259,-3.12765988576,2503_18480
137.07292663924,21.44333542973,2503_18480
137.9062667,60.0372083,2503_18480
139.345641958,41.99971,2503_18480
141.06673144924,49.24918789594,2503_18480
145.7260458,31.8472139,2503_18480
145.54797816059,4.67319033393,2503_18480
145.80010935513,31.92870802846999,2503_18480
147.14825,33.421619,2503_18480
150.49116244333,55.67984715509,2503_18480
153.44052922164,3.42480844484,2503_18480
153.56265808928,3.46609489996,2503_18480
154.5235125,21.8319389,2503_18480
154.979125,45.5496889,2503_18480
155.86252669805,19.89852081595,2503_18480
155.87740214554,19.86507839075,2503_18480
159.691071125,53.503303889,2503_18480
162.10332952586,34.71140794357,2503_18480
162.4588167257,32.9828949551,2503_18480
162.4830792,32.9906778,2503_18480
162.81754132267,27.97508267357,2503_18480
162.9430083,32.9006778,2503_18480
163.64797141648,56.99081101471,2503_18480
163.6635,54.3052278,2503_18480
168.5457458,48.3183778,2503_18480
169.60534466244,58.78623159332999,2503_18480
169.83990889725,57.75778290538,2503_18480
170.13071548652,57.78140172124999,2503_18480
170.01586235465,18.35681758449,2503_18480
170.26202994381,53.16955981435,2503_18480
170.27855,3.2347639,2503_18480
170.28671295286,3.19459193223,2503_18480
170.6627333,37.7650389,2503_18480
171.1817917,38.7627917,2503_18480
171.53568378743,43.58599640624,2503_18480
172.00252390789,29.51104335598,2503_18480
174.92713389247,31.90943660882001,2503_18480
174.93574323426,31.93121309122,2503_18480
175.32770097609,36.54688086802,2503_18480
176.05735337914,57.94820522667,2503_18480
178.30670057846,60.67559028463999,2503_18480
179.6309042,43.9470222,2503_18480
180.36150152491996,61.89572940244,2503_18480
181.76305587153,43.06565163007,2503_18480
182.63573325577997,39.40585097987,2503_18480
183.07195515891996,13.20519116909,2503_18480
183.45121278624,14.900542632,2503_18480
183.4732833,13.1729056,2503_18480
183.77106216814997,33.19732887919999,2503_18480
183.8768167,9.5849389,2503_18480
183.97685,13.1494,2503_18480
184.14077351478997,7.46209100863,2503_18480
184.29117458245997,7.19157594139,2503_18480
184.7067708,14.4164889,2503_18480
184.8467335958,5.82491667333,2503_18480
184.87737264011997,14.87764365091,2503_18480
184.95613119228997,5.46344303627,2503_18480
185.08968601241,5.38644132197,2503_18480
185.66048014403,11.80087809044,2503_18480
185.63342625038,29.8955041145,2503_18480
185.91251335186996,7.05398874975,2503_18480
186.1176167,7.3175194,2503_18480
186.356323042,16.470005,2503_18480
186.4450833,12.6620694,2503_18480
186.549225,12.9459694,2503_18480
186.61303203881997,31.22350727958,2503_18480
186.76055711020996,15.4614921324,2503_18480
186.79822551483997,9.42064734825,2503_18480
186.80556739107996,12.73477520732,2503_18480
186.86043333435,11.10766354656,2503_18480
186.9187625,13.0790222,2503_18480
186.94029395563996,13.00880780455,2503_18480
186.97319288816996,12.29327471302,2503_18480
187.18040847772997,11.75505606297,2503_18480
187.2625417,13.1838556,2503_18480
187.4536583,13.4293194,2503_18480
187.47308197392,14.06857825239,2503_18480
187.70593076725,12.391123246083,2503_18480
187.71405319569996,8.35999945797,2503_18480
187.6437,41.6405,2503_18480
187.74879147653996,8.07789561523,2503_18480
187.99646877602,14.42031915884,2503_18480
188.3761583,8.6544611,2503_18480
188.512618875,7.69914,2503_18480
188.915863889292,12.556341907139,2503_18480
189.13624164478,11.25797673963,2503_18480
189.1428833,11.2386306,2503_18480
189.20750409994997,13.1629232814,2503_18480
190.2398208,11.9121861,2503_18480
190.50940890632,11.64691930771,2503_18480
190.54454737379,7.67698077756,2503_18480
190.5333708,32.5415111,2503_18480
190.670775,14.295875,2503_18480
190.83393151961997,1.97825446174,2503_18480
190.92765669601997,16.39333406925,2503_18480
191.1332558422,11.19048308527,2503_18480
191.82295712945,-2.72740593219,2503_18480
192.0628792,10.983625,2503_18480
193.2335375,11.2308,2503_18480
198.3647292,36.59365,2503_18480
198.95530912246997,42.02936891003,2503_18480
199.9137417,30.2563222,2503_18480
202.469575,47.1952583,2503_18480
202.54744102708997,46.67074091595,2503_18480
205.53491734027995,35.65429653301,2503_18480
206.75181708701,60.97314835183,2503_18480
208.36129360290872,40.28311112516611,2503_18480
208.43987282437,40.33868172505,2503_18480
208.91641071526,40.46177239072,2503_18480
210.54916163152,55.81398858779,2503_18480
211.589675,50.7249972,2503_18480
211.79733117079996,55.00169006111,2503_18480
213.31198375419,-3.20765469702,2503_18480
213.3327501338,-3.14888891185,2503_18480
214.6071167,36.4936889,2503_18480
215.23320373446,3.23799790393,2503_18480
217.41821560475,3.23332994768,2503_18480
217.45757887799996,49.62266922549999,2503_18480
217.5953667,59.4696778,2503_18480
218.02320844373,57.92143205334999,2503_18480
218.71834811971996,54.47586185274001,2503_18480
222.8241583,58.9778111,2503_18480
228.76355,42.0498528,2503_18480
228.7709042,42.2098528,2503_18480
228.9736958,56.32885,2503_18480
255.20968149948996,23.01103754974,2503_18480
336.61489954164,16.14817266486,2503_18480
339.35223876873,23.798286308,2503_18480
345.50400154897994,15.9647877867,2503_18480
6.4257708,-8.2827972,2503_18480
14.97202298671,31.82701505339,2503_18480
150.96645323486,59.43629597821,2503_18480
206.1183917,35.1923,2503_18480
231.67279789049,40.56462951282,2503_18480
8.00647633813802,-64.25266559073859,2508_02154
66.94289444653461,-62.59198148551458,2508_02154
358.0445986912008,-62.57149152478827,2508_02154
7.176410337191349,-59.94363080782358,2508_02154
24.418974656734036,-60.86490363781568,2508_02154
45.63712983663585,-57.86044012233734,2508_02154
48.960009542533314,-58.57426807253882,2508_02154
79.82562440794376,-61.66090286069598,2508_02154
80.08945865158651,-61.295843876854455,2508_02154
80.31450210935124,-61.05845659390757,2508_02154
309.4824513050789,-61.91060934462192,2508_02154
340.82763740751085,-59.41406160722276,2508_02154
70.18593031099594,-52.75645736607551,2508_02154
82.1736614768949,-56.93560956098712,2508_02154
87.81250681916126,-53.57488558310089,2508_02154
303.0987849769999,-54.36022044923629,2508_02154
67.0000116987654,-47.91255228512091,2508_02154
75.50260484154342,-48.64618194391618,2508_02154
93.25096350027285,-52.46140234953153,2508_02154
306.08340409384266,-49.684638641148325,2508_02154
315.9551277955557,-50.36548298604112,2508_02154
330.7680648631233,-50.441946685749194,2508_02154
335.31482234079743,-48.35135295792169,2508_02154
344.6489459451911,-47.67439617972788,2508_02154
354.43488744125756,-47.506293782149406,2508_02154
354.4561306318676,-47.72701783579507,2508_02154
29.185499770147743,-43.97275678722715,2508_02154
66.91879528235697,-42.77733542548414,2508_02154
66.99809955584098,-42.838676541336426,2508_02154
87.4700094424886,-43.399082950463786,2508_02154
311.3805701129335,-43.52995915590419,2508_02154
316.04665973120717,-43.59272509821265,2508_02154
316.3791334665982,-47.04566202705503,2508_02154
316.5973230487686,-43.50771980429883,2508_02154
318.9403128894601,-42.42707398174807,2508_02154
319.9218585428291,-45.11754604152045,2508_02154
321.3376243536634,-42.7400484837794,2508_02154
321.9491756661763,-42.93398288372761,2508_02154
325.001922754733,-44.09540652356352,2508_02154
32.60304215302375,-42.087666290377754,2508_02154
32.727597962902095,-39.3658191120266,2508_02154
81.44620608997886,-39.90648730222742,2508_02154
308.77014545663235,-41.68418376788297,2508_02154
323.5821438525385,-40.827596895595136,2508_02154
325.8611188395537,-40.12502539538778,2508_02154
333.0401898027066,-41.79412291171115,2508_02154
19.78286147039262,-34.10380203721793,2508_02154
20.305971693967752,-36.47261515457888,2508_02154
25.56198358084699,-33.259207388160874,2508_02154
30.07560390914128,-34.31663874725277,2508_02154
31.44307945609332,-32.6764105158593,2508_02154
33.143137626359064,-35.34063907860183,2508_02154
42.18128507570372,-36.51712273876315,2508_02154
42.19680702205331,-36.714638308153475,2508_02154
57.02914225498492,-36.70191214814803,2508_02154
12.675461145816216,-31.328823867307943,2508_02154
18.238041086705383,-31.45007334814734,2508_02154
18.62406719592928,-31.18153924667361,2508_02154
62.305882926881075,-30.41514028139579,2508_02154
74.65889465826048,-27.84515532641938,2508_02154
160.0000219992226,-29.413262405838335,2508_02154
160.499123019292,-28.776664320519387,2508_02154
14.729636271912028,-25.769806888971015,2508_02154
18.9413470964431,-26.843011303939377,2508_02154
21.641321486674073,-23.226261045181456,2508_02154
22.80832710829482,-26.859513741743843,2508_02154
37.36599126275055,-26.533339390105237,2508_02154
66.27530831389855,-26.69999953538797,2508_02154
69.79778508504518,-24.179890829708825,2508_02154
74.21884278588531,-24.521232079376468,2508_02154
75.36595454214155,-26.831063419186023,2508_02154
78.83932163163617,-26.471656770916137,2508_02154
80.46123482626543,-23.951200265016976,2508_02154
156.73447680725755,-24.089224891503456,2508_02154
160.30403876938766,-24.56159909529933,2508_02154
21.90758346740654,-21.643225440616373,2508_02154
35.02544574931696,-19.750641715690133,2508_02154
39.01744643390637,-17.263922804676,2508_02154
45.939085093412125,-22.253751279546584,2508_02154
53.37217296184709,-18.14676642270724,2508_02154
76.26804982406526,-19.732362636305265,2508_02154
15.135274155286249,30.79711269196865,2508_02154
19.01512580686813,4.294095778386725,2508_02154
21.594188171084664,9.909890547689198,2508_02154
22.05403639407407,-1.9154997071212785,2508_02154
26.60446522126767,-8.636499676939053,2508_02154
26.623145843342357,-13.247668018094984,2508_02154
27.22268158310063,10.521632640420318,2508_02154
27.285045044594305,-3.904365946676677,2508_02154
29.06701678756256,3.761842641417512,2508_02154
36.18807062677938,-12.56449524490015,2508_02154
44.67227455716024,-15.7025290628137,2508_02154
103.05115366616496,74.42696246316515,2508_02154
115.95978821224406,49.61419615016191,2508_02154
133.42590247778207,73.49094976196905,2508_02154
145.11907883849187,-6.9460557848633995,2508_02154
148.63705138741642,-6.857727321812344,2508_02154
163.02823562899832,-0.5607419927477143,2508_02154
178.89641531291116,25.889546145131582,2508_02154
232.50370930559413,23.63843508116222,2508_02154
233.2734464771788,-1.6283672799844868,2508_02154
233.7390874586779,23.503342840314737,2508_02154
239.2625538653247,48.1683741477747,2508_02154
244.21659496507783,53.00602007776713,2508_02154
330.09000925801877,-13.14729394827751,2508_02154
330.6305236694891,19.750255892998027,2508_02154
15.42737598960605,-15.56772137843183,2508_02154
18.035979052583393,-0.4102234810493614,2508_02154
18.529464677252605,-32.650805110112394,2508_02154
25.809108956404657,8.889622942434512,2508_02154
29.99738760048909,-11.0788839154812,2508_02154
37.659105090864614,-34.26420416515739,2508_02154
37.706131655025395,-34.2208458696472,2508_02154
37.96246402594827,-36.67212133149935,2508_02154
43.41374641233448,-34.19763159661193,2508_02154
47.69140510133446,-10.796125849305222,2508_02154
51.509285075400456,-32.894612892276356,2508_02154
51.555782591096744,-50.01039097634613,2508_02154
58.61860615695768,-35.96714351057312,2508_02154
66.65357368892941,-42.093748176022416,2508_02154
90.01854317364842,-33.92015630546991,2508_02154
113.54632530423989,23.96633483068275,2508_02154
124.14115446227468,21.409884812486546,2508_02154
125.18869192740932,19.36221825057249,2508_02154
182.79150817668457,13.58748742249297,2508_02154
184.03776022970615,12.691272285648338,2508_02154
184.54623306351553,9.499754724385316,2508_02154
187.1140601956138,18.414990556376313,2508_02154
192.66620671643776,-9.031076549115058,2508_02154
193.77511199481648,39.221925826503565,2508_02154
213.0660736391471,15.879664119385469,2508_02154
214.49463554810913,26.41261879339306,2508_02154
301.7869795555386,-54.44695206459416,2508_02154
303.0228964256162,-55.24581562429648,2508_02154
304.9353698983325,-53.44742218859877,2508_02154
304.99574490986123,-52.621918113433786,2508_02154
306.58385599726756,-54.77469820655245,2508_02154
317.31163327250647,-63.29018611298877,2508_02154
319.0606356323763,-64.46468473605572,2508_02154
324.70137629675526,-64.35036362158688,2508_02154
325.4590116366925,-52.77361675504605,2508_02154
333.3403214151232,-46.017544007239195,2508_02154
344.5871316483493,-65.12969800305271,2508_02154
2.607848594442273,25.83192128326679,2508_02154
3.667097211114122,18.581613583762625,2508_02154
5.625096896368992,29.745309492789865,2508_02154
6.727671377598178,-2.500918475539774,2508_02154
6.875373530875786,-1.513472169996111,2508_02154
7.209042639225122,2.8387638642845876,2508_02154
7.312671851571702,2.864047971629729,2508_02154
7.5444988531825246,2.0933400693496647,2508_02154
9.21513935371484,23.990859626132018,2508_02154
9.306796167107665,-22.586961405618187,2508_02154
9.805904288757189,0.8641497125512217,2508_02154
9.827467973757976,3.331292550619633,2508_02154
9.888167565877223,3.138626754681137,2508_02154
10.073330216122011,2.7563082793084615,2508_02154
11.865215437387349,-31.421820733920804,2508_02154
12.0136480499304,-2.775726639210829,2508_02154
12.539675849142812,-5.19370484965984,2508_02154
12.7674786808256,-7.064736829956507,2508_02154
13.037270415872962,-2.218457117948481,2508_02154
13.759746301744348,-7.33312463089667,2508_02154
14.218341176277132,-31.96303344516672,2508_02154
14.95914317341849,-7.578270343820841,2508_02154
15.461517808584608,-6.799723090178039,2508_02154
15.818102308787235,22.342520580724237,2508_02154
16.17013247000296,-0.8027412327067345,2508_02154
17.246710630456803,32.63422263215082,2508_02154
17.86516260435641,-38.083355332965446,2508_02154
18.20253233409156,-0.2901998199796205,2508_02154
18.39235570899117,-37.90170047301513,2508_02154
18.2021627865494,-58.28238958509926,2508_02154
18.66111355708487,-1.020618966651108,2508_02154
18.818833599756324,-1.6262543516239567,2508_02154
18.9902032406075,5.1786771268872185,2508_02154
19.3051757328437,-58.90991045008672,2508_02154
19.79233653425956,3.300722956001231,2508_02154
20.302140793469817,-9.211191480627486,2508_02154
19.8947246285702,-58.52443754706139,2508_02154
20.479583454108447,-16.37036536799669,2508_02154
20.730719914075596,33.17384124179418,2508_02154
21.143614271783324,3.7943246069884786,2508_02154
21.198961484057996,9.538888767845226,2508_02154
20.9765954467144,-35.06546092462323,2508_02154
21.380909897929275,1.7592445997155124,2508_02154
22.669642123303795,-1.9943738136511344,2508_02154
23.224095535637417,-12.191233422445675,2508_02154
24.196160369737765,5.8353312023829,2508_02154
24.32312416079206,5.877373403507534,2508_02154
24.097423440319695,-37.32154452732859,2508_02154
24.776153106272595,-29.91504603091538,2508_02154
26.06083496314168,28.705863567895683,2508_02154
26.23375066178468,10.422936380596935,2508_02154
27.23876841141044,5.907190115810583,2508_02154
27.44451182579807,11.701418691586577,2508_02154
27.233937188525427,-23.79813984602434,2508_02154
29.093919849102683,-9.061787998065736,2508_02154
29.831658498645783,19.00775334889324,2508_02154
30.062130995428983,31.429403536687342,2508_02154
30.4167410684242,31.82649984610296,2508_02154
30.20259688693702,-9.002516425908315,2508_02154
30.5638931593133,15.712171950984503,2508_02154
31.008834652556175,30.832911220304716,2508_02154
31.23197361844026,28.987576584858775,2508_02154
31.663065588627084,-41.15673685877253,2508_02154
31.83362020013348,-25.441970000055047,2508_02154
32.23456901730664,7.971445985486261,2508_02154
32.42828882724116,-10.183785088449673,2508_02154
33.85496340132204,-17.78118991199059,2508_02154
34.49861250017867,14.544204336256808,2508_02154
34.99403320790647,-41.403305082928775,2508_02154
36.023242082585675,27.34253973093756,2508_02154
36.8259773664489,-12.08689558799617,2508_02154
36.977927896030245,20.33250542852279,2508_02154
37.13808255423123,-19.042010875586893,2508_02154
37.678043225339664,-2.9391406111770415,2508_02154
39.54813153326115,-1.3187820609863203,2508_02154
40.12134553288381,-11.277561039747637,2508_02154
40.27002894868936,-8.255789260913339,2508_02154
40.669547475983634,-0.0130724275405645,2508_02154
40.9347436581826,-29.003289638425994,2508_02154
41.49945410714361,-7.578309542046421,2508_02154
41.60528607776274,-0.498834777524643,2508_02154
41.57900823635455,-30.274646660018732,2508_02154
42.66326687560798,-1.734105796088494,2508_02154
43.17575702985514,-8.80436109258554,2508_02154
43.42219925197436,13.014091102733058,2508_02154
44.390091486788286,-7.758834470271043,2508_02154
44.733230790400576,-12.398662146242916,2508_02154
45.9100928981673,-15.613451203497528,2508_02154
46.54958165762482,-9.541383149862655,2508_02154
46.733069096269936,-9.543988792352147,2508_02154
47.719561002371506,-10.748038220215117,2508_02154
47.81093377521521,-8.921835601431571,2508_02154
49.00324477455917,-2.427290268200539,2508_02154
50.52719431292272,-15.399994443237496,2508_02154
50.26441031086324,-37.101886427339025,2508_02154
50.67373294269088,-37.20802757898915,2508_02154
51.57183953689552,-21.335205258182057,2508_02154
53.12232021113237,-15.221283907658863,2508_02154
53.32109592971887,-13.664104852355456,2508_02154
53.449188390097206,-19.492154926889217,2508_02154
53.81056187379321,-20.3737867402708,2508_02154
54.94653343970363,-4.670162350644309,2508_02154
55.237028807061186,-22.564384329101,2508_02154
55.70459668819797,-22.108385429242546,2508_02154
56.20808395090628,-21.92064788426726,2508_02154
58.19859585797562,-47.477387233007136,2508_02154
58.39269583079797,-66.01802894314478,2508_02154
59.903650074009846,-67.63484737286497,2508_02154
63.01715491545938,-32.87390526150357,2508_02154
63.93797397699787,-55.59223046776231,2508_02154
65.07364548188855,-0.692820590198313,2508_02154
64.04369321974897,-55.78001839709658,2508_02154
65.28651218071491,-48.25469915853368,2508_02154
66.57841126802751,-3.6211021890987456,2508_02154
67.66642269505367,0.6617007939853141,2508_02154
67.68957302318329,0.8639403043666362,2508_02154
66.90884600857271,-55.02770050978952,2508_02154
67.91616881203309,-5.0861767586447915,2508_02154
68.0139911134937,-5.0324699085602305,2508_02154
68.18788289011873,-4.372403897374416,2508_02154
68.27485048458668,-4.297233113213093,2508_02154
68.30472713528259,-4.172430988202261,2508_02154
70.40209875560717,-1.8090319175560656,2508_02154
71.02666088133357,-5.4656625285123415,2508_02154
71.09800805665176,-8.531244357958863,2508_02154
71.44728103355847,-2.392901393608013,2508_02154
73.14290775411727,-2.949289648341165,2508_02154
74.24851655452663,-4.756914629608548,2508_02154
73.12920160101886,-62.985719590588886,2508_02154
74.92460639772095,-7.7552316394238385,2508_02154
76.92668833105564,-37.512327103771696,2508_02154
77.17814921453032,-29.27613199997596,2508_02154
83.85654208434072,-17.81531832887651,2508_02154
86.06724751549528,-55.53257972816838,2508_02154
90.28334111244168,-23.67254842498672,2508_02154
94.66467349284308,78.3567875958652,2508_02154
100.9241219384604,65.2063293123403,2508_02154
102.7232573856943,33.47879362617593,2508_02154
107.04584192422276,50.68192540408547,2508_02154
107.08889031966642,35.17002566081233,2508_02154
114.2358868301185,35.24212295417141,2508_02154
114.15626936687364,17.88385563984236,2508_02154
120.40499364453775,15.70975691151128,2508_02154
120.48841148493716,8.551873117010977,2508_02154
124.43446581463849,73.31760745629994,2508_02154
125.41803842678696,73.98836788313437,2508_02154
124.47305173831056,23.47216204565948,2508_02154
126.78356296325563,25.97030011907135,2508_02154
130.66588201477353,14.285621379822135,2508_02154
133.9020570971244,-3.183993566065457,2508_02154
133.95328007183923,-3.127672314390093,2508_02154
134.03341810209906,-3.3601619541880914,2508_02154
137.0268543750545,78.08545624421893,2508_02154
136.00184480801917,21.967720294123207,2508_02154
136.16281672768218,18.46424261763076,2508_02154
138.42898999525232,76.4756815139075,2508_02154
136.90266516818903,3.3929155416690753,2508_02154
137.63418346321137,50.433336174603035,2508_02154
137.43409995777031,7.173764533919187,2508_02154
138.52155472956682,40.11351941145359,2508_02154
141.06702478788685,49.24916481332862,2508_02154
141.22166656972504,41.060193560459425,2508_02154
141.44725037570626,11.424548980792506,2508_02154
142.37637183303693,7.718637795609061,2508_02154
143.5116135319778,10.10871065343865,2508_02154
143.79507212485296,-16.39832565462199,2508_02154
144.53289312462886,9.523819230531275,2508_02154
145.1516916997955,3.5769310375625625,2508_02154
145.54787114539397,4.673173570259867,2508_02154
145.8000278445419,31.92869518479101,2508_02154
146.4227055752872,4.941779277405881,2508_02154
147.1491995441422,33.42148236663757,2508_02154
148.27967161667027,16.677705752043437,2508_02154
149.73434997767114,14.4188347844327,2508_02154
152.15187064363974,18.231157071908093,2508_02154
153.44030645306543,3.42479599133786,2508_02154
154.41071228841466,21.68827618254687,2508_02154
155.8776258562078,19.865345516968304,2508_02154
156.27754474220836,17.16139023103283,2508_02154
159.6909548059275,53.503129152979035,2508_02154
159.83522274823306,-0.2002517583754616,2508_02154
159.89194531734313,-23.9226961704264,2508_02154
162.05077020501767,28.601774152767653,2508_02154
162.09778746951645,-25.162076257590364,2508_02154
166.45400461485235,-0.0351577134096666,2508_02154
169.37563749118988,4.555587449852753,2508_02154
170.06227587911883,12.991345479910496,2508_02154
170.06909514962058,13.592546940510177,2508_02154
170.3986604266831,18.458384191346106,2508_02154
170.27848825376066,3.234881384644589,2508_02154
170.57467517682198,59.07453690184779,2508_02154
170.6473115874636,20.70403167850002,2508_02154
172.04589075692613,25.66124575172943,2508_02154
172.1333063633604,58.56298924256092,2508_02154
174.22540453157245,54.82326209617467,2508_02154
174.31029445266847,17.839852532542405,2508_02154
174.93598213212826,31.931167809068896,2508_02154
174.9243001592889,-9.36737738104648,2508_02154
175.05806126268385,24.697022177409785,2508_02154
175.0704751759661,17.727902463790283,2508_02154
175.45016128497036,20.10370120843541,2508_02154
176.2167751589391,-9.233321259052156,2508_02154
176.29862065203784,-9.313993454840404,2508_02154
176.20485482952424,19.795071033563264,2508_02154
176.45598118020027,19.76736208430081,2508_02154
176.77333094208274,19.8371867714056,2508_02154
177.15915376978643,48.710793802989414,2508_02154
177.34798190162488,-1.0837287462132346,2508_02154
177.77852163303916,55.0788755375702,2508_02154
178.74480816351812,58.49360313592273,2508_02154
179.43380322599828,32.29406306535072,2508_02154
179.48386071000252,55.45364363075736,2508_02154
179.52409401457226,-2.120080035249032,2508_02154
179.6492292908105,16.177167606669673,2508_02154
179.77278787272567,24.98894715164594,2508_02154
182.19703690489212,29.30474114229309,2508_02154
182.20821915029524,74.90419783671959,2508_02154
183.62393732189796,28.423454233045067,2508_02154
183.97572691935716,13.149597155767902,2508_02154
184.3122601972235,16.531305890019407,2508_02154
184.37601027000332,45.61929909679906,2508_02154
184.4919141125118,7.273962064968975,2508_02154
184.35930226351647,70.80248528380307,2508_02154
184.67887363093328,65.89836316143538,2508_02154
184.84675238067865,5.8249270407018505,2508_02154
184.87739865043704,14.877636537918123,2508_02154
185.303340219912,18.38272994331563,2508_02154
185.4227882940457,5.384766570757856,2508_02154
185.51499996363455,12.740908501046002,2508_02154
185.4330513632577,75.32248498812818,2508_02154
186.00613982543612,12.204609407446275,2508_02154
186.04715752895123,58.36062344776492,2508_02154
186.3502901560324,18.191202545855283,2508_02154
186.44518376562365,12.661806507297577,2508_02154
186.55324418153575,-7.68486542644312,2508_02154
186.69481004626596,7.919050878377745,2508_02154
186.8055740468959,12.734772393433447,2508_02154
186.94013059874123,13.008716587986962,2508_02154
187.2114479189648,-1.939192785527159,2508_02154
187.85018002716876,25.775010815879305,2508_02154
188.51242931301545,7.699284080415375,2508_02154
189.1425823403527,11.238844569725115,2508_02154
189.45165693189404,5.368444704947879,2508_02154
190.63402916714736,-0.0822057344735863,2508_02154
190.66355548631657,19.945707445497067,2508_02154
190.8339527142808,1.97825238504504,2508_02154
190.9276134858472,16.393407321634154,2508_02154
191.19500534601048,54.875737088243774,2508_02154
191.82298335356103,-2.727377917817848,2508_02154
191.66612587460963,54.53419797952648,2508_02154
191.9400015900247,13.762792738517632,2508_02154
192.05623175797456,-3.3329174269085025,2508_02154
192.2592055923895,-8.664432813966735,2508_02154
192.7210657688389,41.1201265940668,2508_02154
192.93980068244417,25.774930995747155,2508_02154
193.2737424494408,-9.204010064527282,2508_02154
193.37149493855264,2.168333919891185,2508_02154
193.76191770223585,8.06554376975836,2508_02154
193.95402370353187,4.30428555774461,2508_02154
193.71350933376627,2.6531503338179148,2508_02154
194.89882128082456,27.959335446614144,2508_02154
195.17885582721956,37.31526192290319,2508_02154
195.3676585811801,-4.546504914745356,2508_02154
196.24328143216033,29.12221042565663,2508_02154
198.9551076488511,42.03037081113764,2508_02154
199.91381328636265,30.256507360461445,2508_02154
201.3079752373095,43.267250833973314,2508_02154
202.52564757930057,-1.7205545091677623,2508_02154
203.0288102715555,62.70065961088079,2508_02154
204.9816288137014,28.40025861570536,2508_02154
205.27410679501267,67.67233310362708,2508_02154
206.5985533769702,43.87224618304099,2508_02154
207.6500708215556,33.70488375289908,2508_02154
208.32414812981511,33.49086794695471,2508_02154
208.361346095711,40.30275578059742,2508_02154
208.53905184137645,60.6780406918184,2508_02154
209.0695122682087,47.23567899722135,2508_02154
209.56206745821004,6.258674240516578,2508_02154
209.60317765827045,6.070951486282361,2508_02154
210.49688980406677,8.937698489839015,2508_02154
210.51466983089657,9.929377965174533,2508_02154
210.5543117100791,8.037069583278416,2508_02154
210.7026202245252,9.341360412564343,2508_02154
210.8585274725191,-6.030696196479071,2508_02154
210.75430837782537,34.7579296565645,2508_02154
211.72917467316807,-5.460496034745921,2508_02154
213.0658375375209,15.842054846627065,2508_02154
213.31184046098468,-3.207545371116071,2508_02154
213.28597797655365,20.41625844135936,2508_02154
213.91337315609275,14.282653684988306,2508_02154
214.0321322744744,35.343870940264715,2508_02154
214.49811356714068,25.136857213156272,2508_02154
215.26535801548653,3.2709233701141263,2508_02154
216.0316003076477,34.85882295586654,2508_02154
217.10746226597405,17.924329992985932,2508_02154
217.13228110525085,27.409051533017628,2508_02154
217.59539471794048,59.47001374466238,2508_02154
220.23501136154132,-0.3180966415565935,2508_02154
220.52876584214275,-9.00920634103008,2508_02154
221.10187851663616,1.6798912619329416,2508_02154
221.54633734309047,-0.2231433573915008,2508_02154
221.33188145498124,38.7312293030691,2508_02154
223.48960364832948,3.5441915589429542,2508_02154
224.10022722062124,49.696148924116734,2508_02154
225.00156005576244,1.8913063547079216,2508_02154
225.23206934987303,-7.457421822685689,2508_02154
224.74928189408348,53.92318582324842,2508_02154
225.6750062259887,23.33358506335099,2508_02154
227.45591882221245,0.470103301744833,2508_02154
228.7632273437778,42.049925398948,2508_02154
228.77116618389775,42.209582903034665,2508_02154
228.97453539340847,56.329044531182035,2508_02154
229.68263151514165,41.865440331166816,2508_02154
232.43380814861737,42.77795622976172,2508_02154
233.6349468192726,15.193736504425562,2508_02154
239.2838924565225,22.404567942285283,2508_02154
246.37703985285367,49.84025542723015,2508_02154
248.08755991974897,19.82574494191282,2508_02154
247.90312519493995,57.70671201408753,2508_02154
250.7681994463237,61.5788969540294,2508_02154
252.52234894276057,42.739517726847254,2508_02154
254.53626222586087,22.98484726882925,2508_02154
256.2684256377044,62.45781470660464,2508_02154
256.3557500207295,75.40711438758734,2508_02154
268.9990695202628,18.338272826288787,2508_02154
277.66441424559827,67.98698067332339,2508_02154
286.7378659622996,50.34779671163276,2508_02154
287.06782629801995,50.932994298479855,2508_02154
296.7814725972614,59.906990320282794,2508_02154
296.98881929885056,59.89252178026372,2508_02154
300.8755399857425,-54.84495721809099,2508_02154
302.22871988319235,-56.39211418881101,2508_02154
311.8294767404334,0.3208036383758203,2508_02154
319.11505400298955,-0.8264091883829159,2508_02154
321.5573525942711,14.182991670215578,2508_02154
322.60584731538194,-43.08695502854805,2508_02154
327.3256058355867,-60.60902120648338,2508_02154
330.17168233087114,17.738017902864446,2508_02154
331.7152062386458,-64.63449408540026,2508_02154
331.47835835624096,-50.11938701817733,2508_02154
331.309343174324,-0.6482656159875848,2508_02154
337.0623775387843,-2.884442416615597,2508_02154
338.98463746554455,20.32216708862304,2508_02154
341.1015008239745,-0.1620390066592654,2508_02154
345.815152005144,8.873801639621727,2508_02154
346.29951498797533,-43.09919017896799,2508_02154
347.92068477697796,-2.1600488416880053,2508_02154
348.089245474755,14.609376429464444,2508_02154
348.1096544998799,13.726620714442737,2508_02154
348.20281103510786,12.67932406124578,2508_02154
348.7017779513682,-43.599799440000744,2508_02154
349.1861454429033,13.483018948022917,2508_02154
349.3447581117333,-4.727844150361341,2508_02154
350.70989804448243,11.988831862469292,2508_02154
351.4527480471311,27.02982330001328,2508_02154
351.66576641785537,25.080281401439137,2508_02154
352.2570762498935,-59.71667835263567,2508_02154
352.19438697061753,3.511423982381781,2508_02154
352.26593909901976,11.44518296844882,2508_02154
353.2938144761248,-1.2919468136005454,2508_02154
353.87038355236393,-56.01225971649286,2508_02154
353.76051164945045,4.8037518987888035,2508_02154
353.9140618308116,15.301980129443956,2508_02154
354.1310829690385,0.2972809976067564,2508_02154
354.70289927053943,-6.51782520673833,2508_02154
354.67147299538044,15.954516234110953,2508_02154
354.97419519092426,-12.292852329164472,2508_02154
355.391404804039,3.724993876111503,2508_02154
356.08816432224285,9.934182152829344,2508_02154
356.74317456099436,6.861858940478516,2508_02154
357.85361648092555,20.11208014481396,2508_02154
358.4745772404173,7.970595869838972,2508_02154
359.85672768401116,20.74990953781115,2508_02154
0.5798143466175444,12.97162593836155,2508_02154
0.0142396172131654,23.087554688867435,2508_02154
3.3931714423312185,-5.093062757491452,2508_02154
6.067493365937444,14.23684993900848,2508_02154
7.1108490138811815,5.004347716674034,2508_02154
8.488845327884672,7.268270591743624,2508_02154
9.076687158629538,32.903122252399214,2508_02154
12.214436288378952,-47.294044241027294,2508_02154
14.505563650574937,30.70502396231406,2508_02154
15.158597029287511,-7.980988479537811,2508_02154
15.70110220302812,-6.4116898079204,2508_02154
15.718222588629969,-4.761937233965001,2508_02154
17.797250296892557,32.701815676533144,2508_02154
17.910085381206397,-3.344591835027052,2508_02154
18.146231860560295,-4.140122955465169,2508_02154
19.976070609804733,-34.24993746031757,2508_02154
20.9197034736103,-1.8300721968765143,2508_02154
21.26111947276484,15.84878984037455,2508_02154
22.104596669001815,-52.63581248165414,2508_02154
22.416422368173222,-22.324676588410817,2508_02154
23.60497742284428,-15.819061821786564,2508_02154
25.129374996898132,-32.70148044699431,2508_02154
25.39941150598272,-16.1473519108079,2508_02154
27.67314064422619,-3.938181856050395,2508_02154
27.795293017592137,-12.51432224938354,2508_02154
27.80593069329794,-1.4091074436140252,2508_02154
28.58996706530036,-2.6195551546751363,2508_02154
28.67709102828007,5.426150893534522,2508_02154
30.06450415864129,-6.09168506794609,2508_02154
30.066914682572033,32.059990259442344,2508_02154
32.78458706367825,-0.654788887866633,2508_02154
33.349217743601194,-7.732122822312695,2508_02154
33.60705464966087,-7.369025724559785,2508_02154
34.55937121680527,-12.231823933420774,2508_02154
36.41020496940604,23.000705595354592,2508_02154
36.604432103645834,-15.225821795822636,2508_02154
37.17158128909997,-10.687887801420423,2508_02154
37.42323920681962,28.577132974094464,2508_02154
37.52899514306964,-10.45683050165256,2508_02154
38.93580337697615,-13.654934313374063,2508_02154
39.50916429857173,-33.70440218859661,2508_02154
40.41211965073295,-12.35944155895944,2508_02154
47.07922132243632,-13.902972578741936,2508_02154
47.46906870549325,-10.049640657131508,2508_02154
47.56706768110551,-10.743356161618223,2508_02154
48.119893868808525,-35.58808891250935,2508_02154
52.53964035341735,-5.521717329079814,2508_02154
53.391123623626456,-33.57307350463478,2508_02154
53.63368743228259,-4.810678264237876,2508_02154
54.462467044556995,-14.881654061802749,2508_02154
55.49899681911469,-9.609195341393226,2508_02154
56.7412417180642,-3.4615612371886253,2508_02154
69.31947496453299,-44.51993278060091,2508_02154
70.2429658163172,-8.711026522517564,2508_02154
70.35973525214516,-21.844154463758564,2508_02154
71.71349726004922,-6.241270571903936,2508_02154
73.3525119875878,-4.792686389346545,2508_02154
82.41934123780229,-24.714093736523044,2508_02154
96.22973761576488,49.508856562629056,2508_02154
106.88954800482544,67.68292125762244,2508_02154
107.43689338849715,48.6904771709965,2508_02154
110.7674484916614,58.096705599074845,2508_02154
111.54834069242128,48.955686967760435,2508_02154
114.44704351717462,28.64383396901194,2508_02154
115.11955234651174,20.699179583489087,2508_02154
116.53511469637532,56.98632213230866,2508_02154
119.52058845314625,26.57061361255225,2508_02154
119.90300792306276,71.75293243972285,2508_02154
120.48118997923842,11.72033926898481,2508_02154
121.85339545531993,6.863107864801003,2508_02154
122.82295456452756,29.50892974424904,2508_02154
123.42857452175782,60.918358787114144,2508_02154
125.89258856071608,21.347668944049765,2508_02154
126.28419739519695,74.49705112669042,2508_02154
126.58794584244664,22.899613327499917,2508_02154
127.38921676901978,1.203482762666945,2508_02154
128.2431150258963,61.80410417876913,2508_02154
129.94793356340605,-4.395926171133052,2508_02154
131.78939969409765,16.34497360701762,2508_02154
133.3146013776523,73.18875808498498,2508_02154
134.624333043885,6.321287766404319,2508_02154
134.95432483963987,5.060854375951432,2508_02154
135.67250808844253,13.10791700945888,2508_02154
140.58498239732845,49.160095351701585,2508_02154
143.9407129126499,-4.74946126998807,2508_02154
144.86937996771448,33.84896488201929,2508_02154
145.99676990558766,42.43293144871663,2508_02154
147.26277999338186,-7.1559744402981105,2508_02154
153.20734392678514,30.58343166233364,2508_02154
153.45147221999088,18.126261614498848,2508_02154
154.7561361836995,21.28362952716136,2508_02154
155.84899523877982,12.835046082565237,2508_02154
158.82049368762523,-7.247183559409492,2508_02154
161.3210791928044,1.4675374286109255,2508_02154
170.15912538576586,-7.305201722679279,2508_02154
171.32364243269106,17.8084394912455,2508_02154
175.76883845742728,48.398802426942346,2508_02154
179.14753939067216,28.490357590516712,2508_02154
179.67752450308492,25.036590557123596,2508_02154
179.8954317412659,3.3378436808351237,2508_02154
180.36464139808427,14.03446602581705,2508_02154
180.42779385529687,6.449575821063145,2508_02154
181.63153486812396,1.6165885906310402,2508_02154
182.98667138783347,27.643197295479304,2508_02154
183.99058872353737,3.3058868356337885,2508_02154
184.77138646053007,13.9809232799833,2508_02154
184.813889566442,6.30711612873932,2508_02154
186.38122185413297,-7.236545383209848,2508_02154
188.14483832129153,45.767687255968745,2508_02154
190.0077316150677,-3.606847634673853,2508_02154
192.82469040006345,27.106132916710283,2508_02154
193.27763602834173,-9.257671323612502,2508_02154
194.3603439212254,-3.4908815790134584,2508_02154
197.9894869130102,34.36525215989998,2508_02154
199.670818384239,-8.44550465391165,2508_02154
199.90351430553943,3.032569545644666,2508_02154
202.12028426969033,-0.1111119469331657,2508_02154
202.9070939381573,46.150835915383546,2508_02154
207.54134256386988,38.219559875960286,2508_02154
207.75095015946135,36.95439454366592,2508_02154
210.80330796919847,8.895567831946503,2508_02154
211.31886030008192,10.431034617118982,2508_02154
211.78421194373072,12.588209791342727,2508_02154
214.60674533300204,25.501801118023884,2508_02154
215.34258628510528,-3.7588874455632215,2508_02154
217.54569774649488,23.026308381504226,2508_02154
223.5495332651487,30.209391614876672,2508_02154
227.4117183952716,42.71337037344104,2508_02154
227.9515698612108,46.253845041926155,2508_02154
249.2996693110755,82.00623345295118,2508_02154
259.9999638528739,24.927522623791376,2508_02154
267.6907373050933,23.13862528295541,2508_02154
274.48224542648205,41.35564454403146,2508_02154
281.5921488659079,40.58212466744073,2508_02154
307.58288225237703,-7.890738102648256,2508_02154
314.15121525158327,-3.3479515807410376,2508_02154
314.63259296204933,-49.278805786697006,2508_02154
318.28375421851047,-10.826857214069705,2508_02154
320.7764567817997,-47.65477282569803,2508_02154
321.14916306715673,-64.08354137842862,2508_02154
325.0869797427146,12.354924456727469,2508_02154
325.4223260459154,-10.635583706124036,2508_02154
325.7559543469301,-52.68351370733242,2508_02154
325.97274249852774,-8.12527748305515,2508_02154
335.09616209120327,-48.23006628101095,2508_02154
344.9052230107174,2.3443293459681165,2508_02154
349.7585381055124,2.850022633225033,2508_02154
350.27970098646546,2.8839320144992087,2508_02154
350.5006946043347,1.6921662534929336,2508_02154
351.61347515369783,-4.965536813656796,2508_02154
353.6313161575066,-2.85428718803465,2508_02154
51.30079921955352,-32.90253902800415,2508_02154
343.3325207117735,2.403601115054951,2508_02154
123.87284346610222,29.821682541210837,2508_02154
190.19335092462535,27.56489486108342,2508_02154
319.89396879441455,-45.38475739745317,2508_02154
173.12929143408664,74.3783085203632,2508_02154
187.18912786844183,-8.642419994553633,2508_02154
194.00795803993543,-8.128703738691796,2508_02154
188.59365201790231,-7.832302270841516,2508_02154
72.08805629370255,-6.490317719903943,2508_02154
147.5736351544775,-5.746377652751453,2508_02154
135.09966458476,-4.118608328740519,2508_02154
165.22437071117403,-3.8285894078024367,2508_02154
65.57721618540293,-3.326566156234267,2508_02154
329.6109444549864,-3.1024680730285765,2508_02154
72.97632017118077,-3.079172218512986,2508_02154
8.471887259971282,-2.856085850195153,2508_02154
64.73429645615552,-2.5561281020625466,2508_02154
337.7921515027382,-2.4207695007587984,2508_02154
349.991702635835,-0.9855487181963656,2508_02154
45.83826302209248,1.9252862404818156,2508_02154
352.65574544487515,3.5678801105528932,2508_02154
128.89332577105958,3.6718694046033984,2508_02154
64.1575398128798,-60.695423326746976,2508_02154
31.559650955671387,-55.45817095573628,2508_02154
29.974844887732992,-57.21731767037524,2508_02154
327.4875333551831,-52.70524923326701,2508_02154
76.5578999295366,-38.054353641355576,2508_02154
13.099839387605194,-32.644560996017056,2508_02154
47.421979980159435,-31.6932002561784,2508_02154
28.192410236421452,-26.315165064280837,2508_02154
52.29293203823471,-22.021243944971033,2508_02154
120.08740074453686,11.319446598366117,2508_02154
73.36042757011157,-29.622447886638597,2508_02154
54.389088636359745,-6.5204653792185425,2508_02154
58.90133319182922,-3.8420485674779177,2508_02154
156.76575158659176,17.122896728648474,2508_02154
199.39793211551432,-5.833804674271968,2508_02154
311.7637738886048,0.4367739423292115,2508_02154
313.1173718210681,-3.1470337049818164,2508_02154
5.44888262054595,22.026521421677124,2508_02154
137.34865418896342,22.51391932776353,2508_02154
22.005984647553326,-4.128186803840453,2508_02154
46.240902525155434,-12.070415690406756,2508_02154
116.66045004289364,26.470187889447335,2508_02154
131.08313280912324,-7.479138803947712,2508_02154
193.0766993151251,-5.2078389100078555,2508_02154
33.795334477910366,31.101766081410492,2508_02154
17.072045853300235,32.090003649942275,2508_02154
137.78439734448608,42.656306056192264,2508_02154
227.32899783489344,42.67529585251765,2508_02154
231.1345301685732,44.66157724845063,2508_02154
239.17907894014988,48.048066784995,2508_02154
355.3788112136373,9.073028639577702,2508_02154
136.44997854615022,-7.140368942048684,2508_02154
143.77416397587433,9.649202722234351,2508_02154
146.39773085936054,4.410627296862937,2508_02154
306.048223960437,-50.37752362374288,2508_02154
139.17708853720504,59.77131280160847,2508_02154
304.7797045581617,-53.412162365162565,2508_02154
302.85957126396573,-52.78581370443443,2508_02154
320.91771080073966,-40.49603301139783,2508_02154
14.641549021360795,-34.740510674571674,2508_02154
31.83189498483962,-31.29414614658802,2508_02154
53.00838907390759,-28.35036740201374,2508_02154
54.349798695339025,-13.43237956743037,2508_02154
328.1796203299108,-13.045500873219655,2508_02154
117.3059506011006,12.76430359211806,2508_02154
139.53519906318277,47.614451393618594,2508_02154
145.79795926894107,17.68823704612533,2508_02154
177.07643203981786,-1.6418988647052997,2508_02154
198.5137521126009,23.31179203595651,2508_02154
235.82295642325775,9.698825010492996,2508_02154
262.5792451661718,59.602539875697005,2508_02154
2.46631557656894,4.675069950969706,2508_02154
2.669620474855072,13.70979792864707,2508_02154
3.48581819369731,26.967815190042263,2508_02154
3.96441876969448,16.08957287245167,2508_02154
6.161161678209277,33.25613555464275,2508_02154
7.227273963866598,10.174441656482822,2508_02154
9.598888237084996,15.039549115456698,2508_02154
9.82753968792562,3.9525423504485935,2508_02154
12.02128791641155,-1.5658352395098427,2508_02154
14.955589854291183,18.008203413405734,2508_02154
20.319215174268138,-0.544470649356241,2508_02154
22.05347741931699,10.433201725497366,2508_02154
22.296217051702364,11.14068427527553,2508_02154
23.39431141657561,-1.0908519443839069,2508_02154
23.51026333418212,-1.075774236514268,2508_02154
23.880560709995255,11.953377302107862,2508_02154
26.711676572357504,11.401588054741566,2508_02154
27.353356314114308,13.368885791663816,2508_02154
27.9470925653376,18.18767972100641,2508_02154
29.20793636441913,4.025645548901166,2508_02154
30.443295739024823,26.54659049487668,2508_02154
31.182500515374297,8.543266775340618,2508_02154
36.53206631673586,31.912264756503543,2508_02154
37.073309647525576,26.312440218694583,2508_02154
37.245594912043465,28.144546273253788,2508_02154
37.47546247294813,25.256633753761367,2508_02154
42.28709051805598,2.1276322224802615,2508_02154
66.08601107938122,-0.7383842880045776,2508_02154
67.74856732232949,-2.003306998716757,2508_02154
93.06884697348193,64.26877291553001,2508_02154
95.38666452480376,59.12673285244025,2508_02154
95.61783580220718,66.57851894600542,2508_02154
103.898821788448,39.76448237905002,2508_02154
103.95635591202684,40.00028274610277,2508_02154
108.13631654971196,71.75045989388644,2508_02154
107.67542667722589,34.42107629693921,2508_02154
107.8665000773516,48.240176713377195,2508_02154
109.87892658243598,59.35509910043537,2508_02154
111.68764747449244,64.80842699799729,2508_02154
112.70215330425648,73.70638178757179,2508_02154
113.3331757298577,59.62541255269955,2508_02154
114.3966464425937,35.60579290544351,2508_02154
116.60382510726932,62.48592868945639,2508_02154
121.66110522140906,67.04833018727531,2508_02154
121.69993103362378,5.309395081835375,2508_02154
122.35038567784682,0.6095354899130194,2508_02154
125.08292257244162,66.98194803343549,2508_02154
125.1700154681933,25.90535435042854,2508_02154
126.00672594275406,21.027242952938803,2508_02154
127.00819508073964,54.44700941456855,2508_02154
128.9521780563631,1.7217697804680616,2508_02154
129.02214705063736,1.8940652634691937,2508_02154
131.1817655867854,10.47231295491456,2508_02154
131.8447408260254,49.55877594377023,2508_02154
134.1780224876873,52.105383345898765,2508_02154
137.33455921532794,20.69729049056858,2508_02154
138.39827885335728,12.440830046412188,2508_02154
142.2735819397571,66.45797035787477,2508_02154
142.80828606725828,73.81049143477931,2508_02154
149.17743693958607,15.637756725621838,2508_02154
152.66637862170526,20.070186396437023,2508_02154
153.27688198066264,67.41100822775995,2508_02154
154.2988117117584,4.331062055039713,2508_02154
157.69175304657068,73.88509156186036,2508_02154
158.05320830567027,-1.4934117912861231,2508_02154
158.6866160176786,-1.9689977656263016,2508_02154
160.65855639260445,77.49467866104425,2508_02154
160.31538786074915,6.36142979951656,2508_02154
163.5871440884889,27.239636217606073,2508_02154
165.46442021375623,75.2013264540051,2508_02154
165.4623542643794,16.60706063088518,2508_02154
170.2332158504965,19.632024382979218,2508_02154
179.42872402668937,57.56580275375972,2508_02154
180.97377963231156,25.43397003723856,2508_02154
181.85876468935928,65.41238860506431,2508_02154
187.14094261038855,8.639929441366917,2508_02154
193.68118015192076,58.77646673130219,2508_02154
194.23304148895207,84.10244021120688,2508_02154
195.10415877589236,13.67044814026541,2508_02154
197.18026796597596,-2.135002243476337,2508_02154
197.1937680196174,62.27167570855155,2508_02154
197.61431476852687,18.438254065333947,2508_02154
201.4014845051883,36.381209132973744,2508_02154
204.60471975642793,33.11760947076156,2508_02154
206.84248859561703,30.333506105915923,2508_02154
210.90313393348697,39.052787761799244,2508_02154
212.12150902210783,7.057931410479833,2508_02154
212.91133486701656,39.64189677698041,2508_02154
213.10177290770176,18.411755545192825,2508_02154
215.1923089123264,21.93560301794943,2508_02154
215.46912601905404,39.979038247213786,2508_02154
216.3051360217943,13.744584291490533,2508_02154
217.57537782117663,21.746780970415593,2508_02154
218.7199005529245,40.74799929453291,2508_02154
221.5879421428508,34.370581410517325,2508_02154
222.66424419318457,42.740963511015096,2508_02154
223.68636767996068,24.09612674879159,2508_02154
228.0092129817037,21.298258190603818,2508_02154
231.81242690788065,77.15686497115709,2508_02154
234.11572834167225,22.5004765331024,2508_02154
240.0998507931714,20.84899231987864,2508_02154
244.3368993473373,59.320519141043285,2508_02154
249.74721392105008,57.72409341434339,2508_02154
274.9337096312804,48.561126496491966,2508_02154
277.1749820092389,48.24322709983954,2508_02154
297.3535688285381,63.509133841401145,2508_02154
298.2587667888788,67.66527300893203,2508_02154
311.1556333557354,-1.720340809255383,2508_02154
312.46473941585305,6.2201012001507765,2508_02154
327.6712849941044,22.851594892618056,2508_02154
331.64619272027596,16.055012411881155,2508_02154
346.43963171856495,18.986112904961125,2508_02154
348.34949541578703,28.95520941473059,2508_02154
349.3570384529254,-1.5862883478598333,2508_02154
350.2565926451156,8.179500249592236,2508_02154
352.55695420787424,15.761174741125156,2508_02154
352.7372185097134,15.490216951614322,2508_02154
352.72748251906285,20.25087363182196,2508_02154
353.8079023329222,0.0416370134340604,2508_02154
355.7567947337176,19.424128762357956,2508_02154
36.50884333894795,-5.017461892478463,2509_18274
35.76172014026179,-4.077294029472878,2509_18274
244.1652474022376,56.03700560191644,2509_18274
150.0308137738979,3.1717841373465134,2509_18274
242.80867934033472,55.57884807260248,2509_18274
353.2456881962211,0.8358836682673996,2509_18274
36.23878015758597,-4.974696328977898,2509_18274
242.17533841605535,56.126352984189786,2509_18274
243.33426788244944,54.27708979946408,2509_18274
352.0818536511902,-0.3533588345224536,2509_18274
243.72873373034952,53.340215172856446,2509_18274
34.04391032259055,-4.211131959702394,2509_18274
150.93107846854,0.7046771212363788,2509_18274
34.16550410944804,-4.354714383828992,2509_18274
149.10812400489624,1.3032025063457475,2509_18274
353.3606621918496,-0.3576349042441923,2509_18274
352.33167660509395,-0.96366834515224,2509_18274
242.83957198656313,54.285892228244016,2509_18274
241.81245918992784,53.96465281493349,2509_18274
36.88482966076667,-4.4853005420186545,2509_18274
241.93245407939256,54.300014242166576,2509_18274
243.94740222372815,54.10686770033702,2509_18274
36.09662163378362,-4.570691033208532,2509_18274
353.7940420766818,0.5315136658140095,2509_18274
352.4898634972985,-0.527364081375454,2509_18274
241.16740274740343,55.651135946984255,2509_18274
36.316149442932534,-5.39039783495259,2509_18274
34.92296081558414,-4.01175645828047,2509_18274
35.76384392039719,-5.08921322435691,2509_18274
243.7453015943564,56.34823456040546,2509_18274
243.17646863035375,55.812686447559365,2509_18274
242.35505002377465,56.01351891889703,2509_18274
240.3854839895784,55.19004871876439,2509_18274
352.0411768682787,0.869212417966672,2509_18274
36.62812314178579,-4.2151997558127325,2509_18274
353.65198235065,0.5610616875240958,2509_18274
35.09111274269442,-4.663918407244236,2509_18274
34.99995083477329,-3.952332942602787,2509_18274
243.68874632672055,55.59172655470003,2509_18274
351.12691693565307,0.2863298254244548,2509_18274
148.5958771171672,1.6638327415866745,2509_18274
151.68311268206628,1.0410179013089695,2509_18274
242.88433052364456,55.202846795407744,2509_18274
353.7528913441975,0.2871068466009304,2509_18274
36.59475429215925,-4.575025033373184,2509_18274
243.62961319066508,54.42986045418246,2509_18274
241.4894883158369,56.22170040292353,2509_18274
351.2943648320981,0.1404408822769162,2509_18274
150.57503469140664,0.9193867170511544,2509_18274
35.99103989205291,-3.802248712347351,2509_18274
243.57144113281237,56.28563452961297,2509_18274
243.7341995773281,54.97411987981781,2509_18274
150.640539733392,0.813778919933387,2509_18274
242.4727173993374,55.96113697303883,2509_18274
243.1150626016623,53.34829949987673,2509_18274
242.08561408921372,53.57041898332987,2509_18274
351.7774310102085,0.7394516117001484,2509_18274
151.20015631854017,2.4614167622981644,2509_18274
37.11811851484746,-4.994074622790751,2509_18274
149.92763406026856,3.055651298383967,2509_18274
350.2199712333988,-0.8003711498616003,2509_18274
37.14307425261168,-4.851001303980333,2509_18274
243.26345638283337,54.78127845446761,2509_18274
243.6011525848056,54.722031478141616,2509_18274
351.576788536174,-0.8355239973049706,2509_18274
151.40458483737785,1.783220542248648,2509_18274
244.76114759800356,55.02896035058939,2509_18274
35.79134407222677,-3.918412357399744,2509_18274
149.58986868292067,1.0935284371204284,2509_18274
35.697265615923406,-3.3431417966715133,2509_18274
353.25969821225044,0.7899529373656115,2509_18274
37.244409807362,-5.090908821584549,2509_18274
242.07849584661145,54.90515918638596,2509_18274
149.39224419794297,3.6527016260689025,2509_18274
243.74614378386337,55.7082705286689,2509_18274
243.0835663979666,53.74445151427951,2509_18274
148.945594375264,1.601890946713671,2509_18274
36.09341161881041,-3.802856060700387,2509_18274
35.244663233542056,-4.48169793778461,2509_18274
148.72549088163476,2.8515242342476532,2509_18274
151.61280132770804,0.964806608551042,2509_18274
35.873248939995264,-3.982581757739642,2509_18274
243.86683920212624,53.734023889305,2509_18274
241.2526323706884,55.61465256979651,2509_18274
35.243900254748695,-5.643702517088276,2509_18274
241.40866468930767,54.85608149874198,2509_18274
243.05431265097016,54.68837796389772,2509_18274
33.87252394710602,-4.681934020497091,2509_18274
243.1945858611393,55.79918673774943,2509_18274
35.414144036318845,-4.067551548532271,2509_18274
149.17123057967848,2.869884245263099,2509_18274
240.1639610655838,55.100531496634545,2509_18274
242.949467040226,55.30664573464863,2509_18274
35.415265665415625,-3.710850070320429,2509_18274
35.272200755866045,-4.6878516866429,2509_18274
37.32515781227558,-4.083151160097053,2509_18274
352.2525178215084,-1.3375715774247694,2509_18274
35.43725882781463,-3.673152203248683,2509_18274
243.48056788991065,56.47044360507384,2509_18274
151.4067544508015,2.953176177061083,2509_18274
241.4101418255733,56.01537465478469,2509_18274
351.0092860698178,0.3297757194400502,2509_18274
350.50916454068823,-1.2106944780134536,2509_18274
243.6328752563042,53.44217398574274,2509_18274
36.85732082632745,-3.8967699761910506,2509_18274
352.6188761556132,0.5040157980015515,2509_18274
352.02124520737146,0.3356063705784952,2509_18274
149.74481379352804,1.3352216272471398,2509_18274
243.68396625070537,56.2102967679734,2509_18274
150.2625653770132,2.6708195719027357,2509_18274
150.151964065771,2.8601248679161464,2509_18274
240.89706127914047,55.52783641800228,2509_18274
149.60059094435502,3.613278596878077,2509_18274
240.7960908146696,54.72631529046178,2509_18274
352.3692506139931,-0.1251799498485749,2509_18274
244.48797178356165,54.684616214284624,2509_18274
351.5405138866772,0.2592548655235905,2509_18274
351.5557165788246,-1.1807526549204457,2509_18274
350.4918645647879,-0.3624973320753089,2509_18274
242.2567943539646,56.46801568529518,2509_18274
34.320429100588264,-4.108657114745278,2509_18274
243.3072503869876,55.96447904261736,2509_18274
35.661590776734435,-5.295826748313373,2509_18274
352.9650469052412,-0.6391306863372429,2509_18274
151.77071410426785,2.7560771179261314,2509_18274
37.489104163737025,-4.157446923511679,2509_18274
149.50482645399663,0.806916457871651,2509_18274
351.3021502722176,-1.2823842187593502,2509_18274
242.81527810126704,54.74504913721249,2509_18274
36.557282472067875,-5.239771853296286,2509_18274
350.4030146765085,-0.7087796061726507,2509_18274
243.226846615512,55.928196969185365,2509_18274
37.46119381808852,-4.136163992052632,2509_18274
243.2822442317159,54.086484462498255,2509_18274
351.33901604315565,0.616253675888549,2509_18274
37.605917147544055,-4.571285371501642,2509_18274
150.01043981632412,2.7931135377075216,2509_18274
36.70156031803082,-4.464147468213631,2509_18274
150.08023756998384,2.064790832806928,2509_18274
241.3974666460228,54.6925681074714,2509_18274
353.0912666209964,-0.1403000008455494,2509_18274
37.18139715840408,-4.324582422530055,2509_18274
241.8644103473838,54.310257405877785,2509_18274
35.90766573914527,-4.286862845125928,2509_18274
35.27765655922619,-5.697619803065518,2509_18274
241.46844000128976,54.362077644528384,2509_18274
350.80980573577136,-0.698190971664057,2509_18274
150.7023858566232,0.7086906914926707,2509_18274
351.14209888806874,0.2269891191606406,2509_18274
35.12511303734395,-4.2384150258836035,2509_18274
352.6973600912783,-0.0378789802169784,2509_18274
35.45278528832138,-5.3072874504142495,2509_18274
243.65168713011792,54.67280013060924,2509_18274
37.11499405793841,-4.659630132365702,2509_18274
35.306900586701886,-3.642702527794939,2509_18274
242.6688222608399,54.10846680940008,2509_18274
148.92448105067143,2.7686962193971305,2509_18274
244.27381178158424,55.58549797165674,2509_18274
37.24573426314043,-4.789254062999534,2509_18274
243.277023759136,56.591849097008534,2509_18274
351.2112378895175,-0.5455542030408338,2509_18274
352.6148273417135,-1.3299935693628064,2509_18274
351.8815426216546,-0.4430418635178987,2509_18274
150.99417543586898,0.7366228722497938,2509_18274
35.24648920112949,-3.621146104139418,2509_18274
242.7702926606576,53.37869487442594,2509_18274
242.7013803076967,56.70281301820636,2509_18274
37.12632604334809,-4.976400885766464,2509_18274
149.53065172179035,0.9175228029902288,2509_18274
148.75745658688365,0.9695217714107826,2509_18274
243.6800087198913,55.126605719959585,2509_18274
241.22850085083036,56.39218399969173,2509_18274
351.0770126283495,-0.033011128874421,2509_18274
351.7090309298888,-0.8709952570054738,2509_18274
36.29218561540141,-5.752113059910794,2509_18274
35.520970086066185,-5.093560890588172,2509_18274
36.412908745317544,-4.569886609087623,2509_18274
36.91782090520426,-4.861216465884568,2509_18274
242.5055817124639,53.75571860573888,2509_18274
350.93157893985966,-0.3073930694176388,2509_18274
36.56293885587407,-5.139760614688551,2509_18274
243.1289016761075,53.36594930654837,2509_18274
243.5985055114625,54.064565523691904,2509_18274
35.81191829192825,-3.5320383492635865,2509_18274
351.31145869998517,0.7261325834460005,2509_18274
351.0899855039646,0.6030589591839703,2509_18274
36.650747481936264,-4.225925457131175,2509_18274
352.8803161521355,0.9481758731927612,2509_18274
241.66276111710823,55.25498653353677,2509_18274
242.85829886202504,55.98386253439779,2509_18274
241.58069846176767,55.54381264178769,2509_18274
243.82129157232168,54.130068229037704,2509_18274
36.82980536911441,-4.6847025958110455,2509_18274
35.46148843207537,-4.550112373336218,2509_18274
243.4591262841268,56.35049819195723,2509_18274
243.56558480135135,54.15012460496361,2509_18274
242.9454844227361,53.65868574351567,2509_18274
35.873475429448796,-5.060757487307024,2509_18274
350.9064610022281,-1.5597560400398809,2509_18274
36.19356601907344,-5.349900532810852,2509_18274
34.8520608075898,-4.514183786108044,2509_18274
353.5175070430068,0.8541509680422396,2509_18274
150.79575719816938,2.3871738762167376,2509_18274
36.23290929373879,-5.137139403444584,2509_18274
353.3129034642095,0.9611749107123618,2509_18274
242.33112463134464,55.63347052112993,2509_18274
242.37416494976748,55.430233189421706,2509_18274
352.5568181855937,-0.7100393327222566,2509_18274
352.4640444572113,0.6888304091192019,2509_18274
242.4148332804042,55.4810801640292,2509_18274
242.41923300133425,55.98003781106595,2509_18274
151.60194687342104,3.315431182675995,2509_18274
351.0693075145565,-0.3402430207758975,2509_18274
351.74260634741364,-0.8673344896633247,2509_18274
244.12232416279625,54.42320544441822,2509_18274
353.4217523270251,0.8301275803326842,2509_18274
35.79913321153392,-4.0694437954012335,2509_18274
150.49510278773673,0.7152653635984368,2509_18274
242.9304875978971,55.92355661757853,2509_18274
351.733495287799,-0.5884783640598459,2509_18274
35.39443888422011,-3.420487592678895,2509_18274
243.0900559694923,55.86212238026198,2509_18274
243.21834783828425,55.81372924006376,2509_18274
241.76453366718553,56.073841059291595,2509_18274
350.6898783016612,-0.1202122955665721,2509_18274
241.41043246118693,54.91174263358542,2509_18274
34.99214680073018,-4.411212349816949,2509_18274
240.85401008830465,55.37951273129798,2509_18274
36.00637891812649,-4.058857549830248,2509_18274
36.296154357875714,-4.787745433616659,2509_18274
241.78511091809395,55.64712072739368,2509_18274
244.25188636943275,54.9423259944177,2509_18274
244.45538165836507,55.296223132016735,2509_18274
149.76530037474663,1.146431205212158,2509_18274
240.06145437629377,55.23134737065197,2509_18274
34.4270166665257,-5.389955885027635,2509_18274
36.43251201261427,-5.797658335125069,2509_18274
351.28702789219176,0.2184237027494906,2509_18274
148.63352299234742,1.500040468793029,2509_18274
35.027882758324054,-4.460699788097725,2509_18274
151.31817949814825,1.0905147197252865,2509_18274
35.50902332081628,-4.975053577574948,2509_18274
37.01320217565404,-4.668232292308864,2509_18274
151.52540380180633,3.2217063850594574,2509_18274
242.35387190845495,54.70397680217226,2509_18274
34.94559799842769,-3.639718259116922,2509_18274
242.59617065821544,53.661263940565064,2509_18274
351.9565266250685,0.4579261533669557,2509_18274
352.729187756326,-1.2360721705347704,2509_18274
243.06555230364677,54.70128769640056,2509_18274
353.49398062770126,-0.1833365962263996,2509_18274
151.76137769210476,2.988731779061633,2509_18274
351.6180177491865,-1.3762700386010158,2509_18274
36.5884712284148,-4.5815421388942275,2509_18274
151.5348224364574,2.9690673491525974,2509_18274
242.65268337497903,55.764100116185226,2509_18274
37.448567487478385,-4.317033569456948,2509_18274
36.18435882942642,-3.4903028333454698,2509_18274
243.4201941767057,55.98341254731305,2509_18274
149.23237614555487,3.4703990452136426,2509_18274
35.24041894546934,-4.4532981189566225,2509_18274
242.46523304453973,55.11874220026994,2509_18274
37.0817517875856,-4.344960539538741,2509_18274
352.0980031987866,0.9425062918215026,2509_18274
243.61786424846684,53.9263571862459,2509_18274
352.059905611616,0.9575834377389828,2509_18274
36.09681099633719,-5.027163854958429,2509_18274
35.83178289482066,-4.59510611656186,2509_18274
36.38944677961682,-5.8148428514523145,2509_18274
353.3888416161148,0.0277110534451185,2509_18274
242.68533498828884,53.19703035819524,2509_18274
351.1147459460145,-1.407989470872372,2509_18274
243.2295971162733,56.71997306080908,2509_18274
149.53214590964427,0.9123536869117864,2509_18274
35.02085433041593,-3.827081018688143,2509_18274
36.04782997932144,-4.795828154479611,2509_18274
150.8192309662919,1.351643648916477,2509_18274
352.538883377005,-0.9756303717243324,2509_18274
35.47817438500472,-4.417128879777352,2509_18274
151.73593790783866,1.7176548680737385,2509_18274
35.19510891028044,-5.5790191807487535,2509_18274
35.11871556061876,-5.618052488255363,2509_18274
36.83571788323358,-3.8764498051758007,2509_18274
34.06313875181456,-4.243654524754185,2509_18274
353.09981901191645,-1.1997473675934764,2509_18274
37.0761680312336,-3.838171359694684,2509_18274
36.50194235368985,-4.086327359819294,2509_18274
35.5551544530005,-5.523234015536701,2509_18274
35.91593014838908,-3.5196559703651364,2509_18274
244.7406281437036,54.55950567133592,2509_18274
37.03138091707735,-4.023425759600149,2509_18274
37.29034233277406,-3.891857646324316,2509_18274
149.44583935008845,0.8735745625314587,2509_18274
35.57600461302895,-4.062053234104622,2509_18274
353.034287596402,-1.279074336990893,2509_18274
149.37333130659593,3.579537561243188,2509_18274
36.776883317416235,-3.8789182926702073,2509_18274
34.50744144904192,-4.8504089044743015,2509_18274
242.5218360379241,53.55651973384188,2509_18274
240.0560861520744,55.123402439133514,2509_18274
35.682785039930764,-4.108940231737866,2509_18274
351.3752825071913,0.423413752417048,2509_18274
36.97434515517764,-3.849445364208611,2509_18274
241.59029356528097,56.45921675911955,2509_18274
36.689539427752,-3.992881487608147,2509_18274
35.206318590433995,-4.167178265480498,2509_18274
150.285040976792,2.854069163353657,2509_18274
243.1561510786049,56.35157914300041,2509_18274
150.0571903406834,2.205913305932697,2509_18274
150.90513341844772,2.7332946347868528,2509_18274
36.210228352237074,-5.675528121290868,2509_18274
242.53680653642093,55.65189750059705,2509_18274
150.98782471143886,2.6103305368292613,2509_18274
36.31289023981304,-5.765043984164832,2509_18274
150.3554706723633,3.5940696079084744,2509_18274
351.5467953371157,-0.1968125547426283,2509_18274
242.40708779309537,55.626712545499814,2509_18274
351.8898897042686,0.2423484907912103,2509_18274
240.6030084167081,55.47195150751155,2509_18274
243.22168071798828,56.37180954648844,2509_18274
37.04143172571331,-5.14110663155301,2509_18274
37.327000132887775,-4.82943731631079,2509_18274
149.88018649549613,1.9879325977278937,2509_18274
353.75036045441584,0.415673981928838,2509_18274
351.72716738617714,-0.2818490438900994,2509_18274
36.154881028393525,-5.739879827721166,2509_18274
245.22826677831856,55.325362972973466,2509_18274
149.10862796155743,2.858749729114918,2509_18274
150.5949911686448,2.755466874448473,2509_18274
151.64819193470407,3.1050249367970792,2509_18274
36.1093235887467,-4.988378653194558,2509_18274
242.5227709778634,55.66317638225541,2509_18274
149.14263965239175,1.3642266641211171,2509_18274
36.34415570043525,-5.381208503341678,2509_18274
150.39471814724112,0.9922511358143729,2509_18274
36.606774777212955,-5.010891609788021,2509_18274
37.07918084358373,-3.8768861877803382,2509_18274
151.62227841570024,1.5141173326100188,2509_18274
151.5376120160897,1.4649480199283296,2509_18274
350.45344832523057,-0.6197083310433448,2509_18274
35.85325282919491,-3.599568993047369,2509_18274
240.4807829811991,54.720017491269864,2509_18274
242.5332638871647,56.53131020631553,2509_18274
353.0061787333593,0.1096691462171348,2509_18274
149.53391619297744,0.914629095459956,2509_18274
37.08230075018944,-3.928064968559445,2509_18274
34.51799024451473,-4.7641968727857185,2509_18274
35.78964179889031,-4.887651047464518,2509_18274
242.51611350393392,55.47391950384234,2509_18274
148.6456877639097,2.596113662531638,2509_18274
36.209867370102245,-4.700309378792029,2509_18274
244.14721631218023,54.1934564297658,2509_18274
36.64096301395456,-4.365069599201389,2509_18274
241.08168176582623,55.45503997779571,2509_18274
243.1205918383106,54.840393770026935,2509_18274
351.9004879168656,0.9514908089411288,2509_18274
150.17402364252973,1.6118875536681447,2509_18274
242.14310447778115,53.52671970009555,2509_18274
35.55678302613951,-3.462162949060179,2509_18274
241.2005344807946,54.50863136068607,2509_18274
242.21342225902333,53.50413531253795,2509_18274
33.75579252508266,-4.601613608188739,2509_18274
242.43809449907695,56.00389226394306,2509_18274
35.37969537919802,-4.495733229082618,2509_18274
351.6211093810542,-0.6881900362780464,2509_18274
148.90982748649853,1.5740513431030787,2509_18274
36.71502441659942,-4.237589472115744,2509_18274
352.8944048270248,0.8195941943809114,2509_18274
243.1033304993655,56.50320034392279,2509_18274
351.7215810607079,-0.5739719345721015,2509_18274
242.80775482975665,56.592889643819966,2509_18274
35.258418992080955,-5.264769388755833,2509_18274
243.32819631848025,55.64788989466948,2509_18274
242.5941568305618,55.59088936334888,2509_18274
151.49394655311804,2.577911246022749,2509_18274
242.08845937425215,53.5567389294616,2509_18274
35.64598531441754,-4.082730985632258,2509_18274
36.16238318406825,-4.4517515677885084,2509_18274
35.70243241189491,-3.349178836086855,2509_18274
244.15866849726055,55.380154452616395,2509_18274
242.03931902672343,54.94521256056878,2509_18274
151.24194032891683,3.5236122801357053,2509_18274
35.94095499852619,-3.9306064788514616,2509_18274
36.427986343865015,-4.982634264271011,2509_18274
34.5357572773768,-4.174257559912182,2509_18274
352.4883080857504,-0.5695910876312207,2509_18274
149.70772506045583,0.8367146487124003,2509_18274
151.0188076978207,1.2132643617511782,2509_18274
242.48856979939575,54.44471129011249,2509_18274
33.673561014022354,-4.5531062989151545,2509_18274
150.7552526260887,2.4433047423647465,2509_18274
35.9748091062039,-4.541962275410017,2509_18274
244.65421907442015,55.27329084654239,2509_18274
36.483280584962614,-4.975831247447549,2509_18274
34.618769164173585,-4.523769248574131,2509_18274
34.028938224824664,-4.3841301202911165,2509_18274
151.16909980401613,0.8030638776590743,2509_18274
353.76422357220446,0.0672082588884596,2509_18274
243.02508060436625,54.549214982837775,2509_18274
148.54509828251813,1.1972572666286836,2509_18274
150.58985231553254,3.693464614724893,2509_18274
36.00105790501357,-4.474909906875987,2509_18274
242.49608521010703,53.56052388627011,2509_18274
352.7802331888771,0.6715639064096697,2509_18274
36.14289519669539,-4.258677683451816,2509_18274
36.406215238369846,-5.1654895857391185,2509_18274
34.78298093622262,-5.047400978062169,2509_18274
37.54762808127602,-4.211587562689007,2509_18274
241.39988799266388,56.08347740636909,2509_18274
37.16897622597994,-4.034834980148571,2509_18274
34.72718420315849,-4.551204411826882,2509_18274
353.19744394812443,0.5348608430800705,2509_18274
35.32629391010882,-3.8971468240680176,2509_18274
351.7811801132244,-1.2219447071844731,2509_18274
351.3394178791127,0.1724509914411927,2509_18274
37.501437681902694,-4.480584236005665,2509_18274
148.61449601885542,2.50987109913993,2509_18274
244.91985275732853,55.38454746741497,2509_18274
351.6121416956498,0.5042121353536086,2509_18274
241.04433298106795,55.70512757383978,2509_18274
151.60641783571313,1.232997726422146,2509_18274
243.83246262199452,54.11424928791821,2509_18274
149.88908441172296,3.259918809980938,2509_18274
351.2733259796681,0.2173760606246697,2509_18274
37.34432269261766,-3.998597693564854,2509_18274
35.17336414546517,-3.5995469769580595,2509_18274
37.02535350955783,-3.776819849499182,2509_18274
241.3058697846045,54.02257975261523,2509_18274
243.91992918292692,54.48337857845437,2509_18274
37.22564233456079,-4.676395814037485,2509_18274
244.28630444469567,54.95869602318975,2509_18274
149.90403457609574,1.852098655295124,2509_18274
35.008565537966,-5.483648330360255,2509_18274
351.0451565685412,-0.7549561311263742,2509_18274
35.889077487314346,-3.5010155821203366,2509_18274
36.7315262136065,-4.242252298414503,2509_18274
242.8078129583966,55.58030696092974,2509_18274
242.11758921456945,53.874003691402066,2509_18274
35.802595117175784,-4.971533924926392,2509_18274
35.97294578670955,-4.174597274085498,2509_18274
35.97749840259346,-4.5434069721918995,2509_18274
241.72925030505897,56.24452567006061,2509_18274
36.13018511886616,-4.245432404527094,2509_18274
242.8541833623388,53.6607878411696,2509_18274
241.6279118280379,55.814965178474026,2509_18274
149.8826427996428,2.44831608924014,2509_18274
34.109447499175005,-4.722679892377551,2509_18274
242.0440777964756,53.25365187838671,2509_18274
35.15576931006492,-4.616114163897146,2509_18274
34.55901871459452,-4.923679292439396,2509_18274
148.97572165783416,2.421259056125902,2509_18274
150.64265052622756,2.8017656125489494,2509_18274
243.06612529154165,55.80058437375827,2509_18274
243.5648436594235,56.57018542847884,2509_18274
243.94650175087548,54.90143005059728,2509_18274
151.06714301521194,0.9010056270562936,2509_18274
242.79868147885009,53.6793084101908,2509_18274
37.344812592557275,-3.942640895017908,2509_18274
241.86477032329907,53.83387137589549,2509_18274
351.4141048256711,0.9725112957719062,2509_18274
149.39574805317994,3.594671377591335,2509_18274
34.8989893806708,-4.509280625844644,2509_18274
35.83672386170755,-4.393741911015016,2509_18274
241.02875325401973,55.26601533853477,2509_18274
36.626983141261306,-3.9705388756397264,2509_18274
351.1431227594846,0.8098049289379599,2509_18274
242.03525640479657,54.503383715685246,2509_18274
149.85525690562605,3.4535942891307285,2509_18274
241.2556854393908,53.92177999176096,2509_18274
36.10719294884078,-4.995859286603558,2509_18274
150.44955802279887,2.636927155401964,2509_18274
353.14486474883074,-0.9989797856636008,2509_18274
37.11288789823878,-4.738953868061674,2509_18274
35.68363108051501,-5.585718160659774,2509_18274
243.5880912013602,54.928742269043774,2509_18274
350.82434366005725,-0.2395024132477096,2509_18274
243.15653604534256,56.17895229532006,2509_18274
243.33848886017785,54.27187167971485,2509_18274
240.35013514563684,55.18579881141594,2509_18274
35.45770586255331,-3.4954382410021325,2509_18274
36.03023014984967,-5.3134319869517235,2509_18274
150.00271978056702,3.454985705967059,2509_18274
150.33916802202052,1.3333556156413946,2509_18274
149.62394634754142,3.2780673731083545,2509_18274
36.07042047246019,-3.786842760132658,2509_18274
353.3718454259575,-0.405857208099966,2509_18274
35.44533656273452,-4.994833254083328,2509_18274
149.0531463203754,2.0234616350592183,2509_18274
37.376812027542115,-3.9834336960736585,2509_18274
36.75455301172632,-4.98657494887213,2509_18274
36.23249340521713,-5.00034465782089,2509_18274
352.95908321850436,-0.6676978790311181,2509_18274
36.12328495779867,-5.002767620641636,2509_18274
352.6581631761124,-0.4538731211447731,2509_18274
36.40690036497827,-4.677077880936226,2509_18274
35.92621386805232,-4.394297743963401,2509_18274
37.08442343043652,-4.847941849252491,2509_18274
243.75133600480427,56.359099650530496,2509_18274
35.623615932865086,-4.887176230770322,2509_18274
352.50473560190693,-1.570402644180516,2509_18274
149.3576467786626,0.8844689246037937,2509_18274
151.03277387333716,1.027874008357341,2509_18274
36.676628775760655,-4.952762398397535,2509_18274
243.70941407464971,54.33663952573641,2509_18274
34.89491439267733,-3.771020326799841,2509_18274
150.80861812797573,0.8115678685332307,2509_18274
149.19064363107483,1.0652583785896277,2509_18274
241.49808564085865,56.588002475701465,2509_18274
242.4350902749836,53.7665921959788,2509_18274
352.7518020115178,-0.6594729079061762,2509_18274
36.14333918756178,-4.536318216500853,2509_18274
244.792838307479,55.49074720456854,2509_18274
351.1066337418376,-0.6286064962834883,2509_18274
35.69589626123402,-5.02612306830284,2509_18274
351.0836245842964,0.6066349369756284,2509_18274
36.124661013850606,-5.884913160471804,2509_18274
242.5354205025617,53.39252871416295,2509_18274
148.62313733732498,1.2169525283628313,2509_18274
37.36669235684296,-3.852693529729911,2509_18274
241.88444549368225,53.86122545965763,2509_18274
35.73693034193867,-3.774048807548691,2509_18274
35.202677006152925,-3.8309826860495706,2509_18274
352.3537249512889,-1.027620943014624,2509_18274
149.84242553789352,3.232487098180241,2509_18274
151.67026981829846,1.7237713143161113,2509_18274
242.77744458318023,53.38063032273991,2509_18274
35.83040325555302,-5.056933999769385,2509_18274
36.71020133859245,-3.85801508861466,2509_18274
242.6166705846208,56.62818272586504,2509_18274
352.69799963874516,-0.0420513021286232,2509_18274
36.33033080006154,-5.704187115702067,2509_18274
149.840119340446,3.025385982254037,2509_18274
350.59038745534053,-0.2862407468927751,2509_18274
353.04484611781544,-0.2310388849915889,2509_18274
351.6771716522634,-1.0041152544895058,2509_18274
352.374787115871,0.25764826823219,2509_18274
34.39638621498166,-5.4516717864240904,2509_18274
353.5058969967729,-0.2209886392776138,2509_18274
34.859100426076495,-4.002938784458582,2509_18274
36.29256945415615,-5.828181499713395,2509_18274
36.16222964974743,-5.766161835333208,2509_18274
149.93845844627447,2.6104888499805097,2509_18274
352.94204851347445,-1.2129557259519514,2509_18274
241.15663693760348,54.56636258237682,2509_18274
149.21590252337876,2.844113552247616,2509_18274
148.7229341622464,2.404815710162904,2509_18274
352.854245837239,-0.9597045028498816,2509_18274
37.63556389991419,-4.432692849437815,2509_18274
244.36476745179613,55.08481626029606,2509_18274
243.7917574175992,55.83066501258816,2509_18274
351.02552736530725,-0.0214300160636206,2509_18274
352.138945748189,0.450856974892896,2509_18274
34.62428284374395,-5.302599946325743,2509_18274
149.27838422033517,1.165907419784854,2509_18274
242.0660133846484,55.427479541480274,2509_18274
351.71296594500376,-0.8828432972439803,2509_18274
36.54245610067749,-4.250728258253447,2509_18274
149.1615450029843,2.925442750905938,2509_18274
242.81635761361568,56.38155249060689,2509_18274
37.18227623720319,-4.322014895436151,2509_18274
35.23672401420807,-4.333623516984392,2509_18274
35.75776346518707,-3.7226829555123975,2509_18274
148.93650494063766,1.2183124274539188,2509_18274
351.2029633594252,-0.4971021837359926,2509_18274
36.32837850837255,-4.325359918676539,2509_18274
36.35095544115638,-5.74554628708707,2509_18274
241.16956190067384,55.56928217954309,2509_18274
149.8676927657796,0.9101160585485244,2509_18274
35.21616218230342,-4.6559259505112145,2509_18274
241.0489984465692,55.70483486052312,2509_18274
35.62604517453395,-4.173500887237852,2509_18274
351.34893794681,-0.8864876661131889,2509_18274
352.04353465997923,0.9404385484856432,2509_18274
35.76909864146074,-3.512778059443305,2509_18274
151.68739061208157,1.841766817576127,2509_18274
36.66455679360829,-5.096346963772781,2509_18274
352.240649109517,-0.0475730781116208,2509_18274
243.63872246083196,54.10000555741323,2509_18274
35.72941635296653,-4.942371577562347,2509_18274
352.2901101171393,0.0576535809641253,2509_18274
35.60101563561249,-5.783701481457797,2509_18274
150.8911522822794,1.620842939950376,2509_18274
244.8692892248781,55.014015001137395,2509_18274
35.974305054269905,-3.8734304787439697,2509_18274
34.285339452317736,-4.2975180004531195,2509_18274
36.31476416938604,-4.026839670957006,2509_18274
351.577903831583,0.570110997242914,2509_18274
151.490370181117,2.8790659909162017,2509_18274
37.42384850139128,-4.428816246570208,2509_18274
242.49661816099749,53.56235803155097,2509_18274
351.4829789039377,0.166218155786299,2509_18274
35.40195414273528,-3.6802732511069833,2509_18274
37.01868922045908,-4.849873131839254,2509_18274
242.95486091707647,53.57853995440673,2509_18274
242.40360664395635,53.74055461132114,2509_18274
36.66809673543104,-3.9995459115930982,2509_18274
242.1603355288057,53.187605538181835,2509_18274
242.89443315839264,54.25458673119786,2509_18274
242.1126598371459,53.87732402073741,2509_18274
241.28150130424345,54.08439045599363,2509_18274
351.82049390143703,-1.2903205178772872,2509_18274
151.62093547312634,2.864477629022706,2509_18274
35.4823744212094,-5.03182154539493,2509_18274
241.93194309313913,55.9615789471192,2509_18274
351.38683239171917,-1.4457770677877986,2509_18274
245.39111382474164,55.21350359101232,2509_18274
35.63004361973208,-3.4706289590439052,2509_18274
351.4237642385024,0.0058184030420912,2509_18274
36.85846337415479,-4.537281249127606,2509_18274
150.0332364063473,1.7034858205959913,2509_18274
35.74608757001762,-5.469603097085887,2509_18274
241.16838271801487,54.59318747920006,2509_18274
151.10549804680065,2.019617554274453,2509_18274
243.1779683439724,55.58393138130714,2509_18274
151.33591004892045,3.2068414199887374,2509_18274
350.7378425848618,-0.2455422690611538,2509_18274
35.97449381582791,-3.877621649315128,2509_18274
34.81422877419976,-4.369159435784853,2509_18274
149.0472693893273,2.0291133623904516,2509_18274
34.14009434883386,-4.3085141658944535,2509_18274
352.9781468698249,0.8096005763926297,2509_18274
351.1622203866565,-0.717930502598543,2509_18274
148.63569392058557,1.4981976614010444,2509_18274
351.9224502575821,-1.3625891019858587,2509_18274
352.7200738346638,-0.7919662721108068,2509_18274
241.4713032654803,54.754028216864675,2509_18274
241.76054915132264,54.586146293882535,2509_18274
351.9868083335825,-0.4583468685849438,2509_18274
149.05844568792315,2.103575713947598,2509_18274
36.94096152184215,-4.6249258958427,2509_18274
36.49204342243988,-4.953732819324974,2509_18274
243.91037693491057,54.88992776671604,2509_18274
34.12760721096871,-4.946156276710469,2509_18274
241.81987165521485,55.23988782329174,2509_18274
35.041296319930325,-4.094285455691371,2509_18274
242.45475078594063,53.58794205475409,2509_18274
242.87057011204175,55.864071425437906,2509_18274
151.55693491922025,1.008499272118203,2509_18274
149.47130524158135,3.703668701682109,2509_18274
35.55731497922973,-3.752153455239626,2509_18274
353.26578997575785,0.5243461048756723,2509_18274
243.4806387269304,54.45710354574131,2509_18274
352.55018894648623,-0.4339686539895532,2509_18274
36.84487096357688,-5.091028651946424,2509_18274
242.66145427253304,56.62739369316194,2509_18274
35.5205383594089,-5.032299189294161,2509_18274
150.3935520974284,2.8716016239923996,2509_18274
149.07756078968185,3.2687243298616733,2509_18274
242.28078745751577,53.947370075715014,2509_18274
244.64237613120727,55.2973895344988,2509_18274
151.5009573059599,2.019963770893544,2509_18274
150.4137180746257,0.9136325357917876,2509_18274
149.49157948133305,3.732180042114225,2509_18274
149.3760658733957,1.3201693004550616,2509_18274
245.22357953556337,55.27251371300257,2509_18274
351.35143383150694,-0.3526763807051674,2509_18274
243.4518585294149,54.68492404895953,2509_18274
36.12190778597655,-5.6037505666301,2509_18274
242.96873564438943,56.4835208984954,2509_18274
35.111549933177805,-4.0150251076048225,2509_18274
242.63685360554112,55.80442233950188,2509_18274
243.1662683110673,56.65333784538995,2509_18274
352.8519714749225,0.5722111856869186,2509_18274
241.98764353018055,56.08748353830381,2509_18274
35.558474322606315,-5.49214539363483,2509_18274
149.20436750804933,3.1930085458297177,2509_18274
149.8271054448805,2.9346825321451395,2509_18274
151.05905136653973,2.9321083584210497,2509_18274
150.02224684947987,1.3499561682488164,2509_18274
35.468401504881356,-5.028192116772551,2509_18274
242.57369769659093,53.38283509473152,2509_18274
241.66687730705655,54.39002113133856,2509_18274
35.491174791351675,-5.0219234484023945,2509_18274
351.065648327683,-0.1961059330214476,2509_18274
242.9683420707107,53.610980925123656,2509_18274
150.8121570700447,0.9207237628046152,2509_18274
242.98648178548189,56.02417314344218,2509_18274
242.87627020675683,54.27400493372768,2509_18274
242.43629032781485,53.29853105651992,2509_18274
34.49729591252065,-4.865469516686177,2509_18274
35.59139270108395,-3.8168028976997648,2509_18274
36.00258839789786,-4.383129471670711,2509_18274
352.87705591207805,0.734666262952533,2509_18274
149.06519264287016,3.230574606159224,2509_18274
33.88684843430864,-4.768504847751678,2509_18274
352.7483007869886,-0.762313682535518,2509_18274
148.78538254514604,1.1750513090863213,2509_18274
245.16100755109176,55.450692689267456,2509_18274
243.2463465422685,54.07369269340141,2509_18274
35.40339203568071,-3.936316816050866,2509_18274
34.426411987939304,-4.182507569723519,2509_18274
242.61245348824397,53.42231474790441,2509_18274
243.7124399116658,55.839483495627725,2509_18274
150.1573546754339,1.567011887700538,2509_18274
35.42562674204139,-4.067282315722964,2509_18274
244.6341604915436,54.36081877240054,2509_18274
351.0697791611042,-0.1900902738550894,2509_18274
148.51143537489173,1.639923336918942,2509_18274
37.34892474769049,-4.274247903391843,2509_18274
149.55735804722613,3.495481996448481,2509_18274
36.84718786563893,-4.32983965047622,2509_18274
242.84588032030013,55.59609713716502,2509_18274
353.09997052489655,0.4338859489809779,2509_18274
242.810226269242,55.679577335857296,2509_18274
151.43926595483887,3.605006439804152,2509_18274
151.68982363907654,3.314994525279376,2509_18274
243.55359433774112,54.24853202490292,2509_18274
350.7066359581059,-1.220217833909478,2509_18274
34.94647896006412,-5.528265534913944,2509_18274
353.22666962746996,0.0389879087230467,2509_18274
150.5503219196382,2.6288372895459924,2509_18274
242.6756995182932,55.11414321422012,2509_18274
151.1293131987,2.870531487331019,2509_18274
243.9977280787899,55.29477470607207,2509_18274
351.0057801082597,-1.4620735470992594,2509_18274
242.1138017581409,53.24298158764183,2509_18274
241.29975382328064,54.89011642597752,2509_18274
241.40946939012613,54.69241791563803,2509_18274
242.20813744080567,54.741289644924656,2509_18274
36.63145282904165,-4.507603888140469,2509_18274
36.757156497483464,-4.039914861019364,2509_18274
37.28704840076355,-4.5182730890067795,2509_18274
36.380263378062395,-5.8791291269392225,2509_18274
353.7995073820115,0.4591494048882135,2509_18274
36.1750178485753,-5.9475923946980105,2509_18274
36.0966041303295,-5.605020198931828,2509_18274
36.03506162362395,-4.919014743695052,2509_18274
35.70621484811994,-3.880643709622533,2509_18274
243.73859290980835,53.92998391894218,2509_18274
150.02317951809033,2.497128359617407,2509_18274
242.1689671346824,53.1897496656828,2509_18274
351.58306946981935,0.4860113485808047,2509_18274
350.98905197091676,0.1490662624597859,2509_18274
353.5113030905788,0.88232728550374,2509_18274
352.10607510617297,-1.5516131189454438,2509_18274
244.59812057060583,55.30191062109385,2509_18274
36.9090304493795,-4.659442881558274,2509_18274
150.34545506685552,1.621845809988371,2509_18274
150.48212459574398,2.0385416379153662,2509_18274
35.399759781364814,-3.55631845656152,2509_18274
242.99819269731776,53.380397482197665,2509_18274
352.72550532310527,-1.3074330692413385,2509_18274
34.67415320687192,-5.02471683800566,2509_18274
242.71334597612488,55.609626753526726,2509_18274
34.74894625120436,-4.043649463961137,2509_18274
151.41120434614982,0.8521159659786806,2509_18274
35.47881017747126,-5.323038771463672,2509_18274
353.47875717872546,-0.4136933392328633,2509_18274
240.57382308746895,55.58744093772319,2509_18274
243.28450853259852,56.71074362268296,2509_18274
36.97753602909864,-4.112940051904168,2509_18274
37.04760815197542,-4.081360864859947,2509_18274
37.13800158566735,-4.617892395133777,2509_18274
240.43726480740713,55.057102109587795,2509_18274
36.13872181306022,-5.368530690505328,2509_18274
150.33862083858324,1.6310985341594957,2509_18274
353.2041362456472,0.6962379055142218,2509_18274
35.63480482466048,-3.908946380933369,2509_18274
243.02133845718097,54.415641532500075,2509_18274
37.626012113521526,-4.4337351932751625,2509_18274
35.396928229485006,-4.737209081830224,2509_18274
151.12415550499833,3.619481269214483,2509_18274
352.30065917079554,0.36989375729081,2509_18274
241.57853404800585,53.922399099828056,2509_18274
241.58788460208655,53.72672388987637,2509_18274
245.04275529308293,54.52579930802227,2509_18274
242.849860124513,54.06977974692253,2509_18274
243.64717627245855,56.243705505291295,2509_18274
351.96070383904197,-0.1527192800927453,2509_18274
35.39608352725457,-3.896215852418866,2509_18274
36.853019364655886,-4.6054426928243775,2509_18274
151.34827732899953,1.0710215735157906,2509_18274
242.9553671493114,56.40278710340995,2509_18274
240.89050114810416,55.62695086156225,2509_18274
240.5931246750804,54.72933677776582,2509_18274
36.62448479090995,-5.043814489293563,2509_18274
351.27047877703865,0.2615592038310531,2509_18274
36.32656272073998,-5.660841511707055,2509_18274
351.25969659848994,0.1295254772128461,2509_18274
242.18628292619152,54.99110053269295,2509_18274
150.6486628303611,0.789388851130827,2509_18274
36.41094073595296,-4.998485915390891,2509_18274
36.40123542884273,-4.362029373914942,2509_18274
35.43663640804184,-3.380546118630764,2509_18274
36.90067688315642,-4.382648736390626,2509_18274
34.5731563330485,-5.569561478657416,2509_18274
151.48070923664295,2.727848455522185,2509_18274
352.39810729525664,0.6596280152964689,2509_18274
242.77304090950503,54.92345507358276,2509_18274
151.50884632877353,1.2011551472782294,2509_18274
241.8991864947736,54.9027133174583,2509_18274
35.83548312309242,-5.452637527070594,2509_18274
148.93942553405628,1.6063606074377248,2509_18274
243.06205318181588,56.17070307935089,2509_18274
243.0701624368803,53.36500372573606,2509_18274
149.19095667710312,2.484696908592559,2509_18274
244.58762393424047,55.20635310633236,2509_18274
242.6221741114123,53.741149030788186,2509_18274
243.5451606645925,55.45107535388739,2509_18274
35.231942331711295,-4.664415387226291,2509_18274
243.7152858935376,55.8043760036552,2509_18274
352.21952714877034,-1.1607430523719515,2509_18274
37.3835860506323,-3.960415355052798,2509_18274
242.1186681331683,53.830355928570974,2509_18274
353.13823698693454,-1.0233741147938138,2509_18274
35.912653363667175,-4.081831078732055,2509_18274
148.8431114738677,2.537589227541698,2509_18274
148.95942682816735,0.9892802462300644,2509_18274
243.6106800617694,56.12734196637696,2509_18274
244.03777546921305,55.355532040248086,2509_18274
35.92726104505402,-5.726681754166427,2509_18274
244.6072003548024,55.476530888018104,2509_18274
243.81716686732187,53.573488834032666,2509_18274
244.4969832256109,54.45408725381838,2509_18274
351.99220547955713,-0.6378180098922801,2509_18274
243.5424290016242,53.5346643249874,2509_18274
36.20614493468078,-4.3523603150120955,2509_18274
353.172548281716,-0.9310742353708816,2509_18274
242.46619962995408,55.287868728287094,2509_18274
351.32964379317974,-0.2341565356004958,2509_18274
150.96741865253247,1.0903554569423013,2509_18274
150.68071727100383,3.596413902611902,2509_18274
240.15848198258487,55.00162533592785,2509_18274
35.11042415468266,-5.659007483639894,2509_18274
353.26740344761583,0.1997162857779351,2509_18274
240.35278669883647,54.88394395337315,2509_18274
36.76608813193082,-5.046122148813575,2509_18274
352.87220681378324,-0.353145444778813,2509_18274
36.91244943774748,-3.885274021831507,2509_18274
243.2098237343311,54.253888351626195,2509_18274
37.1907057341746,-4.276569903195909,2509_18274
35.900521424798995,-3.88958434058648,2509_18274
353.58644901144675,0.4481248554991791,2509_18274
37.53378876571092,-4.777794878429937,2509_18274
34.503377393685525,-5.372356621178563,2509_18274
37.148634568339894,-5.013855417784636,2509_18274
243.5448618447357,55.69664747897531,2509_18274
351.83937254685424,-0.7874075980286912,2509_18274
352.820647120592,0.5977690230063126,2509_18274
149.03766887000526,1.2536053342456437,2509_18274
151.20341551004083,2.4471374422297765,2509_18274
148.81224403691834,2.837868083178345,2509_18274
242.2520866792269,54.11958824606555,2509_18274
352.2404150539579,0.4548681611137526,2509_18274
37.1288752904278,-4.7117531233966075,2509_18274
35.737960262801074,-4.378800688784076,2509_18274
352.7287565136412,0.16178459473547,2509_18274
241.7242986571163,55.69684001294162,2509_18274
351.1195021957112,-0.1971388743522164,2509_18274
353.6307657507172,0.6594065108219097,2509_18274
35.24422424991026,-3.867123778149784,2509_18274
37.36018729322769,-4.745045683553667,2509_18274
244.65944639456885,55.28713703945749,2509_18274
35.45915467322267,-4.384062104437069,2509_18274
35.53470396310691,-4.096244124317452,2509_18274
243.94068545031232,54.398773217258366,2509_18274
351.3322163453666,-0.2043433388765645,2509_18274
351.0296275762993,0.3608296827499294,2509_18274
243.4751144536108,53.25204137168331,2509_18274
148.82157974732075,1.7666560625035026,2509_18274
244.74450861398992,54.87433247410253,2509_18274
241.30941919285672,54.552081146477505,2509_18274
243.32595320554591,56.4952895993351,2509_18274
240.7679889580785,54.52808043651582,2509_18274
351.2801283139963,0.8298690354101825,2509_18274
151.63711962412728,2.88258470641743,2509_18274
37.53041963876798,-4.523808161031829,2509_18274
35.73182129389989,-3.954168908258856,2509_18274
244.73421735677712,54.807605681968695,2509_18274
350.97175432944823,-0.5425377096323502,2509_18274
150.93574778896945,2.7003278925562575,2509_18274
243.31377544310527,53.339604548542255,2509_18274
35.41318183873112,-4.51659932376778,2509_18274
243.03319222213847,56.006298702815855,2509_18274
242.04367028289684,53.59982561721448,2509_18274
240.58884887681236,54.72620255275766,2509_18274
34.33119035801535,-4.106488186266991,2509_18274
351.6958684523136,-1.094985205067844,2509_18274
36.65022412505665,-5.042157140586098,2509_18274
35.62330471900587,-3.758064311566322,2509_18274
352.8710212008114,0.6169294420152851,2509_18274
150.33092260975613,3.311150481204566,2509_18274
36.81062542656043,-4.086345309095688,2509_18274
149.3706895611404,3.592644823277126,2509_18274
36.40814242401246,-5.2473496804079245,2509_18274
241.8681006178203,54.31368724094281,2509_18274
35.29331375550762,-4.434095157306813,2509_18274
34.884967846416664,-5.282769849060351,2509_18274
149.28447616820347,1.9645040850006856,2509_18274
35.85729779700742,-5.166644995274072,2509_18274
353.3461812036818,-0.3286310540071073,2509_18274
33.822590475600094,-4.462458045794473,2509_18274
243.7266785697007,54.06267229401318,2509_18274
350.6879046282252,-0.116232125214224,2509_18274
36.62388919015607,-4.652660516731334,2509_18274
150.37771855930532,2.440051191692659,2509_18274
351.4452926056893,0.9068766512210124,2509_18274
351.87614537585137,0.9465770082562868,2509_18274
242.4983719428172,55.48513972576371,2509_18274
149.55605071025133,3.4302546620924015,2509_18274
149.86796303524244,2.94036491193749,2509_18274
35.19195378892253,-3.5977761784308453,2509_18274
35.64983339582771,-4.1346830855661505,2509_18274
351.7670189072407,0.7830430388513392,2509_18274
35.97658603399512,-5.823240071405708,2509_18274
35.545669820537846,-4.247522288939658,2509_18274
243.16727907511688,53.96160587082516,2509_18274
353.59104561445304,0.0225354624306723,2509_18274
34.78271735176242,-4.55600199901325,2509_18274
35.923215192583385,-3.391158719081316,2509_18274
35.396910656352304,-3.546368250993731,2509_18274
150.33807189619262,2.7901779249610095,2509_18274
353.14410721920507,-0.902984564225312,2509_18274
242.77029975963137,55.71470358971779,2509_18274
37.303669283863286,-4.420015606316387,2509_18274
244.044837416878,53.850790835894024,2509_18274
351.24469944700246,0.6719588988354973,2509_18274
35.444737081220794,-5.479202545022957,2509_18274
36.34220469246344,-4.799668650946587,2509_18274
149.4052275673703,0.8552970645326137,2509_18274
36.012027249595924,-3.987091629646828,2509_18274
352.57002812787863,-0.8726198618445696,2509_18274
243.86470054383244,55.22992414016279,2509_18274
352.6004981305027,0.0179890572006591,2509_18274
244.28650382577763,55.0705171214483,2509_18274
352.1811314679492,-0.6641385430380549,2509_18274
242.9814929687425,54.11816643135823,2509_18274
150.210882676706,3.1400307940304497,2509_18274
36.943130940931425,-4.855316362025472,2509_18274
36.49568896059701,-5.313377499349555,2509_18274
151.61283085817132,3.204787696121385,2509_18274
244.6541995166188,55.51376768205776,2509_18274
37.31084794748678,-3.972991869850311,2509_18274
243.96533611629195,54.44253183538104,2509_18274
353.5900912895188,0.1932175632151853,2509_18274
241.47104986915673,56.01438854135029,2509_18274
242.58096215229867,55.39982367758426,2509_18274
350.378792862091,-0.9551755366529115,2509_18274
37.605077198615994,-4.576835818304502,2509_18274
36.302789296727795,-5.593902696594447,2509_18274
149.75497734291616,3.6168498849388033,2509_18274
353.7303485482645,0.5264686916784893,2509_18274
35.712904329217906,-3.770449157600887,2509_18274
35.70777320113156,-3.405932150752629,2509_18274
243.63224680918333,56.587190636400976,2509_18274
241.9593414869057,55.763837818715174,2509_18274
150.53908176259011,2.3477307580843965,2509_18274
37.01414642343502,-4.928556792184564,2509_18274
37.23215973471461,-4.657664001374994,2509_18274
148.7249635035761,2.9479818452187594,2509_18274
242.80091292342087,54.03848204775408,2509_18274
352.8746730173941,0.4242767453222351,2509_18274
241.30802626844135,54.367508369467366,2509_18274
240.90339654669697,54.579480761117765,2509_18274
149.6220389688381,1.1373433001774895,2509_18274
35.25647742557009,-4.397283958811939,2509_18274
149.94064926787593,0.9053381694496287,2509_18274
149.24283403927151,2.2854429787549138,2509_18274
352.448690813879,0.4121843753468245,2509_18274
35.3614944685577,-4.118010635413531,2509_18274
36.67225011944196,-5.074707962004699,2509_18274
353.29176163093484,-0.4480590033334207,2509_18274
352.3182956953548,-0.2780108531424051,2509_18274
34.887505591971326,-4.773950149352192,2509_18274
352.79839773574713,-0.5553903368080098,2509_18274
241.4892634362326,56.57994002952057,2509_18274
245.1594317181287,55.309673148557955,2509_18274
35.69885409048807,-4.505375590806368,2509_18274
352.1242157579419,-0.7118015533337796,2509_18274
151.21026231968364,3.498528032787751,2509_18274
353.7317173986843,0.3771820184658028,2509_18274
353.14078591455575,-0.905589530047083,2509_18274
243.99716864937344,53.75358973802781,2509_18274
352.5099660292201,-0.6046507088270326,2509_18274
242.3941770531211,53.87260496195503,2509_18274
244.30241052741053,55.005780026202295,2509_18274
243.84300582368897,55.83394948991764,2509_18274
242.9313240026322,54.27459958867333,2509_18274
37.16040158094149,-5.086907589681027,2509_18274
242.59553464344384,53.43116502280997,2509_18274
37.55466091879362,-4.65905205009183,2509_18274
242.9751843398538,56.06778360486,2509_18274
151.71813559110444,1.7185657864900523,2509_18274
352.3587302632069,-1.0612195294392837,2509_18274
148.7154608679024,1.014453229926516,2509_18274
241.46210173386532,54.008168008307734,2509_18274
34.33596754261767,-5.4298220464555165,2509_18274
148.7562090604382,1.2292767068515076,2509_18274
241.44913600653985,54.65352192200856,2509_18274
353.22425153762475,-0.7290387015505433,2509_18274
351.6085542487952,-0.6068826857851527,2509_18274
351.50930535345003,0.3357287481668966,2509_18274
353.49298120546837,0.6482233282702636,2509_18274
151.59191641255063,1.1590460629447068,2509_18274
35.16144305166945,-5.614105591666915,2509_18274
352.8369335060574,0.5958697771753555,2509_18274
34.999293674310586,-5.461252961630897,2509_18274
36.37922449875318,-4.244836966674677,2509_18274
36.31311987769808,-3.9620104199326,2509_18274
34.12925049094474,-5.381472797542846,2509_18274
241.5221030726327,55.22721481537356,2509_18274
36.2485309405035,-5.657301581066923,2509_18274
352.1879226657645,-0.1974015983486627,2509_18274
242.22164873529317,53.85550743456061,2509_18274
242.89566418367255,56.17892890184238,2509_18274
37.38070894011439,-3.95705148043337,2509_18274
243.09368277192056,54.603316936145255,2509_18274
149.99261162132933,3.042447656735134,2509_18274
36.40684534796132,-5.873580765418407,2509_18274
242.45590632570224,54.463323483032546,2509_18274
353.0354568443441,0.242226588930886,2509_18274
243.97643285175263,53.9863788924584,2509_18274
245.313329030816,54.7980274228331,2509_18274
36.29825837636224,-4.761361561646026,2509_18274
243.72793056716796,55.50056221372914,2509_18274
350.51887435364705,-0.7774788971534368,2509_18274
244.8000599432941,55.483148190387034,2509_18274
151.40497125083235,2.9509097145827607,2509_18274
148.5393112589708,1.7984847524652612,2509_18274
242.3166742280075,56.281810949333355,2509_18274
36.49524105981439,-5.01512928206117,2509_18274
35.44387290064186,-4.606038148633534,2509_18274
36.01790917534808,-4.7002255465172285,2509_18274
241.86976249265425,54.22822738741551,2509_18274
151.6519830321479,2.695300076158806,2509_18274
353.2049013271915,0.8861637341264466,2509_18274
243.3794329696773,55.28924068119905,2509_18274
242.8385611732897,55.55584319534598,2509_18274
353.5590238771552,0.435976666769633,2509_18274
351.1011415203722,0.0615605663487458,2509_18274
37.1675743233899,-4.030205735222119,2509_18274
36.29526110318727,-5.749569878251724,2509_18274
351.4344245613039,-0.7164456043701053,2509_18274
33.84718343520268,-4.338545917935317,2509_18274
150.20933805321596,1.79158670055251,2509_18274
243.646258593524,54.42847266116369,2509_18274
149.50466333297857,2.125062102970226,2509_18274
245.09424772372725,54.7464327182194,2509_18274
149.93062658888093,1.5955467888098722,2509_18274
151.34380684984473,1.0010366446198635,2509_18274
151.4435597628333,2.0761503811058133,2509_18274
37.10064878274447,-4.9404095326865365,2509_18274
353.1031532671947,-0.972271800018783,2509_18274
243.6522347444681,53.39608796182529,2509_18274
352.1559446719626,-0.2769335530475686,2509_18274
241.6723721262489,55.95597322878801,2509_18274
36.135087518418274,-4.394923770702465,2509_18274
352.70348434817265,-0.7999455576874129,2509_18274
36.62865093129559,-4.816487274976784,2509_18274
245.17691175583363,54.620105017573266,2509_18274
151.54559581040786,0.8712240974726954,2509_18274
351.1986381151998,-0.7021246421044789,2509_18274
37.020025231117394,-5.010127513728388,2509_18274
149.88995089871074,3.128240426646971,2509_18274
352.6424759843102,0.3507044332919443,2509_18274
148.84728173724392,2.583038243996362,2509_18274
37.61140114637397,-4.567906575753028,2509_18274
242.0110135337165,56.11483749651848,2509_18274
34.80417262702144,-5.079528851657021,2509_18274
35.51205026184216,-3.925116423898668,2509_18274
149.23912920875108,1.891705431142288,2509_18274
352.8866670059369,-0.3240635835400611,2509_18274
35.73300378317441,-4.275064519671846,2509_18274
37.01284578891553,-4.093403213293933,2509_18274
36.756121958698095,-4.130907806449563,2509_18274
244.41113236858791,55.345333194755995,2509_18274
352.67490826610435,-1.562103780808596,2509_18274
149.4221523216217,2.5684314727261324,2509_18274
36.821666566527504,-5.12578475888281,2509_18274
243.73253311678943,53.67639205271156,2509_18274
353.17606651868454,-0.3278387368606762,2509_18274
149.45527256714803,3.469315515894333,2509_18274
35.90068820164691,-4.3431236653521825,2509_18274
148.98983755909333,0.8630989807043394,2509_18274
241.11195884052864,54.55613003935097,2509_18274
36.12473075455745,-5.005029932078097,2509_18274
36.50551924272095,-5.3886245877521946,2509_18274
37.139638144097816,-4.261023029824075,2509_18274
240.3073360880645,55.16185118862194,2509_18274
151.2488481938979,3.450344577828513,2509_18274
241.51234376508427,54.103351357960456,2509_18274
352.36640907307907,0.689065004529164,2509_18274
243.90394370894975,55.2612393682939,2509_18274
351.65687683667767,-0.5487230554782827,2509_18274
353.14700358965877,-0.4137494252219271,2509_18274
351.71711988607973,-0.5601774153225679,2509_18274
150.21529824365987,2.6018959776563437,2509_18274
352.7865277495839,-1.4089881721435653,2509_18274
241.97426853640485,54.073611324029976,2509_18274
36.80661411374733,-4.929126934326127,2509_18274
36.11427507207675,-3.4483025755931775,2509_18274
36.86811179608582,-5.148080253770658,2509_18274
35.563269444444046,-5.147142225773972,2509_18274
244.69035700868017,54.91105554921102,2509_18274
244.29575272622552,54.973613217897665,2509_18274
35.61251189483799,-5.089776970449633,2509_18274
34.4713498323559,-5.045155948148189,2509_18274
150.134673220015,1.449967994597475,2509_18274
149.33839501239385,3.5943835391975605,2509_18274
243.0286376457861,55.695361376405,2509_18274
35.51840593339929,-3.36498368120717,2509_18274
353.7344079500852,0.3884430527085308,2509_18274
241.80250420934567,55.14385623780125,2509_18274
34.219392225408264,-4.290616302418835,2509_18274
352.1873196474033,-0.7403795590848625,2509_18274
242.69332010115932,53.6157438591175,2509_18274
243.17999909869775,55.8100448315862,2509_18274
36.144671897316336,-4.593773165798828,2509_18274
243.39911965677288,54.03577704597917,2509_18274
148.64328127099,2.9748593732245636,2509_18274
243.9065073743281,54.441374980162,2509_18274
241.33585122905825,54.69261316512981,2509_18274
243.5285890843896,56.281568567560974,2509_18274
150.25398448825388,2.403924897709271,2509_18274
151.2025025526233,2.4500570459008353,2509_18274
353.74962330977064,0.7042092853127484,2509_18274
150.0314813691505,2.3745020760834996,2509_18274
352.3933063425198,-0.8365164667783458,2509_18274
243.85010231444693,55.735358180316446,2509_18274
36.21223211439553,-5.43184229118864,2509_18274
151.4112881216029,2.077464042385009,2509_18274
242.30411060689863,53.32781539767302,2509_18274
242.59496816345023,53.64902623120934,2509_18274
241.62261694875727,54.80393826581577,2509_18274
35.71100276055432,-3.36667442322347,2509_18274
37.493259623889806,-4.72540616765497,2509_18274
352.86174168955307,-1.099370639101189,2509_18274
351.78697850472213,-0.6983569996187513,2509_18274
151.6294996708007,1.2730276442964428,2509_18274
244.19798177010705,55.05323002426258,2509_18274
351.69357179434655,-1.0409626892884365,2509_18274
351.5410390876938,0.903518213436126,2509_18274
243.8993590004136,55.79300222139378,2509_18274
37.45532850428851,-4.090091277480337,2509_18274
35.206317986310545,-5.250344551965974,2509_18274
352.7682362930285,0.7893328291042327,2509_18274
241.06818836709385,55.046721824291154,2509_18274
34.90352535101738,-4.496324784678839,2509_18274
35.72408539831102,-3.412767707960586,2509_18274
244.90075939819036,54.83606771356381,2509_18274
243.47551794641575,54.460127526839464,2509_18274
37.283702391843555,-4.566021249478536,2509_18274
35.12356717462679,-3.637031637497699,2509_18274
33.83523578452144,-4.972703146765974,2509_18274
241.5864518039776,53.9384180282478,2509_18274
351.0861618788582,0.3260654671581234,2509_18274
36.81327194833179,-5.075644794592462,2509_18274
352.0626475937986,0.2036760678009758,2509_18274
351.3608017458191,-1.132548319227525,2509_18274
150.26523613163698,1.5151504084037128,2509_18274
36.552891350165275,-4.055400535861431,2509_18274
243.9618356552267,54.083628352643885,2509_18274
37.645917596078085,-4.323258939846902,2509_18274
242.32953090968851,55.48327840308606,2509_18274
36.33885230059592,-5.584448570255834,2509_18274
37.25452397485152,-4.148990471586552,2509_18274
353.2238728394425,-0.377388220039151,2509_18274
149.0724447421615,2.017469275694298,2509_18274
36.42262873779537,-5.794342774071272,2509_18274
35.252329768446415,-3.6838059339031792,2509_18274
244.57539106149304,55.20451244474197,2509_18274
35.960939152162005,-4.336983826130858,2509_18274
36.52533390183469,-4.46384979872115,2509_18274
242.9082313042716,55.99904102826631,2509_18274
37.00709310344666,-3.937202423493009,2509_18274
35.65256248151997,-3.658462044442664,2509_18274
150.9405231016577,2.9027737340620607,2509_18274
36.71816047380365,-4.304260892727484,2509_18274
34.80914839598401,-4.845430700111165,2509_18274
37.224407518649706,-4.794108268040542,2509_18274
35.67452440324969,-3.95190087129982,2509_18274
151.66068308566642,1.634813014654779,2509_18274
240.7553413144316,55.06944830310791,2509_18274
241.8860787379151,56.35967941790008,2509_18274
241.79355476631395,56.694978937412515,2509_18274
149.8304115567161,2.9998233106051324,2509_18274
148.7628614341665,1.753919881806393,2509_18274
35.82569854128948,-5.708808542413884,2509_18274
353.5763116778832,0.2777568421796786,2509_18274
241.8600736252804,55.84456991059977,2509_18274
37.00016074697788,-4.358431177766328,2509_18274
37.02510045794417,-4.205542616763639,2509_18274
243.22095525344176,55.651620570296814,2509_18274
35.477810707243414,-4.712327438630166,2509_18274
244.0349877993744,54.0990581231109,2509_18274
241.83851951930896,53.589514149648686,2509_18274
352.9662561916416,-0.6132578979804807,2509_18274
149.5254049123889,3.432046067744559,2509_18274
35.74651749139944,-5.6555313512779755,2509_18274
243.74435204361373,55.807380225174704,2509_18274
35.879503494629645,-5.980457457330287,2509_18274
243.9458314582842,54.07597849818524,2509_18274
36.69230463963814,-3.920710484456323,2509_18274
351.41757544118286,-0.8259283299733458,2509_18274
36.4237712727374,-4.0814459874202,2509_18274
36.299814497186205,-5.8737580197973065,2509_18274
352.23781434528814,-0.2763511521888234,2509_18274
150.54660720790469,1.2407336326144782,2509_18274
36.15693446169065,-4.1701298676546,2509_18274
35.45078270806709,-3.5762982830070897,2509_18274
37.62866225271265,-4.612896812245571,2509_18274
148.67056182176626,1.7634306552177628,2509_18274
243.20985284215888,54.47926218711738,2509_18274
242.4446469677621,53.232857789243575,2509_18274
149.90350387775916,2.939697257974657,2509_18274
36.35379886401799,-5.69429391996475,2509_18274
352.39846984941005,0.2474889186165442,2509_18274
149.73933264748482,1.001699384181019,2509_18274
242.51084666734667,55.77965596884479,2509_18274
36.50898593924246,-5.165524994298011,2509_18274
351.9600045298293,-0.642536254165515,2509_18274
35.645714090843256,-5.299268096819095,2509_18274
35.86101790421738,-4.122818527046788,2509_18274
36.77882018316112,-5.1902330250106745,2509_18274
244.24353294010737,54.999060086307146,2509_18274
351.96956276882656,0.8619171383557466,2509_18274
151.0360258441739,0.7074540247932883,2509_18274
151.1867530103264,2.99056043978775,2509_18274
243.7701661383894,53.45672826382686,2509_18274
37.16685881976374,-5.032489811244648,2509_18274
243.82059427982443,55.416023367844375,2509_18274
35.16055929083373,-3.9202235050412977,2509_18274
34.084058478799626,-5.165493943715491,2509_18274
352.04292473548156,0.1834939660106015,2509_18274
36.771031435141545,-5.002423427579382,2509_18274
149.4316965901625,3.5165435510771212,2509_18274
35.48006052054827,-4.941905979376688,2509_18274
241.57281109722004,54.61284931842091,2509_18274
34.09875443806954,-4.884833189554984,2509_18274
149.43024811692743,0.68994268581128,2509_18274
241.17391472744217,54.52700342882064,2509_18274
353.42720546113486,0.0602369377052713,2509_18274
243.69123301187267,54.11577463436131,2509_18274
351.7248872554522,0.8022388048383389,2509_18274
35.44570083490101,-4.053532797212268,2509_18274
148.741245710252,2.4077224615818804,2509_18274
242.8367741030085,55.62034005017023,2509_18274
149.29907201062568,0.7966056610465124,2509_18274
240.9443449601519,55.025181845892845,2509_18274
36.865607679368864,-4.6176746745102895,2509_18274
150.22480275750303,2.6496473953308683,2509_18274
35.39595481064534,-4.449858380265579,2509_18274
353.181356818445,-0.7893065814963909,2509_18274
34.783218943669816,-4.3829714030470495,2509_18274
242.0586494292841,53.58751065289293,2509_18274
244.3427127837624,55.13350655102614,2509_18274
35.918140466568346,-5.012468275543366,2509_18274
36.63749665807353,-4.363991984159045,2509_18274
35.27854030069089,-3.669477670188329,2509_18274
37.231773816874245,-4.6507210772338,2509_18274
36.42244376948912,-5.059764031962787,2509_18274
352.6834131954434,-1.1112705720429434,2509_18274
243.92647358864943,55.34240990826803,2509_18274
35.50431188398185,-4.876906768490718,2509_18274
150.2050304517309,2.8813491484965565,2509_18274
241.90953063267744,53.684210983701234,2509_18274
34.12474270040899,-4.946779256600388,2509_18274
35.65587682315804,-3.9886872899788464,2509_18274
149.9948709942568,1.054991186033066,2509_18274
244.96060654506775,54.620959596230115,2509_18274
151.64521634359102,1.139988408012943,2509_18274
33.959975975652846,-4.644480396696458,2509_18274
35.29605370593972,-4.041155194363928,2509_18274
37.1161445173317,-3.96069624504809,2509_18274
352.0127124307766,0.8670509149741886,2509_18274
243.47808074718276,55.94213685951873,2509_18274
240.2969956017691,55.22624833124004,2509_18274
35.206051390818025,-3.554369447181117,2509_18274
242.5264184561908,56.41709656461365,2509_18274
34.26991125240041,-4.939647152120202,2509_18274
244.02521871291165,56.40261454405943,2509_18274
242.04566935266703,53.87837686313934,2509_18274
243.99565776383824,54.3041126895028,2509_18274
243.70453600770247,54.32282494312075,2509_18274
151.66987697206153,1.8396934006435317,2509_18274
242.5206807813059,53.37128132041863,2509_18274
351.89897146569996,0.9535111483333488,2509_18274
353.34797983387455,-0.3271282760369908,2509_18274
352.0537560305652,-0.9146248224545946,2509_18274
350.96412534826936,-0.2975774622396063,2509_18274
151.15976292782426,2.244656716624964,2509_18274
353.2974233650403,0.0537810595332766,2509_18274
243.40996304915063,53.48510048780414,2509_18274
36.20844718252541,-3.601727659598654,2509_18274
35.604289089525764,-5.781029465473063,2509_18274
243.0363759587623,56.00443564026598,2509_18274
36.55727251038659,-3.991062567191011,2509_18274
243.36061736704204,56.38657778249301,2509_18274
352.6377679367668,0.1448137595961973,2509_18274
241.9386477314639,55.457757276447424,2509_18274
352.8465635725145,-1.1454891765202455,2509_18274
240.26075273153208,55.04335827986201,2509_18274
352.3754881140678,-0.7629202900877179,2509_18274
148.5641249994828,1.6979028491450838,2509_18274
353.62816426514536,0.7658418282856836,2509_18274
242.65317977414992,53.64625108688163,2509_18274
36.15675579970519,-4.530755564892997,2509_18274
242.40437191933233,53.6977638164669,2509_18274
352.9538942553363,-1.3697074176863857,2509_18274
244.78350232288355,54.858358648737344,2509_18274
352.3566459830061,-1.536107273161426,2509_18274
150.20693562583273,3.252642522114868,2509_18274
351.9171391541822,0.9064446716813324,2509_18274
36.366662178191625,-4.52102823854475,2509_18274
241.4692191607196,54.08264429814736,2509_18274
35.223795383142715,-3.9271364097065766,2509_18274
34.922934491001264,-4.875216623904878,2509_18274
37.19049624351389,-3.868874456538786,2509_18274
241.88538499727207,56.61093034344042,2509_18274
34.27040908832348,-4.25458544925529,2509_18274
36.25726451697866,-4.757906722508063,2509_18274
151.54376441396718,0.9050208826761033,2509_18274
33.91134945679528,-4.715262714041268,2509_18274
35.44825903113225,-4.497583542573514,2509_18274
150.4174075761262,2.4312571684122433,2509_18274
36.379186511842946,-5.003739749176357,2509_18274
37.40345090381404,-4.708695923464385,2509_18274
244.9796728844432,54.95511309236715,2509_18274
351.4335358483326,0.799325651396325,2509_18274
35.36627814135271,-3.645646305572925,2509_18274
241.72074119111065,53.59555446292311,2509_18274
351.71839764539476,-0.6173592900839485,2509_18274
35.402321705103176,-3.551536038992184,2509_18274
149.91907466872885,2.600950721831891,2509_18274
242.9166880223383,55.822126669304055,2509_18274
35.66544238222267,-5.399463056391359,2509_18274
35.473784557108715,-4.274923339113535,2509_18274
150.64296598605827,0.812620695096541,2509_18274
35.9741479622928,-3.721285965990523,2509_18274
36.24121231123009,-4.8235658017570655,2509_18274
242.3216044189119,53.195095964051,2509_18274
150.08589662489504,1.412576635116784,2509_18274
149.5266264676734,3.390536155628277,2509_18274
240.94185976785027,55.69104900592727,2509_18274
351.38705136294965,-0.9251757699849252,2509_18274
244.16808651070343,53.97214939311352,2509_18274
37.12220184124713,-4.856515871391352,2509_18274
241.30941923746383,54.701978734495704,2509_18274
243.9639609582859,54.0839613086965,2509_18274
351.13945461831213,0.3690011673916467,2509_18274
150.2884074234903,3.335706482489327,2509_18274
353.40302886646316,0.811825666212393,2509_18274
35.74672017476013,-3.620762852073248,2509_18274
37.11217379461191,-4.358891221391278,2509_18274
243.76291441630983,54.692710790228006,2509_18274
352.80761158348764,0.7083320486208011,2509_18274
351.41082952964416,0.7753189359358801,2509_18274
36.09386127194493,-3.80500081397121,2509_18274
35.6310537950812,-3.77659040156142,2509_18274
352.90031504006436,-0.5508270002617475,2509_18274
37.026235697428696,-5.122140094249341,2509_18274
352.89897908273593,-0.9839969379571116,2509_18274
352.50188297365276,-0.6750885909829376,2509_18274
34.42202154677164,-4.57531839437217,2509_18274
151.73374816254696,1.5506562796104977,2509_18274
352.2990711526564,-0.9526558596489384,2509_18274
36.184569317324986,-4.4793187049657215,2509_18274
353.1121646280509,-1.2016645637348324,2509_18274
352.6580007047102,0.1997004165409111,2509_18274
242.8555545951047,53.74686616091424,2509_18274
351.7906024170989,-0.7193779634623931,2509_18274
37.31383442430981,-4.917033708950959,2509_18274
243.33408876731608,54.86220445887053,2509_18274
36.01722407153688,-4.803350734980238,2509_18274
150.4991733107496,2.1473654721284876,2509_18274
35.815915765104506,-3.6141502845076903,2509_18274
352.46642878666296,0.678998979550171,2509_18274
243.0057093986429,55.76393039409135,2509_18274
150.25606796439305,1.047918258426611,2509_18274
36.76868986139498,-4.37872015858749,2509_18274
240.35139979274143,54.81432386608088,2509_18274
36.71237021955075,-5.056956330613941,2509_18274
352.32898846680166,0.1347659272827327,2509_18274
35.428363758864464,-3.374346385441235,2509_18274
352.36173066209005,0.6812110494497585,2509_18274
34.65712381078948,-5.569963768589752,2509_18274
242.8432502773088,55.824290054134345,2509_18274
36.67609757513191,-3.8362815436740574,2509_18274
241.48776337997927,55.61811876031759,2509_18274
149.01168944763353,2.408084652039792,2509_18274
351.1824636704794,-1.0335513999640578,2509_18274
36.02333161999577,-4.777059358639523,2509_18274
243.75017225826588,54.05812445818477,2509_18274
351.02872096429934,0.3639106634234758,2509_18274
353.20105511864483,-0.970627615670826,2509_18274
36.59040552275559,-4.310292468224361,2509_18274
34.76244414182653,-5.586620885265499,2509_18274
37.32639131658494,-3.9117809421453864,2509_18274
243.31402015485975,53.49390549452574,2509_18274
351.4004241006721,-0.0145143393903308,2509_18274
244.21169957195843,54.54875102750468,2509_18274
37.564478338509005,-4.261683220820069,2509_18274
241.79049900888617,55.64688998015679,2509_18274
35.742570739666775,-3.3693879860574634,2509_18274
36.80907962092423,-3.877154814691889,2509_18274
242.67771769809156,53.43763453767269,2509_18274
241.73729109529276,55.707376917751866,2509_18274
352.5142385954763,-0.7031415642728871,2509_18274
36.729721903601146,-3.790733642448561,2509_18274
353.65354988546386,0.7403035300600009,2509_18274
243.34658142464423,53.971219626111335,2509_18274
36.49760051270379,-5.312532942132154,2509_18274
149.40500527688943,2.724820397041378,2509_18274
241.4358925187109,54.79534712158074,2509_18274
35.32240697125996,-4.1236532069753755,2509_18274
36.80546026524965,-3.853737556436056,2509_18274
36.88293000190152,-3.872273594253987,2509_18274
242.99096304871307,54.89179175898048,2509_18274
242.5788949639295,54.05274164720144,2509_18274
352.15415363059356,-0.6543867174738113,2509_18274
149.84129476383342,3.4412909374550185,2509_18274
243.4414459020556,53.244236351217374,2509_18274
243.0178793542892,54.58398923809315,2509_18274
350.72628145820653,-0.6227480604974597,2509_18274
353.1630321894692,-0.5926239564422222,2509_18274
242.1828408995762,55.76033554509685,2509_18274
243.40941491675517,56.35691385012927,2509_18274
33.781862369123246,-4.5629385557574835,2509_18274
244.14777771805288,53.9755218173623,2509_18274
36.73697343515802,-4.72114800038925,2509_18274
243.2698768911282,53.306730971709264,2509_18274
241.3926175337571,54.69363448547356,2509_18274
151.14690555709572,2.0359103089622437,2509_18274
244.48997912363907,55.16671402914515,2509_18274
37.09505388836291,-3.786868586920985,2509_18274
37.133233925079544,-4.041375196683398,2509_18274
241.4419420947562,54.76859149438,2509_18274
148.99921027789512,1.4432731524722628,2509_18274
149.28388863213544,1.9626723616335613,2509_18274
242.8351284058109,55.19888450327337,2509_18274
36.09332915645651,-5.999939375860676,2509_18274
352.27338452606494,0.6293409290993237,2509_18274
240.97353560876175,55.30859789448545,2509_18274
149.84423079214224,3.2359260064575843,2509_18274
242.67994846056217,53.99224776258199,2509_18274
243.77193028622267,56.586410341274345,2509_18274
243.29435415825392,55.76204807130949,2509_18274
150.5560800876351,3.6531906295704304,2509_18274
241.34411733578895,54.92722401751241,2509_18274
241.9655271875208,56.041092377204144,2509_18274
34.744224163296174,-4.70362783849993,2509_18274
37.150007295464896,-4.225283249144827,2509_18274
242.0597482390666,53.53006385503642,2509_18274
243.2847138057674,54.27702289631146,2509_18274
350.5370611248491,-1.349056260441154,2509_18274
243.11146682065072,54.80679234535146,2509_18274
353.2727495449233,0.8629910040452603,2509_18274
149.45151563790702,3.4703680639216437,2509_18274
149.19604998602932,3.3846850026699515,2509_18274
244.03205877429875,54.102433456606,2509_18274
151.315187131703,1.6451080301368028,2509_18274
351.2558962361001,-0.7464041682804402,2509_18274
150.9079452790009,2.8529895369243525,2509_18274
150.15907956179748,1.4403510847495975,2509_18274
34.13501988449651,-4.543706579101052,2509_18274
35.98128476427061,-4.608848336663629,2509_18274
241.9939928745257,53.300332142984615,2509_18274
241.72689909968665,56.55707819793255,2509_18274
36.04740940204325,-3.99995299033186,2509_18274
243.01742120976056,55.89896970033784,2509_18274
240.45752768858088,54.65812864953171,2509_18274
35.98280055418938,-5.303088146880616,2509_18274
36.442502282321314,-5.256895509094584,2509_18274
150.7502009926349,1.1329772089259933,2509_18274
34.855417785292346,-4.51641537581583,2509_18274
350.6132240839539,-0.2743212689958855,2509_18274
149.930652797695,0.9011552495088412,2509_18274
353.6803911138381,0.0557491263300229,2509_18274
352.2613375119322,-0.6917036102476034,2509_18274
243.47242224722555,54.114530658282874,2509_18274
243.06836886737375,54.15037657542028,2509_18274
35.3917757393357,-3.558421303962795,2509_18274
35.10851424915205,-3.5495677427107015,2509_18274
35.671448227786556,-5.531265062476244,2509_18274
353.20759287568,0.7205689890259761,2509_18274
352.9777566101683,-0.93103286163584,2509_18274
150.1904468111242,3.2681624349635428,2509_18274
149.26972407865546,2.2108058556224464,2509_18274
151.01661240660087,1.2083525119693412,2509_18274
36.11257997789546,-5.0731404044726816,2509_18274
35.47029513011632,-4.344654484213352,2509_18274
352.90851751050866,0.7698382266458765,2509_18274
35.65865334085344,-5.294388863123687,2509_18274
35.48261178249237,-3.8669867474112545,2509_18274
352.7965522019066,-0.5552486268643386,2509_18274
352.18360150611556,-0.1560101381195432,2509_18274
352.4709480282168,-0.1828882228970906,2509_18274
35.8366222384897,-5.675018897819787,2509_18274
35.497587032337336,-3.893654870010302,2509_18274
36.41588295330432,-5.005269016483241,2509_18274
37.6484049422776,-4.652340451691794,2509_18274
37.119737345689806,-3.946328830327007,2509_18274
36.27597417493087,-5.93114996414809,2509_18274
242.9927757035111,55.968341004509206,2509_18274
351.5512328273227,-1.4046889161335634,2509_18274
352.99735262820803,0.6926449766831343,2509_18274
36.588891319914794,-4.463935507931929,2509_18274
35.509322414921215,-4.582681304992245,2509_18274
36.01931163474659,-5.015758318137859,2509_18274
353.4810912324378,0.1447162556228632,2509_18274
243.9206830168655,53.8887889140805,2509_18274
350.64605841328483,-1.0277494766021609,2509_18274
242.009046045836,55.557692605707835,2509_18274
240.21071076836984,55.12085973325918,2509_18274
150.28464444780096,2.2788166294008287,2509_18274
37.2007869326674,-4.270544578518576,2509_18274
149.6791687909994,3.313818784759535,2509_18274
149.35057333839703,3.183700789719412,2509_18274
240.43729108608065,55.42286761134577,2509_18274
241.85111943659967,55.988587714974294,2509_18274
149.85991059339648,2.1487519444409893,2509_18274
36.40075110881275,-5.677041073764797,2509_18274
351.9631940847575,-1.1746923469036787,2509_18274
241.10556718834795,54.55288191225901,2509_18274
34.826635420329914,-4.859488246282963,2509_18274
353.7368203954419,0.3811252132572335,2509_18274
36.99775454547998,-4.0949596483638695,2509_18274
37.14768276709097,-3.8260285965108785,2509_18274
352.4194927936781,-0.4359466230396827,2509_18274
242.36855164677627,53.7195571837421,2509_18274
149.8727526270059,1.220419973940126,2509_18274
150.03699873211295,2.1661098973620447,2509_18274
244.71366608799863,55.02269080216052,2509_18274
244.52709396471576,54.697817661328216,2509_18274
149.63387732572824,1.396401799567783,2509_18274
150.69655031083147,2.488247071844505,2509_18274
149.85281348017705,1.2509150758341248,2509_18274
34.705218919981,-5.365232268192525,2509_18274
240.43962835841185,55.022047244596955,2509_18274
35.479154028420666,-4.544444575942396,2509_18274
150.14173566444822,1.2897507119958322,2509_18274
351.1049907977028,-1.5016182941436391,2509_18274
351.9342068085778,-0.3465871966926709,2509_18274
149.7970445248174,3.6020973134120884,2509_18274
150.91291287600356,2.576694466157904,2509_18274
350.44751177553144,-1.0998286905754904,2509_18274
243.5012518017259,53.95839686056577,2509_18274
36.84252575397998,-5.091474203215061,2509_18274
34.1468465292934,-4.324844126882156,2509_18274
149.32322498564562,3.062408159413667,2509_18274
351.6632726544951,-0.5939823327634864,2509_18274
35.33017312319622,-4.253611901129086,2509_18274
35.81611017740316,-3.551086227748826,2509_18274
352.3571538947588,-1.531409138127984,2509_18274
244.0986205528052,54.982953461219104,2509_18274
243.95339879702505,54.07022354083664,2509_18274
34.929587516496966,-4.250932542003579,2509_18274
150.21907513151396,3.4879867997706087,2509_18274
241.60289439552875,54.944351102900114,2509_18274
351.88353525464373,0.4824388672121179,2509_18274
35.67952906398527,-3.623338526525046,2509_18274
36.137426339323184,-5.418171573715613,2509_18274
151.39571661086475,3.0536236779024493,2509_18274
241.98005939006143,56.5625836268756,2509_18274
240.890328403372,55.638691643927515,2509_18274
149.76955282128858,3.5233233768197287,2509_18274
149.15601655291917,2.223864949974657,2509_18274
242.28431439512855,55.62557479846565,2509_18274
352.38564000995757,0.6766060305343821,2509_18274
35.24176667251797,-3.6865111803172463,2509_18274
351.8298474485222,-0.1538759004435654,2509_18274
36.77534608232818,-4.126339201513273,2509_18274
149.0174931815354,0.7391253177199536,2509_18274
148.90674061708785,1.3616398048767588,2509_18274
35.68334981938336,-5.016925440360252,2509_18274
244.11221837527523,54.23869780722482,2509_18274
244.74080436507128,54.37028733088281,2509_18274
35.068998425749555,-4.076652214346933,2509_18274
149.18024925573118,1.3731450886058694,2509_18274
241.9504603094868,53.382966074878,2509_18274
33.75573376040492,-4.606080059161733,2509_18274
351.08797921447245,0.2691222528742094,2509_18274
150.48318467295493,1.778184880187762,2509_18274
242.15088792645685,55.41981623225718,2509_18274
150.940425798256,2.9046076859021603,2509_18274
36.47888288883511,-4.37494939624596,2509_18274
36.04682580385167,-3.8710063249504065,2509_18274
244.1057257120293,55.195827495471576,2509_18274
36.02186990587043,-4.479668079473878,2509_18274
243.04371927804476,53.9954889145709,2509_18274
350.7126678545225,-0.8836816129999053,2509_18274
151.58054340548293,3.052731297914998,2509_18274
35.09296211210608,-4.1654943993547136,2509_18274
240.17091158137373,54.88898448366161,2509_18274
243.92881619146124,56.0241187776926,2509_18274
242.0132277680419,55.89093490031621,2509_18274
351.89778565594906,0.9908174765894224,2509_18274
35.97856238179997,-4.537241519584402,2509_18274
244.62351642980624,54.801340400322395,2509_18274
243.55667312775972,56.227383973793295,2509_18274
352.5899463633165,0.6971174871376473,2509_18274
351.9104728305056,0.054898719710702,2509_18274
36.65767420691544,-4.903686109922766,2509_18274
35.99499469632782,-5.837341335560909,2509_18274
149.95558934441635,0.8341576820216957,2509_18274
149.86494517744248,2.0291315487072104,2509_18274
242.5982644625253,53.55605942673685,2509_18274
244.5236926398029,54.988384658455224,2509_18274
353.5686768395654,0.178805171008793,2509_18274
243.37830875691031,56.59704423371,2509_18274
151.38135384248562,2.5884454964759582,2509_18274
34.84026665304813,-3.9478504517015,2509_18274
244.2896626426588,55.61890273059993,2509_18274
241.6583459302693,54.57397690148223,2509_18274
37.07265394163577,-4.271411787117706,2509_18274
36.61483219060849,-4.018581750137625,2509_18274
149.41986833386872,3.523928905227547,2509_18274
35.659136449537556,-4.154084404129015,2509_18274
151.34198062928397,3.1901631494074154,2509_18274
150.00082376656073,3.476011567620003,2509_18274
351.59099026006743,0.6071683463482981,2509_18274
149.9855772431429,1.8298979325348097,2509_18274
240.96006373488,54.722377172517234,2509_18274
37.10157407614448,-4.1905444226698325,2509_18274
351.2768941627347,0.7161688900371047,2509_18274
35.6075948629907,-4.17318946034252,2509_18274
244.01296169254837,54.79277992099878,2509_18274
352.19982603229994,0.0261728423002144,2509_18274
352.4119559338306,0.7365391793529956,2509_18274
37.32400126043138,-4.005644771765102,2509_18274
36.641098997758526,-4.429707580466929,2509_18274
35.94219558269035,-4.476523987004878,2509_18274
35.97884297151312,-5.824208611923682,2509_18274
151.21135447850727,1.4046232496994784,2509_18274
351.66922807374647,-1.0733000079017514,2509_18274
35.340695559201485,-4.037077683806591,2509_18274
36.9337086543612,-4.0577118276238435,2509_18274
352.5869317384019,-0.244986793187338,2509_18274
34.994382833855795,-4.4078079041828895,2509_18274
350.97518203030535,-0.6205973262592883,2509_18274
36.30600366875675,-5.764004111908468,2509_18274
36.76545471990361,-4.141507517320621,2509_18274
243.65234846460947,54.43073344484208,2509_18274
245.1743906426966,55.303893047517214,2509_18274
151.1929970089062,1.070456899720418,2509_18274
36.63268382200072,-4.817870198034828,2509_18274
243.2155442827469,54.47672233381249,2509_18274
351.60653362299195,0.6101281080727504,2509_18274
351.5998844292032,-0.6774740788758545,2509_18274
242.80490566444044,55.56663392917681,2509_18274
149.5281305272102,3.431333527048045,2509_18274
353.18727766947205,-0.7894026870793999,2509_18274
353.76940330918484,0.3361558998777373,2509_18274
242.61437213257184,54.212890418025914,2509_18274
35.944732086202244,-4.341037327747188,2509_18274
150.4257156922861,2.060914215713959,2509_18274
352.1911978059553,-0.962563724033802,2509_18274
35.265773671646706,-3.800075691953949,2509_18274
36.62632838468156,-4.913039529546643,2509_18274
34.78485963566674,-4.379444386545353,2509_18274
36.37585375081399,-4.2384555555641,2509_18274
36.61713901112183,-4.997715298555325,2509_18274
243.75176998966248,54.46254687259184,2509_18274
352.07324669298123,-0.9180925375441886,2509_18274
150.4249257216087,2.066171938459948,2509_18274
241.6375853405297,53.89963817310535,2509_18274
242.5282547396561,55.428749255281694,2509_18274
36.47416217967608,-4.113914241102798,2509_18274
150.5755305137263,3.694681335427786,2509_18274
151.12789473819612,0.8894253018742633,2509_18274
353.23202672241297,0.6962729694095543,2509_18274
240.57652894040575,54.63150087596035,2509_18274
242.75153543129431,55.21932381670786,2509_18274
242.96784419837223,54.41653659719567,2509_18274
352.70644956734844,-0.3561342919089709,2509_18274
36.9400340363127,-4.85674891295008,2509_18274
36.079028947886336,-3.673426747308388,2509_18274
149.7095401118534,1.5252267901937997,2509_18274
151.10746633541916,2.3557233296248916,2509_18274
242.27942982525204,53.73756062627228,2509_18274
150.36524267534796,1.9871275344078725,2509_18274
351.16204157446407,0.2391301972729834,2509_18274
150.0093249469,1.3101803680147266,2509_18274
243.83514331449936,55.76379924570664,2509_18274
36.23395826894547,-5.133187452173581,2509_18274
35.795329818058185,-5.216884202091634,2509_18274
35.796390000712954,-5.009442387728896,2509_18274
352.93212434313256,-0.9741239416482363,2509_18274
35.488020958699856,-4.947055894711505,2509_18274
151.4906432022825,2.5832465176948016,2509_18274
149.9307715962237,3.0274284902130706,2509_18274
353.8016299333683,0.6663246984165192,2509_18274
36.32752609808632,-5.706839142710224,2509_18274
242.378869053247,53.26795322609822,2509_18274
352.8694894426733,-1.3264307360044056,2509_18274
37.103821014422365,-4.388205097437457,2509_18274
242.75669608655124,55.40388253282172,2509_18274
242.8623898852657,54.49438504992272,2509_18274
240.22441825257275,54.56107008335059,2509_18274
35.8509529053694,-3.9994820081354385,2509_18274
150.58486797043057,3.693079428916119,2509_18274
35.43689384824443,-3.6614471908754576,2509_18274
352.51496980210806,-0.6810623844308468,2509_18274
37.201052252371696,-4.116080470098715,2509_18274
36.29131085189853,-5.868112086491072,2509_18274
242.38837268712467,54.02898575433825,2509_18274
244.86482212993943,54.81232787634972,2509_18274
36.802289565063866,-5.101227386979224,2509_18274
243.37708826764003,55.02660536896618,2509_18274
34.81328107127453,-4.846628558468128,2509_18274
151.55145379295217,2.5239091639892943,2509_18274
35.81419935446393,-3.9900490966119815,2509_18274
150.18859179828542,3.4629016021538925,2509_18274
350.4144964116091,-1.1485443948385756,2509_18274
350.9201069102589,-0.2569660578480825,2509_18274
352.0253350375665,0.5278146416553037,2509_18274
36.36941930799376,-5.639679122039292,2509_18274
241.72406998670783,53.505777274987686,2509_18274
35.41950854663865,-5.168880645165776,2509_18274
244.63344249129324,54.560344009066824,2509_18274
36.2947094524007,-5.4484960802503615,2509_18274
36.74794383707038,-3.8049763459737616,2509_18274
352.70637935883354,-1.500968657082668,2509_18274
36.547461601607885,-4.605580943031793,2509_18274
353.7221257454308,0.5613308654750633,2509_18274
242.8148082337924,53.56988543677423,2509_18274
35.61205563026638,-4.468163297239465,2509_18274
242.83465764731375,54.58535236423365,2509_18274
151.15807891864745,3.3274484395200403,2509_18274
353.2402711202362,0.8463532751511165,2509_18274
36.8584136196196,-4.544783641116164,2509_18274
151.4941900794971,1.8417638320928484,2509_18274
351.38829112938174,0.4308415982495576,2509_18274
353.40408567944854,0.4510498180511923,2509_18274
37.49301126720528,-4.1617464434313245,2509_18274
350.90446441929214,-1.5615841107482795,2509_18274
241.7826575205476,53.64437668639635,2509_18274
242.8786971606359,54.27621263342056,2509_18274
37.47337327513627,-4.8538162977086055,2509_18274
352.03536664527843,0.8355107037908672,2509_18274
35.21136050481518,-3.4253902735050437,2509_18274
351.0049346673126,0.5534649604789468,2509_18274
353.1935976905764,-0.3427517119832535,2509_18274
150.36058829931582,1.3616544574518483,2509_18274
243.0455054942139,53.36141071002218,2509_18274
243.0913413941439,53.68208573228443,2509_18274
35.659210907355444,-5.529842424393834,2509_18274
36.898894102437815,-4.6281041118015445,2509_18274
34.8232244397946,-4.361723855759124,2509_18274
353.16095198838485,-0.4796690959231295,2509_18274
150.28241548655117,1.016473064831074,2509_18274
352.2502791514131,-0.4336453957549421,2509_18274
37.102149018307706,-4.944963141162594,2509_18274
151.68335761958764,1.7542113595324649,2509_18274
35.40199353737285,-5.52124180512553,2509_18274
350.99502330972575,-0.1827837674770155,2509_18274
148.99319896889733,1.866556136989024,2509_18274
352.63932985453823,0.1295059713443261,2509_18274
243.75436386654025,56.48746697652376,2509_18274
35.40907538489543,-3.932549800013388,2509_18274
241.7993511746992,54.45794725133007,2509_18274
148.97382785732773,2.546673417078581,2509_18274
353.46266755600186,-0.3928093379950785,2509_18274
37.40248479496372,-4.407687104192785,2509_18274
150.91995910920474,1.2096331790105972,2509_18274
35.73359712513094,-3.3803423134913935,2509_18274
35.202088348656034,-5.157938891907998,2509_18274
37.226046589109366,-4.2608222796459545,2509_18274
240.98975284244,55.45891314192192,2509_18274
352.31709747504,0.7953960309661294,2509_18274
353.1023816960323,-0.5689080705228231,2509_18274
243.953343236697,54.23926224573661,2509_18274
35.35718214538216,-4.565103079960511,2509_18274
243.55511791127697,56.19130604326233,2509_18274
242.11014454903457,53.54523999869821,2509_18274
35.57102078271089,-5.33239233083232,2509_18274
244.5228484792408,54.72133258330066,2509_18274
36.14524143981519,-4.212022493789009,2509_18274
149.03038349572603,2.059931456847081,2509_18274
241.99701465735,55.52285236668516,2509_18274
243.0480473730593,53.74360018259475,2509_18274
37.20499833558867,-4.02213025006678,2509_18274
36.23264895236451,-3.62327057385461,2509_18274
36.195906954324535,-4.147544354486657,2509_18274
34.86158990014598,-4.006805376840925,2509_18274
149.0115296730184,1.2403803597062664,2509_18274
350.6812003294941,-0.9317556812046272,2509_18274
35.85409770699362,-4.449841782925956,2509_18274
148.5735268754411,1.7991621696262814,2509_18274
351.5840029646044,-1.1791767999199587,2509_18274
350.84755106678676,-1.1100643585495544,2509_18274
150.6619997014691,3.5571129012546807,2509_18274
353.1573776021046,0.7999312469393747,2509_18274
151.64834962956306,1.5273990561442117,2509_18274
35.4019829138825,-4.161885971514186,2509_18274
36.11417505819741,-5.579263938290031,2509_18274
149.90404609757385,0.9999193274744216,2509_18274
37.09431256750543,-4.04916315410258,2509_18274
149.80936221328162,1.3313706225885584,2509_18274
34.018120571420745,-4.80039439505145,2509_18274
244.4584273108125,55.37848905455402,2509_18274
151.20369195383756,2.3479666874763967,2509_18274
241.3512854657756,54.32742432656732,2509_18274
352.70392068151534,-1.207500543128074,2509_18274
351.5826447799083,0.0548149658745713,2509_18274
243.16583712432575,54.003020583771935,2509_18274
149.88761072654626,1.4844949675164183,2509_18274
36.56860577712706,-4.241567914960551,2509_18274
149.81259316022735,3.143760901773901,2509_18274
35.5448127514843,-4.246221516797164,2509_18274
35.492687980643,-4.928652632663168,2509_18274
36.75490193745527,-4.5579945174029115,2509_18274
149.7493249809859,3.1902269961804803,2509_18274
150.033855439258,3.027839763062046,2509_18274
149.13733955857174,3.164567975892169,2509_18274
350.99936811811483,-0.8379968630075745,2509_18274
36.262986925856765,-4.45677841515397,2509_18274
241.71142017549303,54.419490449356566,2509_18274
151.28019682487684,2.6041403181540956,2509_18274
148.48536986025974,1.6108259359463952,2509_18274
36.44348622113912,-4.669499518095889,2509_18274
151.46798551186657,1.9865789732808,2509_18274
243.6569225883972,56.521402896524705,2509_18274
37.169031719256715,-3.8331506190070512,2509_18274
350.8123330032887,-0.3371101671078037,2509_18274
36.66481239429778,-5.203644275267281,2509_18274
243.63690152713045,56.00734671497958,2509_18274
36.93181809268815,-5.054085461765661,2509_18274
36.45495731224686,-5.077945486907401,2509_18274
36.34176019614176,-4.261077705694676,2509_18274
150.2927348569177,2.426675143622179,2509_18274
37.12213773640143,-4.1465698520168965,2509_18274
352.79006176159913,-0.7930209926836733,2509_18274
351.3447460917261,0.0473907694281419,2509_18274
149.45509922623083,0.7998319534093374,2509_18274
353.69643980145497,0.2057065678192752,2509_18274
241.52006167762735,55.537606990873506,2509_18274
242.689255323391,56.729038621287955,2509_18274
241.40971138550145,55.39714093427718,2509_18274
151.4695154416649,2.5317469231546377,2509_18274
33.87059067576267,-4.963071696051676,2509_18274
242.1743141265713,55.8426991456571,2509_18274
242.8297440625283,56.413079330469024,2509_18274
244.7572987895744,54.60190825134634,2509_18274
148.64221437706507,2.973550372581864,2509_18274
149.04019715305003,2.2467871234687427,2509_18274
35.23120071215061,-4.451358944566284,2509_18274
35.19254906191226,-3.4873557481947692,2509_18274
351.7646431146426,0.6445441661921002,2509_18274
150.28877509557557,2.473149101266203,2509_18274
36.823119010644355,-3.775922991139376,2509_18274
243.44113009645463,54.4506232719233,2509_18274
243.49545009996243,54.50521508218093,2509_18274
353.418456910798,0.052411514809974,2509_18274
36.929729770600446,-4.6471889486844695,2509_18274
351.26728246623463,-0.641267457092539,2509_18274
150.88276934705337,0.8473205167559127,2509_18274
244.39331003838672,55.55811468251267,2509_18274
36.9331570480567,-3.7474404030847537,2509_18274
36.76296053863,-5.040913178709148,2509_18274
35.525909484338314,-3.618527761871646,2509_18274
150.12604801861244,3.141550546443016,2509_18274
242.84983770286448,55.85936140030951,2509_18274
34.98276635939639,-5.467564739850247,2509_18274
149.6285526095597,3.4045081956743664,2509_18274
243.64614963343993,56.05926278993419,2509_18274
352.09874457820774,-1.53184942672679,2509_18274
149.6508708061633,3.729452092982019,2509_18274
352.65302712509913,0.2190291928656869,2509_18274
35.3353534468309,-4.038317740871645,2509_18274
36.73558369548115,-5.091510697036806,2509_18274
35.12338706863058,-4.779324174140143,2509_18274
241.3730377334174,54.79971399562157,2509_18274
151.2047452996751,2.3457070339571673,2509_18274
353.13657168336914,0.0926333597866546,2509_18274
36.34242513956218,-4.092974058743093,2509_18274
36.4860317033255,-5.070158351921947,2509_18274
36.326331101474274,-3.977557705238707,2509_18274
34.14335985757278,-4.139065434494174,2509_18274
149.19459075631792,0.8165803102336101,2509_18274
351.5029102618155,0.8421320324062266,2509_18274
240.21625436948105,55.12416907774274,2509_18274
36.34097072186625,-4.8035951916548365,2509_18274
351.0045358096508,-0.3179131099569475,2509_18274
243.10831269270136,53.180847891753984,2509_18274
36.595305873222955,-4.112534276073446,2509_18274
241.41891820695395,56.013650913901934,2509_18274
36.9917290378983,-4.131147143544606,2509_18274
353.67492848842954,0.0521629193627617,2509_18274
35.55761309831691,-4.9823336491689,2509_18274
150.63898711399477,2.6424660731093534,2509_18274
243.04590112208624,53.38220202970356,2509_18274
243.37071410397652,54.419676937065525,2509_18274
352.95986217350145,-0.6625962169009154,2509_18274
242.8959436793105,56.16399117822924,2509_18274
353.1308594999696,-0.3737318304555126,2509_18274
149.013505200872,2.9417051103173137,2509_18274
243.85392822765868,55.86348360786357,2509_18274
352.99417885351176,0.67143124755953,2509_18274
242.9797044736144,54.01785900566595,2509_18274
36.82469384250973,-4.302835432654008,2509_18274
352.1235299731264,-0.9388165584576408,2509_18274
243.7069008246472,54.47826116727851,2509_18274
351.6063643358335,0.1746171051633784,2509_18274
244.39247105143,55.55545183750669,2509_18274
36.968704621268905,-3.855253572497157,2509_18274
35.28067082779658,-3.6021660799101207,2509_18274
35.46831376434991,-3.8315644984684174,2509_18274
36.99740673531047,-4.091381456793037,2509_18274
241.90318399167035,56.00429591419599,2509_18274
353.5188880589326,0.5581337931576945,2509_18274
35.59189852098463,-4.207667753716557,2509_18274
34.13274564136663,-5.107207590077254,2509_18274
148.69237598465563,1.0759845349865644,2509_18274
34.00789686872872,-4.331206943789353,2509_18274
149.7535836996353,1.355026075710349,2509_18274
37.31096565523747,-5.021745900549865,2509_18274
35.48902274472852,-4.233431251426744,2509_18274
352.27993966094016,-0.3977863309051569,2509_18274
241.73973741635967,53.66631825036892,2509_18274
35.819585902254595,-5.462958296067332,2509_18274
33.79974493848166,-4.67449278013634,2509_18274
352.88245385438734,-1.0277349614632565,2509_18274
36.434072159670755,-5.214862484312213,2509_18274
243.57357694144525,56.35384297308098,2509_18274
351.64361546984503,0.3580419149489736,2509_18274
352.621276526862,-1.48213903482494,2509_18274
242.5590348027918,53.73185943566599,2509_18274
351.86689726391063,0.1617362411356447,2509_18274
36.3848872196896,-5.587131121527593,2509_18274
243.3009348329354,54.22762597588021,2509_18274
241.31429476422989,54.39995869444325,2509_18274
150.90523042607273,2.882458407293842,2509_18274
244.26971006361336,54.474003371532454,2509_18274
36.88458138444679,-4.391715831327593,2509_18274
149.62139153792546,1.228827927388192,2509_18274
34.179268717531336,-4.266735999281018,2509_18274
36.84010977421009,-4.165006456912536,2509_18274
244.73656736308016,55.10402123864723,2509_18274
241.2417638296004,55.6345008496105,2509_18274
149.9026729313791,3.578480269135289,2509_18274
242.46703532813217,55.965626734011906,2509_18274
149.7221265345295,1.0130786386810005,2509_18274
243.45644633625088,54.32800486782862,2509_18274
37.45000561869826,-4.316965015583911,2509_18274
35.48134471494353,-4.367861176190115,2509_18274
36.368617434721266,-4.1913484388985465,2509_18274
352.3983810370943,0.3671229073372491,2509_18274
148.60837829387333,2.001485867934264,2509_18274
150.61337916259407,2.41652339118684,2509_18274
243.37491399358595,54.30580871810671,2509_18274
151.27244075050564,3.465001521584267,2509_18274
353.09473081158035,-1.3426690003303667,2509_18274
242.89174510479776,54.27639847212511,2509_18274
36.31441799300162,-5.757030964250565,2509_18274
36.23342173317421,-5.321533257293855,2509_18274
352.6469710802604,0.0701792235484947,2509_18274
34.50387126145326,-4.793041167520053,2509_18274
151.3724695914446,3.225883188011972,2509_18274
351.6946854957233,-1.0454630147628252,2509_18274
148.75432870747147,0.9142958688825406,2509_18274
242.048551788854,56.61391956062969,2509_18274
36.84691166731864,-4.132546179099602,2509_18274
350.94626163409276,-1.5583446560222272,2509_18274
37.287531506240626,-4.201511046881082,2509_18274
35.53213227344539,-3.464168292998583,2509_18274
34.24559400857372,-4.2662289518025025,2509_18274
35.22960512365005,-4.474668012840995,2509_18274
36.832415464815355,-4.298662168796022,2509_18274
352.94277429151964,0.0637620591273019,2509_18274
150.2890290405654,1.0923459031897738,2509_18274
37.45608253553365,-4.613828106411088,2509_18274
37.12958760837962,-3.7973896690562174,2509_18274
244.727497712934,54.803900614398614,2509_18274
150.85436293101688,1.1085735328012742,2509_18274
242.08022775424735,56.58112209880809,2509_18274
35.35898407611502,-4.573117373407947,2509_18274
242.6880814665741,56.73149128643913,2509_18274
36.268099167394006,-5.608011941097442,2509_18274
36.12388470732297,-4.135560750104795,2509_18274
35.1387956372972,-4.582221392995054,2509_18274
242.5098194159258,53.22502726648984,2509_18274
36.27829232348637,-4.323304098724622,2509_18274
150.12508525354016,1.616903514933414,2509_18274
243.9824111747028,56.26859947369467,2509_18274
149.97912331756726,0.9578570490957788,2509_18274
243.62297475804897,53.712604371999554,2509_18274
352.7014582777837,0.7887850205376975,2509_18274
149.47822317992777,2.119803504093449,2509_18274
242.01261664689477,55.52496859441936,2509_18274
241.86303128432823,54.270504076691864,2509_18274
150.03288913292928,0.9826297525697836,2509_18274
244.3032410721814,55.00739963953068,2509_18274
150.59584749429985,3.6275268671749608,2509_18274
36.81182715360416,-4.1711593407953425,2509_18274
35.74483597859374,-3.5234361659681617,2509_18274
35.825103455114835,-5.053981977829253,2509_18274
242.52425393913697,53.305336366591405,2509_18274
242.0413846125487,54.94067877991237,2509_18274
36.83293203047827,-3.8756450129256774,2509_18274
242.2232292836765,55.55024177798592,2509_18274
242.84287412645944,55.62364531649535,2509_18274
352.6297039079973,-0.894920217162687,2509_18274
36.89341163914566,-4.034242420097547,2509_18274
34.99189269437963,-5.4001605963271455,2509_18274
352.5949106404934,0.2731743035935889,2509_18274
35.64542986985322,-5.703875786855536,2509_18274
243.91291988803428,53.84513309032346,2509_18274
149.376479523182,2.7643769491649124,2509_18274
241.8656473714813,54.31225128822257,2509_18274
352.3951535700682,0.6017730808178029,2509_18274
35.935439472760336,-4.407301306157657,2509_18274
241.9454594531964,54.39306253045437,2509_18274
36.742186649234355,-4.790547643207996,2509_18274
350.9939442279626,-0.7112994665475134,2509_18274
241.5059754201276,56.598778732774065,2509_18274
149.09931497181327,1.8565351148058864,2509_18274
35.678599121712274,-4.976526140912283,2509_18274
34.019865750714025,-4.249398919113758,2509_18274
353.2968695140574,-0.4251018954851303,2509_18274
150.7524337297822,2.358534681881153,2509_18274
35.86630467739411,-5.250092300086688,2509_18274
243.44043734365567,56.44347019851971,2509_18274
151.10826400111037,2.015667758526635,2509_18274
351.3326485756855,-0.8651179820152225,2509_18274
240.7696754205146,54.81946870188095,2509_18274
35.71664430029742,-3.931481475842118,2509_18274
243.40917564264575,54.21658680444232,2509_18274
151.7110360066536,1.6400236112820823,2509_18274
245.26139495640777,54.79875776044616,2509_18274
244.15347957020873,54.73549319158084,2509_18274
243.16557754279495,53.71037502168215,2509_18274
243.1220715094588,53.93775444387646,2509_18274
351.95847572740905,0.8545809746153006,2509_18274
149.71706717522105,3.721300101697493,2509_18274
351.82445326473845,-0.8707049673989968,2509_18274
241.17555434830007,55.15861468909049,2509_18274
352.4684717141238,-0.0701340151134538,2509_18274
35.011538104461636,-4.429696425182585,2509_18274
37.15737440552709,-4.632442271709776,2509_18274
243.2762801091879,53.970260364438815,2509_18274
353.57633652496406,0.5517634924512269,2509_18274
35.58206920391919,-4.352087991104258,2509_18274
353.11150721839005,0.2922267782991117,2509_18274
148.740149763407,2.409527441671317,2509_18274
150.1122837381983,2.005250783082736,2509_18274
243.70049388270968,54.31998221568908,2509_18274
242.6258359720757,55.02618890751589,2509_18274
352.9988622657018,0.6927995425588211,2509_18274
34.90766013343426,-4.493758568823389,2509_18274
242.2138604008037,55.43714875218398,2509_18274
242.2394007829979,54.174469071226675,2509_18274
34.884557941132904,-5.284667016203506,2509_18274
150.4279048644482,2.0674999779982013,2509_18274
244.58059396983435,54.3164551253886,2509_18274
241.41389882230504,55.42312763951262,2509_18274
351.763397203095,-0.7382617341212426,2509_18274
150.80633115848585,1.8953571918867456,2509_18274
36.26446046273218,-5.1765932620832436,2509_18274
35.411959085580534,-3.912541449072512,2509_18274
244.09743188101584,56.107637201813354,2509_18274
242.8266926513464,55.56209777600258,2509_18274
244.48192966598623,54.99112322879519,2509_18274
243.51328188181,56.61261815730761,2509_18274
244.6166848455528,54.84753956178568,2509_18274
351.50569299719876,0.8045991985663646,2509_18274
148.66894363143152,2.545922893061484,2509_18274
35.51753219729978,-5.035110051773424,2509_18274
35.45398561529592,-3.4853394841763823,2509_18274
36.30158716536699,-4.154094739441236,2509_18274
243.33845872639827,56.030410179722885,2509_18274
244.51488250471823,55.53440866329306,2509_18274
35.973654835953816,-3.771233733760102,2509_18274
353.6443384669823,0.3362310083213218,2509_18274
242.97885040509905,55.01876904701349,2509_18274
149.61261370372983,3.2978984661547837,2509_18274
36.24183548200614,-5.263783241435175,2509_18274
241.998334442454,54.60566235460823,2509_18274
149.80780739179733,3.0018459408627622,2509_18274
243.55362179802876,53.3715650342635,2509_18274
351.029555136365,0.325895278042975,2509_18274
35.58121541062219,-3.4841782115521847,2509_18274
37.504852827145335,-4.683542035576097,2509_18274
241.74970114577167,54.336870304402304,2509_18274
35.52510566510189,-4.4952249379051485,2509_18274
35.94017927606168,-5.248050316707774,2509_18274
37.0559813470102,-4.960935325813611,2509_18274
244.89363531211893,54.982552580238824,2509_18274
241.87623701018953,54.23165040263986,2509_18274
350.5978891621055,-1.210181668268288,2509_18274
243.85508862826887,56.638520578303066,2509_18274
151.8044621129241,1.437145864195389,2509_18274
242.83625889702603,53.75971970081352,2509_18274
352.2997308192638,-1.1774433061848557,2509_18274
36.432694896035386,-4.2001777121368145,2509_18274
151.5663535126049,1.7600559860454643,2509_18274
151.13212738739566,2.881236701656296,2509_18274
35.925164274495174,-5.52045800434241,2509_18274
351.8781236702879,0.0043489466814898,2509_18274
35.29293474121846,-3.903493990029843,2509_18274
35.913057314113416,-4.390009706184856,2509_18274
243.1148983562722,55.91300750133846,2509_18274
352.84046094360605,-0.3854716918117965,2509_18274
150.2508447394441,3.53158093755633,2509_18274
35.4436688425148,-4.967654867985037,2509_18274
149.62791322807553,3.0641155143486447,2509_18274
35.4487916435087,-5.237826334977096,2509_18274
35.56533283358472,-3.5826768290652535,2509_18274
351.110050391096,-0.8020834890526365,2509_18274
241.991525670514,54.389529161487054,2509_18274
35.49464567262987,-4.228020184971936,2509_18274
35.379962410407124,-3.890035956032994,2509_18274
33.80592140187715,-4.5585708847192965,2509_18274
34.465746058210875,-4.824776688582716,2509_18274
242.8632389848061,53.300637173213595,2509_18274
243.9720106327964,55.96994639124144,2509_18274
352.2574891786805,-0.5911572711941794,2509_18274
35.55502185219836,-4.238296156967154,2509_18274
243.46202181503537,56.28925516361475,2509_18274
34.48222372195201,-4.1014435125917625,2509_18274
37.284565948808314,-4.918073778683695,2509_18274
149.51144681385742,3.220564444193648,2509_18274
242.9630881967123,53.58045529822572,2509_18274
35.158320113428246,-3.9207564361857328,2509_18274
242.8415057057153,54.768681778972585,2509_18274
243.209425189206,54.00435722823297,2509_18274
243.72897955688285,55.881354144055216,2509_18274
243.0748627611168,55.92199962909145,2509_18274
243.7411624720527,53.46463062209067,2509_18274
241.41637095074356,54.91890864113548,2509_18274
151.32078871997024,1.888018122758385,2509_18274
351.30887352659914,-0.605664288039716,2509_18274
36.57131067836072,-4.070399982776375,2509_18274
36.78580327883904,-5.0743119872443385,2509_18274
36.324395589338465,-5.732723222379091,2509_18274
242.12492457117537,53.83605580874793,2509_18274
36.300384785864225,-5.592714857884331,2509_18274
242.81768815357316,53.38300245832352,2509_18274
36.18715859519778,-5.311233416029539,2509_18274
37.65690740918494,-4.335897545803079,2509_18274
37.55710897904426,-4.480665865689969,2509_18274
352.5665019216863,-1.4780799276907348,2509_18274
242.32395888465985,55.70317876068461,2509_18274
35.941676764416314,-4.450226786884033,2509_18274
150.2822232580744,2.460200905821636,2509_18274
244.09420924680575,54.14012113465047,2509_18274
34.187904285780185,-5.418916002660943,2509_18274
149.55466222258045,1.818746175497312,2509_18274
242.94315897657157,53.59897720288309,2509_18274
243.38344006642745,55.812771414791946,2509_18274
36.11227952077959,-5.608962672868778,2509_18274
353.69921019640776,0.6262908192360422,2509_18274
34.02918347697969,-4.216293209148362,2509_18274
34.937626475242986,-4.019917500616365,2509_18274
35.908617633673,-3.534759178997541,2509_18274
241.34291149204876,54.99250014967434,2509_18274
36.942471073507086,-3.8692409602531335,2509_18274
36.10546676213886,-5.012173637543183,2509_18274
35.44611667195614,-4.752190978017117,2509_18274
150.37213384785383,3.3283782844699985,2509_18274
37.276579084924585,-5.01585580516849,2509_18274
150.85494192334474,2.842449176931334,2509_18274
350.23552014305386,-0.9230987447193774,2509_18274
243.10326441809883,56.660389340940185,2509_18274
243.57074307917856,53.75345026425411,2509_18274
149.7606374568042,3.1726972661417534,2509_18274
352.2399752910535,-0.2234586658585099,2509_18274
244.62623386624844,54.29370001020206,2509_18274
243.0439778340434,53.38450876025674,2509_18274
352.26260903809606,-1.194534776916977,2509_18274
242.2357164183906,55.45915809789585,2509_18274
352.9001001487797,0.0202953364059974,2509_18274
36.46044837006695,-4.616958374130564,2509_18274
243.33028431348936,56.703753849994904,2509_18274
35.71086309714894,-4.215347997530543,2509_18274
243.84274415845783,56.11769463543777,2509_18274
150.26459565379773,1.1186255480102296,2509_18274
241.32778523928823,55.739174309850874,2509_18274
243.4100399009529,54.02454504153029,2509_18274
150.05918028941934,2.8905059981967436,2509_18274
352.1347248903059,0.7790437794704728,2509_18274
352.5730851390174,-0.5100837100379981,2509_18274
36.28649242770432,-5.657947631784919,2509_18274
353.4932520965927,0.6446414895168681,2509_18274
150.0023821865182,3.086995963816872,2509_18274
36.42391879450374,-5.03368310592385,2509_18274
148.85207262568596,2.6726365969268056,2509_18274
242.55787371368655,53.972488837029715,2509_18274
151.5993730216794,2.7848930800379215,2509_18274
351.479195875975,-1.459413855727264,2509_18274
151.11805739331436,2.930196677684368,2509_18274
35.379263848452815,-3.668081036272808,2509_18274
241.29536188650425,54.88846380087665,2509_18274
37.016460326710856,-4.65957297731745,2509_18274
33.75910041031416,-4.608642048998712,2509_18274
35.286790542515504,-4.761190615841095,2509_18274
243.40713613422471,56.094361054799386,2509_18274
242.7919220016231,56.03694344897942,2509_18274
351.1234848073095,0.695725443661704,2509_18274
36.11515132743502,-3.4466114184246326,2509_18274
353.0545232963416,-0.8567416566374983,2509_18274
243.18264088730365,53.593002215528635,2509_18274
241.10334870089736,55.03699558996445,2509_18274
151.567955952373,1.2692550144990404,2509_18274
35.81663872410286,-3.55366605448504,2509_18274
149.2276978155845,2.925116262102675,2509_18274
36.31690581965949,-5.84568871810666,2509_18274
151.79531872367644,1.5495875019821912,2509_18274
243.6776925939024,53.71390243630751,2509_18274
34.23221751861524,-4.6753604671492015,2509_18274
353.0822400617569,0.0434256150177763,2509_18274
151.52672114555705,2.80918634467623,2509_18274
149.0092385185969,0.7766104904697887,2509_18274
241.94624263447372,55.780095882325504,2509_18274
35.16959460295918,-3.7840015462598577,2509_18274
353.57707294996965,0.4878290072627795,2509_18274
35.778166635212365,-5.091427905085977,2509_18274
243.94412111021757,54.05899701247163,2509_18274
241.5604557712547,55.764400988985486,2509_18274
241.1875069530701,55.00644602750421,2509_18274
36.70469647456996,-4.95939908220543,2509_18274
241.09611894153144,55.176958327706224,2509_18274
352.62230255497474,0.3505590651727655,2509_18274
240.64830172870523,55.57158515110099,2509_18274
242.15316296995044,55.51991590588573,2509_18274
353.26942272731026,-0.4260078178251859,2509_18274
150.35740188541018,0.999940150415376,2509_18274
36.71842072421979,-3.802796522055993,2509_18274
35.168163028932064,-5.179331759434099,2509_18274
149.82107810546083,1.1534758098006297,2509_18274
33.793318500180156,-4.84123222332699,2509_18274
242.39905877372996,54.25073093201344,2509_18274
35.42670485058338,-4.224361147121065,2509_18274
351.3229464053346,0.6953812478351539,2509_18274
351.4356475935845,0.8037430622663114,2509_18274
242.7175146202628,55.214302395125415,2509_18274
150.36242438186886,1.0010994526003645,2509_18274
242.2447515475758,55.37588414589624,2509_18274
242.77266402745744,55.71102082154747,2509_18274
35.15686657966266,-3.970513043237549,2509_18274
35.105907509246684,-4.625928510126326,2509_18274
242.8847075616316,53.70818245353731,2509_18274
35.18282297219051,-4.571158013254482,2509_18274
350.6735613345283,-0.5670133105471459,2509_18274
242.762930959474,55.79785864393744,2509_18274
36.53095244955801,-4.9979200701489965,2509_18274
36.76371923922845,-3.915140011559574,2509_18274
351.02304230330077,0.3598353325738689,2509_18274
35.41215936134177,-3.9124859812575625,2509_18274
149.10340728644212,3.2520197743026023,2509_18274
243.63137697681185,56.34894731571087,2509_18274
151.146324306809,3.2252485019593347,2509_18274
149.38135910998145,2.5587043985688016,2509_18274
351.687050099379,-0.8127255504788784,2509_18274
351.5757553264449,0.569290576370404,2509_18274
36.44641902629105,-5.174235559918806,2509_18274
242.80571988085524,53.89331093769737,2509_18274
242.67148305171133,54.97957257164205,2509_18274
151.01149163704554,2.185368165859852,2509_18274
352.14435626103153,-1.3664222473148708,2509_18274
36.09353534493412,-4.477944881123195,2509_18274
351.74686324575055,0.9369236046673988,2509_18274
243.54906230336485,54.1599970653079,2509_18274
149.8740075523154,3.186561926135553,2509_18274
151.21546744522877,3.5566581950567393,2509_18274
351.2408467212613,-1.3837205231177288,2509_18274
150.9413916181083,2.771714340542927,2509_18274
352.1822795051155,-1.3595265788683302,2509_18274
243.5109207331072,56.31863173220679,2509_18274
243.8511389140408,54.33521765995146,2509_18274
35.47659649264313,-4.595115913677551,2509_18274
149.30452120932878,2.4770223435425316,2509_18274
244.59527988668327,54.336684192473875,2509_18274
35.116267042066376,-5.652982055437181,2509_18274
150.69472986217755,2.7076616331214263,2509_18274
34.42397553886242,-4.576391149623855,2509_18274
353.3915842979711,-0.3924942535562814,2509_18274
35.19551578177937,-3.756830104712861,2509_18274
242.7907280751491,55.554354521604864,2509_18274
243.58912368103964,56.03938302690061,2509_18274
36.4487564989383,-3.8506389215392134,2509_18274
353.67556160921447,0.1055367791062588,2509_18274
36.83095229357297,-3.8839447416990502,2509_18274
35.02393564265379,-4.867327886712229,2509_18274
149.58208069551347,3.698435891602366,2509_18274
37.5153263696293,-4.8050929670916505,2509_18274
36.08406975996176,-4.367162260754505,2509_18274
243.0635514110591,56.27311744125608,2509_18274
37.3571755511999,-4.7357490176096,2509_18274
352.3524455287355,-0.3205617377665672,2509_18274
352.64758609727875,0.6094340990424612,2509_18274
353.41371653852684,0.6399335521060323,2509_18274
150.26333524651585,2.6719188567850507,2509_18274
36.32860817206716,-4.772778006696713,2509_18274
352.75743028010066,-1.219039181469444,2509_18274
350.97563657653103,0.3997513714446306,2509_18274
241.54004940560864,55.21179952915016,2509_18274
150.034860856433,1.8409679295700092,2509_18274
33.98765928841301,-4.289606528647979,2509_18274
244.78229726029372,55.53808254380682,2509_18274
35.625596534819024,-5.45873993209652,2509_18274
36.79329445382262,-4.637083642402248,2509_18274
35.70106763422353,-3.874822004886237,2509_18274
353.0852905085902,-0.1527632255613986,2509_18274
34.50542778021033,-5.621497867361145,2509_18274
36.10724568351668,-5.740029776603259,2509_18274
37.12503046390062,-4.412179571094101,2509_18274
35.478161634555356,-3.391245676906747,2509_18274
149.81440611298754,2.6112619506814485,2509_18274
241.4486945625229,54.7171469814317,2509_18274
35.19437885319577,-4.737494344551021,2509_18274
244.25338168582147,55.08620398860538,2509_18274
37.20904209364341,-3.8574792064255634,2509_18274
244.4408447931291,55.6874531606592,2509_18274
35.389501171064225,-3.7360918843066537,2509_18274
353.0997922251161,-1.2400599178848477,2509_18274
351.81031014153143,-0.3919994163852985,2509_18274
241.7985542221121,55.14163117037342,2509_18274
242.9462538745179,56.21349662429045,2509_18274
351.3228783278575,-0.6198409885439687,2509_18274
243.06163436282276,54.0324736349923,2509_18274
243.8159317938755,54.57122899398167,2509_18274
352.3161960534982,-0.2778663507097958,2509_18274
242.65810798726363,54.55997723418885,2509_18274
350.9979205773414,0.413664923236137,2509_18274
35.47987816939313,-3.394018005179,2509_18274
35.713811026320094,-4.271688162460685,2509_18274
243.43907771889627,55.95112799912849,2509_18274
242.82218921704967,54.225146173947365,2509_18274
241.90477161859803,55.67028697924173,2509_18274
37.17675076488385,-4.034720764776975,2509_18274
241.676982224066,55.91953646161379,2509_18274
151.63629145132535,1.1237256726575446,2509_18274
351.2002955519352,0.2879047895895478,2509_18274
351.72901104498465,-0.433224444582465,2509_18274
149.12983204943336,1.851537516968073,2509_18274
36.30552925937479,-5.526379050805644,2509_18274
351.32155697723863,-0.4503214765627512,2509_18274
36.464676768376336,-4.03404852605814,2509_18274
149.0993026643088,1.856046034360702,2509_18274
352.01932610046504,0.1227813473632963,2509_18274
242.99730329454513,54.592708040731914,2509_18274
35.4469988748993,-4.381876894371914,2509_18274
150.12307801885268,3.0445578379859386,2509_18274
36.89700665818945,-4.801221951161839,2509_18274
352.2427151406471,-0.2784534649691698,2509_18274
34.359552197933574,-4.541922545609098,2509_18274
242.05109987240033,54.92381004923193,2509_18274
35.279712574406226,-4.521330557319401,2509_18274
149.31743038142258,1.0203716570301784,2509_18274
241.07118368926385,55.578786646914836,2509_18274
36.48357690521807,-4.974263383148348,2509_18274
35.98087136533554,-3.8274303763746262,2509_18274
352.89428477344575,0.8218175941309941,2509_18274
241.97217206337567,54.07055638938517,2509_18274
353.6593818882073,0.625822787281477,2509_18274
149.37012707993992,3.656970562239259,2509_18274
36.722523209333374,-3.95425075457131,2509_18274
150.68954077611087,1.119253787382847,2509_18274
350.6890514766108,-1.2464577727689947,2509_18274
151.56380482022396,1.1539152163676032,2509_18274
36.60681386223851,-4.154690108050118,2509_18274
36.28558122512714,-5.653213214391785,2509_18274
351.159475129392,-0.7592232679703385,2509_18274
149.55631085717266,3.3079297777415664,2509_18274
243.76258651359345,55.00982161326315,2509_18274
243.6831818547562,56.14599722159023,2509_18274
242.25151625872184,53.5466717155871,2509_18274
352.67036888282803,0.9762040497757092,2509_18274
36.061687624108984,-3.9868623964895984,2509_18274
242.11640152374997,56.35483001373351,2509_18274
352.65359126077544,-0.1837817652047484,2509_18274
35.510810191240836,-4.102282521557831,2509_18274
35.43042703564256,-4.208862652799121,2509_18274
244.3078775966207,55.78116095658315,2509_18274
150.27068891024285,3.4146025608833748,2509_18274
243.25844889527505,54.81309613242123,2509_18274
351.1124427184903,-0.7683861372704294,2509_18274
36.96703228202367,-4.039917852393269,2509_18274
351.50908051424545,-0.5336914603710576,2509_18274
351.4223320075934,-1.2139021187384162,2509_18274
351.65904929459236,-0.783604140008408,2509_18274
242.4720344714273,53.35296031665672,2509_18274
35.77670237645432,-4.028580624414908,2509_18274
150.0034098554044,2.994174036640022,2509_18274
351.41863440936856,-0.4319653890562423,2509_18274
36.57983899206594,-4.020029538418853,2509_18274
35.45674940160347,-5.712507455388258,2509_18274
37.03955575934089,-4.850203633810841,2509_18274
151.75058072438392,3.2549694069609547,2509_18274
243.56506465254913,56.55095149484852,2509_18274
36.29720304359859,-4.034877403004968,2509_18274
243.92668127045735,53.72685593891064,2509_18274
353.49641472664547,0.707515810645017,2509_18274
242.8915289158468,55.211875601784705,2509_18274
243.19928384130017,55.11687522129645,2509_18274
34.270090318582454,-4.293550148927922,2509_18274
150.13396161258325,2.9188926214086663,2509_18274
242.89644363395104,54.2572466255267,2509_18274
241.2527514501293,56.256798995672035,2509_18274
352.8825529727251,-0.4037880985654775,2509_18274
244.4739425812374,54.889731562021375,2509_18274
35.777574835404,-5.241564830037966,2509_18274
149.10538124669435,1.3084173480361794,2509_18274
35.94293497521929,-4.152666835746133,2509_18274
241.812317195718,53.44798926829112,2509_18274
352.5045592587094,-0.6542396131550811,2509_18274
244.78602412119577,55.508793076733824,2509_18274
352.7070217971738,-0.7962248326986604,2509_18274
36.67416962208009,-5.044240400817924,2509_18274
35.31201335882317,-5.333301212771803,2509_18274
241.09718851528947,55.61109447120129,2509_18274
353.7660367503443,0.3261746540396498,2509_18274
35.71571124522526,-5.136376792056729,2509_18274
350.8968780210087,-0.3425332361256055,2509_18274
36.240178532375346,-4.238311661607393,2509_18274
351.0316524222002,0.5425887440928158,2509_18274
353.059450701496,0.2803241299774235,2509_18274
150.03119249746638,3.220144129855291,2509_18274
36.64446409425945,-4.9937794484690405,2509_18274
241.8036125177084,56.17804775789782,2509_18274
37.536699702689496,-4.103946671932911,2509_18274
149.0700931587895,2.630253439977015,2509_18274
37.246908095517085,-3.8259116910013526,2509_18274
36.47275452542976,-4.114631421349572,2509_18274
242.8241578463418,54.04183028553023,2509_18274
243.87147294866116,54.32007151303892,2509_18274
242.86502419459688,55.863305717456186,2509_18274
150.8303538345978,2.8860002202923423,2509_18274
150.37576781815298,2.861287340873024,2509_18274
35.09443758770626,-5.492669174236774,2509_18274
37.07184992227791,-4.069379070585811,2509_18274
36.26071271925417,-5.726230282393281,2509_18274
352.7724510892965,-0.6063292015318236,2509_18274
35.6673199692522,-4.030302545807762,2509_18274
241.39423033306727,54.99215969780778,2509_18274
240.3429391294728,55.37044571059623,2509_18274
149.42373624874477,3.717284754512423,2509_18274
243.3377487889039,56.331140255690265,2509_18274
37.34894258885942,-4.283265549824662,2509_18274
352.3282818947992,0.504033159784431,2509_18274
150.45494893888147,0.979532442502948,2509_18274
242.8218562416631,54.03885898820356,2509_18274
243.24992596034377,55.87684318514152,2509_18274
35.188131076016475,-4.5749406716981404,2509_18274
243.60600308461304,53.933883745368114,2509_18274
148.98141295246486,2.638904076671164,2509_18274
151.70992812225987,1.3516976461464545,2509_18274
150.03928977862594,0.9430982095207322,2509_18274
243.19510193276335,54.22549511910603,2509_18274
242.22113706361068,55.34147877615392,2509_18274
35.098874001713035,-5.633511060813189,2509_18274
240.7934546491379,54.554026959800325,2509_18274
148.61906363020026,2.922385656889525,2509_18274
37.35452332461863,-4.908103878609248,2509_18274
240.5910879673346,55.581704473217584,2509_18274
36.03762995905899,-3.9881657360393863,2509_18274
149.21912708926416,2.0635121982286235,2509_18274
353.1098279725893,-0.0854427823875109,2509_18274
35.79863520515077,-5.692925951667503,2509_18274
244.16973892641457,55.893009236559486,2509_18274
35.17454666117337,-3.675376012561287,2509_18274
35.50473983333179,-4.204965705505372,2509_18274
151.4023103815375,1.8101662984807851,2509_18274
35.468572830468766,-4.524524912549685,2509_18274
240.9457646987198,54.94256779305287,2509_18274
353.0385583206718,-0.5252632982985491,2509_18274
33.79873141824778,-4.598741944300982,2509_18274
242.43231180877575,53.595320439549816,2509_18274
350.86772356921665,-0.1155845493584255,2509_18274
149.37257235438256,2.5241081960547493,2509_18274
353.1739528256961,-0.8205500350164154,2509_18274
34.232255675910515,-4.339653149715101,2509_18274
150.41770456052345,3.4756403335073167,2509_18274
37.06803678439286,-3.9813045317011286,2509_18274
244.0060306726286,54.28456133496867,2509_18274
36.45319035939253,-4.401151418662436,2509_18274
242.08204703459415,53.59386513579197,2509_18274
36.34934152219571,-4.520440472431168,2509_18274
35.413501485172446,-3.7331831466158687,2509_18274
351.4453320549965,0.3961930377228214,2509_18274
35.57895219661564,-3.5430820703399046,2509_18274
151.10864438380446,2.3489033465603413,2509_18274
243.53547688853723,53.41529411188723,2509_18274
243.44711826158067,56.26856039325805,2509_18274
242.74586546822832,56.59010703352802,2509_18274
150.32116388029294,2.060336992403231,2509_18274
151.79325747679982,1.5893827056315477,2509_18274
36.74378450824202,-5.073549995232393,2509_18274
352.1895761369653,-1.5156471370372924,2509_18274
352.02456091675833,0.8572910344999936,2509_18274
352.95130270349694,-0.2120339041096416,2509_18274
353.9100302477853,0.0221345567910799,2509_18274
243.70146102068028,54.32543715120249,2509_18274
37.622578529323334,-4.621815732223969,2509_18274
36.51014720038793,-4.934165661653825,2509_18274
34.75774063226836,-4.686380294640431,2509_18274
149.904143559797,1.328483560157108,2509_18274
35.77092079957431,-5.606884584559523,2509_18274
244.17136348002057,54.27789264576851,2509_18274
352.5172142756654,-0.6053567893144278,2509_18274
36.61101361810562,-4.9479821975748965,2509_18274
36.62909519658382,-5.172398650181022,2509_18274
244.2464903028456,54.529232267852706,2509_18274
244.60832675518128,55.37059846542931,2509_18274
36.730406277245386,-4.012518960663398,2509_18274
242.76134221501303,55.80097046989693,2509_18274
37.249485187095146,-4.214869000081866,2509_18274
353.21293764101335,-0.7362329610284285,2509_18274
352.14976070386143,-0.7144621462419318,2509_18274
351.434038903495,0.9736810336990896,2509_18274
244.7837586036628,54.83606771356381,2509_18274
34.24675313723303,-4.330203373107999,2509_18274
242.36607769843235,53.798906535342766,2509_18274
351.20250995379587,-0.964968510306013,2509_18274
241.92592595234137,56.59180968291976,2509_18274
350.4624668115196,-0.7398651254318096,2509_18274
151.07465293331876,3.033191757275019,2509_18274
243.13179243812056,53.37045201386069,2509_18274
351.43653234195244,-0.71527784286946,2509_18274
245.4695671296937,55.01185769809563,2509_18274
242.79259195849963,55.85548707862227,2509_18274
35.21710105720828,-3.684804634244042,2509_18274
150.02774426387705,2.3738683941074408,2509_18274
242.4468855139624,53.586040994861726,2509_18274
243.86796222480092,55.46791627366636,2509_18274
353.0754020190583,0.7879267171777269,2509_18274
242.27966132302575,53.53420425550067,2509_18274
352.1684955112012,-0.2887096161306808,2509_18274
241.14328883346917,54.66315613063248,2509_18274
35.02625575502868,-4.4075478033276685,2509_18274
351.9731630546291,-0.5752425469711298,2509_18274
37.6566392982581,-4.337598923197371,2509_18274
36.555283665201166,-3.964966981159269,2509_18274
353.5275333854518,0.4523405143555604,2509_18274
151.37303356078405,2.4753014441749386,2509_18274
352.72867364402157,-0.0111659559320886,2509_18274
36.725004618607464,-3.8031716971441583,2509_18274
36.443486247038535,-5.735790327959216,2509_18274
36.74742761591799,-3.8255419434483273,2509_18274
150.67405344230582,0.8336958004174775,2509_18274
243.35361675022176,54.006868168140485,2509_18274
353.5013906471707,0.607971071601338,2509_18274
35.72036169246741,-3.405688121660308,2509_18274
35.233513862028936,-3.5352750259502272,2509_18274
35.46589212240275,-4.704863010693541,2509_18274
350.9633974339092,-0.2955790427261129,2509_18274
243.7507390127605,55.15240073842888,2509_18274
241.67789492910583,54.01264390493925,2509_18274
241.1625117245407,55.04585818457946,2509_18274
353.39300949183325,0.0722804706286591,2509_18274
351.62227053098087,-0.2791207566683208,2509_18274
244.18385621785603,55.03425388515559,2509_18274
35.69088962406061,-4.484769673768225,2509_18274
37.10556149621076,-4.837335955643257,2509_18274
352.1647876932948,-1.4207848461316366,2509_18274
151.2278714818322,3.565295748651073,2509_18274
350.41336404412687,-1.1512311609490913,2509_18274
351.1703222721532,0.7005782344742842,2509_18274
350.9359582874403,-0.7635685409630996,2509_18274
242.7834076555334,55.80063070509276,2509_18274
148.91744109223504,2.9155370359633617,2509_18274
150.9380347164417,2.173544562923851,2509_18274
34.27314169790756,-5.372699381273219,2509_18274
243.95280468232392,54.31620213897166,2509_18274
35.35259145112098,-4.81485009371663,2509_18274
34.87892574149347,-3.884130987613147,2509_18274
353.26202236888895,-0.0241815489424416,2509_18274
35.88842281255526,-3.5835944214162865,2509_18274
241.4082672806133,54.7001985841693,2509_18274
243.4233413990333,55.98255137973296,2509_18274
350.8060206401448,-0.3282421519470333,2509_18274
34.42571546111945,-5.488287090564461,2509_18274
37.387742629388995,-4.4573653137280225,2509_18274
243.0454712630992,54.87216756705908,2509_18274
34.96279747593837,-4.845304380626363,2509_18274
36.99301702158426,-4.2357944737356,2509_18274
351.73698764470686,-0.4205666225157505,2509_18274
242.818031904128,55.61238549341435,2509_18274
35.608857797484866,-5.427547303678503,2509_18274
353.4673860924785,0.0246288179988597,2509_18274
243.6549529506731,53.55210683692722,2509_18274
35.693188785741306,-4.0208222335049655,2509_18274
352.7610500190978,-1.215357388223733,2509_18274
36.32913230629244,-4.762078010131382,2509_18274
242.79873049024297,55.58079070955356,2509_18274
350.9963309713746,0.3556806563124046,2509_18274
148.6694369404261,1.0972157021881113,2509_18274
35.506557736672896,-4.459014454974493,2509_18274
36.96766853286392,-4.217546330323047,2509_18274
351.97866539205216,0.1650996310101767,2509_18274
35.286704000060304,-5.390548239685986,2509_18274
35.43284293078552,-3.873045756699296,2509_18274
150.1050669926445,2.985747852437301,2509_18274
352.7085839898841,-1.502651364002962,2509_18274
37.40587344903142,-4.899554790252644,2509_18274
36.001044423565574,-3.8956293734363654,2509_18274
243.7480817978811,56.40888208774104,2509_18274
240.9571909143234,54.722429778441544,2509_18274
35.24126068216561,-4.523408696180925,2509_18274
35.8190820740019,-5.208290175933446,2509_18274
35.50380387302955,-4.953794355604653,2509_18274
243.8877272361159,56.363455956256274,2509_18274
352.54943861974743,-0.0082401148762245,2509_18274
36.390966002868325,-5.759155398667181,2509_18274
350.52127920675684,-0.7744514792181307,2509_18274
242.33987363309996,53.24750761306546,2509_18274
242.90007461753743,53.410218709981955,2509_18274
34.47713272732868,-5.442987820368987,2509_18274
245.30715360590284,55.317551608532945,2509_18274
352.09865280117583,-1.2252397293642785,2509_18274
244.26287410480165,55.08336791762364,2509_18274
34.460957281547024,-4.075035168847866,2509_18274
36.43574809477395,-5.778614846369481,2509_18274
243.9516496036677,53.55304198194893,2509_18274
242.85267612442203,55.54616782381641,2509_18274
352.9545447241915,-0.0854038130923551,2509_18274
241.7885092195112,54.40792241046547,2509_18274
37.25430550077141,-3.9829064350600776,2509_18274
148.75623073519878,1.0690922548536304,2509_18274
244.46433098057503,55.11572168440706,2509_18274
353.3940461298503,-0.0463378914378534,2509_18274
244.0151670733196,54.967019633701035,2509_18274
353.0894062335302,-0.4159440017890049,2509_18274
242.63222974822216,55.80604412888089,2509_18274
35.48269046623634,-4.876731437572417,2509_18274
352.76947553867586,0.5133956436246502,2509_18274
148.63142135958586,1.4316124462678008,2509_18274
151.524611469685,2.804442969681778,2509_18274
240.78460254789857,55.5441731979676,2509_18274
151.16558497117632,2.376144111965131,2509_18274
37.09064919172878,-4.880814699631987,2509_18274
150.75359204858688,0.7559283022162784,2509_18274
353.47502937719025,0.6824423513680995,2509_18274
35.56250340221727,-3.4709175743568452,2509_18274
243.12215818148476,56.31917175276397,2509_18274
240.1754580039241,54.655014924703046,2509_18274
37.05390809142501,-4.545268292335687,2509_18274
150.89034295755286,2.8786710697623623,2509_18274
35.15657487807937,-4.423198908748145,2509_18274
241.53524352156705,55.47004486547327,2509_18274
351.26641466636266,-0.903460358478497,2509_18274
243.3193175080986,56.7735279451285,2509_18274
352.51315464516097,-0.195630449421694,2509_18274
36.58978706641912,-4.3065840719264274,2509_18274
243.3022454873755,55.28842512569609,2509_18274
35.59030789986123,-3.912302719973499,2509_18274
150.67165983779944,2.9627655049958155,2509_18274
36.43038317701644,-4.943873474290736,2509_18274
36.609452797527744,-3.9988155089655377,2509_18274
148.86692088830972,1.662985759235979,2509_18274
36.4433306848245,-5.200238864945933,2509_18274
351.7775231622115,-0.4000024015925815,2509_18274
35.514577487596476,-4.347546371935891,2509_18274
241.34606927926623,55.21427957192827,2509_18274
37.54986550022365,-4.3789511388029485,2509_18274
36.8238364464872,-5.019498236056306,2509_18274
352.93513512277895,0.3423012305718422,2509_18274
243.92066818227104,53.77093948313155,2509_18274
37.212865233015734,-4.857960403659433,2509_18274
36.940683460484856,-5.134703952700852,2509_18274
352.49555359657006,-0.777900214174883,2509_18274
243.07030657647203,56.060973021437704,2509_18274
353.1086420516522,0.821321530764376,2509_18274
350.80494954155233,-0.3264788514105484,2509_18274
242.7157237163295,55.60731386490702,2509_18274
244.25287189621704,55.76183978707712,2509_18274
241.4109675439612,56.30164454905854,2509_18274
36.49620794970744,-4.5513176160113895,2509_18274
35.1979330906812,-4.204028667620294,2509_18274
243.3390434545376,53.277352200564515,2509_18274
35.750309374041386,-4.1192342272068485,2509_18274
148.455861992597,1.4651185672142752,2509_18274
149.53984326172306,3.453493194080688,2509_18274
243.53842984885105,55.804538179359874,2509_18274
149.76021344835752,3.1709025246214777,2509_18274
34.27218003408518,-4.30072281868163,2509_18274
242.38181771851688,55.483990750761635,2509_18274
37.634610123325295,-4.431524261579407,2509_18274
242.0816716426068,55.553970851945664,2509_18274
352.008356708677,0.0436390261986234,2509_18274
242.26144777741763,55.327743304069855,2509_18274
244.81400620487236,55.22936095071644,2509_18274
35.79639625488486,-5.349625354124262,2509_18274
243.5344649086701,54.765115690721686,2509_18274
34.479795158020586,-5.453146013035412,2509_18274
36.49643574264615,-4.972303966463478,2509_18274
242.8379659928045,55.552321115091544,2509_18274
35.33046523751274,-5.710168915208351,2509_18274
245.32051363090193,55.29373034753711,2509_18274
241.7916511882651,56.35032586926,2509_18274
350.679309291646,-0.934078987221288,2509_18274
35.29714802907917,-5.776491429678759,2509_18274
35.06059743909522,-3.9619682727644454,2509_18274
240.68744297758616,54.53351078308891,2509_18274
149.4161472930621,2.556695289865622,2509_18274
35.869379559637395,-4.172117554391863,2509_18274
243.6068474826302,56.66992240678158,2509_18274
35.673535240781796,-3.756178204969305,2509_18274
351.96520891352884,-0.0535844838583435,2509_18274
34.901660465752514,-3.800115656122948,2509_18274
36.99667175966482,-4.825566161822016,2509_18274
34.8513374254259,-5.5465839846269205,2509_18274
353.18191467265507,-0.4320617595257148,2509_18274
241.7875690712425,54.82957949807096,2509_18274
352.6469627418146,-0.2725561799932346,2509_18274
33.95558861900981,-4.702938668893755,2509_18274
240.4523222362548,54.83353560295676,2509_18274
242.14758873817715,55.281596458685904,2509_18274
245.3856749691464,55.2165163074588,2509_18274
150.534368754055,2.382129360154745,2509_18274
243.5237522350733,54.66599280497225,2509_18274
242.6227205858586,53.62082930496767,2509_18274
149.75373433114032,3.5111696786908855,2509_18274
34.67888848359488,-5.046173890152472,2509_18274
35.551649869614515,-4.240777719397615,2509_18274
353.1342611686247,-0.5064617752603906,2509_18274
36.34184843028356,-5.379363896495911,2509_18274
149.2397472176659,3.07366615768915,2509_18274
351.79781758349844,-0.6865826614886817,2509_18274
241.6878331475309,53.58821990913184,2509_18274
241.60490375661345,54.078064682308344,2509_18274
36.61509252918904,-4.0871571063343985,2509_18274
149.266548256752,2.5792255107856352,2509_18274
149.36434658190782,3.6785205063332103,2509_18274
36.57949744236514,-4.004144254334398,2509_18274
242.95942234590856,55.99072936629471,2509_18274
149.4608458783204,0.7953662565043682,2509_18274
241.40766801464463,55.22109668202958,2509_18274
242.35787731988708,53.25247663778662,2509_18274
37.04084435196935,-4.847227488442873,2509_18274
243.89730416374056,55.26178015906493,2509_18274
244.61195921274577,54.90531017081856,2509_18274
352.2285067075539,0.0032795866348373,2509_18274
37.16594124093032,-4.116197144746717,2509_18274
148.89613822966393,2.416508186693531,2509_18274
148.9562444306507,0.9502076054410846,2509_18274
244.84647456914496,54.495386464583646,2509_18274
34.914410401286254,-4.888545141281415,2509_18274
243.2585564684095,53.19057547311595,2509_18274
243.80834187403417,54.50443020077519,2509_18274
35.605182650655536,-5.425821360583881,2509_18274
37.44791058003701,-4.147316979535537,2509_18274
243.51060511842417,55.55263571072916,2509_18274
35.742510285102384,-4.385560903231733,2509_18274
241.40968387278016,54.91862922599681,2509_18274
244.33472643157225,55.083951798149904,2509_18274
36.807682630062175,-3.825406278761162,2509_18274
37.10972403328569,-5.107974524247643,2509_18274
150.3620423077083,2.758816292104324,2509_18274
150.8155999887304,1.1622075188446226,2509_18274
352.7809163412795,-0.6459903842077072,2509_18274
35.61318212128688,-5.092504745962971,2509_18274
36.19772182758341,-4.625396177284327,2509_18274
35.06627467521617,-4.0848843480948664,2509_18274
151.17329650655256,3.350558961183908,2509_18274
149.8156624902302,0.9673198509907804,2509_18274
353.32564341046896,0.6962294956051287,2509_18274
149.20633562798164,1.2708089444161972,2509_18274
150.04969641663988,2.2171484808804984,2509_18274
240.89616874231115,54.333825619093574,2509_18274
351.2117075829659,-0.6400862851588844,2509_18274
353.18763016981256,-0.9793796966607344,2509_18274
243.78626532548833,55.05260870688406,2509_18274
240.8616173824188,54.90360407968,2509_18274
352.26167591734037,-0.6934239778964508,2509_18274
150.80829910706328,0.9185810171709534,2509_18274
243.7620696188963,54.278561696305175,2509_18274
351.57918443903964,0.4816297836742926,2509_18274
352.4934338832637,-0.7777179057097009,2509_18274
37.46540345361153,-4.137994934808165,2509_18274
36.38995194114477,-5.763568969285317,2509_18274
241.91512141857527,54.26477401609743,2509_18274
149.2791939891434,3.532708567894146,2509_18274
241.98543179533203,56.05155991457658,2509_18274
36.799718399801954,-5.071246595256687,2509_18274
350.930199290175,-0.3080114322844932,2509_18274
243.76259773168897,54.70818358219566,2509_18274
351.018814655588,-1.137843751463571,2509_18274
37.05646015834791,-4.825057632057802,2509_18274
351.8978605735768,-0.7567655062370493,2509_18274
242.65381552628216,53.51644793192155,2509_18274
244.02005117274064,53.62737177238861,2509_18274
35.26804560952261,-4.778476500731531,2509_18274
36.0208477103261,-3.927311788971536,2509_18274
353.1338986961294,-0.7435680995519252,2509_18274
35.87052174261807,-5.767501078462048,2509_18274
243.0791294329954,54.16053077890481,2509_18274
352.9479134944303,0.9175358933188428,2509_18274
352.07389510617986,-0.9154451039262448,2509_18274
353.60659189105655,0.8645497477968298,2509_18274
245.4137258036218,54.961946637682864,2509_18274
244.11694872226835,54.46899169209465,2509_18274
35.505553698437446,-5.625801348959054,2509_18274
243.1268158284289,55.87269635081737,2509_18274
148.95703273637085,1.197209241821644,2509_18274
241.4257867235627,53.74086282777304,2509_18274
241.7925185294867,56.58751379364514,2509_18274
36.994986331126704,-4.017227238297015,2509_18274
149.40579193930458,2.550880867163338,2509_18274
37.30268057264584,-4.241039939109284,2509_18274
351.9630632499201,-1.1012584655024005,2509_18274
352.08636913528244,-0.0100000064085984,2509_18274
241.4382907570216,55.01980623065378,2509_18274
35.46046567362414,-4.051811642338305,2509_18274
242.52118568743177,53.80485937843981,2509_18274
36.012991309132886,-3.461863194124315,2509_18274
35.42132663273972,-4.1272122332855234,2509_18274
353.0588936515345,0.5940892178484087,2509_18274
35.81708424700619,-3.9861292858962702,2509_18274
352.3810871689021,-0.4648956447744187,2509_18274
241.4305998095848,55.95365519526008,2509_18274
35.81585013237837,-5.965018285789606,2509_18274
243.6263177311094,55.15067650070791,2509_18274
150.61337895061024,1.5465179408962837,2509_18274
351.54883172980215,-0.2911224345624831,2509_18274
148.81976581761992,1.7682689717933089,2509_18274
151.22094529050835,3.5642944623249604,2509_18274
241.9902951010843,53.61322697298054,2509_18274
149.7695408428065,3.203011101964262,2509_18274
150.28729389857486,1.5667568010006423,2509_18274
241.79392107501545,56.35096033394382,2509_18274
243.653531257056,56.525502430115694,2509_18274
149.15219373578248,2.877736188181653,2509_18274
36.685934210732405,-3.938597046395029,2509_18274
36.8342662052143,-4.165227581292816,2509_18274
352.8378232863017,0.6906651232264007,2509_18274
35.714440665259346,-4.047231250705308,2509_18274
37.11663061163724,-4.35983198563578,2509_18274
243.11789182015468,54.83696454082885,2509_18274
37.23116434019333,-4.003349671915926,2509_18274
241.7837332356,55.650659021961125,2509_18274
150.75089857800063,2.3477845141448928,2509_18274
35.10706631759419,-3.641866148737108,2509_18274
352.8501371781334,-0.9557673208679716,2509_18274
151.0057801374087,1.800522704131695,2509_18274
243.75220862813228,56.64265651257213,2509_18274
34.879018565060285,-4.508780488487383,2509_18274
37.35801622976036,-4.744529592007618,2509_18274
351.96842782295795,0.5196753652342441,2509_18274
35.92268308288793,-4.94080651548575,2509_18274
34.113629169163275,-4.721522535147148,2509_18274
36.74969691629786,-4.787639813351441,2509_18274
151.8069326788345,2.9025333540430376,2509_18274
351.5949101613036,0.4651255853443063,2509_18274
351.5192860191756,0.4634500135676061,2509_18274
34.974263251165056,-4.952814132361651,2509_18274
350.53375398517187,-0.3307936332168519,2509_18274
36.81103365302832,-4.1325317644516355,2509_18274
352.3953302343067,-1.273279985237728,2509_18274
350.94901752264724,-0.4524570612285827,2509_18274
353.007312743338,-0.9518935608965474,2509_18274
37.161965279422816,-3.757985474512465,2509_18274
240.7642807556095,55.49712170180071,2509_18274
350.5560119073381,-1.2571201752710883,2509_18274
34.26669080377794,-4.256699568060909,2509_18274
35.22975883018235,-4.47680261481827,2509_18274
352.37070699216434,-0.1200887330119028,2509_18274
242.1621192734762,55.40785006539313,2509_18274
37.26875782408948,-4.8396951659145095,2509_18274
33.93298010527774,-4.846563220684819,2509_18274
352.5025117851227,-1.0267384362901704,2509_18274
35.871441304380845,-4.535995482486017,2509_18274
34.831715443373106,-4.556651839148607,2509_18274
149.5217394606544,3.3931527726826136,2509_18274
37.262353942323855,-4.032247733978243,2509_18274
243.7046937839148,55.82088277749682,2509_18274
244.3765691182612,55.13500986057105,2509_18274
240.78604318622777,54.551789282484904,2509_18274
150.12758796850872,1.2925381493162396,2509_18274
350.97603497146144,-0.4907917956976613,2509_18274
35.74266623761149,-3.505718924637698,2509_18274
242.95427746986655,53.36300352778048,2509_18274
37.17979769698725,-4.713024783167788,2509_18274
37.023084308303936,-3.77466864153485,2509_18274
36.248231508368086,-4.297342539696467,2509_18274
244.11936337917953,54.46887219605466,2509_18274
37.35431176620841,-3.8440026008539,2509_18274
244.0306901774095,55.67577471938379,2509_18274
149.7312957810941,1.0524845229735982,2509_18274
241.48765077527716,53.57666124725627,2509_18274
149.1020397300466,3.254454796514762,2509_18274
243.32557634782503,55.644997904094616,2509_18274
36.687873470855195,-4.9640061900254695,2509_18274
36.580463128107446,-4.185262578822774,2509_18274
351.004341361128,-0.3177272889558019,2509_18274
35.33153835264088,-5.611611537507398,2509_18274
150.22702657718608,2.6514307159453403,2509_18274
33.87540008951781,-4.739862465194212,2509_18274
35.798308602073845,-3.4994270611080793,2509_18274
242.07849093010103,53.2710593766895,2509_18274
243.6606975308985,55.19358431811535,2509_18274
350.906992413014,-0.2808462920003604,2509_18274
149.04359280680535,1.994084450762589,2509_18274
149.40850272188527,3.495062922630027,2509_18274
150.18874158331136,1.6465258513619825,2509_18274
244.04045773668872,53.86706939694142,2509_18274
151.34875466063764,1.0103432268978971,2509_18274
243.80041128442767,53.424266748929966,2509_18274
351.77523525725786,-0.3959459072522277,2509_18274
352.92318204706334,-1.316740251337583,2509_18274
353.34589857457905,-0.3288452570228573,2509_18274
149.89804310555616,2.031545716213807,2509_18274
36.46505078725844,-5.353973191846397,2509_18274
242.33070485989475,54.013655849289826,2509_18274
36.15365378146149,-4.179691644380229,2509_18274
34.83574656809691,-3.944138309526356,2509_18274
35.41525476454828,-4.619758263617724,2509_18274
352.0567005710376,0.955295656970726,2509_18274
37.22901643509962,-4.810287023009043,2509_18274
242.79844274791284,56.25729907454384,2509_18274
148.68367551221985,2.710464244455254,2509_18274
36.11092914878873,-4.931186964881441,2509_18274
353.0173119976422,-0.5205389804601348,2509_18274
151.3521646309098,2.736567133961919,2509_18274
242.7229497154956,53.98133011126943,2509_18274
352.4549841990572,-1.4520922923264352,2509_18274
352.9312741619221,-0.90665214936557,2509_18274
33.73043326005388,-4.880505418478427,2509_18274
353.1593866086386,0.6194482382539616,2509_18274
351.39523276295046,-1.4753393527858094,2509_18274
36.62264862006483,-4.533097957924453,2509_18274
352.48220271659477,-0.1951280932565939,2509_18274
242.27359405345743,53.53949170465865,2509_18274
243.69782524672505,55.03249686911184,2509_18274
150.9797211286552,2.8797409424485987,2509_18274
351.26918953787884,-1.517592941285589,2509_18274
35.246797390403586,-3.755407506776351,2509_18274
36.392114346733095,-5.755883140438518,2509_18274
351.5252262085591,0.0761276130023736,2509_18274
35.16371479547126,-5.618174602609405,2509_18274
36.85970395160191,-4.557820899765525,2509_18274
243.63995979606864,56.622052375567584,2509_18274
352.95186944076204,0.5121516634137813,2509_18274
241.430232205108,55.670548649233574,2509_18274
243.24699752308115,55.80486253279596,2509_18274
242.63600038763465,55.20389637453945,2509_18274
352.9682635503019,-1.2979414124973427,2509_18274
352.8886592403478,0.0523129133215866,2509_18274
352.4944975606581,-0.6503340594972331,2509_18274
150.08131406734975,3.2044181947122192,2509_18274
151.17688458802994,2.3258361946403534,2509_18274
34.54828660603679,-4.518482616060533,2509_18274
242.9367859356573,56.086192195905646,2509_18274
37.23454336712296,-3.956305616300729,2509_18274
149.75776906937293,3.6171162575475337,2509_18274
149.23410835271707,0.9854192671509222,2509_18274
36.34372574488189,-4.264950181724393,2509_18274
242.50937900976177,53.46165613012504,2509_18274
150.15055666876856,3.0437081146578087,2509_18274
35.054755031672215,-4.646267408425817,2509_18274
243.8959609853117,53.959053396589155,2509_18274
36.242750562762225,-5.13454979677138,2509_18274
351.86669270804504,0.4362163723348961,2509_18274
151.23666628045197,1.8363536017876352,2509_18274
351.5079702297185,0.7660450256955594,2509_18274
151.68908496127307,1.741757376293978,2509_18274
36.736441398022016,-4.670277926823388,2509_18274
35.50997021362267,-3.946887609832325,2509_18274
351.09054177246776,0.6082719918709939,2509_18274
149.75162654792177,1.0676441813948827,2509_18274
243.41137182944823,55.50817225332302,2509_18274
151.5580990125701,1.5925785177019542,2509_18274
150.07226022383287,2.366238440642497,2509_18274
36.60042719752626,-4.560454014396051,2509_18274
36.13105678350784,-4.390871066278028,2509_18274
149.1660257349284,1.2351066411274427,2509_18274
242.52284649857688,53.5730064141626,2509_18274
36.27974919878364,-4.025200426087973,2509_18274
245.0536103127808,54.99020782951949,2509_18274
36.92375515765495,-4.314767486378151,2509_18274
36.19398061928637,-4.150793158035859,2509_18274
149.7581516428165,2.190758652097169,2509_18274
36.373600679446945,-4.380284241557738,2509_18274
150.08413890639815,3.1259401808099474,2509_18274
353.90966519620173,0.0252837380032092,2509_18274
351.60620095681963,0.618647681545036,2509_18274
150.2758413548762,2.451938107045222,2509_18274
351.57065603686,0.1262882068438302,2509_18274
352.9125713730451,0.5178006953030915,2509_18274
242.9378848457202,55.26098040067197,2509_18274
151.0057173213941,3.5509275028669243,2509_18274
352.52346832809786,0.7241435596767396,2509_18274
240.88425137331785,55.555958301334584,2509_18274
150.4823408611937,2.9756166874415206,2509_18274
36.41504822062742,-4.35231080156698,2509_18274
37.049036698629145,-3.895764777448878,2509_18274
352.2752801009588,-0.4025383728027154,2509_18274
241.3071564909544,54.04834275224216,2509_18274
149.62823028810985,3.6342235230346303,2509_18274
35.97870384411782,-3.8492368316986294,2509_18274
151.37815886879872,1.561060234611267,2509_18274
351.5795498298045,-0.986479265668908,2509_18274
242.95489921078973,56.06904322815454,2509_18274
352.8123774126434,0.915036048374808,2509_18274
151.33897215612623,2.454592178039813,2509_18274
150.56127608161967,1.9420758238886453,2509_18274
151.0919369893588,3.630676357739308,2509_18274
151.42720264808662,2.823241676914121,2509_18274
35.753598920890404,-5.066322281556666,2509_18274
352.58628187338263,0.2225814483841361,2509_18274
36.21064775290818,-4.915527516604598,2509_18274
36.901007817796035,-4.364233842083656,2509_18274
150.21912331541273,2.4075011833509965,2509_18274
36.02088177752399,-4.995139320940922,2509_18274
151.2453396417203,2.3964041939616556,2509_18274
243.6241287835368,56.03429427309697,2509_18274
36.28476651293129,-5.654885303258484,2509_18274
149.99200556004897,1.0468292092843097,2509_18274
149.00833363415566,1.3560398142657677,2509_18274
242.88669444581427,55.209646733866,2509_18274
242.13186798010696,54.47275599601504,2509_18274
242.3976406260304,53.79320435711804,2509_18274
35.62437138647804,-3.992730839837936,2509_18274
151.4717948787234,1.8804149992436092,2509_18274
36.799318228221445,-5.016685262448195,2509_18274
242.03521855986745,53.45987007699945,2509_18274
243.95879664087383,53.6308190507992,2509_18274
352.42605660487686,0.6717426160626613,2509_18274
351.7949585732342,-1.139086536938588,2509_18274
35.51138359551971,-5.175371374212986,2509_18274
36.84303607648344,-4.159960594947598,2509_18274
36.55399741774514,-4.039847691080928,2509_18274
351.68458732153886,-0.3686671286236427,2509_18274
36.42095122947585,-4.978296597719721,2509_18274
352.7364617669234,-0.753733151869464,2509_18274
34.821304826467674,-5.314066767872109,2509_18274
352.32163791909306,-0.1424822262538372,2509_18274
243.93082213681285,54.3022977187496,2509_18274
150.79292659541926,1.403568516773404,2509_18274
35.817848825979574,-5.385252489655787,2509_18274
149.43576844924058,0.8883418652881542,2509_18274
36.2960075233636,-4.90931764022024,2509_18274
151.75741525222767,1.5934564069102246,2509_18274
35.74410495416558,-4.120873391689398,2509_18274
36.50958392360384,-4.143003123387436,2509_18274
33.86765791426261,-4.678120306889354,2509_18274
242.3690998362659,56.669677533986246,2509_18274
36.92271943836002,-3.8411669074541623,2509_18274
34.31068918196934,-5.29277281274848,2509_18274
36.12361390580968,-5.438969607410741,2509_18274
36.12023098197635,-4.9665025370631115,2509_18274
37.210733566288965,-4.858256062172012,2509_18274
150.03418418604767,2.941192553511244,2509_18274
243.0397853569151,54.000310502711976,2509_18274
243.8383485216183,53.51989347847308,2509_18274
37.1120986379695,-5.002307425844432,2509_18274
242.6003008749129,53.65187478829103,2509_18274
351.5058210270659,-1.4727511482078337,2509_18274
36.76579848660972,-4.466295372134473,2509_18274
35.353126308654204,-3.8041403564784178,2509_18274
353.6510606489311,0.7431908705362154,2509_18274
353.85551690010465,0.5535328483037849,2509_18274
241.30063079418693,56.05378278626756,2509_18274
242.5419366275291,53.400026044861185,2509_18274
150.13294098640603,3.170309983486524,2509_18274
243.0267209054964,54.7348993087017,2509_18274
149.9953692411114,3.039890615911684,2509_18274
149.82470320356506,2.9856823881388936,2509_18274
35.01095071405552,-5.453682294519735,2509_18274
148.9789823626259,1.7406234977185826,2509_18274
352.34339012959657,-0.9271575013280008,2509_18274
353.18698644870756,0.1127262079779625,2509_18274
243.75461476346385,53.440505336100486,2509_18274
35.175621706957436,-3.605856103252846,2509_18274
244.4906071507207,55.16122818003536,2509_18274
352.9941551388575,-0.0664388890278979,2509_18274
243.05190566243436,53.358814326510945,2509_18274
352.7147825804908,0.0620928186524433,2509_18274
151.48503297411685,1.4471628717941778,2509_18274
351.795111288762,0.548430446309194,2509_18274
242.81001030327616,56.23009333518641,2509_18274
352.48400356889016,0.4863290140965266,2509_18274
353.14998251447696,-0.1825409989093153,2509_18274
149.9929630135134,3.1108421409059113,2509_18274
241.53122725174865,55.47353661748029,2509_18274
351.1506958542944,0.6064517534257027,2509_18274
243.5326763295145,56.00805316884839,2509_18274
35.09419067960826,-3.7374845478310057,2509_18274
35.30602413203575,-4.597321356703754,2509_18274
149.88648947947297,1.3860954844444122,2509_18274
243.79475914993577,56.38400625545428,2509_18274
351.807259334406,-0.7531116246103469,2509_18274
242.72161562542516,56.57836399462353,2509_18274
36.68186853722087,-4.554990774912006,2509_18274
151.6657704568508,3.0575061507000254,2509_18274
36.454205148426944,-4.326399120510343,2509_18274
36.20960024442093,-5.489707994017067,2509_18274
352.81917279114333,0.7172163352621984,2509_18274
36.00352519107432,-4.830653113833917,2509_18274
149.54938468637337,1.9199842852053517,2509_18274
37.582118165053224,-4.464890554100666,2509_18274
350.8214840462874,-1.1376746507414457,2509_18274
37.09201183578064,-3.943741590947373,2509_18274
243.71280839290063,55.51481787172144,2509_18274
244.88953605158977,55.37269126602624,2509_18274
33.765832001761495,-4.608367724597741,2509_18274
148.507240699643,1.338307319461755,2509_18274
33.748746420040064,-4.483444001379887,2509_18274
36.217256475506936,-4.884513560816484,2509_18274
241.81422332388183,55.24313854877786,2509_18274
242.08309497128556,53.56612156670007,2509_18274
150.28800633980484,2.276950734419353,2509_18274
150.3821666900141,2.963287850455116,2509_18274
241.3797386468363,54.763520833117184,2509_18274
241.0900166932787,55.17437420589602,2509_18274
351.26131352709825,-0.6421061327363563,2509_18274
37.09437987846382,-3.8277481968373297,2509_18274
243.8073559819416,55.472709595631,2509_18274
36.748453579363776,-4.568293547203546,2509_18274
149.05056292548,1.9806472775376691,2509_18274
351.76831076745873,0.787073229444585,2509_18274
35.424571550380065,-5.171930162785619,2509_18274
36.479530040746624,-5.246471434462209,2509_18274
352.98720252475937,-1.4018419251556866,2509_18274
37.40136884627673,-4.9343578887968,2509_18274
353.3218658743811,0.1279966613676614,2509_18274
245.3366426510663,55.00543189355917,2509_18274
242.6798626080881,53.98879278041381,2509_18274
35.07776279489247,-5.010758723452603,2509_18274
352.68964284975624,0.4169319497047775,2509_18274
36.126874651619154,-4.094364868433293,2509_18274
244.7959357813017,54.845617309837415,2509_18274
353.08605819859474,-0.6523351924883044,2509_18274
352.52260070433243,0.2404192710607953,2509_18274
352.7167070859077,0.0864751084462228,2509_18274
35.62331304260635,-5.454155356226895,2509_18274
353.5039766255234,-0.0643190858085285,2509_18274
352.2002036175087,-0.9891796588641976,2509_18274
241.404864860165,56.23195954855993,2509_18274
35.88211969328158,-4.092113846606583,2509_18274
242.9323616940148,53.29498720490828,2509_18274
241.3300636287697,55.192382939480055,2509_18274
240.96200435005449,55.05991358429044,2509_18274
35.683704498751524,-4.824857269257476,2509_18274
149.861635903241,3.593948656055364,2509_18274
150.5488850406457,2.469029059118484,2509_18274
352.2876882658334,-0.9813981534922376,2509_18274
243.31740932106104,54.17047245296839,2509_18274
33.84283502325014,-5.308076968439878,2509_18274
149.83992839149616,3.4393709734555893,2509_18274
150.9052626213586,2.794029611167393,2509_18274
244.41832690979135,55.33170321003479,2509_18274
241.70684860515348,54.40815359011289,2509_18274
37.01865742671789,-3.801568504449154,2509_18274
351.0254843429505,0.3631284821531695,2509_18274
243.80283461218124,54.68823529637413,2509_18274
36.759391889941206,-5.08261879344908,2509_18274
150.2158139357587,3.2279323354985756,2509_18274
35.451529652095076,-3.736554021088966,2509_18274
150.95778908286815,2.777321770980764,2509_18274
242.35531200290703,55.28200035384862,2509_18274
149.2397860400594,3.0187850053103347,2509_18274
351.28125387116404,0.1812019825605263,2509_18274
34.180833134051305,-4.260947680496334,2509_18274
350.51787603352415,-0.7753329753072061,2509_18274
35.560592021310605,-3.685930551977087,2509_18274
37.269326091171095,-4.958220626220363,2509_18274
353.24210162066447,-0.2236645593529264,2509_18274
352.0497132404165,0.6619386887104973,2509_18274
37.233760468304226,-4.649106605430132,2509_18274
351.9513418927789,0.8595575920511347,2509_18274
241.623448095139,54.16754382202781,2509_18274
353.0937529997404,-1.2694053335038191,2509_18274
148.77813640283125,1.864592069689463,2509_18274
35.282138657565675,-4.999222767530934,2509_18274
36.24140554493302,-4.820933328180932,2509_18274
36.77528594670263,-5.017319746239732,2509_18274
244.005063706258,53.72281395917941,2509_18274
34.50069034192693,-4.557675039212301,2509_18274
243.13545452048055,55.855023113902845,2509_18274
35.12054094107625,-4.420453377609068,2509_18274
242.54679873100105,53.61968045284112,2509_18274
149.48835832476712,2.115584721096707,2509_18274
36.860569205135505,-4.905553298371618,2509_18274
351.87242122094807,0.8644305800442249,2509_18274
37.138809516618565,-4.041448621451015,2509_18274
353.7693856394342,-0.1746399256361254,2509_18274
244.06580921785013,56.37540701287991,2509_18274
244.0213670429318,53.83731356419987,2509_18274
353.8009184654457,0.4323801347412593,2509_18274
243.25665303495265,54.02400568607863,2509_18274
35.21815914439655,-3.623404576525602,2509_18274
243.4705077575721,54.45677502791517,2509_18274
242.83944744850515,56.33853927803688,2509_18274
36.88185296072559,-4.173557188881894,2509_18274
35.55688599611465,-3.353578993634486,2509_18274
351.55678381324884,-0.5728134971139403,2509_18274
36.06013024563697,-3.949199139168208,2509_18274
36.09676336926454,-5.60266628429504,2509_18274
244.42731835140523,54.93298763468285,2509_18274
243.51029203449545,55.62735830850962,2509_18274
149.3467710750603,1.679286094954601,2509_18274
150.89168348160084,0.9198815724595624,2509_18274
35.39823809043307,-3.963025215623204,2509_18274
151.54501374044568,1.0933195232110064,2509_18274
150.2468290532555,1.1101796009916094,2509_18274
353.0200063988158,-1.4297710519165838,2509_18274
151.18052598979463,3.15824107292304,2509_18274
241.28663168441113,54.70067178106375,2509_18274
149.46697495434046,3.4616966032535563,2509_18274
36.00910374988922,-4.693579965532389,2509_18274
35.96369157799421,-5.307644885640878,2509_18274
243.7395795625816,53.35324390853958,2509_18274
35.36651030199397,-4.523652239098547,2509_18274
35.94263204568334,-4.971396145312093,2509_18274
35.45709879878244,-4.385301898396681,2509_18274
242.8306499866484,55.56546722045654,2509_18274
244.57654111979545,55.25818518112926,2509_18274
242.2181166542512,53.34455521901365,2509_18274
37.013423709884194,-3.935331962949024,2509_18274
241.18537800557897,54.662773419895146,2509_18274
150.97467312936567,2.774234109597447,2509_18274
150.3461985434063,3.1875766792106215,2509_18274
352.67042360287667,0.0938873287329729,2509_18274
35.78668212236481,-4.856075379506167,2509_18274
243.67961134913497,54.28897798422376,2509_18274
243.7561049100155,54.69480603164137,2509_18274
350.7626461122842,-0.9967125961421806,2509_18274
241.7237074723139,56.46459014668336,2509_18274
36.48213150109683,-4.38099133110562,2509_18274
242.7859572288707,53.30557606110435,2509_18274
34.19350846582525,-5.553657619102255,2509_18274
35.58714604764214,-5.578632147874102,2509_18274
243.77909602672213,55.78045090384343,2509_18274
36.48012774192302,-4.616114708197425,2509_18274
241.8801526334476,56.36016517572738,2509_18274
351.0789822950234,-0.4645118905617142,2509_18274
241.8711041269617,53.45607223008981,2509_18274
241.94941629520784,55.5462291985244,2509_18274
36.37036181363604,-5.043456658471836,2509_18274
35.166139624736644,-3.4839980282615155,2509_18274
148.93692185998748,2.349603262077142,2509_18274
241.79262291016167,56.34700489300312,2509_18274
35.236911957502905,-4.529624644579953,2509_18274
243.391305987378,54.290732878694506,2509_18274
36.82013344969519,-3.864413890652618,2509_18274
35.51795396104763,-4.122646641292195,2509_18274
36.776739686625426,-5.18372688999176,2509_18274
241.96271811784197,55.20776788754539,2509_18274
37.55684918164678,-4.630755992589813,2509_18274
35.78921847563336,-3.9133672130068606,2509_18274
151.65488853167687,1.7687418804280834,2509_18274
351.1606079316478,0.4270915609651244,2509_18274
35.56798380759252,-4.060631749970393,2509_18274
150.5528755475815,3.708270881776042,2509_18274
241.7556285751391,53.6128465265022,2509_18274
149.41576372690213,0.8699742922804942,2509_18274
240.97860117581436,54.67809216983198,2509_18274
151.53399079606805,1.8016363999490084,2509_18274
352.7988901773737,-0.5255501755946418,2509_18274
244.1191881142834,55.98788937606233,2509_18274
151.21581196927465,0.8622276389957789,2509_18274
243.3298223029055,56.49805738591413,2509_18274
148.59301963320326,2.7986480119737256,2509_18274
36.82614342760621,-5.091103818275721,2509_18274
242.35223499324331,56.0449853166299,2509_18274
36.95725674118454,-4.825040209203252,2509_18274
242.61795274458387,55.636077150839405,2509_18274
36.618289326320955,-4.523486521059663,2509_18274
350.64618666546653,-0.3398555085257079,2509_18274
351.5289541187585,0.450836391844651,2509_18274
241.27969689867564,54.17578158854086,2509_18274
151.17363408079953,2.7705821028863915,2509_18274
37.250042077723,-3.989496542210741,2509_18274
351.67503380382817,-0.4374247000948304,2509_18274
35.52764741655808,-4.022005974806304,2509_18274
35.865918997147496,-4.33078609140607,2509_18274
35.57885393045389,-4.446208334990326,2509_18274
36.55076462066239,-4.586645813107842,2509_18274
35.920529765007544,-4.5626392129693105,2509_18274
149.48581518956712,3.453045875789534,2509_18274
242.13785317588508,55.40834699060645,2509_18274
151.37911515529237,2.1142077794803265,2509_18274
245.2956956903331,55.27329084654239,2509_18274
243.36590691375665,54.01262913221129,2509_18274
352.3777238428458,-0.4654005238795276,2509_18274
242.39536852499043,53.417646332800906,2509_18274
242.48498365386288,53.362094377930866,2509_18274
37.224599283079755,-4.752179545486838,2509_18274
37.27660623816946,-4.744417445583453,2509_18274
37.365720997167955,-4.812156130601691,2509_18274
35.33836544102547,-3.396658816943994,2509_18274
35.66258299969684,-3.571882957006228,2509_18274
149.47881371381533,3.746537866145677,2509_18274
149.61461228293155,3.6233377110929705,2509_18274
242.2117545712735,55.765025886066205,2509_18274
149.2065750342093,2.866552434675367,2509_18274
241.95920367490535,55.83350123901942,2509_18274
37.31476526996346,-5.089276952151322,2509_18274
149.24357357374717,3.52271350031175,2509_18274
34.91730418075083,-3.735986680261399,2509_18274
243.407303355936,56.22968730917088,2509_18274
241.7252124870147,53.59850911951133,2509_18274
36.40764898253211,-4.5911774840186705,2509_18274
350.7266272827758,-0.9994058080179482,2509_18274
353.01872470633333,-0.5222067673371652,2509_18274
242.13359998429695,53.25489970004149,2509_18274
35.4691260265583,-4.026725456708511,2509_18274
36.768759942414306,-3.8105088497581665,2509_18274
242.37683594232277,53.26923775166498,2509_18274
242.08582582675376,54.80176960136643,2509_18274
149.95615170029984,0.9315245308562864,2509_18274
351.32820461866,-0.1691144389395687,2509_18274
34.480060643313244,-4.100671951477391,2509_18274
36.145903934910336,-4.245500135951919,2509_18274
34.63616795626399,-4.500642556451379,2509_18274
350.8074276408406,-0.3361039851931414,2509_18274
243.04405411267027,55.94721349641431,2509_18274
351.67034135608867,-0.8467767697277072,2509_18274
149.69585036070183,1.0155130343422811,2509_18274
351.3556275851517,0.1546912652703099,2509_18274
35.93926497855866,-5.49452993443811,2509_18274
352.81457831242125,0.7080832774468594,2509_18274
243.6570528484664,53.555043846234135,2509_18274
36.45178704530152,-4.942746779145343,2509_18274
241.97088416889335,56.332713895890336,2509_18274
352.4044381822831,0.0342507976162388,2509_18274
351.40572522415823,0.7247669819064203,2509_18274
148.9686752995407,1.712115820397912,2509_18274
36.48322341530754,-4.378994124528183,2509_18274
242.23927893299157,55.26159735572722,2509_18274
35.830195673154826,-4.718422286227312,2509_18274
243.25453652053176,54.167499338092966,2509_18274
35.77089923332491,-3.5778828588642178,2509_18274
241.08231156600013,55.00369884340481,2509_18274
37.0850811098308,-4.864137134419851,2509_18274
242.9649852465297,54.21055993478035,2509_18274
241.99832632778063,54.88212559348372,2509_18274
352.6278598621174,-0.8943394307616941,2509_18274
241.69913859784032,56.66068153662973,2509_18274
35.10176810151124,-4.713305136555365,2509_18274
148.61950612607677,1.511898270102204,2509_18274
243.91575186175436,55.9630832476029,2509_18274
151.10106334272442,2.256525545285136,2509_18274
149.99977427234646,3.4817662585975544,2509_18274
350.5322099096983,-1.3301356160984188,2509_18274
353.4289096378118,0.3825857491659536,2509_18274
36.83508065633474,-4.399200137780945,2509_18274
353.4791956019012,0.4227849714386169,2509_18274
241.18694779555145,55.02638577966216,2509_18274
36.72625090525885,-5.153265579844677,2509_18274
240.45345670771565,54.66222562452531,2509_18274
151.19999127785366,2.36193057492623,2509_18274
351.3462497197801,-0.0007191373904734,2509_18274
37.2218931317099,-4.677036510538769,2509_18274
242.7299705061051,56.300040898514645,2509_18274
150.48040743209964,2.9781673298985156,2509_18274
243.40312053072915,56.09870292500887,2509_18274
35.503767517969244,-3.8583998038396095,2509_18274
151.2363919401897,1.3357396173419702,2509_18274
150.53215781569745,3.6848394283969745,2509_18274
34.47982234676324,-5.448068802719522,2509_18274
149.20693392526775,2.659425954742189,2509_18274
148.95010538348487,0.763825996558634,2509_18274
35.876181041458814,-3.904635147255346,2509_18274
244.90082314596452,54.47462333878362,2509_18274
350.5404634077408,-0.8725704854587166,2509_18274
352.65330392064203,-1.1700440214240713,2509_18274
36.48917889439955,-5.170706649664827,2509_18274
241.96891588347657,53.85120287324693,2509_18274
243.74661252126512,53.48418142924242,2509_18274
33.81767647672998,-5.019829911768937,2509_18274
36.54159094849173,-4.448260683976524,2509_18274
243.384016633406,54.14922048830188,2509_18274
36.11095858490162,-4.443795478611403,2509_18274
242.4686944177591,55.11808191724476,2509_18274
352.49935475401554,-0.6526414053780313,2509_18274
150.27976009002796,0.9628839325380436,2509_18274
35.453303132043125,-4.502010436679024,2509_18274
150.08635462792148,3.314116591793975,2509_18274
352.9559116017022,-0.0919928458530953,2509_18274
241.86294175573153,55.84377366492965,2509_18274
35.520977905297826,-3.87756999025852,2509_18274
36.47089017358395,-5.260355165786388,2509_18274
350.89784078818616,-0.2209229751337411,2509_18274
241.5204661342869,55.22464264966687,2509_18274
36.1384996872033,-4.238717230465158,2509_18274
352.7834716728703,-0.3085451924519208,2509_18274
245.04076998285825,54.97521640884651,2509_18274
242.73757117081556,54.97003651782505,2509_18274
242.23589313261425,53.648418466304875,2509_18274
151.28461154779154,1.3096656393141397,2509_18274
34.79005754644192,-5.420196684179517,2509_18274
242.3777466617416,55.52959248805263,2509_18274
243.03304703982965,55.222770704624295,2509_18274
37.30334567635458,-4.912736223376985,2509_18274
151.20554799281726,0.9897616819586904,2509_18274
35.672351208036346,-3.4229833614355996,2509_18274
350.36109691767757,-0.703075302230761,2509_18274
37.07249831731043,-3.856451216221326,2509_18274
240.80304087463333,55.00204154233484,2509_18274
241.4068297138976,54.57222480826668,2509_18274
35.11394029831107,-5.562532351441992,2509_18274
36.94270191265112,-3.831819789182704,2509_18274
149.9873611251086,1.8320324044752925,2509_18274
35.69078249662511,-5.9530716776257915,2509_18274
243.3774508178124,54.529247226915,2509_18274
35.48236137918017,-4.538471775837329,2509_18274
352.4200164990701,-0.4378678621656371,2509_18274
241.13676320041748,55.52534431341597,2509_18274
351.08423971339096,-0.5414583902366522,2509_18274
151.2202277515596,1.0867577346226054,2509_18274
150.78196928533447,1.3643537889167474,2509_18274
242.68034379922548,53.589711579652665,2509_18274
241.81257854874116,54.91825164105399,2509_18274
243.39191365785524,54.726428028479496,2509_18274
35.75429671473586,-5.0346013615580265,2509_18274
242.4940503380111,55.41401237981774,2509_18274
149.6456584927917,2.2884792513066707,2509_18274
350.6138500832248,-0.6808069681727474,2509_18274
352.0557881934977,-0.9124482355750148,2509_18274
148.5406885426011,1.1963248529406632,2509_18274
352.6673365582297,0.6093815380182075,2509_18274
242.2426110791558,54.93619839562443,2509_18274
242.0078687674685,53.38170722680981,2509_18274
242.2005665074548,56.233458831851806,2509_18274
37.25578528158714,-4.19714847763334,2509_18274
149.0726331310884,3.293303193033411,2509_18274
243.56124723501836,53.91047551349031,2509_18274
241.6516614669892,54.10088639465507,2509_18274
35.12915945250533,-4.613700740567662,2509_18274
241.4599884919437,54.67668089193111,2509_18274
149.93798366281845,2.606263280577066,2509_18274
352.5177353403219,-0.6833908372523819,2509_18274
36.80067184212382,-4.428641571371987,2509_18274
243.1408558862476,56.14130724094705,2509_18274
34.67355196565058,-5.549182419364327,2509_18274
241.14594948406233,54.57313828336616,2509_18274
241.72546464422845,55.31114499749572,2509_18274
149.11976769121077,2.4632842635306513,2509_18274
351.8828142208788,0.9428033019618888,2509_18274
242.71873216379032,53.545298435174246,2509_18274
37.50208772676184,-4.268618660793534,2509_18274
243.09913693747663,54.64045486237577,2509_18274
352.2743517721764,-0.860607786328322,2509_18274
352.88390084662444,-0.1832197472127803,2509_18274
34.7834666952461,-4.376924555103578,2509_18274
353.0062541207164,-0.949646886560438,2509_18274
35.53880535219985,-4.46980674875425,2509_18274
244.62771822678377,54.36030480611366,2509_18274
351.63971112846804,-1.386319616878791,2509_18274
353.136879071367,0.0903675114924151,2509_18274
351.5037533883888,0.8700276024625768,2509_18274
150.19853646485066,2.0685233224576485,2509_18274
36.1863256664716,-4.391828194673571,2509_18274
36.48520624857623,-5.643733592199315,2509_18274
35.722681752254836,-4.2085514838198,2509_18274
33.81734677593554,-4.756959992906762,2509_18274
148.85203745189696,1.7685400970159506,2509_18274
244.32086801904163,54.880443117795174,2509_18274
149.1842518989572,0.9683853377477808,2509_18274
34.8044495876277,-4.279597272693723,2509_18274
34.51837074465379,-4.721889993136661,2509_18274
35.00034714566318,-3.805119619702032,2509_18274
242.45226567047857,55.28915683827169,2509_18274
35.42084664618393,-4.124944800420728,2509_18274
241.88457903123748,53.54821305678051,2509_18274
34.93915521059108,-5.388246942351473,2509_18274
151.3568087460932,3.40115701809771,2509_18274
36.15413723279466,-4.593622399372856,2509_18274
352.13751141890054,0.3942068386739317,2509_18274
36.992290130689504,-4.129405423879286,2509_18274
243.64943203024043,55.25775106385528,2509_18274
353.4671026747627,0.4209888276403919,2509_18274
36.2527609275288,-4.11049506527463,2509_18274
241.81129762988343,53.60914466857412,2509_18274
242.86178579018053,54.29314226240028,2509_18274
36.713308695390985,-4.044497930728375,2509_18274
244.46725412850668,54.88893166046365,2509_18274
35.12470207314758,-3.637864206655309,2509_18274
35.886660122609676,-4.3866981314063755,2509_18274
353.019153262387,0.1673451238583941,2509_18274
350.5214122095976,-1.0323955453460765,2509_18274
36.70583451545646,-4.95901461343203,2509_18274
36.58804221781436,-4.999121470735267,2509_18274
243.2024066802648,54.00678692947802,2509_18274
35.7391273119591,-5.117822737803795,2509_18274
35.443816471462945,-5.1303892349103455,2509_18274
150.44778452243963,3.427344450327555,2509_18274
36.41052237871492,-4.442067466903466,2509_18274
241.04615963765627,55.70598261740072,2509_18274
35.5101824553832,-4.534674070519507,2509_18274
36.236495348438915,-5.653822733021339,2509_18274
36.641647824103686,-4.214720486452435,2509_18274
243.65486458062804,54.917624857870855,2509_18274
241.03423389595423,55.26737891865952,2509_18274
151.4790758036849,2.684592748495564,2509_18274
149.4281570485839,2.951011031658599,2509_18274
35.22858789376389,-3.59309275227665,2509_18274
35.03566989141956,-3.8146075472476215,2509_18274
240.5737371047497,55.58565156231126,2509_18274
148.87427575212274,2.6171021756786232,2509_18274
37.389680488173,-4.164020237493403,2509_18274
242.8478095812567,54.86614868041822,2509_18274
149.55284173098497,3.5473385340087877,2509_18274
240.39015552959737,54.56648985035954,2509_18274
242.42228423816877,55.64335202608921,2509_18274
352.82183730510565,0.7142105940310705,2509_18274
352.80398385561665,-0.1057863624570903,2509_18274
35.93958935618401,-4.153786312024282,2509_18274
151.12989564206833,2.843911208840892,2509_18274
352.5668532214588,-0.8773959450494083,2509_18274
353.1348534270842,0.6486720332218425,2509_18274
150.03344456404432,1.2044787691699743,2509_18274
150.8747524666593,2.814771140062766,2509_18274
353.72022386465716,0.5640178304381942,2509_18274
243.3359231864928,53.69615102789423,2509_18274
352.2948155401457,-0.6411835624072827,2509_18274
350.7483442481655,-1.142885168807366,2509_18274
352.9510913800897,0.5461621407863558,2509_18274
34.49515607892572,-4.867451487830649,2509_18274
244.19108495043383,55.54038368763387,2509_18274
353.2192933591962,-0.2978120438564859,2509_18274
148.92148577368866,2.263274908188264,2509_18274
35.7234020959817,-4.491448138757769,2509_18274
150.90344804897833,2.8554448397576553,2509_18274
149.82228648980814,1.2821721702151865,2509_18274
36.246061344973064,-4.796008364420483,2509_18274
352.8470381461028,-0.0307812599577899,2509_18274
35.13734056574703,-5.4346871037277635,2509_18274
36.35293878982915,-5.183612489825155,2509_18274
150.8000620574886,2.489786338713191,2509_18274
35.96636618649105,-4.335307206284876,2509_18274
353.76250221732647,0.793441700861872,2509_18274
37.541913496882195,-4.150751544979988,2509_18274
242.0041525169972,55.526011415169805,2509_18274
350.8393829784819,-0.3381382882562955,2509_18274
353.67987416146786,0.4800880830579095,2509_18274
351.30401881149305,0.3387721155040488,2509_18274
151.19048223454013,3.3310781548513817,2509_18274
243.52904288173735,56.57843491478231,2509_18274
353.0206033056222,-0.5316271621807716,2509_18274
35.885200634591776,-5.809091171685682,2509_18274
149.8852387557297,3.2902972024666735,2509_18274
242.58715349301156,55.6680782463888,2509_18274
242.6600860803776,53.84427971262568,2509_18274
352.99135077449034,1.0001390196822213,2509_18274
37.15092399119033,-3.8167670108113514,2509_18274
35.62130859059843,-5.76950395081683,2509_18274
243.2074996647139,56.38678947080676,2509_18274
37.02799122601,-4.197759110741342,2509_18274
351.5113265179847,0.3386404807170015,2509_18274
36.519418591395414,-3.989486752864462,2509_18274
150.60585107284527,3.543157627087602,2509_18274
35.492344540318925,-4.274230493860367,2509_18274
150.99278066556528,0.8200981929164636,2509_18274
149.4928156977007,2.1531483526395605,2509_18274
351.4687590388947,-1.1200237911680102,2509_18274
352.7372452026584,-1.4942063646185495,2509_18274
240.49557181585757,55.40489922286239,2509_18274
36.36433716345357,-4.882275619402609,2509_18274
351.0600622305572,-0.1821932662993705,2509_18274
352.7466655770124,-0.5818044320355175,2509_18274
241.4791552938364,53.577487283306944,2509_18274
352.99974685855125,0.807107720332984,2509_18274
149.49739911520058,3.5829703715419043,2509_18274
35.722383791756286,-3.942174839917801,2509_18274
35.00948924596711,-4.229200154919881,2509_18274
34.0663800894091,-4.203095982844015,2509_18274
37.496197577418926,-4.239471518383518,2509_18274
151.55162886914977,0.9051125824846674,2509_18274
34.724035451354396,-5.481890614289561,2509_18274
37.53415977133271,-4.527528800301453,2509_18274
35.37974834945921,-4.338509191601888,2509_18274
352.1775735348058,0.8275216490453663,2509_18274
352.04497892879556,-0.9601858665239532,2509_18274
34.27740545363995,-4.417218664693599,2509_18274
242.48584044284385,54.44442765587698,2509_18274
35.661628500766895,-4.015599977898981,2509_18274
36.67606926232125,-4.731334546881358,2509_18274
242.1301132178448,53.60380461523073,2509_18274
352.84251097522645,-0.6106690458877418,2509_18274
351.4394905654774,0.8536997324897831,2509_18274
36.71901399439986,-4.159188432959641,2509_18274
243.595489484738,56.10747375130048,2509_18274
241.26297908122132,55.62710461462966,2509_18274
351.469464347832,0.0298763670155218,2509_18274
150.36064470754144,1.3586215119777767,2509_18274
243.85489556468485,53.9071746525083,2509_18274
36.47995948213343,-4.733803903285117,2509_18274
149.74579031977615,1.2771383627095865,2509_18274
352.4865525303022,-0.5677792375890208,2509_18274
241.21463090964875,55.718286532118675,2509_18274
352.6465438571201,0.4106955538656706,2509_18274
35.81099274307854,-4.254932270972213,2509_18274
35.26669691688589,-5.099119431780213,2509_18274
151.4687575000518,1.4503552171427148,2509_18274
244.7322442066296,55.13063675362985,2509_18274
241.2856257269535,55.60889675733712,2509_18274
35.243046253107394,-3.682946954648098,2509_18274
242.97975253054557,56.49306450828417,2509_18274
149.764027612183,3.4692951334886444,2509_18274
242.0989062213102,54.00784304445972,2509_18274
243.29668897280897,55.80507104714616,2509_18274
353.35359118899794,0.423701371495631,2509_18274
35.51497758436041,-3.669908512348694,2509_18274
243.5405971360742,54.00197936009428,2509_18274
352.6295539532342,-0.4509331016533857,2509_18274
35.05927004535119,-5.388400616209149,2509_18274
36.99538103213286,-3.811557174876611,2509_18274
148.61617874844217,1.5079966331992,2509_18274
36.60752214649787,-4.868513260488125,2509_18274
36.030661283422624,-3.662690506484626,2509_18274
35.53951291237386,-4.284396911518235,2509_18274
36.97287961582477,-4.110448286960616,2509_18274
36.55474214555827,-5.450153418548875,2509_18274
35.34044875580865,-4.044255900053572,2509_18274
242.6733479885544,53.361767088733586,2509_18274
35.4207671609657,-3.714910785253733,2509_18274
35.40657835761304,-4.588204626279207,2509_18274
37.169959819955416,-3.9135673324101754,2509_18274
37.125936711592985,-3.874154789838404,2509_18274
243.07498730307495,53.585982502067246,2509_18274
149.84501392699127,2.766345115685254,2509_18274
241.6422909916012,54.98996574394587,2509_18274
149.70164248955797,3.718160077436232,2509_18274
352.63979596258656,-0.1851567079049644,2509_18274
241.92364409868372,56.59304730492721,2509_18274
151.6886136079621,3.158212003164176,2509_18274
150.00325807824962,2.996636982857094,2509_18274
35.43959398198947,-3.672172271922232,2509_18274
36.65334233743374,-4.898338323768716,2509_18274
36.57175574940104,-5.37268630298308,2509_18274
352.95834923846684,0.5527096491375129,2509_18274
150.86274902337772,2.394524838998231,2509_18274
35.43621116839137,-4.748579396691601,2509_18274
151.24567748925355,2.4744111280709387,2509_18274
350.95091315208026,-1.011836582788206,2509_18274
34.93270010368945,-5.403046131388611,2509_18274
36.3201886247747,-5.812752018804451,2509_18274
242.94133962975727,55.036889553694046,2509_18274
36.39026198694169,-4.403229761523154,2509_18274
34.368647862251564,-4.2056840566469855,2509_18274
243.40560533443397,54.18870135480024,2509_18274
35.338194032122864,-3.4152381838849193,2509_18274
34.17987071812975,-4.258541674255004,2509_18274
151.20154908611744,3.5658001973325804,2509_18274
241.04240738224712,55.01698242862689,2509_18274
35.00890374586955,-3.7400165207158698,2509_18274
243.1127701627693,53.61675358235551,2509_18274
242.97012125934316,56.06822680095537,2509_18274
241.98616371700012,53.61072486862248,2509_18274
352.1992990056403,-1.5829859402712383,2509_18274
350.9290768940952,-0.3189872096634651,2509_18274
35.52787255509738,-3.931878188577669,2509_18274
37.292463855812514,-4.874815324091584,2509_18274
36.00623905264413,-4.1039167558145015,2509_18274
242.34130062698557,53.916260017354624,2509_18274
353.10256653323853,-1.3717102151802598,2509_18274
36.38322251743589,-5.871276463625627,2509_18274
34.91279094374949,-4.888462374933997,2509_18274
150.66415898800616,0.9900684633139066,2509_18274
243.19289083076305,54.02104305003706,2509_18274
241.8696141451019,53.836901663517786,2509_18274
352.8488498507562,-0.6029301000513139,2509_18274
150.53583983830535,0.7170749260734931,2509_18274
241.45007572273684,54.03554794189205,2509_18274
351.2936512750622,0.2156892064018032,2509_18274
36.55518796913876,-5.074042375957838,2509_18274
35.504439158570214,-4.433907420941895,2509_18274
148.74977287789503,0.9790992330653806,2509_18274
34.930601108422664,-4.487070287041207,2509_18274
244.1674150158045,54.390483290208394,2509_18274
240.92329860795664,55.62057832749072,2509_18274
242.66563049088256,53.85616971406136,2509_18274
351.05157782188456,-0.013936151006148,2509_18274
35.61937171668231,-4.512125265654512,2509_18274
36.29643065557451,-4.028124038478827,2509_18274
352.41519837566955,-0.3312615094067029,2509_18274
34.66175892427526,-4.785962957716887,2509_18274
351.6254543254235,-0.276012894814004,2509_18274
34.42267369680083,-5.390919892121758,2509_18274
241.47946964589457,53.57489957826502,2509_18274
351.90873402315003,-0.6205728429438193,2509_18274
352.2099974231325,0.2133809931994791,2509_18274
35.918561976691606,-4.079991562295213,2509_18274
241.74342881428967,54.76337037809677,2509_18274
36.45493152788996,-4.175393386258993,2509_18274
149.38850898240364,0.84606542908798,2509_18274
352.81964053391596,0.7267688921860148,2509_18274
244.84239350528543,54.49371247175811,2509_18274
151.43227094067484,3.24368172891967,2509_18274
35.32015752262713,-5.736304512784107,2509_18274
243.04264041817828,55.96733282466995,2509_18274
35.82659595494306,-5.116706090930624,2509_18274
243.83554930779363,55.7685594431835,2509_18274
37.24106743425859,-5.095232533049445,2509_18274
241.63232026806145,54.945703750836365,2509_18274
242.3130395278057,55.66606971603616,2509_18274
36.40915229087811,-4.594949907013189,2509_18274
35.747816313550686,-4.000922964334119,2509_18274
243.6330168504873,56.66650223087885,2509_18274
352.33243356951056,-1.2677660699550517,2509_18274
37.52477339640558,-4.111433895738558,2509_18274
148.94707939865432,2.3534552471605337,2509_18274
352.94845143918104,-1.432000886776971,2509_18274
35.24628839481345,-3.684536882409581,2509_18274
37.62674044284618,-4.694237552964421,2509_18274
34.21760906584806,-4.297435302665108,2509_18274
353.6151938947365,0.8713320743666195,2509_18274
241.6374659037228,53.44224685403275,2509_18274
241.5406394061243,54.60061200467035,2509_18274
35.16200247104838,-3.904884206317549,2509_18274
243.38275775251168,54.15802534975993,2509_18274
149.14562766685495,2.8302548762152733,2509_18274
243.21955140165312,54.27950581943299,2509_18274
240.9173449439264,55.11192739014862,2509_18274
351.5404755886118,0.9054799243445932,2509_18274
36.27574998205752,-5.819831105643501,2509_18274
35.81019528750555,-3.7606599575817214,2509_18274
241.7295250714992,56.34823456040546,2509_18274
241.762852450174,54.87120961394253,2509_18274
243.77580226021877,55.26401195096526,2509_18274
36.14020097422837,-5.371146881209233,2509_18274
36.60967982104232,-5.028826611763431,2509_18274
36.136632939120936,-4.9013871174928845,2509_18274
33.76311736044529,-5.0533273061514565,2509_18274
34.31686696769684,-4.099682276538561,2509_18274
240.94401514438636,55.482091185577474,2509_18274
352.4546590251279,0.5149670230894244,2509_18274
34.55444833427083,-5.423430008372284,2509_18274
35.65345319349403,-3.824030601984126,2509_18274
352.47566595441805,-1.5609861511276804,2509_18274
351.0253342923939,-0.6962759535708712,2509_18274
242.6474487758834,53.85736184357595,2509_18274
36.77654789828874,-4.171244200992882,2509_18274
351.86155145123206,0.1161068587756459,2509_18274
243.3273884065281,54.84102689035741,2509_18274
242.51377488438249,55.77274920647727,2509_18274
352.2457526149805,0.4618236109935185,2509_18274
35.820411611787875,-4.23396439026749,2509_18274
243.1130097962843,53.34821952150872,2509_18274
242.84001737314057,53.644288825917656,2509_18274
352.63826983929573,-1.1980816926140734,2509_18274
35.247229070651876,-4.475573007132046,2509_18274
151.13082514477523,2.873049840989578,2509_18274
242.8110420430827,55.61406081179421,2509_18274
36.13474243064317,-4.550529813221535,2509_18274
242.00651186429155,54.611882489248686,2509_18274
35.238228128169936,-4.4364524771146625,2509_18274
243.18616952394655,56.349918564161655,2509_18274
350.94682666830437,-1.4090100157707732,2509_18274
35.97879230152118,-4.540799771455001,2509_18274
36.195253884320465,-4.2535390006762785,2509_18274
351.5047286694253,0.7694622839824955,2509_18274
242.69578926565353,56.64585349007293,2509_18274
149.31847156997455,1.0251724978575234,2509_18274
35.43487922776864,-4.813724704028397,2509_18274
150.6551353409209,1.017024027773328,2509_18274
35.206540520914686,-3.9738239480265194,2509_18274
244.76615196617936,55.637438203409005,2509_18274
240.88754108634515,54.846356046810435,2509_18274
352.29333954788,-0.3978083719094718,2509_18274
244.4580831491681,54.68628305433054,2509_18274
36.20149270902003,-5.3105463301703235,2509_18274
150.5286179787949,1.8906208560183464,2509_18274
242.66784375416444,54.10658638197349,2509_18274
148.94707578377427,2.558285958451013,2509_18274
243.65531349545745,54.715358651356865,2509_18274
36.26280124446451,-5.136939490228235,2509_18274
35.96116948839756,-4.0234439794172605,2509_18274
242.13449691099464,54.08214858028382,2509_18274
151.0276734011773,1.5343256277744348,2509_18274
351.54248104862614,0.258901807443726,2509_18274
245.0482445936942,54.98193235717604,2509_18274
241.92497636530135,55.77709376446093,2509_18274
243.2226529340444,54.14396662728794,2509_18274
36.02997594493109,-4.944178428357075,2509_18274
243.1010161878615,56.01036670160936,2509_18274
149.54072907022896,3.5514746146040372,2509_18274
36.55506013845901,-4.547937553546017,2509_18274
35.74756474826263,-4.004119780531762,2509_18274
243.9089944214142,54.429144168045475,2509_18274
36.38804898640095,-4.404226356054904,2509_18274
353.0587784078948,0.593152752656859,2509_18274
35.73249956791859,-4.605567335726721,2509_18274
35.70221578117921,-4.079734563365002,2509_18274
36.590004814403606,-4.822096297669126,2509_18274
148.87226865351514,2.7806861877014426,2509_18274
351.3222651832435,-0.1800555840414031,2509_18274
352.6119313741003,-0.6710985831275397,2509_18274
352.63419793360055,-0.638850788831039,2509_18274
351.7635410987199,0.8195518723428639,2509_18274
151.24082104804623,1.8271043551298944,2509_18274
242.49711851681687,53.83875524849361,2509_18274
353.49391673707504,0.1719930392041893,2509_18274
244.99083953005615,55.40277414114957,2509_18274
150.2083430813732,3.2503433564920576,2509_18274
150.5107499841743,1.5503248051658365,2509_18274
352.0162441192838,0.8701342906536635,2509_18274
151.62785463351315,1.14114450729732,2509_18274
244.6140511660335,54.840092287646215,2509_18274
35.86948445213905,-5.768875769017489,2509_18274
34.127024221558806,-4.538596134969181,2509_18274
352.9768458299046,-0.5398903611662085,2509_18274
36.2768300722834,-5.351256811353729,2509_18274
244.3909278978545,55.17862289488584,2509_18274
242.86768550368868,55.86357642057342,2509_18274
36.91816658082546,-4.858602902986499,2509_18274
243.39652414097412,56.49358342244186,2509_18274
150.05805254610632,2.3804194417360365,2509_18274
37.112144295284594,-5.005606131089068,2509_18274
351.83073761657096,-1.322563057664138,2509_18274
353.20569604986633,-0.1622123172567573,2509_18274
243.9285896904886,54.272451438171146,2509_18274
245.16787292555617,55.453807687146686,2509_18274
36.40293274881233,-5.873060455967404,2509_18274
243.32880829256237,53.34395907259984,2509_18274
244.23073715953663,54.261155049693066,2509_18274
352.6417523403809,-0.1856291055330975,2509_18274
37.45141535459721,-4.1315580963841985,2509_18274
148.65753556571255,2.891949621821958,2509_18274
241.97824429893325,55.038260472831034,2509_18274
242.65928127412505,55.441379776766794,2509_18274
36.61301694507225,-4.021385414598864,2509_18274
245.1050724620956,54.723925318278745,2509_18274
241.78920567764808,54.82325807031989,2509_18274
149.78257404942693,3.2256155656341017,2509_18274
149.94638252899864,3.2463810983671513,2509_18274
353.3014517644079,0.3865615331693056,2509_18274
35.34948696836697,-4.614382746824718,2509_18274
150.11546513103286,3.018579098938397,2509_18274
150.5170434077085,0.6875449160022268,2509_18274
243.21262040664217,53.99386461552203,2509_18274
350.6317190607938,-0.2563667035541616,2509_18274
36.10385671285203,-3.8280497049815465,2509_18274
34.96525646909016,-4.845918554894824,2509_18274
150.84949658395396,2.8503174998211707,2509_18274
243.0638200843697,54.03178638112556,2509_18274
243.89295488535265,54.59742026679413,2509_18274
242.6430933545641,54.507809035598896,2509_18274
35.504231098942554,-4.805600393031432,2509_18274
353.20887799406444,-0.0076513189967062,2509_18274
35.390593872899764,-4.514493993265527,2509_18274
35.675180655677025,-5.032552444183426,2509_18274
149.1944263856397,2.8114283531313813,2509_18274
148.49828871681615,1.6018589246508637,2509_18274
35.504530445042946,-4.535538049445615,2509_18274
242.32502804828283,53.7228579713855,2509_18274
245.3335886857432,55.00665793932851,2509_18274
37.068226965510235,-3.836177686836547,2509_18274
351.2132758060486,-0.8895222916430008,2509_18274
351.00566227553816,0.3200922005348529,2509_18274
35.93118931664723,-4.008722771823959,2509_18274
34.53686254696205,-5.001281927832842,2509_18274
35.72541554641345,-5.484659905118558,2509_18274
35.445372939774884,-5.475925863809703,2509_18274
36.07605405708526,-5.624399742830492,2509_18274
241.04110512181785,55.451113620553535,2509_18274
151.1617775630688,2.2466774471437776,2509_18274
36.70858297866905,-4.230135863117815,2509_18274
351.3915809408569,0.4288292464283385,2509_18274
151.80206552725372,1.439340430356006,2509_18274
36.67719184731774,-3.852588583366257,2509_18274
149.36378222449113,1.8724902852600505,2509_18274
241.6204826143586,54.65466230102835,2509_18274
350.5850181002098,-0.6995392707468228,2509_18274
242.0540693013853,53.25127241238994,2509_18274
242.261026555942,55.33015429796457,2509_18274
151.29259450276933,2.56835897150892,2509_18274
353.26602607378925,-0.2114927898452092,2509_18274
36.937962439057806,-5.134402177524027,2509_18274
353.5587686970601,0.4358364174850223,2509_18274
243.43168629678297,55.376961228090614,2509_18274
243.71903269625824,54.05937413906516,2509_18274
241.2674787125675,54.81644800875739,2509_18274
241.5936847982891,54.94784238764725,2509_18274
352.1310768448676,-0.3957525907352917,2509_18274
34.314824686474225,-4.117950530152761,2509_18274
150.14712209283235,3.381887429256458,2509_18274
151.15857863825852,2.731160861500741,2509_18274
36.87358984167359,-4.009338155679708,2509_18274
35.72101370520562,-4.040645028522724,2509_18274
243.4654700709242,56.01268037292997,2509_18274
35.72143025077002,-4.365898555829524,2509_18274
353.79829409651046,-0.2210771070040546,2509_18274
353.09436661718223,-1.2664468454545166,2509_18274
242.04028234220397,55.66985599718748,2509_18274
150.95172731842288,2.226551030370704,2509_18274
36.828112098545475,-3.747846273162384,2509_18274
149.2770894987773,1.5141271016459503,2509_18274
36.03819594243503,-3.602076384478936,2509_18274
242.4689946485759,55.96008245877788,2509_18274
36.77101896546662,-4.222474785481116,2509_18274
35.53453108486406,-4.725198756958555,2509_18274
36.286493147291736,-3.973325516782909,2509_18274
151.09963553801992,3.1289750284828695,2509_18274
149.4481860996207,3.4699462836263666,2509_18274
150.25121389852293,3.476362962855412,2509_18274
36.41020231803063,-4.593984347705408,2509_18274
36.50529883995556,-4.1456948950598775,2509_18274
242.52324774592415,56.41210647037468,2509_18274
36.39717664393556,-4.7868258845350375,2509_18274
244.60398077905103,54.43088267587618,2509_18274
36.50526388173854,-5.1675149584877245,2509_18274
242.44409944053984,54.70214398447999,2509_18274
351.48507034172303,0.1968676392962172,2509_18274
240.5375094161901,54.70740980240792,2509_18274
150.564279371512,2.973710907750368,2509_18274
242.18216852827192,53.85997434491693,2509_18274
35.49840647310822,-3.8460484928871974,2509_18274
36.608766603136566,-5.125618076710721,2509_18274
36.96362413537085,-4.170196504580611,2509_18274
148.8513119256432,2.733046957204362,2509_18274
241.50087373139385,56.218109570133386,2509_18274
244.06245143478125,54.46368192359127,2509_18274
35.271622273507795,-3.4146487583511376,2509_18274
351.9060679323256,-0.618740392570796,2509_18274
35.09928411169505,-5.549335589463839,2509_18274
243.5603815415263,56.10897596547244,2509_18274
149.62200565472045,2.3321337143218086,2509_18274
352.34871907125313,-0.8153832216066198,2509_18274
35.43405835415275,-4.708542954946172,2509_18274
151.3115829126851,0.7733879463258068,2509_18274
350.9334566551039,-0.5069451586920666,2509_18274
240.87489091974476,54.61547261404854,2509_18274
150.77041188418764,1.0654192001171,2509_18274
149.69482348195973,1.0628746803154674,2509_18274
352.6726659781714,0.6089426704408729,2509_18274
148.93553480512168,2.348271033735961,2509_18274
350.83455301976215,-0.8324864983240823,2509_18274
37.6284042491841,-4.422046388442162,2509_18274
149.36265553494167,3.6986337864030574,2509_18274
242.32559944836208,55.416933316220415,2509_18274
353.4624944609536,0.0273082425602005,2509_18274
243.44751310168496,53.24944437596774,2509_18274
36.45222964938609,-5.08180886015561,2509_18274
36.11283554670113,-4.592612210712787,2509_18274
244.6635901937849,55.51751629776007,2509_18274
242.29786784496383,56.33992528620534,2509_18274
353.6630701888845,0.558014701136954,2509_18274
352.8251941818628,-0.9279818552291876,2509_18274
241.2640255202712,54.63658505848689,2509_18274
150.31912977966252,2.4577067472553504,2509_18274
242.2814498446837,56.434307996640705,2509_18274
243.2749614550857,56.71001611973489,2509_18274
149.60190573767926,2.4076868941582963,2509_18274
36.31785785441431,-5.814649800850985,2509_18274
149.36867905146482,3.6542420287740818,2509_18274
35.906808587731675,-5.82238878238554,2509_18274
351.4360855400444,0.4258922886452662,2509_18274
35.378598552641236,-3.911127020938383,2509_18274
242.3766899675539,54.25814567888596,2509_18274
37.55335345539776,-4.632903304822452,2509_18274
242.08492937473443,53.55915015623415,2509_18274
34.94370235163345,-3.9976508362784977,2509_18274
35.76015345672254,-4.225859359461267,2509_18274
37.22252821162392,-4.364168820654196,2509_18274
350.31090171963314,-1.038426193131139,2509_18274
34.78953457394472,-4.894342078143012,2509_18274
245.0906289167843,55.01507477145883,2509_18274
34.377333878212916,-4.827216980556633,2509_18274
36.55650228547315,-5.4392878807257405,2509_18274
244.1508767875741,53.99692130358454,2509_18274
352.7413683548019,-1.2290481114987686,2509_18274
35.82880555149364,-5.936751266487561,2509_18274
351.46083874261495,-0.3998152564633188,2509_18274
243.36919262365984,54.37720202419823,2509_18274
352.96749383564196,0.1605857238889926,2509_18274
35.97940571801333,-5.822635825126583,2509_18274
242.04829647066185,53.353745652646886,2509_18274
242.59794610374385,53.542332885855345,2509_18274
36.9105908356449,-4.974175160259516,2509_18274
35.362953310745276,-4.454715703020331,2509_18274
352.4391949897505,-0.411839585616354,2509_18274
37.56617648899493,-4.320604364280075,2509_18274
151.31744796357555,2.394207450354674,2509_18274
149.92494258744796,3.054457381519548,2509_18274
151.16627555106962,3.5088402764664,2509_18274
351.2641606636636,-1.0618735316589187,2509_18274
353.4141057288608,0.042646140751394,2509_18274
36.47035793299629,-5.468795383575427,2509_18274
351.9196605381636,-0.3366577531460681,2509_18274
35.341158185124925,-4.80317760090737,2509_18274
36.68875599288218,-3.9465591398877904,2509_18274
37.135350076242574,-4.235357081217001,2509_18274
351.71437467861875,-0.949564477781365,2509_18274
35.50776994352542,-3.602432176407978,2509_18274
36.54790078915021,-5.284194630848963,2509_18274
243.55834085895543,54.7326666876545,2509_18274
35.52367718944496,-3.652156084400235,2509_18274
242.17032844628227,55.39321268709788,2509_18274
36.02226654386367,-4.16230945163638,2509_18274
351.15718739999494,0.393829293396718,2509_18274
350.5883814921092,-0.9909382086192504,2509_18274
150.08680680376764,1.4113154014789993,2509_18274
36.00047190980847,-4.921176572283719,2509_18274
243.81481371721384,54.68633561346323,2509_18274
352.6284267996832,-0.8945703752438973,2509_18274
351.6123892025605,-0.0151519544036312,2509_18274
34.95459670049154,-4.000777753687097,2509_18274
35.021466916935886,-4.183564530307466,2509_18274
351.3103072149468,-1.5441292411918883,2509_18274
351.8393420623972,-0.9936094398193877,2509_18274
241.3488166250175,55.21123659617312,2509_18274
148.6792590539084,1.8391957755102804,2509_18274
352.6288292977747,0.6362222488306464,2509_18274
35.38062004634962,-5.295837100662977,2509_18274
241.6878003962255,54.332441069050574,2509_18274
244.28753686398932,54.22696517577715,2509_18274
36.28295935343393,-4.20612224844858,2509_18274
35.6567313377918,-3.985295019888632,2509_18274
242.6506373081162,56.28716719675292,2509_18274
245.17053137663413,54.63953237568899,2509_18274
351.5988431825299,-0.0951613461053157,2509_18274
36.293727679951445,-4.030550555001094,2509_18274
242.441691430538,55.4330329283934,2509_18274
34.77507231185089,-4.332739370767907,2509_18274
149.26354661216772,1.4546571365448804,2509_18274
243.00634782441855,55.05804177188659,2509_18274
34.55032920954717,-4.910974654365717,2509_18274
351.07099828066816,-0.8385733000284336,2509_18274
243.3456708784534,53.42081439012135,2509_18274
151.14761790583216,0.7978030832672305,2509_18274
34.982422455726116,-5.462931045558791,2509_18274
35.76238418183179,-5.829235669443,2509_18274
242.2647083393781,56.50035354397737,2509_18274
35.18859908564135,-3.9502938616951617,2509_18274
352.36333798083007,-0.5373610542534755,2509_18274
353.1666079465298,0.9385848650367916,2509_18274
149.9079709771876,3.057288827474302,2509_18274
243.93898073066617,54.31725129867477,2509_18274
35.898000866239656,-4.342752863241313,2509_18274
353.30885010568807,0.6016546660847778,2509_18274
351.0778473091764,-0.0975700680453552,2509_18274
37.024232443927055,-4.20880798061805,2509_18274
241.09118001839113,55.00403182539623,2509_18274
242.77569020283875,55.79545737999437,2509_18274
242.38046861078556,53.55152968742237,2509_18274
34.560832836921605,-4.192349924410187,2509_18274
244.46010002961668,55.113414710553705,2509_18274
151.06800960874028,2.8995537325143053,2509_18274
244.41008250217297,55.15766506183691,2509_18274
35.17482115602435,-4.585788576169295,2509_18274
149.33769007293566,0.8149097443278318,2509_18274
36.44372801469774,-4.13650967328565,2509_18274
242.7841439250749,53.408383850026304,2509_18274
351.3955577649464,-0.4358400457909501,2509_18274
243.94935396178303,54.06067562184269,2509_18274
241.41855888493524,54.84802956222412,2509_18274
37.12014533113147,-4.998648752562614,2509_18274
35.45310184138749,-3.439362820750462,2509_18274
352.9765381132392,0.8089265454017402,2509_18274
150.82600480755443,1.3402890620194094,2509_18274
151.66010636868762,1.8214493622236896,2509_18274
35.540788214728686,-4.872943865305388,2509_18274
34.019935810712425,-4.232536068617504,2509_18274
351.0739214995966,-0.5178577315951762,2509_18274
36.208406463003506,-5.417602625711184,2509_18274
242.1720615496216,56.125107058577186,2509_18274
148.98236092635472,2.4199921921845213,2509_18274
37.19546181234683,-4.108675064522805,2509_18274
35.37903390966286,-5.513993050051343,2509_18274
241.2396530157994,55.6235069509203,2509_18274
243.21801185021764,54.9273146577865,2509_18274
352.8056276719905,0.7052968106149258,2509_18274
243.6903273057074,56.21426150754524,2509_18274
351.88616486258127,-0.4982383621211617,2509_18274
151.22424411185852,3.5030468274567808,2509_18274
36.48744948845249,-5.073273303573674,2509_18274
241.92231021729168,53.374344074911534,2509_18274
35.40496481053212,-4.3713783440178045,2509_18274
34.37174128648518,-4.7146094617642555,2509_18274
37.12188722135406,-4.9941122003430864,2509_18274
353.33315583824054,0.8561935675176213,2509_18274
149.70082997765337,3.6741623083440462,2509_18274
244.17777230929792,54.29690534735495,2509_18274
35.36994710884638,-4.777842787962536,2509_18274
241.5447908681482,55.45014931188458,2509_18274
37.07310316579197,-3.8389788352297,2509_18274
36.312657017569634,-4.764397762209769,2509_18274
243.69741385330863,53.84096936030722,2509_18274
35.00537373434875,-4.491942005834225,2509_18274
35.523723780339665,-4.5461524210878,2509_18274
351.4169194367844,-1.2412346453105942,2509_18274
149.88634527907314,1.750573183401677,2509_18274
150.57990133901143,0.9027129918812064,2509_18274
36.95701178692677,-3.7811459331710946,2509_18274
352.91479302991826,-1.1796267921702102,2509_18274
34.97957120673543,-4.551772882058199,2509_18274
243.5029082155666,54.75502100118073,2509_18274
241.84984208094735,55.835441120627294,2509_18274
351.11361621275205,0.3308435811522868,2509_18274
36.27975903940339,-5.928193062370804,2509_18274
36.00903299848184,-5.090756854930465,2509_18274
243.17512998028215,55.807001788621584,2509_18274
148.74987016927935,1.562101881231118,2509_18274
242.79365968383615,53.68077399269472,2509_18274
150.47797459660623,3.539485521925827,2509_18274
35.593599803507736,-4.095664301336542,2509_18274
35.419315402347614,-5.444188984045791,2509_18274
244.62876041513636,55.229117411803834,2509_18274
35.519050239559675,-4.550071282460984,2509_18274
35.7370682790279,-5.206205835859307,2509_18274
151.50505353175382,1.1969204146806645,2509_18274
241.0606070922295,55.41080112830384,2509_18274
243.45525670983497,54.25787075966247,2509_18274
36.27055808321784,-4.707007827907014,2509_18274
351.9714759912232,-0.579545133607799,2509_18274
149.81026840434512,2.9938062385956896,2509_18274
35.11357628127162,-5.650167811604221,2509_18274
241.9415867781115,53.39320560337437,2509_18274
150.18511482059972,1.8567436932721977,2509_18274
241.4695414513438,56.09425212528302,2509_18274
35.68017301449741,-4.0428619135515325,2509_18274
241.41401975917609,53.94198681854773,2509_18274
241.41257996628667,54.85939170288388,2509_18274
351.61254373751905,-1.2389311815493194,2509_18274
150.52018401417314,1.5655199023153743,2509_18274
35.58329449971207,-4.9279131366012034,2509_18274
243.8571673418958,55.367780233679355,2509_18274
35.723940064967685,-4.489378798527481,2509_18274
34.659380997005705,-4.788365000243113,2509_18274
353.80133080466527,0.1612660651141726,2509_18274
244.05270540148015,53.88143982814499,2509_18274
353.7333845300787,0.3790371885280493,2509_18274
34.11457535788679,-5.106247289565215,2509_18274
351.58865652003226,-0.0435847557564695,2509_18274
351.5390955372163,0.226738415291104,2509_18274
352.90208725670124,-1.4510129800483862,2509_18274
35.74371673562539,-3.6377940783714298,2509_18274
242.99947422259223,55.96870550676281,2509_18274
240.6749530578771,54.812116985081865,2509_18274
37.02396412563535,-3.834746258149876,2509_18274
242.5851409890388,55.72957687665767,2509_18274
34.22222062621544,-4.301732879202137,2509_18274
243.36624332856533,55.736792076139494,2509_18274
350.5938220981711,-1.01979078155113,2509_18274
37.62747583822436,-4.621712858651825,2509_18274
149.47261337664915,3.1362879309181153,2509_18274
151.3226472066041,2.541638614907264,2509_18274
35.43775857081757,-5.47775932061088,2509_18274
35.78158918847733,-5.484413551625075,2509_18274
244.39249009419945,55.30056110285726,2509_18274
149.55743197159197,0.8142675895857,2509_18274
36.32962212379867,-4.792704160099901,2509_18274
242.42353423283447,53.83867433632575,2509_18274
34.90060703813556,-3.800585711011567,2509_18274
36.90638394515602,-4.630876829759066,2509_18274
36.23658665112267,-5.638920240897973,2509_18274
350.83459953608565,-0.159419812224753,2509_18274
35.40447710953923,-4.591610731987906,2509_18274
243.7456658016108,56.35488485007444,2509_18274
149.3396570610305,1.4581040236690317,2509_18274
36.8936558280439,-3.870511489564756,2509_18274
352.7001156519609,0.3342346498231662,2509_18274
150.33303422636922,3.3033659776069815,2509_18274
37.3877660505411,-4.326802015636285,2509_18274
151.6801591219812,3.320904768794132,2509_18274
243.80392976640996,53.8239362181399,2509_18274
241.4507854328562,53.765637615494434,2509_18274
34.394212965455665,-4.156871407569888,2509_18274
35.67165899246806,-4.98327906234514,2509_18274
243.95250940344124,53.60915198417883,2509_18274
35.30727275126492,-3.910120445507985,2509_18274
34.68226184861337,-5.550217544761082,2509_18274
148.48335524997327,2.740291819205904,2509_18274
36.78544292856158,-4.188077708214045,2509_18274
350.2432922141092,-0.9122665990491462,2509_18274
243.54157952385057,56.58086204039381,2509_18274
151.28930338107196,0.9559806345154768,2509_18274
241.956601973013,55.773829513134594,2509_18274
149.19091093112425,3.382330094778991,2509_18274
242.7612772440172,56.38980811737081,2509_18274
242.60450290222224,53.627525466701854,2509_18274
353.2320102378658,0.6991014126119113,2509_18274
35.43153386135457,-4.178019447002251,2509_18274
353.64511327029174,-0.0899309909054328,2509_18274
352.8489958393143,-0.5839570499363556,2509_18274
35.41905038406605,-4.609515097995378,2509_18274
36.72967274635473,-4.716130996143753,2509_18274
37.261358411090875,-4.021391125273466,2509_18274
352.68603315906233,-1.186536766736035,2509_18274
351.1431737671964,0.223774067430555,2509_18274
36.66079145665548,-5.208870915930557,2509_18274
242.3857499149749,53.530414349444726,2509_18274
35.44358594411088,-3.782225214620451,2509_18274
242.4770224592857,53.39171355004569,2509_18274
350.30453584502004,-1.108854414923372,2509_18274
37.337444302631894,-3.9720643484018896,2509_18274
34.66307993547733,-4.675432320827052,2509_18274
244.2525406907465,54.25284823376155,2509_18274
149.75582283133642,1.004143674109849,2509_18274
37.3649981881417,-4.299000305418224,2509_18274
36.81491830927412,-4.533783697097863,2509_18274
149.16395595718146,2.874457861676866,2509_18274
352.5625699671687,-1.5681122886610217,2509_18274
353.7681114479989,-0.0279028182992455,2509_18274
352.59159051461296,-0.9616203944315744,2509_18274
353.23269648287777,0.3306523005672344,2509_18274
35.40526966306023,-3.932780921482823,2509_18274
243.95136819534017,53.764220470647096,2509_18274
244.04656696431132,53.86274892635459,2509_18274
36.63208859256109,-5.05430005482331,2509_18274
240.8557831528952,55.69194994402238,2509_18274
353.056470824425,0.589954000898517,2509_18274
351.8405058380938,-0.3912501245224085,2509_18274
352.16894078004293,-0.1673622307293277,2509_18274
36.12015203291977,-4.164412440434831,2509_18274
243.6804316204256,55.13354451269164,2509_18274
35.690957599282704,-3.37050998916358,2509_18274
149.37932418348865,3.4924370570892176,2509_18274
37.45835809923733,-4.613642500638323,2509_18274
148.76295679420136,2.0564698866291526,2509_18274
243.7627070957412,55.78795341932297,2509_18274
240.83853170338045,55.51658869293969,2509_18274
35.66452755551608,-3.968902190618513,2509_18274
37.23897584266456,-4.445528936088281,2509_18274
243.63977272630495,53.48445860353702,2509_18274
351.8117930822058,-0.9424069267082568,2509_18274
351.32613202367446,0.6442927532634846,2509_18274
35.28063108509396,-3.475755019286417,2509_18274
351.0921942141717,0.3202601515621124,2509_18274
351.7645687265611,-0.5545531664601634,2509_18274
150.9520356030672,1.6618319804347157,2509_18274
351.31652702208294,0.0212608829715069,2509_18274
150.3254284145415,1.6070062063061987,2509_18274
148.94641141928605,2.5598937359245135,2509_18274
150.36278744217964,3.071594766205858,2509_18274
242.38318560245497,53.7759408889152,2509_18274
149.1984648015601,2.8079668894320307,2509_18274
240.3847762554375,55.194040547343306,2509_18274
36.87473524441092,-4.595177962080058,2509_18274
151.74486432550515,1.7160733475585817,2509_18274
36.95907015707249,-4.829342578933005,2509_18274
243.25429656539748,56.44522123911239,2509_18274
243.23142929733336,54.14736785190651,2509_18274
35.8003594551693,-5.695191361278341,2509_18274
35.28493773743049,-3.875592810211579,2509_18274
37.39506500870571,-4.033293617868642,2509_18274
34.24969464617375,-4.944501353083959,2509_18274
35.11444329057935,-5.657773715951027,2509_18274
351.2580730239808,0.1177806496970225,2509_18274
33.849182602793704,-4.658989451757364,2509_18274
151.12797320557024,2.878078145068325,2509_18274
35.11605901637903,-4.533213880453301,2509_18274
151.6088389457815,0.957741540877789,2509_18274
242.11662174093172,53.24838531123373,2509_18274
243.81414232766843,54.69192979601867,2509_18274
243.5474168814872,56.30357684180394,2509_18274
36.487054366006234,-5.6428465892459485,2509_18274
36.02877300596732,-3.691863797734932,2509_18274
37.16864509466788,-4.002742994346284,2509_18274
35.50723015864604,-4.307611006444229,2509_18274
241.81667489251683,53.444906632155565,2509_18274
243.13396575664024,54.024478545274675,2509_18274
244.92546065018377,55.1738042015795,2509_18274
36.67613734217507,-4.601459574369341,2509_18274
36.1373983263925,-4.254462769610855,2509_18274
350.72821544514755,-0.1140064059320574,2509_18274
36.6570908623689,-4.839115843729143,2509_18274
37.51751430032654,-4.893658705651095,2509_18274
36.08516728939828,-4.22112101442384,2509_18274
352.3737401033355,-0.2806359385908886,2509_18274
243.01650335054535,53.72948967016145,2509_18274
243.9436143145465,54.07216149651183,2509_18274
351.30252498606575,0.7296476782976173,2509_18274
150.0340779003198,3.031425232250868,2509_18274
351.2929322491611,-0.7215813711731593,2509_18274
243.03733263874776,55.16406978604871,2509_18274
34.25798620659234,-4.965593090167689,2509_18274
36.1441033837521,-3.599765507053296,2509_18274
36.93894886632745,-5.132844279063217,2509_18274
151.28086829120826,2.344205125215379,2509_18274
242.1729745440266,56.12333947085597,2509_18274
242.8095793547181,55.90448975171144,2509_18274
243.16556639313052,53.71313972700222,2509_18274
243.84576080650655,54.64968088073202,2509_18274
352.6457102532611,-0.4179789338746574,2509_18274
351.2597173310314,0.567587272600348,2509_18274
243.25698040025725,56.44616353649949,2509_18274
243.47317239142737,55.00922367490072,2509_18274
36.75649840794053,-4.109265231675544,2509_18274
36.39040818306404,-4.439648910314671,2509_18274
351.6794566232836,-1.1185090164722074,2509_18274
242.40130863784725,53.29768863892248,2509_18274
36.39786909254732,-4.78823814692505,2509_18274
36.079531551633465,-3.9746565708849344,2509_18274
353.0189805983936,-0.5293886696884575,2509_18274
352.688389321963,-0.1738962596800056,2509_18274
242.0566711163674,53.58895111359233,2509_18274
351.687902828825,-0.3715352304516034,2509_18274
149.2188459853643,2.890826773108821,2509_18274
351.0611165210357,0.2705478634375612,2509_18274
243.2363452084268,56.721531295668946,2509_18274
352.8501680357883,-0.5468325068377443,2509_18274
350.53800177548504,-0.8727008445447482,2509_18274
150.33558999859883,2.304922853235444,2509_18274
244.09896586560097,55.45047839870157,2509_18274
35.15207643843237,-4.248694672235453,2509_18274
241.246473033716,54.907846793954086,2509_18274
35.215908102635325,-3.46579425800717,2509_18274
242.58040782987507,53.71514186842353,2509_18274
242.57941934993983,56.028514884042934,2509_18274
241.9888390788831,54.57858212101456,2509_18274
150.42172681189464,0.9659597263295944,2509_18274
240.38808970919337,54.58834091576759,2509_18274
37.02214285449677,-4.847289559397891,2509_18274
35.08635116549448,-4.684952454012309,2509_18274
150.96623768225257,2.6296818200985275,2509_18274
352.24622655911486,-0.638869439621504,2509_18274
241.4635256113698,56.130402521193496,2509_18274
242.05896329692223,54.47654305600889,2509_18274
35.09139303752494,-3.618220073855457,2509_18274
243.92738980187391,53.73916766525976,2509_18274
36.57926181813212,-5.572090785791973,2509_18274
352.80580192893825,-1.0857930701525764,2509_18274
240.38215131868537,54.82395119406696,2509_18274
149.33527923638064,3.07029379858007,2509_18274
243.89405072317848,55.4540296497005,2509_18274
150.01657102997348,1.8702649773071836,2509_18274
35.701722484164726,-4.870797438630076,2509_18274
35.4921244180774,-4.240592479177758,2509_18274
36.49881216244464,-3.873394861360049,2509_18274
35.12737486948448,-3.634974545337614,2509_18274
36.294919489382494,-4.626007979071629,2509_18274
35.15868243359286,-4.642222552225542,2509_18274
148.70449517302717,1.0096691584105422,2509_18274
149.88393971065716,2.458357573943119,2509_18274
150.69782340578467,2.4859076285854895,2509_18274
243.06826964723507,54.70428478376415,2509_18274
244.54194937107968,54.96587040411092,2509_18274
36.437819812900706,-5.254838248339393,2509_18274
240.9529161186568,54.28587735769055,2509_18274
37.30780839047111,-3.941614704028806,2509_18274
151.21708118270317,3.5645918040246247,2509_18274
149.77382491625428,3.4587784142519675,2509_18274
35.926944529879385,-4.149879575176468,2509_18274
35.88139070331648,-5.36348852000493,2509_18274
149.1354903618033,1.1910417240052769,2509_18274
241.18936361794863,54.92961094619015,2509_18274
242.18813586086816,56.10788627059624,2509_18274
243.822757800599,54.26093955658132,2509_18274
243.09327272355995,56.26190166972774,2509_18274
34.90136129367362,-4.655279285642308,2509_18274
241.9714403240668,56.32985633861685,2509_18274
35.57139828443827,-4.954295903726106,2509_18274
35.97471122856234,-4.170675202664185,2509_18274
34.017824720709996,-4.423806458535875,2509_18274
34.07301788042135,-5.147074134364652,2509_18274
241.33915074446543,54.82230881144799,2509_18274
241.45714388629096,54.65719075549595,2509_18274
36.01362301790863,-4.32325730759836,2509_18274
149.28441913246382,1.961632526678741,2509_18274
353.5783167767303,0.852336802039118,2509_18274
36.05261296675723,-4.9981912836880715,2509_18274
35.54688616815755,-3.4605228586177157,2509_18274
243.54914099789,56.63455871537362,2509_18274
244.3398218963979,55.093825978092575,2509_18274
244.2309239034194,54.97778013493527,2509_18274
36.5984300314872,-4.901276578738359,2509_18274
150.70058294884188,1.7334409708322656,2509_18274
242.2752478440404,53.869012650147326,2509_18274
34.15450891182883,-4.25529432580961,2509_18274
34.38526238224973,-5.515761762102236,2509_18274
35.63568799956591,-5.7053053928649184,2509_18274
35.879851661927766,-5.531732189979538,2509_18274
36.75821557796319,-5.07143831799618,2509_18274
244.05729132266572,56.0904864657248,2509_18274
351.7512397066778,0.940634226433649,2509_18274
34.98159297720017,-3.738929951684029,2509_18274
352.6309310227478,-0.9099939050108063,2509_18274
35.86372005284981,-4.387090992450911,2509_18274
36.29764486385271,-4.025340746189786,2509_18274
351.2654863779004,0.261804584672634,2509_18274
35.92650528657352,-5.141102818470055,2509_18274
35.18224312999941,-3.691818673711495,2509_18274
243.9457611732786,53.48340826841331,2509_18274
351.2824701806687,0.3065747796775953,2509_18274
37.09407291874896,-4.131959802310747,2509_18274
351.1949384966535,-0.6984084764245226,2509_18274
351.2703631682286,0.1550308254298779,2509_18274
241.5351517695607,55.16047602410056,2509_18274
352.6379239196524,-0.2904936965377303,2509_18274
150.499091488782,2.149459500497783,2509_18274
34.197500958995136,-4.400424448946614,2509_18274
36.196620845278176,-5.309677802432342,2509_18274
353.0103160068474,-0.6777849730145573,2509_18274
150.60935874476584,3.69565775771688,2509_18274
242.84783900455065,53.65449650960892,2509_18274
37.55379585635715,-4.65437079871174,2509_18274
36.52974518815749,-4.942980939892636,2509_18274
241.6401559873284,53.79215365370698,2509_18274
352.5018786581364,-0.6391198349676851,2509_18274
35.681463672894424,-3.822086442777862,2509_18274
36.72764828394674,-4.2428039402090505,2509_18274
35.07857781160589,-5.497518390711572,2509_18274
351.4698879604638,0.862609558887222,2509_18274
242.32897725266815,55.48725392731712,2509_18274
35.716681388419815,-3.604163028663045,2509_18274
244.11596169216045,55.663530342458,2509_18274
37.45064965824342,-3.924640861925559,2509_18274
243.0022240931465,56.09426768662364,2509_18274
36.2376134787844,-5.378220079579875,2509_18274
151.62946110919347,1.0935175166202575,2509_18274
242.8001058050125,56.01174091249567,2509_18274
36.217920094364594,-3.6648479648883385,2509_18274
35.46940983259329,-4.381338754725944,2509_18274
245.2586755791635,54.82535254581018,2509_18274
242.3714951557638,53.25439911605213,2509_18274
148.6284656056198,1.1590508110950146,2509_18274
352.12960274650607,-0.9905345024333804,2509_18274
242.8997223940404,54.27626466817335,2509_18274
240.49089822577008,55.30451829486287,2509_18274
352.03588849176737,0.8600553558875129,2509_18274
149.83888431644792,3.350999710345108,2509_18274
35.50853807472362,-3.7203714949677824,2509_18274
149.5967042815667,2.1147690068915677,2509_18274
35.25481675137752,-3.680006316118915,2509_18274
352.37287757638876,-1.5294426977333058,2509_18274
352.5613752345301,-1.5946215442163207,2509_18274
243.33051264923884,55.66997143834369,2509_18274
244.11098208001263,55.43121231052922,2509_18274
151.07976801799805,2.9523621079710334,2509_18274
353.14713739815835,0.6615019869517601,2509_18274
243.2386953734152,55.80165773049646,2509_18274
37.598243698597415,-4.431237488496668,2509_18274
37.574325318944915,-4.479920314911786,2509_18274
351.73402726292727,-0.4232057185817852,2509_18274
150.08013327462638,3.2558426694283993,2509_18274
34.393489182127816,-4.95365058943806,2509_18274
148.6947259865329,1.079238962570806,2509_18274
36.05213021394533,-5.772582160754035,2509_18274
35.66523717563633,-3.967513227041046,2509_18274
37.07885020524446,-3.880317440782734,2509_18274
353.17046561556043,-0.8212720872082396,2509_18274
37.27293893218299,-4.6415987613674,2509_18274
243.66868864093124,53.53380261162291,2509_18274
150.43014236070405,2.6859657839420437,2509_18274
148.9012091731417,2.3977351111576746,2509_18274
350.70545971103803,-1.375318972329135,2509_18274
243.45723484582544,54.68590012556096,2509_18274
243.46862702855304,54.67863267223227,2509_18274
37.14178627588222,-4.873832494489376,2509_18274
149.1772101081136,1.3699166246081536,2509_18274
37.13865928403192,-4.829602290051971,2509_18274
149.64619518067462,2.290978262643108,2509_18274
351.79908383242866,-0.6901071535759155,2509_18274
243.4206438898337,54.02724931267263,2509_18274
243.22183987223545,55.0536467669308,2509_18274
36.64600863978593,-4.62676021295457,2509_18274
243.34256386528227,53.32168225740714,2509_18274
36.85442184292843,-4.547528551008328,2509_18274
149.20848006669044,0.8103547750179907,2509_18274
149.4272390471488,0.9112787895147936,2509_18274
148.79013671135368,2.9017622370163676,2509_18274
36.174662242988056,-4.850757374709016,2509_18274
33.8295696837539,-4.418846494317751,2509_18274
33.99032638909571,-4.290778976227691,2509_18274
149.40446154887158,3.0520418431993934,2509_18274
149.82694549931858,1.3283031188672343,2509_18274
243.45362822423,56.28220189091342,2509_18274
351.51042812113695,0.3356928046245639,2509_18274
351.2642562786265,-0.0208080317514812,2509_18274
148.83218598997158,1.0290120226283546,2509_18274
37.04915811936683,-3.893951235555443,2509_18274
243.21353567771376,54.28131235154586,2509_18274
149.54223787123405,0.7517276348315669,2509_18274
151.68124827006508,3.3231535563137102,2509_18274
36.17343909437777,-4.853214094968261,2509_18274
353.47760471343986,-0.0983991131758713,2509_18274
149.24449797974475,3.6841313132868794,2509_18274
35.240624982058506,-4.46878203997667,2509_18274
240.95070413737463,54.786268545054824,2509_18274
36.61030251948696,-4.0275758093670015,2509_18274
353.0973011442176,-0.6493892423224517,2509_18274
242.76040453528628,53.70466285061594,2509_18274
351.2286277830921,-0.3559743088936718,2509_18274
352.48968995220713,-0.571953604487915,2509_18274
352.049017653607,-0.5821688985371988,2509_18274
35.50522269857949,-4.63327289356789,2509_18274
35.68119121958408,-3.845272004914111,2509_18274
35.39095421321602,-4.276772833691165,2509_18274
37.56272817855941,-4.458636520776727,2509_18274
243.1722905821704,53.95952551877191,2509_18274
36.121611332663385,-5.601600538662327,2509_18274
353.3527334470452,0.4222895898580279,2509_18274
35.52528718169409,-3.9686590946318967,2509_18274
37.03788968865987,-4.013301858822161,2509_18274
35.63388852941705,-3.911843479335368,2509_18274
149.98178169457958,3.099309095662039,2509_18274
242.94647117339915,56.48037690694423,2509_18274
150.45539037606437,2.3885620716394635,2509_18274
151.49703953304302,2.574195468443521,2509_18274
34.961559813820834,-5.1846415473071135,2509_18274
351.9327010543373,0.96580562457218,2509_18274
35.885028551257605,-5.748504406295532,2509_18274
351.3223536749738,0.2774148887036354,2509_18274
150.64236173653367,2.802979629479459,2509_18274
353.1993658380067,0.2343658540275872,2509_18274
243.3604027180526,54.757292462929755,2509_18274
244.5026252385374,54.24917831314006,2509_18274
242.49597211117623,55.94458596309093,2509_18274
242.04149636209263,54.94383725974676,2509_18274
35.507257249671845,-4.300705408547044,2509_18274
35.418493117261335,-5.747386589857019,2509_18274
241.6825196550177,54.37833471427774,2509_18274
352.7929321798375,-0.9775698081789732,2509_18274
352.3213418062216,0.5065152848380743,2509_18274
151.3511199884416,2.6412429849747676,2509_18274
36.526364045740856,-5.325629702959563,2509_18274
241.6453740584878,53.39367142585905,2509_18274
243.19633876115336,56.10962979720733,2509_18274
36.48272915622919,-5.362014511751117,2509_18274
37.36517799122499,-4.807001805261298,2509_18274
240.5422220246245,55.58738717847502,2509_18274
35.629719346443174,-3.905107435081297,2509_18274
36.49126760027683,-5.642828053242957,2509_18274
36.08021537195803,-3.6726012126034777,2509_18274
242.48881525266313,55.4141194260304,2509_18274
352.2433746533553,-0.6253013803364923,2509_18274
35.7907833411996,-3.437263773256336,2509_18274
352.98375728611836,-0.9315431829524946,2509_18274
35.38900613004695,-4.569948111035225,2509_18274
34.7437015691823,-4.761108409434105,2509_18274
242.3342171139475,53.2648980971661,2509_18274
243.33252491534915,53.347841443981984,2509_18274
353.4329874900677,0.3018737178565315,2509_18274
33.75421713994479,-4.417270631119787,2509_18274
244.03102114696551,55.58357813918023,2509_18274
245.1541346987328,55.40023642348528,2509_18274
149.80716444995969,1.2852793682674015,2509_18274
36.61831027867304,-4.5830661073284995,2509_18274
35.14250689407202,-4.634621159303898,2509_18274
244.17078290466833,54.276383604997896,2509_18274
35.385561972113344,-3.663300204735157,2509_18274
352.14988163623235,0.1007087887003116,2509_18274
242.7989329924468,56.383002779800464,2509_18274
34.36253255277487,-4.5398394553451045,2509_18274
35.47065587179093,-3.742560734034337,2509_18274
242.73588808530383,56.300627592125814,2509_18274
244.9242329360839,54.974762669065186,2509_18274
35.73333081321773,-4.900143965952469,2509_18274
36.29224743690167,-4.2137374683824325,2509_18274
351.21301828102133,-0.303123158826901,2509_18274
35.43876308235251,-4.275025076160643,2509_18274
36.72658133202196,-4.518875819591086,2509_18274
35.05053592217171,-4.094467397909686,2509_18274
243.68665004468423,56.00720697838194,2509_18274
351.15633660477323,-0.2083660734363772,2509_18274
37.00343333771379,-4.863968885273368,2509_18274
150.28730238908065,0.972712605157827,2509_18274
350.7567339746434,-1.0756201586921963,2509_18274
35.82001367834268,-5.466680727185797,2509_18274
352.8571708334824,-0.4663917336778422,2509_18274
241.45152788723692,54.04011548105541,2509_18274
150.2791837760615,2.4371685355414483,2509_18274
242.92156774142447,54.10156739089135,2509_18274
241.6446899054867,54.58169000228614,2509_18274
148.64654719100966,2.938646885360092,2509_18274
243.81716943701585,54.05882693689284,2509_18274
35.93961818385795,-5.512392765353974,2509_18274
151.18545478488414,2.992830786625565,2509_18274
35.61377884540616,-3.953337937517515,2509_18274
242.30652312457303,55.5144192562867,2509_18274
351.65510395635994,-1.2430619247516477,2509_18274
240.41922317401708,54.79658184502368,2509_18274
351.76369462002964,0.3952362549209605,2509_18274
151.61382293862704,2.603095945780992,2509_18274
352.7296790245219,-0.4799124651872698,2509_18274
35.583287620284885,-3.4629679124671644,2509_18274
241.9415894471485,53.91475670617056,2509_18274
35.01167682194468,-3.808747688184393,2509_18274
350.5399860117712,-1.3496051865269492,2509_18274
242.80813544329504,55.908337994174104,2509_18274
240.41577450793815,54.79835117911572,2509_18274
243.11051592351265,54.66019959624271,2509_18274
351.90420774595833,0.953937300577929,2509_18274
149.30211082320318,0.7120281468884768,2509_18274
352.84791171086744,0.5509145897592683,2509_18274
36.75322437915847,-4.334924165959361,2509_18274
37.25670973695516,-4.021444696841912,2509_18274
36.40140360662123,-5.0041280563840305,2509_18274
148.97610726512525,2.5587177039349425,2509_18274
242.44318494827735,55.43493778234058,2509_18274
241.9530055049274,53.985913847549725,2509_18274
34.64313735849413,-5.077088717716424,2509_18274
352.7162797889615,-0.0382599286856719,2509_18274
243.300990309332,54.08249632204576,2509_18274
35.83418180443669,-5.454181516332182,2509_18274
353.1148818166456,0.046012870648167,2509_18274
150.78847694108129,1.0713337211648004,2509_18274
241.3195112165734,54.62596748810058,2509_18274
151.29286196578025,2.9426365138287824,2509_18274
148.8960023865571,2.70145924916126,2509_18274
35.745687620085015,-4.125093025113403,2509_18274
242.87333214889776,53.7388007559682,2509_18274
241.92722392477177,55.94118361107547,2509_18274
35.57987673996317,-5.047069288291779,2509_18274
36.98209697404128,-3.8224795698467537,2509_18274
35.9063725790445,-3.3552042282023966,2509_18274
241.97929358002295,55.75859995337194,2509_18274
37.17784626658467,-4.036710562012601,2509_18274
33.91932873872228,-4.4052485266080526,2509_18274
243.7598348506172,54.70552424552115,2509_18274
33.79626463330188,-4.5775700392888545,2509_18274
35.743614289774044,-5.221566157202526,2509_18274
36.47974796028946,-4.595614478187181,2509_18274
149.39563457506003,3.0452353352629684,2509_18274
350.93093814671516,-1.4301004730786546,2509_18274
244.510157353693,54.864760994428394,2509_18274
35.58049071035754,-4.280206066747205,2509_18274
150.58661732852104,3.6904690315402418,2509_18274
243.21368703713404,54.63555767242478,2509_18274
352.1371250511478,-0.98144291917386,2509_18274
243.87430751339323,54.04841667940242,2509_18274
352.7964448076569,-0.979698075435632,2509_18274
149.95272286808586,0.833997142550472,2509_18274
35.189114235302775,-3.953840707346242,2509_18274
36.24771866878383,-5.661423233477749,2509_18274
148.8569514865222,2.0764116474680745,2509_18274
149.14943211730846,2.8745415172816293,2509_18274
242.5113991677092,53.56559538242606,2509_18274
241.6751912554049,56.64354058788469,2509_18274
242.60666808929244,54.32673215346514,2509_18274
35.74494989161729,-5.5457919739652,2509_18274
244.5318505951655,54.73532028807216,2509_18274
34.77494974463456,-4.337367411593434,2509_18274
35.55032461407569,-4.196230760889503,2509_18274
37.124149573356846,-4.21781099020883,2509_18274
36.43005836683247,-4.94619221784203,2509_18274
351.7316495005212,-0.5385866603075805,2509_18274
35.46901778756805,-3.609407520238341,2509_18274
150.2200802329238,1.004560336972991,2509_18274
242.95638075394297,55.99436113318707,2509_18274
353.21327383770046,-0.4128175636859731,2509_18274
243.846076785876,56.115460288009835,2509_18274
36.86172452444875,-4.901802046379938,2509_18274
36.18993972899396,-5.167130365961683,2509_18274
242.94199796704504,53.2483562961305,2509_18274
149.62786085032508,3.062407072792459,2509_18274
35.58746482671006,-4.2447964366593895,2509_18274
150.800399651722,1.3512712308680468,2509_18274
351.4201637641065,-0.4347820047288924,2509_18274
37.06152956480086,-3.8974956668059217,2509_18274
36.47901626687284,-5.549955356429244,2509_18274
241.95064911820208,54.51719200032075,2509_18274
149.1245391052008,2.47713258109793,2509_18274
36.47544909528344,-5.2443493750732815,2509_18274
150.28821935676686,3.339735397891594,2509_18274
353.02216731555166,0.1436271476284991,2509_18274
352.21677109897774,0.439710398022709,2509_18274
149.83756857375238,2.922059168975972,2509_18274
37.483134350962104,-4.627902173010777,2509_18274
36.92752100323935,-4.64577098558431,2509_18274
150.8991235662587,0.741909363719602,2509_18274
244.525958768193,54.98766600382153,2509_18274
37.48944823345392,-4.54199955611561,2509_18274
241.970865986831,54.07376666569566,2509_18274
149.50694512063532,3.4320781348059444,2509_18274
243.95971066308744,53.69060204108135,2509_18274
352.50102648468476,0.0163751932889942,2509_18274
244.61143280033684,54.83938381291639,2509_18274
240.16138626062263,55.17479981443441,2509_18274
351.9430017851253,-0.8491228111500326,2509_18274
243.50699286667003,54.659276661299685,2509_18274
241.7603797864923,54.48192920284772,2509_18274
351.237618514113,-0.4458712672233006,2509_18274
36.5620941726025,-4.223402053376723,2509_18274
244.78487009531864,54.847630022957176,2509_18274
151.739543484519,1.4365925760706946,2509_18274
33.99013610968951,-4.295024013210209,2509_18274
149.94873577568168,0.8188093376839526,2509_18274
352.84674662214337,0.6643989772074398,2509_18274
241.48047591229067,56.2116625276356,2509_18274
244.6628791569381,55.52039124498721,2509_18274
243.61775056096707,56.55764524373806,2509_18274
353.0037368406747,-0.8695303799156786,2509_18274
242.0692332978901,55.42569742170283,2509_18274
242.6726650801321,53.43536135265407,2509_18274
241.26778908499847,55.628004082160025,2509_18274
243.10626526817163,53.33607182234024,2509_18274
36.2944769922298,-4.9119613502524215,2509_18274
351.35194408860804,0.7813698414794311,2509_18274
352.1976257439839,-1.2043075616410508,2509_18274
35.77264308900506,-5.481039827067267,2509_18274
149.12633567966685,2.8428139378306128,2509_18274
242.07427733024105,56.60134120665243,2509_18274
35.079462163496544,-5.00815491919231,2509_18274
241.2876444856961,54.95283046337518,2509_18274
242.55732305235853,53.58320418757059,2509_18274
37.5958514572399,-4.4679799056929586,2509_18274
352.7938011606272,-1.4153377568882437,2509_18274
149.66240625344244,0.7364620652347276,2509_18274
242.66094612827624,53.65489930247173,2509_18274
34.89253749422246,-4.725540086405314,2509_18274
37.10953510496725,-4.149191192958042,2509_18274
35.489988360702824,-4.1995804050222905,2509_18274
37.62423790391752,-4.379121177287458,2509_18274
242.6068472561147,54.37428102030928,2509_18274
241.46137705673468,54.8357587272727,2509_18274
242.38318374601147,53.64081848340376,2509_18274
350.3961138911867,-0.391739875267223,2509_18274
150.53905341404996,2.3947219512296107,2509_18274
150.95460271007434,2.233620322222289,2509_18274
35.631906608843096,-3.682660175366187,2509_18274
150.46879399621784,3.0544821019690365,2509_18274
151.00852192565017,2.5694065737665457,2509_18274
149.73075067606143,1.0128929949756424,2509_18274
242.1564181354677,53.751049919767794,2509_18274
241.600862333122,55.47108623282843,2509_18274
36.20780644467753,-5.369697921046329,2509_18274
244.52588144532308,54.69451314192824,2509_18274
150.28401407199507,0.8864362547951434,2509_18274
150.69289079628814,2.884250498105698,2509_18274
36.398177555587544,-4.52980478624383,2509_18274
150.77016327716342,2.419204271830547,2509_18274
36.3782013538,-4.238516214083174,2509_18274
149.24585306587628,3.075803294598779,2509_18274
149.12998835609702,2.8395615131803376,2509_18274
35.35556200532902,-5.334760984603064,2509_18274
36.34269159612643,-4.262389383715996,2509_18274
149.1788698010064,1.3770960148664038,2509_18274
149.80407605958132,3.617099677209399,2509_18274
35.47463894106984,-3.756580001334152,2509_18274
37.05058477960918,-4.616306846221728,2509_18274
353.1876929686817,0.97735791753612,2509_18274
243.5261131929193,54.33777854270015,2509_18274
36.07458539962309,-4.359147224500246,2509_18274
351.82777918716096,-1.1225209463089807,2509_18274
352.03979190671646,-0.3542105963654491,2509_18274
352.7311726520454,-0.0093302981471129,2509_18274
353.33172873395915,0.8536919326873732,2509_18274
36.949468870425925,-3.75723652285616,2509_18274
350.83002757919235,-1.295589057645118,2509_18274
151.03268244196937,2.709484959176274,2509_18274
240.6386758176826,55.28586423790309,2509_18274
36.80061757679933,-4.719669461081077,2509_18274
149.22980772774292,1.6791909748946734,2509_18274
36.78819716327452,-4.695824366248738,2509_18274
351.97496289525003,-0.637916418225878,2509_18274
243.8655803033991,54.57033802287416,2509_18274
242.3366638114215,54.735793895092655,2509_18274
351.20407583762204,0.1055960680795069,2509_18274
35.51404340977355,-5.853858977050622,2509_18274
353.07172134615706,0.4288883165509202,2509_18274
37.21311668612857,-5.053589283673579,2509_18274
34.86273507784326,-4.646384437984324,2509_18274
241.7465326722794,55.179808656374846,2509_18274
36.77096182527811,-5.0476754800693655,2509_18274
35.424483560730536,-4.892953008575124,2509_18274
351.6236570710198,0.5412004712816781,2509_18274
35.79135684758882,-4.410794989463606,2509_18274
352.1463092287734,-1.3691879279447123,2509_18274
36.185294602440706,-3.5554778081670992,2509_18274
245.06246794762893,55.139975739940176,2509_18274
244.41036938349333,55.322044480689094,2509_18274
149.88282548543893,3.101950223357321,2509_18274
351.2869274909809,0.1754332168270954,2509_18274
36.29908394487233,-5.551774324450995,2509_18274
243.7660644815894,55.77639150291399,2509_18274
352.78979634454396,-0.2164453865019613,2509_18274
35.12531687638414,-3.675214547672098,2509_18274
351.36344689457457,-0.571542274872083,2509_18274
35.23896264325488,-5.760753092001811,2509_18274
352.0818585402562,0.1480106389308075,2509_18274
148.65572898243374,2.578162422551217,2509_18274
243.6180550464179,55.39680464881304,2509_18274
151.22980044241243,0.958962889566604,2509_18274
150.88544032100594,2.921922272241808,2509_18274
353.30653475099007,-0.4491720474340713,2509_18274
350.73335904449794,-1.3452065907387207,2509_18274
243.6813860989465,53.710617017810016,2509_18274
352.53775885691044,-0.2772255757764813,2509_18274
149.75667251201176,1.3529782491461182,2509_18274
241.38868740281924,55.80098591382211,2509_18274
243.666952528323,54.47227050085672,2509_18274
243.60976330981111,54.69168198368979,2509_18274
36.16415970448824,-4.452473690325583,2509_18274
37.333254024209005,-4.784172319986545,2509_18274
149.60681780791256,2.383555017797935,2509_18274
149.73070525337548,1.1154020757445242,2509_18274
351.87358843247654,0.9398192295481486,2509_18274
36.46656557662231,-5.325626433638491,2509_18274
150.55159497073618,2.026170574737851,2509_18274
353.4673637741805,0.0981056099367113,2509_18274
36.57533260914588,-3.9728474798993103,2509_18274
241.37990561059823,54.74310167664435,2509_18274
35.553333698357015,-5.022159271238331,2509_18274
243.1981183014857,55.83016270521574,2509_18274
149.32469093175297,0.9651405182116513,2509_18274
35.19911210668731,-4.235996577451794,2509_18274
241.18022002874105,56.08265289498708,2509_18274
350.99956401262864,-0.9580409262494192,2509_18274
241.8809797879028,53.38241305033372,2509_18274
242.43768498813523,55.30765230506564,2509_18274
353.2859140795046,0.6871406307266283,2509_18274
351.96457868561384,-0.6424596163175555,2509_18274
36.20765556652442,-5.413667416680189,2509_18274
36.69571724321758,-4.107959793397664,2509_18274
35.87125071903183,-3.782540571670448,2509_18274
243.33328990249225,54.26857167152079,2509_18274
149.56630627281163,2.406292977693256,2509_18274
240.6101011119436,55.46668358060072,2509_18274
150.26153608938162,1.069940723525171,2509_18274
243.09734354310876,54.06081612526325,2509_18274
351.48511775901983,-1.241582898708223,2509_18274
243.08076653725237,54.51615266541437,2509_18274
243.74333873028593,53.35434920773197,2509_18274
243.65410421402436,55.69459127535946,2509_18274
244.33565156509343,54.29883164446671,2509_18274
35.49431107016406,-4.96707271189419,2509_18274
35.68874462263285,-3.914325937647716,2509_18274
35.13444712617618,-4.563205787333825,2509_18274
353.11598413701336,-0.6260775903560383,2509_18274
351.47472450877063,-0.7996619878505185,2509_18274
243.4535434987544,54.756818604428496,2509_18274
241.485341394607,55.3011786733023,2509_18274
243.57049373298173,55.87192273671325,2509_18274
35.63845171408725,-5.702331685511271,2509_18274
241.95413700415173,56.44964238672435,2509_18274
35.11389650082718,-3.9141008031184135,2509_18274
36.41676891887104,-4.472923602767935,2509_18274
350.75444881990705,-0.1824787088254992,2509_18274
37.268872767798534,-4.32299968441423,2509_18274
240.48940195968945,54.65244159245587,2509_18274
36.12031365859632,-4.253293641740272,2509_18274
35.581714892270064,-4.28484466897677,2509_18274
150.3290711588797,0.912323233289798,2509_18274
149.45063528178625,3.5360390126649626,2509_18274
37.146989985864735,-3.830598526945009,2509_18274
353.76761343933674,-0.1904815791815028,2509_18274
36.66861845161759,-4.386352065615895,2509_18274
351.54148149301676,0.2801916990583016,2509_18274
35.00971066463666,-5.284899122634265,2509_18274
244.07476799651903,56.11703288138708,2509_18274
34.9838332799742,-5.469001944484133,2509_18274
352.88739906942044,-0.9526697640231564,2509_18274
35.42422050240883,-4.064056424147909,2509_18274
36.74129296838226,-4.724853616987121,2509_18274
350.9715698308771,-1.408432584303004,2509_18274
351.7648999422587,0.7601480996965958,2509_18274
34.321980479206125,-4.0939506712392735,2509_18274
242.1359427743616,55.49084679815461,2509_18274
37.103258694969014,-4.514812908130585,2509_18274
244.161281214891,56.199785948629824,2509_18274
36.93356611797264,-3.7622174032712814,2509_18274
150.32435017441313,3.239371718941911,2509_18274
241.3188594484379,54.51259370448845,2509_18274
35.6709415798676,-5.755214622744856,2509_18274
36.04600346737995,-5.8693086792482285,2509_18274
243.0403704690513,54.84030332507624,2509_18274
245.09987075697288,54.73182478842755,2509_18274
351.75944806679666,0.821147562699199,2509_18274
243.29376187071205,54.59882130402264,2509_18274
351.52105352345325,0.3651130125167445,2509_18274
35.70666048405598,-4.078330453201074,2509_18274
35.1763585719234,-3.7136464650592504,2509_18274
151.20038784841637,1.1449023079957763,2509_18274
242.79707400940413,56.254290886144446,2509_18274
351.580333987206,0.9751928218835604,2509_18274
243.3632620994311,53.255792059942635,2509_18274
351.0825412124006,-0.7471538793119463,2509_18274
35.3489920753651,-4.811485908209399,2509_18274
36.1791573156475,-4.149254020389681,2509_18274
149.42310897984817,2.547180917104942,2509_18274
36.12346647879006,-5.625618720197858,2509_18274
150.8252012017976,0.8480418277936073,2509_18274
243.35739355675025,54.28108931860396,2509_18274
36.0828301224293,-4.21756781863518,2509_18274
350.83760053237705,-0.3504059657914656,2509_18274
149.62920269372148,3.2752182057412713,2509_18274
240.96373526250457,55.39628494054083,2509_18274
36.48609901133898,-4.3158409505804896,2509_18274
148.62474067839634,1.7596677549644328,2509_18274
36.17458127787173,-5.563971421441296,2509_18274
36.75949265043766,-4.156173771842716,2509_18274
36.73192000056517,-4.6183588617945635,2509_18274
150.32366837788032,3.2596780775845,2509_18274
351.6058157148608,-0.5845851343505325,2509_18274
35.1249934938566,-4.458103767212534,2509_18274
352.244789515457,-0.6347314073514488,2509_18274
34.97730895658382,-3.85794467079376,2509_18274
352.6492467944551,0.1815946779422537,2509_18274
350.9434451868989,-1.532659585121462,2509_18274
240.26651222838245,55.04594909314579,2509_18274
35.20968094259695,-4.319197916347035,2509_18274
242.45980313358555,55.28500302407348,2509_18274
241.72558552565292,56.56081140566736,2509_18274
352.76942701163716,0.4486909400010357,2509_18274
36.220999936126674,-4.659184867446027,2509_18274
350.77128535450265,-1.2444731187824214,2509_18274
37.36995644510619,-3.955781635592727,2509_18274
149.58053194992394,3.54173183424847,2509_18274
37.36815060940154,-4.431786275413537,2509_18274
351.6186782490214,0.3085835434312476,2509_18274
35.97745718398831,-3.6240580097127255,2509_18274
35.64454952212256,-5.873665302115153,2509_18274
149.44389099592058,2.855510296464723,2509_18274
352.0337853367404,-1.084458331000366,2509_18274
352.0034006266302,-1.1312687048392005,2509_18274
151.33574714368928,3.4024480842384612,2509_18274
353.20536636298687,0.6945462254731213,2509_18274
34.05068367527413,-4.233054518334683,2509_18274
150.3811631704419,3.27755872848232,2509_18274
242.87369263479857,56.429637458167576,2509_18274
350.4067645951423,-0.9657096501097154,2509_18274
150.3315892383251,1.92129592159564,2509_18274
34.441089047286454,-4.203826844223263,2509_18274
351.61826497057444,-0.4600244398202124,2509_18274
243.97954534664095,53.7859969137052,2509_18274
150.5931972985558,0.8229740582018692,2509_18274
150.80479661190353,0.8132863165672453,2509_18274
35.96016313386619,-5.355798104996924,2509_18274
150.07872350924845,3.4369431009491,2509_18274
241.3137406918004,54.66594777684815,2509_18274
241.077036806966,54.661497743476026,2509_18274
151.7576146288412,2.9813669141308323,2509_18274
241.4148215406363,54.848089870381685,2509_18274
35.19486726428665,-4.369279141309099,2509_18274
243.58523719475323,54.92615900958951,2509_18274
244.0754038869403,53.83622497833514,2509_18274
35.39299276142982,-4.4537495144301635,2509_18274
35.92407943158169,-4.514357937478375,2509_18274
151.3769325989361,2.0289169773262423,2509_18274
35.75092121895215,-4.39589858870093,2509_18274
243.20599674499235,54.14357391128242,2509_18274
34.371863571665585,-4.285553301456363,2509_18274
35.75126832285296,-4.088378203226356,2509_18274
241.4326276143334,55.95100396920923,2509_18274
242.77837993995988,53.32332445735979,2509_18274
151.0323890497734,2.8150823880175264,2509_18274
353.53897517281825,0.3259291191937557,2509_18274
148.81907452990305,2.436185658996187,2509_18274
240.36991545889148,54.816395280459574,2509_18274
36.07489546581663,-5.268571246492225,2509_18274
240.9614321447617,54.72321136021668,2509_18274
36.00198495308995,-3.631182745311276,2509_18274
149.50867688257742,3.4332450504669794,2509_18274
36.14426388632522,-5.873784744308558,2509_18274
243.94389123125015,55.05851918940752,2509_18274
242.9351067311455,55.32825448356093,2509_18274
150.658554316132,2.4956748860274027,2509_18274
149.99569406424988,1.2163039175155452,2509_18274
36.44468420667389,-5.742707052375125,2509_18274
242.56119065441288,56.45521078059754,2509_18274
36.785367963583326,-3.747001639528798,2509_18274
241.9463749622137,53.32564253742848,2509_18274
35.285749430987,-5.662290092685368,2509_18274
35.399146111396895,-3.5712102637742493,2509_18274
240.073894944654,55.24773721863189,2509_18274
35.85636535214266,-4.29793774627202,2509_18274
353.87140995617193,0.3010365073754226,2509_18274
148.90327718073084,2.0431928901648457,2509_18274
242.19622527819632,53.2064427574506,2509_18274
353.54631623335194,-0.0851638598914239,2509_18274
150.21570799538867,3.4558917585739595,2509_18274
37.08221405176657,-5.005926907506968,2509_18274
244.72663936248807,54.54228613444725,2509_18274
36.30252903215621,-5.522748362531866,2509_18274
351.5244713045889,0.4577231371744435,2509_18274
150.91045459036567,2.5757161010444154,2509_18274
242.05775645352128,53.56166382378419,2509_18274
241.7235677990037,55.68642143741605,2509_18274
35.18880408836594,-3.4345668681592896,2509_18274
351.48329533506507,-1.4575204743306525,2509_18274
35.41839186127905,-3.992137222629837,2509_18274
244.4743012042124,54.29639961633088,2509_18274
150.98037216544475,2.611257062793541,2509_18274
244.6208870658857,55.11667031428435,2509_18274
242.47005202422488,53.346358249138696,2509_18274
350.7527505065843,-1.000180529912701,2509_18274
353.3761621675959,0.1548387843902929,2509_18274
350.59093450619787,-0.9880029971734616,2509_18274
350.45176933248507,-0.9029117198932592,2509_18274
149.10077617739037,2.8672550827623806,2509_18274
351.97791669120477,-0.1324867327159781,2509_18274
352.1736883876864,0.1096685443415748,2509_18274
241.2121539620326,55.29912776652752,2509_18274
34.76325523791987,-5.583651057381295,2509_18274
243.30881620100013,54.60592463024837,2509_18274
35.74927162960757,-3.6558430500937593,2509_18274
150.19450162116067,3.0774992612578895,2509_18274
35.03145913355,-5.103225865626864,2509_18274
36.13667248599452,-5.185807887115968,2509_18274
242.34121320744708,55.00400155419188,2509_18274
37.17215793820704,-4.670543565803629,2509_18274
243.0635804534968,55.92338619787988,2509_18274
35.836920874271755,-3.5308743007807486,2509_18274
353.2064349471332,0.7227398426397796,2509_18274
243.9760671891455,54.05132951420006,2509_18274
37.126715915901016,-3.974844196661452,2509_18274
242.21609455637855,53.96581115477986,2509_18274
352.26130119882515,-0.6462781493590171,2509_18274
36.253447427048805,-5.148365148726487,2509_18274
352.614188001288,-0.7058682108209331,2509_18274
35.593051439971326,-3.8190420250067656,2509_18274
241.20414660609163,54.5048263771242,2509_18274
151.24475529614733,2.3946462014844445,2509_18274
243.74636698523403,53.91875091678311,2509_18274
149.3484127867003,3.4684605422945043,2509_18274
351.5284123827717,0.1796401360311726,2509_18274
241.45178066056553,54.69911701199372,2509_18274
35.632585227038334,-5.291577940725871,2509_18274
351.8876658180876,0.492570256092451,2509_18274
36.70004951902012,-3.8201702907365487,2509_18274
35.89327908639754,-5.907288474716579,2509_18274
352.82829942389424,0.0179664445218658,2509_18274
352.4538973552561,-0.359186719545139,2509_18274
36.47163737618882,-5.261560874283021,2509_18274
149.6422466870492,3.3840966827725234,2509_18274
34.1751854861293,-4.705717670567727,2509_18274
150.06295189135676,2.8890132145319005,2509_18274
151.17165764644108,2.4411448486712843,2509_18274
37.6077361260306,-4.5895593378364525,2509_18274
351.887069743896,-0.5856330948101552,2509_18274
37.31677160019456,-3.918689426571654,2509_18274
352.6512440827808,0.1818279520917531,2509_18274
36.02399277908995,-4.245611389590336,2509_18274
241.32871398164627,54.685479658916414,2509_18274
243.45989593445995,54.30804788044457,2509_18274
37.24755387466181,-4.179219468571935,2509_18274
151.74849093424945,3.254265689468577,2509_18274
35.926306140367316,-4.929988955322225,2509_18274
350.6472572851005,-0.551324154604487,2509_18274
149.61032533379424,0.8206641146420336,2509_18274
151.45341923462547,2.0944410312175847,2509_18274
35.77767455632682,-5.49306923173924,2509_18274
242.45335980543436,53.781471771612765,2509_18274
35.87781224570004,-3.5502667836602737,2509_18274
352.45161248356976,-0.3593336815270143,2509_18274
35.154897871212135,-4.693348068125506,2509_18274
148.69337849265614,2.5332341069854705,2509_18274
151.02764552030766,1.8694160009470016,2509_18274
33.922259441391326,-4.400869826641128,2509_18274
244.05256734668865,54.6632536849265,2509_18274
34.04584225491248,-4.441212577393349,2509_18274
148.6715352484401,1.7592204954899622,2509_18274
35.979133567510836,-4.545104474200321,2509_18274
353.0607233780609,0.3419634627769878,2509_18274
37.236394794941134,-5.089878281394027,2509_18274
352.24406203262464,0.4621696915800978,2509_18274
244.96615255592215,54.95686672323338,2509_18274
149.74847924786874,1.2159362674287126,2509_18274
351.11307703901645,-0.7647996617480578,2509_18274
244.00210481430275,54.305176418571435,2509_18274
353.4068217206113,-0.3317798761026136,2509_18274
243.31499660028595,54.23405633592954,2509_18274
352.7172532770072,-0.788886551970175,2509_18274
240.15102907181063,55.390965966315584,2509_18274
35.521132292656034,-5.3859227662293945,2509_18274
243.7586936217395,54.28196658847416,2509_18274
35.065951602865155,-4.076015566882895,2509_18274
242.80966654966997,55.57982321826641,2509_18274
36.06578837544388,-5.056869185859063,2509_18274
243.10258949515975,54.88407976777864,2509_18274
242.36396604203648,53.78435135102366,2509_18274
35.3820637224272,-5.128973517048979,2509_18274
35.492581976622404,-3.860460956008794,2509_18274
148.71843425340285,1.668513540071348,2509_18274
243.4693424137393,56.26663768507339,2509_18274
353.8067889662834,0.6699166581205817,2509_18274
36.469706205857904,-4.9462112775338,2509_18274
150.28862938867775,3.4001132422523095,2509_18274
149.60047945408868,2.384474596268846,2509_18274
36.852823701977094,-4.736931440745524,2509_18274
37.419119439469455,-4.148636353518951,2509_18274
353.42100307906225,-0.0737482062632761,2509_18274
351.2341092782189,-1.3363590891388346,2509_18274
244.12215860872715,54.47082898764412,2509_18274
36.546086025779935,-4.612282300282712,2509_18274
35.87434663351436,-3.7839577767955337,2509_18274
241.10659290234764,54.55192398868353,2509_18274
351.3287089773124,0.5774671875200412,2509_18274
35.52849198798377,-4.353931688456659,2509_18274
36.678011435687445,-4.950184962972247,2509_18274
243.6349207480526,54.10414343433021,2509_18274
35.598954640561836,-5.6220708271612425,2509_18274
149.18440279916197,1.2986217900655308,2509_18274
242.6727322379649,55.34688270041046,2509_18274
149.7305536646624,1.2559596857053017,2509_18274
241.75317814440592,53.603080468205846,2509_18274
243.33876812133235,56.51207240641347,2509_18274
150.08925414865067,3.3142453879297005,2509_18274
242.80799176480863,56.016438443175126,2509_18274
35.97055057551543,-4.769421650156439,2509_18274
35.779625564951616,-3.3861086567778047,2509_18274
352.3762997866239,0.6921515053208609,2509_18274
243.87965981893697,54.87509436800533,2509_18274
36.723633049998355,-4.020353686710826,2509_18274
34.166080231407264,-4.796421050808643,2509_18274
35.89628769645057,-4.501520372271686,2509_18274
243.36047957257975,54.30097373318518,2509_18274
35.500381520003735,-4.302322920562231,2509_18274
352.23463419865453,-1.3449124558727674,2509_18274
36.33090271993397,-4.777200364963075,2509_18274
352.8146402583271,-1.0123258898093108,2509_18274
243.1308141650542,54.20109091580417,2509_18274
243.77960062727655,53.50774771388907,2509_18274
243.73452387342348,54.30353248523265,2509_18274
150.06781903695614,3.3380400830572183,2509_18274
350.9299497872371,-1.1080553151912105,2509_18274
150.08882456582845,2.778992299911988,2509_18274
151.15998931775297,2.247777332740964,2509_18274
351.7931289800806,-0.7845804548444306,2509_18274
243.422201914202,55.728729024110024,2509_18274
36.72058763321162,-4.636777192336011,2509_18274
242.5725163008024,53.37889860168495,2509_18274
245.17614544841877,55.3214037003877,2509_18274
37.08589651471639,-4.142603315705883,2509_18274
151.4314139779597,2.633518331365564,2509_18274
350.21118270567734,-1.0100441759689152,2509_18274
36.190173687448286,-4.845639780689612,2509_18274
35.034896470876795,-3.8192725717148255,2509_18274
36.42101989639503,-4.354753831479668,2509_18274
351.60765715304694,-0.5784257595069755,2509_18274
35.61072339316008,-4.993916143571985,2509_18274
241.2107939384865,55.29742765280556,2509_18274
149.8844014249578,2.4480233958752224,2509_18274
352.9908601603414,-0.689499945399305,2509_18274
240.3220096167376,54.76222693821928,2509_18274
36.16406998170905,-3.975932970850831,2509_18274
242.35776227265637,53.82318621305885,2509_18274
149.4446495879695,0.8723867483362833,2509_18274
352.5222719083486,-0.561807132111788,2509_18274
150.37957369707806,2.4129112427733204,2509_18274
242.51076167274044,53.7585450278709,2509_18274
36.45647949457549,-4.004213596779174,2509_18274
352.3782130513637,-1.3007706447686918,2509_18274
242.6559655847658,55.15360850879307,2509_18274
35.019272986282104,-4.868022666862226,2509_18274
351.9753760813315,-0.6336340636567747,2509_18274
35.9657739647608,-4.278338066153943,2509_18274
34.44936245226577,-4.655251524790028,2509_18274
240.6447107014832,55.57331246839734,2509_18274
149.53413485163424,0.9102905054735272,2509_18274
36.30231789032985,-3.692266380238285,2509_18274
244.40424894739343,54.52388475428267,2509_18274
243.2230781306752,53.754867045706774,2509_18274
242.69399427870175,53.74307177849995,2509_18274
240.62021730524103,55.5566029011018,2509_18274
36.75253674025456,-5.068554312912704,2509_18274
35.414992838220925,-3.64882902130884,2509_18274
150.24420594914096,2.1986283299331135,2509_18274
148.81936141578151,2.535658081808872,2509_18274
148.66570269623205,2.545018409018236,2509_18274
34.82375371153847,-4.483870654299843,2509_18274
151.44983459631862,2.0982068436161683,2509_18274
37.50059538261348,-4.2661979413989055,2509_18274
351.9816991053886,-1.0187129335992944,2509_18274
150.02734353034663,1.4275934544020208,2509_18274
35.595957513763096,-5.134402722244434,2509_18274
36.42818029428118,-5.244650113217963,2509_18274
35.62329620488591,-4.032256979955778,2509_18274
353.31544947260875,0.9593100247929642,2509_18274
36.462498948251955,-4.614607542326759,2509_18274
243.3633966265312,53.461189562058586,2509_18274
243.24809740135652,54.14587098224882,2509_18274
150.5548425357459,2.025127985293437,2509_18274
243.7265077381242,53.43705894407167,2509_18274
240.8449759311339,54.7103772905897,2509_18274
352.34795994340607,0.0007580137915302,2509_18274
36.91421761916452,-4.035780248935727,2509_18274
353.20800562279885,-0.1650368154011826,2509_18274
244.43721708955175,55.11446193875167,2509_18274
35.46058839745039,-4.12999125483282,2509_18274
351.42458921853245,0.7837077738336238,2509_18274
242.46997965489376,53.55657818589611,2509_18274
242.5848168411939,53.79784834059069,2509_18274
149.22190390972546,2.919950309232573,2509_18274
353.1910065869664,-0.3750287195776461,2509_18274
150.03396357710469,2.718762130335974,2509_18274
244.6259769429884,54.291260848866536,2509_18274
35.385265553048974,-3.381719493586241,2509_18274
35.59699262386686,-4.722115911849064,2509_18274
352.9288775780605,-1.2633406197872636,2509_18274
351.2835540870268,-0.3252467012202586,2509_18274
34.49236064228462,-4.2647578631582155,2509_18274
353.34444741679346,0.7360093504512171,2509_18274
149.5217143239783,3.3935696276893648,2509_18274
36.81036991863492,-3.81461896577416,2509_18274
241.30983964427347,54.27520911889808,2509_18274
33.79958723564349,-4.560518781082563,2509_18274
352.93481375971845,0.0541352077073575,2509_18274
35.68502117656529,-4.051210367577269,2509_18274
36.790886049015235,-4.5853558760100555,2509_18274
352.12751103517627,-0.9327430894655652,2509_18274
350.7086050410725,-0.990639362939968,2509_18274
352.86709482431013,0.6151082511430708,2509_18274
34.28894108743327,-4.140729933832222,2509_18274
34.98734638886941,-5.411175839328756,2509_18274
353.3498062103796,0.1154545696427412,2509_18274
34.96502782639823,-4.8435484333362,2509_18274
352.7678928770459,0.6482331623414787,2509_18274
243.81878091652212,54.12009922264034,2509_18274
242.5084989370963,56.35884894304713,2509_18274
149.81983468020624,1.2840339380396946,2509_18274
241.2054962239934,56.01392266974408,2509_18274
243.61928615338627,54.414023006794174,2509_18274
150.65729950394524,0.7926807908413583,2509_18274
149.2357865546695,2.960896689145897,2509_18274
242.10227869119132,53.33918293209468,2509_18274
33.73478867636734,-4.600763429007594,2509_18274
35.50790893418754,-4.8026271655149175,2509_18274
243.204875919179,54.036582615535806,2509_18274
242.36135679874045,55.27842640537847,2509_18274
353.4286308158689,-0.2532883310933702,2509_18274
149.33614600593376,3.5911436647682176,2509_18274
36.71701036285086,-4.553590411483428,2509_18274
243.283229934093,54.861638875554526,2509_18274
351.96608296721973,-1.1655871223714007,2509_18274
242.4009237666953,54.52396701841789,2509_18274
242.5296140403314,56.41966248107605,2509_18274
148.91686411753457,1.1663321768090922,2509_18274
34.14271352601885,-4.302607740137534,2509_18274
150.02847496310542,2.375118382311565,2509_18274
148.92946765779783,2.2594083717131603,2509_18274
241.43213499918295,54.68957188546542,2509_18274
242.90494797575775,55.304525919891326,2509_18274
351.53060688633377,0.2521705121948192,2509_18274
352.0543624145226,0.9557719330548043,2509_18274
33.96400560436826,-4.616252960481617,2509_18274
151.7091818976271,1.8222543481306688,2509_18274
352.97403198661283,0.8141109846899818,2509_18274
37.62302126989797,-4.620459870627592,2509_18274
35.71455578537108,-5.856640960839433,2509_18274
351.57430268850203,0.1355423814015147,2509_18274
350.87345731792607,-0.6835156291166633,2509_18274
36.11957629112688,-5.056295120079418,2509_18274
244.70514375026187,55.40918795520454,2509_18274
36.61531634433097,-4.059178178291635,2509_18274
351.3928947947368,-1.5018129953471768,2509_18274
241.52101723327544,55.90675838768728,2509_18274
243.6946602288968,56.089910756836034,2509_18274
352.6641283299314,0.6097458028819953,2509_18274
244.1072629637822,53.96712447074285,2509_18274
34.78379694855943,-4.908682715746313,2509_18274
33.90908451794967,-4.401668351152719,2509_18274
240.68418599329212,55.05531378098203,2509_18274
36.2547234631193,-4.042411846240439,2509_18274
351.0887926200607,0.6057997258384564,2509_18274
241.8189872581096,56.693532459046025,2509_18274
353.6695359424331,0.1729264066051125,2509_18274
242.2400977469071,55.355745816614,2509_18274
35.565723667171184,-3.4671536245130956,2509_18274
240.557260369262,55.58183501262008,2509_18274
243.2631541460862,53.19082176964008,2509_18274
242.4478320939767,53.23460535136042,2509_18274
35.79339911645782,-3.4980499827110987,2509_18274
351.85613345155576,-0.6383565089978523,2509_18274
241.2496921454204,55.7062522296106,2509_18274
351.58742260431876,-0.843594050406978,2509_18274
36.73499532637469,-4.6445538801842305,2509_18274
36.63117299421732,-5.0558795490593305,2509_18274
241.12603687025663,55.09390182608517,2509_18274
243.6876963433503,56.4340881937298,2509_18274
36.70484448966716,-4.464635058721778,2509_18274
242.13939984663529,54.919444821565016,2509_18274
353.3639819286847,-0.3886690575257017,2509_18274
34.37324167043584,-4.207900858173958,2509_18274
243.4990219904159,55.759672154251206,2509_18274
37.52069203113465,-4.530039895673249,2509_18274
151.7062079166441,1.457311937903001,2509_18274
243.51290898251395,54.17872563480013,2509_18274
243.9423971143188,54.32105379667974,2509_18274
37.55260519085046,-4.654362089435877,2509_18274
243.19509166609703,55.831994226470435,2509_18274
35.70711411350276,-5.563113430040663,2509_18274
352.9423154012014,-0.4950846927471395,2509_18274
150.8369301279354,2.967195263078016,2509_18274
242.9517290339464,54.445935418295235,2509_18274
351.3823687933229,0.4142099474965843,2509_18274
151.29784355332063,0.8358188284686088,2509_18274
36.4809960661404,-5.136597949265269,2509_18274
35.03745567496055,-4.0827725951325515,2509_18274
243.03453958140815,54.84211980001375,2509_18274
151.01298921347643,2.1838271967077096,2509_18274
351.6479264908465,-1.3806738467046216,2509_18274
242.04831277132087,54.40971968010827,2509_18274
35.83267145880459,-4.594399091734903,2509_18274
37.487085344503136,-4.166981619323177,2509_18274
34.56412104375312,-4.266103550090402,2509_18274
35.10374888752373,-3.644544630268222,2509_18274
244.4883247956778,54.874619125564145,2509_18274
351.45152002068204,0.2843443949879872,2509_18274
243.9120283225895,53.89334039873881,2509_18274
36.409371734784976,-4.782567337640187,2509_18274
35.8660584236487,-4.326731012495898,2509_18274
243.45700461707625,54.32629303893386,2509_18274
37.221346986197275,-4.314059642845855,2509_18274
36.79962299038327,-4.3702220950387165,2509_18274
242.38915755513833,54.14697510364082,2509_18274
35.78658321015127,-3.37072466173871,2509_18274
242.80424990100985,55.67966201371095,2509_18274
353.4481321926488,-0.0098569255891216,2509_18274
242.12142948196197,53.817943905354774,2509_18274
148.9309847399537,2.436998296928228,2509_18274
241.84226920661737,55.83435137442602,2509_18274
34.843237438437065,-4.004811845566317,2509_18274
245.47379865022708,55.00914041836746,2509_18274
350.41609455088644,-1.1522814491012303,2509_18274
35.202128773648376,-5.590920838960796,2509_18274
350.9799275713423,-0.4877286007921873,2509_18274
243.17171332815963,55.83314573336014,2509_18274
351.8123782278565,0.8264148985681791,2509_18274
35.520344074945825,-4.437962264956388,2509_18274
243.04964170887055,53.38653907762178,2509_18274
351.5123288455263,-1.0671417070504874,2509_18274
241.7028038624932,54.67763424981776,2509_18274
37.31539836768674,-3.9068704277937862,2509_18274
34.72654045390415,-4.24578003816815,2509_18274
351.72736946557217,0.2578315450974048,2509_18274
35.88495071076973,-4.094546810669659,2509_18274
353.05281798642176,-1.4070915762488214,2509_18274
35.546950318981864,-4.095189456000014,2509_18274
243.3572318602868,54.27956529248031,2509_18274
241.21926672401952,54.64689785301492,2509_18274
149.24826885396354,3.6652875031650254,2509_18274
36.35078705954365,-5.745557737841471,2509_18274
35.337625068897026,-5.665537282510243,2509_18274
37.219659007295654,-4.7871911996231615,2509_18274
34.796881313945455,-5.25041755792848,2509_18274
151.32966777624776,2.271163163258563,2509_18274
241.45486827346627,54.65869139634522,2509_18274
36.15139984890611,-4.384973789459346,2509_18274
352.36019650789535,-0.668119931904338,2509_18274
244.44893963596897,54.878330691735016,2509_18274
351.4896136284126,0.9522453754168092,2509_18274
33.89340906037015,-4.9982027204060415,2509_18274
352.9659974106918,-0.0204022941662423,2509_18274
150.7676279989687,1.0617348902309638,2509_18274
149.5540863934882,0.8174657491045962,2509_18274
241.41151046323944,54.848730650123194,2509_18274
243.1120739711214,54.329620006501294,2509_18274
242.2075860493137,53.997253565809665,2509_18274
353.85455035850237,0.530038654064063,2509_18274
352.76259582076864,0.8360762885964815,2509_18274
36.31962116123356,-5.814830853955387,2509_18274
151.17134338094235,2.106210819865526,2509_18274
242.39375975875615,54.75844328524041,2509_18274
35.48469673685827,-5.181805514703762,2509_18274
151.63255086928655,1.1962199852490347,2509_18274
242.90640351922215,54.299419220210105,2509_18274
149.7691923987171,2.823529026591339,2509_18274
353.1426414550079,-1.134111192780713,2509_18274
351.98182636555777,0.5106884228864611,2509_18274
149.2604542397537,1.454007648897756,2509_18274
243.22766273164348,55.62806558496742,2509_18274
149.74873140766655,3.1916517311609387,2509_18274
150.83001267447926,1.0492365672995674,2509_18274
150.27944111614931,1.9044936164723532,2509_18274
243.401830084308,54.713014405353505,2509_18274
244.62341759471468,55.29859409069825,2509_18274
351.6645665685928,0.1081293196917678,2509_18274
351.67641088074896,0.1143176604154685,2509_18274
35.49789172071292,-4.9577751660491085,2509_18274
350.7737238306638,-1.42043928093284,2509_18274
36.98555467937005,-3.895404243921624,2509_18274
36.23792238478252,-5.232461617285247,2509_18274
243.2621259846865,56.44636770401314,2509_18274
36.63812560249272,-3.9543962289339905,2509_18274
37.10092164770443,-4.138439344309036,2509_18274
243.7017342013303,56.46740283688227,2509_18274
35.51806134522489,-3.6720548433306015,2509_18274
242.9115010020097,53.86630389773659,2509_18274
351.54898273110445,-0.2937923844378494,2509_18274
351.4570995286778,0.0409392328129812,2509_18274
241.91319493528067,55.82110682960638,2509_18274
351.2968979961043,0.5124311477841182,2509_18274
242.34842248361156,53.45319309075417,2509_18274
35.645553373951984,-5.704055714189315,2509_18274
351.99870562991174,0.9391029874356104,2509_18274
243.0322052815246,54.28169151031806,2509_18274
352.88406683512824,-0.402457736589957,2509_18274
36.54074699466784,-5.061287439712685,2509_18274
241.79901265125608,53.916856935336256,2509_18274
350.8694101330665,-0.342932616643327,2509_18274
37.40498578522568,-4.665635248673477,2509_18274
243.9589260039836,56.08977072083995,2509_18274
35.038396339535254,-3.820151531607469,2509_18274
240.93964816299928,54.70862682192844,2509_18274
34.409093650964216,-5.1401419222933935,2509_18274
352.36406408257164,0.6862323623711142,2509_18274
241.60928630692464,56.15890931098882,2509_18274
150.13873262077584,3.216809062632643,2509_18274
353.1073391827721,-0.085997329788193,2509_18274
353.2497630057436,0.9576615736522304,2509_18274
242.23818500678817,55.25906104620729,2509_18274
36.54000210783498,-5.157362011917373,2509_18274
245.07530903213137,54.62246639706149,2509_18274
36.10624762290777,-4.99271202952168,2509_18274
242.71907207648175,56.3204083503441,2509_18274
351.7982623118021,-1.2272642544298558,2509_18274
243.12380982352877,54.25429697653583,2509_18274
35.93933241366189,-4.400459273826993,2509_18274
242.31226922461576,56.42295840754201,2509_18274
36.35004299896362,-4.060632021920437,2509_18274
352.28206965237473,-0.9466568395725306,2509_18274
243.6393654478174,55.9017644668811,2509_18274
148.80048243735345,1.76085877381512,2509_18274
37.56930380046235,-4.46741694290866,2509_18274
242.1170983164897,56.357728614124426,2509_18274
242.28591184081324,55.48036786896824,2509_18274
34.42492016163169,-4.255374842911537,2509_18274
242.5546465458315,53.72672388987637,2509_18274
36.602610694486,-4.803463435485255,2509_18274
36.240833469812635,-4.122918612440003,2509_18274
34.55610035146316,-4.503391108527612,2509_18274
353.18353161691425,-0.2058695327375983,2509_18274
244.28619612936296,55.508747089478746,2509_18274
35.10689151113417,-4.567024869430455,2509_18274
352.1546493364999,-0.2762718394718346,2509_18274
35.85875837293875,-5.522848654477807,2509_18274
149.1837646330362,1.954322893308594,2509_18274
37.006864993109886,-4.829665448326546,2509_18274
353.1744129459979,0.5812256533110306,2509_18274
36.17149042804313,-3.6086143891735785,2509_18274
351.2754715307722,-1.2956191760220546,2509_18274
241.56738721033713,54.61386114098752,2509_18274
36.9835267691212,-3.992449666997816,2509_18274
36.352049637541576,-5.74736968630821,2509_18274
244.2543214530376,54.982280286006926,2509_18274
351.5543283115586,-1.4030142869662812,2509_18274
149.47484803395932,1.9582491997189455,2509_18274
242.8683106394543,53.803051388584485,2509_18274
241.57667442716604,53.939236463508315,2509_18274
244.0925337623479,54.469544365819296,2509_18274
244.39442895069095,54.91943726967837,2509_18274
151.63172530284095,3.01471523778867,2509_18274
243.315209966941,54.345871683004894,2509_18274
242.01913888234725,54.13723910162722,2509_18274
36.41015317039496,-4.571580363767893,2509_18274
149.66059004999764,3.7040571541152585,2509_18274
36.87066971299972,-4.228754605890229,2509_18274
352.5072050145282,0.7427125181467641,2509_18274
151.2040658862608,3.3490399813167326,2509_18274
36.38813836105978,-4.44215997569408,2509_18274
242.861697029654,53.639910677205016,2509_18274
35.90635138777766,-4.129017045936777,2509_18274
242.926718284828,55.84518836509223,2509_18274
36.62438311101344,-4.790199748290136,2509_18274
241.71090818823723,54.8720468787989,2509_18274
350.9275215458444,-0.3202483173386197,2509_18274
351.0373005296108,-1.0801537028888748,2509_18274
351.30547680146867,-0.2055401442215068,2509_18274
149.15745569718686,0.965211668172008,2509_18274
36.19872815100781,-5.455776194904168,2509_18274
36.24680903285439,-4.792913224457289,2509_18274
35.094664990121586,-4.7753645628958745,2509_18274
243.5332835262815,54.92813798296245,2509_18274
149.42313224811363,2.534116317079711,2509_18274
151.1015863337051,3.1291795977987893,2509_18274
150.84053225529595,2.838963448283484,2509_18274
37.10960853873832,-3.8250158690798624,2509_18274
151.38166749122206,2.5856127482663087,2509_18274
150.38308056208976,0.9777416810725944,2509_18274
149.387758933382,3.684213133852378,2509_18274
241.3776322118079,54.99324915394777,2509_18274
241.3209529519803,56.405422652528216,2509_18274
243.71640028206735,54.33707875076232,2509_18274
37.294642228803475,-4.338824766080717,2509_18274
242.3760742397805,53.54881938173334,2509_18274
245.22816735930667,54.63237818951437,2509_18274
34.25211015760312,-4.175044696099338,2509_18274
352.6215208410726,-1.4835897159574052,2509_18274
244.6819239902709,55.51895757838127,2509_18274
34.046038130952425,-4.211945789224633,2509_18274
351.20294006646975,-0.3182359909088634,2509_18274
243.61803708247703,56.03620539050407,2509_18274
149.49293538219447,2.1573595022174277,2509_18274
243.25044421158415,55.80962775071555,2509_18274
36.1037911326655,-5.343613956736702,2509_18274
150.94492741593783,2.771030217924394,2509_18274
242.2146011851521,53.50162505733701,2509_18274
242.98401075302505,56.03649284317952,2509_18274
35.48171574138708,-4.545820430478141,2509_18274
148.95473186153646,1.3486762451982548,2509_18274
242.4963961551584,56.01223781434176,2509_18274
352.61065547443735,-0.0832302047137567,2509_18274
151.23846806434656,3.065491723188619,2509_18274
351.28354925168406,0.3079610436441876,2509_18274
37.20563401024922,-4.294807204276907,2509_18274
353.13797499534286,0.7891847030714498,2509_18274
149.44852350416326,0.8599493462245917,2509_18274
352.1478296067793,0.0845415040657044,2509_18274
241.92387849195612,56.700385938921805,2509_18274
35.564080555550234,-4.19404092010545,2509_18274
36.40652842614043,-5.821072313627916,2509_18274
35.184059814787226,-3.663042244969908,2509_18274
352.46390304735735,-1.562192653899666,2509_18274
241.3394655628415,54.92995842230154,2509_18274
36.68224730277672,-4.683466370599516,2509_18274
151.59184207043344,2.7527505207601046,2509_18274
35.53871291753905,-4.231978721958305,2509_18274
151.2358717130431,3.5222346225138352,2509_18274
242.80127175281265,56.3807842516754,2509_18274
35.665376001376295,-3.571462489704071,2509_18274
35.17547539451785,-4.522959162429638,2509_18274
34.28690361917538,-4.229341599109856,2509_18274
244.16835353295568,54.89289359254154,2509_18274
148.52361401620874,1.7872034595794173,2509_18274
36.40620873619385,-5.244068795231989,2509_18274
240.79080062703048,54.5530764932342,2509_18274
351.14041792474137,0.3264919741821898,2509_18274
242.2588977898936,55.323570189765434,2509_18274
37.22580585740957,-4.15691084508557,2509_18274
353.5635882547488,0.7839102938685746,2509_18274
352.6481281564019,0.3305881447682159,2509_18274
243.4894718546165,54.75586338272279,2509_18274
352.5142557071418,-0.6540355389828497,2509_18274
351.7968386620989,0.6597214052753779,2509_18274
150.28119526372254,1.2134527991861273,2509_18274
243.51912399199009,56.26821648713717,2509_18274
352.67049241076006,0.5043465874469908,2509_18274
150.0614685131326,1.5644748618931594,2509_18274
36.511242226647624,-4.881024335706221,2509_18274
243.25422997453,53.6809352098836,2509_18274
35.52749455940144,-4.98752581412018,2509_18274
151.14013869020022,2.240228005048247,2509_18274
35.732804852865954,-4.277679220956221,2509_18274
351.7621754662938,-0.8665889616095517,2509_18274
241.2703140992764,54.60058203413705,2509_18274
353.09807640622944,-1.1230674515225016,2509_18274
352.3432699364793,-0.8416974829976602,2509_18274
149.33577753723011,2.464163711441231,2509_18274
149.90660602175146,3.167029686249247,2509_18274
242.66267175789676,56.24908766900786,2509_18274
35.49166564757715,-4.425880239487847,2509_18274
150.0878879757187,2.779764149714272,2509_18274
151.7487633774641,1.680553322557109,2509_18274
351.92906750380945,0.9670557345849812,2509_18274
241.95150304334032,53.3868156157944,2509_18274
150.59857415411415,3.6298617348498303,2509_18274
35.26227754105986,-4.434477704308173,2509_18274
242.72910758926315,55.955911206016815,2509_18274
37.19620312386081,-4.2606985109308155,2509_18274
37.06494260001145,-4.846505505648149,2509_18274
243.1805758569405,54.46004539106782,2509_18274
35.30162601022611,-3.8940004485597384,2509_18274
243.19807166048233,53.517250894424485,2509_18274
150.05657527667464,2.2085188631961836,2509_18274
37.48936977468979,-4.173132886736364,2509_18274
243.5840600646713,54.37477280743555,2509_18274
34.4444341167057,-5.298949896596366,2509_18274
242.67733202278967,53.36126525018019,2509_18274
37.23104491222081,-4.0008767362227236,2509_18274
35.160550118902655,-3.5902891226240015,2509_18274
240.61333558767356,55.61911025476947,2509_18274
240.3509746932721,54.88161254412515,2509_18274
36.86261123235846,-5.000557054742641,2509_18274
244.3190826916321,55.54434197008163,2509_18274
352.4596584332017,-1.0726017789230695,2509_18274
353.0754115212735,-0.5614851222832363,2509_18274
35.41042519824571,-4.516963410236258,2509_18274
36.726596941554206,-4.619383238898725,2509_18274
149.8608160064693,3.0016919209411235,2509_18274
36.1310534139676,-5.884506285424392,2509_18274
34.292686975638766,-5.2863386203281495,2509_18274
244.20166992300528,56.26877142809008,2509_18274
37.12231815844242,-4.999919864184053,2509_18274
150.93048044739763,0.7004564263251204,2509_18274
351.4041400171489,-0.8518994028641396,2509_18274
242.36690133100277,55.43762309402913,2509_18274
351.5021306622286,-1.2221388431370053,2509_18274
351.0285949506066,0.1692780477801053,2509_18274
241.6161905373629,54.93744499542664,2509_18274
35.44536665071608,-4.023226157451309,2509_18274
242.1654081388619,55.36444291255488,2509_18274
243.02734108407572,56.68345607811034,2509_18274
242.94672905044027,56.05763814026117,2509_18274
37.189262739793314,-3.892441403733311,2509_18274
36.85954289857199,-4.904117376082405,2509_18274
149.4583145845873,2.672848144328271,2509_18274
36.35357025672756,-3.7787682564108063,2509_18274
242.81410472967,55.930583209379385,2509_18274
149.51208712404795,2.6891083463562437,2509_18274
37.20482333301152,-4.821306828464306,2509_18274
149.04896794364444,1.664504818677081,2509_18274
150.3606723804429,1.9879927196335276,2509_18274
149.90607702175564,1.5437805360350936,2509_18274
241.26980960754065,55.14449416397448,2509_18274
351.37860022173754,-0.6095541416417121,2509_18274
242.67286272718832,56.269850068746024,2509_18274
35.750040578982066,-3.618152936996552,2509_18274
242.04083872150017,53.256648162547506,2509_18274
36.64014484114223,-4.142687356895639,2509_18274
36.803398435208855,-5.123421798034414,2509_18274
36.49998307921699,-5.029254691994979,2509_18274
149.326313363876,2.2110397265522295,2509_18274
35.380301906002664,-4.409570661227167,2509_18274
351.7847596170228,-0.3990949902065499,2509_18274
37.13486489774591,-4.0763204287624015,2509_18274
35.608333711814375,-5.724157224555255,2509_18274
149.04301978856856,1.6241016248726428,2509_18274
242.2510192755023,54.3919592517779,2509_18274
36.958228242093355,-4.826390481756748,2509_18274
352.3523654199254,0.5636672682161005,2509_18274
351.4342477819429,-0.1269810931933083,2509_18274
243.58863477900164,56.25835394984251,2509_18274
242.5138991505816,56.05967479331518,2509_18274
243.1083690427799,54.84940913388371,2509_18274
37.345008534149265,-3.944390643306387,2509_18274
242.99988922344633,55.06091394097654,2509_18274
150.8028374228891,2.48885229756944,2509_18274
36.76077087279413,-5.086009957625754,2509_18274
352.6397558263751,0.5987079983427303,2509_18274
351.58128635982723,-0.1630343454431161,2509_18274
149.23599081980424,1.527025523935397,2509_18274
36.185536932295506,-5.499471278412515,2509_18274
35.05040752976813,-4.677697348495701,2509_18274
35.43033899808482,-4.886588700028439,2509_18274
243.59751166782272,55.576245243326525,2509_18274
352.98105975114896,-0.9296210680005966,2509_18274
37.21723451540381,-4.986854871259181,2509_18274
36.69187304256647,-4.6257336479557285,2509_18274
243.0810973645099,54.73068975555153,2509_18274
149.53425309358454,2.4931081636586083,2509_18274
352.9224219806884,0.2412757883666657,2509_18274
242.40041598708183,53.54640143879264,2509_18274
36.25582097308933,-4.654348481192557,2509_18274
36.32148268159014,-5.737917409441857,2509_18274
240.82410657643615,54.71139154520309,2509_18274
36.77544887184835,-3.8842813438336368,2509_18274
36.08745885719754,-3.7680668885907074,2509_18274
351.64537373036706,-0.8947425831947121,2509_18274
352.36911777824923,-1.0770653192847748,2509_18274
36.072351126826746,-3.613874943111051,2509_18274
244.57396281768777,54.866201473763056,2509_18274
150.1895953639758,1.650042795935159,2509_18274
150.3339992662715,1.017110779179551,2509_18274
150.04449970416962,1.287097995960162,2509_18274
149.47279604012843,3.4297820815797517,2509_18274
151.34640576742834,3.42045960227782,2509_18274
243.3469912239399,55.27434990594774,2509_18274
37.53962638037808,-4.835495635776056,2509_18274
352.87065295814233,0.6081923025935335,2509_18274
353.11583356337565,0.7855444939064063,2509_18274
352.64049919868495,-0.1740927937893504,2509_18274
151.56076383597355,2.901118779780332,2509_18274
150.24578492488428,2.6402987856556215,2509_18274
353.6315014726798,0.8271528904411327,2509_18274
244.0267976241526,54.23080390390937,2509_18274
36.14588267829157,-4.239383930639395,2509_18274
149.83179167029675,3.111871218600652,2509_18274
36.703532812980725,-3.812018536206328,2509_18274
244.03896879796764,54.99148636817656,2509_18274
245.1831809182945,55.0345113853592,2509_18274
149.83353457572585,3.113682158715969,2509_18274
243.1201581855775,56.01886119470142,2509_18274
241.23401451822184,55.13991499150565,2509_18274
242.38129128019432,55.42499377423912,2509_18274
243.2443628851493,54.14581170139619,2509_18274
37.10472400902476,-4.950697944248666,2509_18274
352.83041150685,0.6116060566549857,2509_18274
34.09929032109327,-5.15363817975474,2509_18274
244.72665291253747,54.54509195179752,2509_18274
352.8798712887205,-0.8516292585388213,2509_18274
353.78621585363635,-0.2305614166537787,2509_18274
351.77476396854667,-0.6589389505824915,2509_18274
351.8654429937702,0.1607232061188972,2509_18274
242.84103945938335,53.7511453436891,2509_18274
242.1434840362795,54.90571028230336,2509_18274
34.845711985870814,-5.081752758559674,2509_18274
243.03370685458788,54.73510228035208,2509_18274
150.71855089028935,2.690431418608183,2509_18274
35.92366728799635,-4.103848492675783,2509_18274
149.70279587240535,2.878701490093968,2509_18274
243.56506387876655,55.530006594596905,2509_18274
37.64334043311128,-4.3273947969033895,2509_18274
242.80833563168585,54.752742146104474,2509_18274
150.75598392463186,2.3529787711244095,2509_18274
243.7363366570808,53.666179065605654,2509_18274
241.5773139305341,54.04206681583752,2509_18274
35.667162388120346,-4.012671243678213,2509_18274
241.8268942439678,53.88329538724165,2509_18274
243.99518667675352,55.41821798490892,2509_18274
37.63339242037475,-4.4277785350165715,2509_18274
151.16887598808825,0.8003729810949552,2509_18274
242.86894333284977,56.155978969230674,2509_18274
35.49275683837087,-4.951293155506432,2509_18274
350.591083881758,-0.2875739748710281,2509_18274
351.0233839069227,0.2721891850152895,2509_18274
243.62247629515304,56.293368870215616,2509_18274
149.7503422485883,3.1922711817685827,2509_18274
242.32178139716663,55.48756800316877,2509_18274
36.63894953519092,-4.068642350259161,2509_18274
151.38541180801525,1.9857535533433075,2509_18274
243.44602280205785,53.97436320757483,2509_18274
151.79814757348447,1.553872792003234,2509_18274
35.94105432919773,-4.970427332158122,2509_18274
241.10326024343135,55.64719764344146,2509_18274
352.9983663551036,0.5775022506074168,2509_18274
36.31553534806475,-4.622700772144036,2509_18274
351.25004109263585,-0.0114244535991263,2509_18274
353.13096380302244,0.3690781411020193,2509_18274
36.00880981613126,-4.1579756587548315,2509_18274
34.8439858480603,-5.079379066383444,2509_18274
33.844399206962954,-4.7837770627908744,2509_18274
241.15743788129328,54.52045224400601,2509_18274
36.8246819647348,-4.74418172039205,2509_18274
242.5535271867355,53.729563035510814,2509_18274
242.2025516652539,55.65352065924057,2509_18274
243.7396824256853,53.43195908816702,2509_18274
241.7134543747463,54.40908577933352,2509_18274
243.55200436375532,54.72871291989264,2509_18274
35.141836437297606,-4.637313888276604,2509_18274
352.99807684717223,0.2873869336711555,2509_18274
34.31973685472821,-5.482440547226343,2509_18274
36.78026715447183,-5.078147015744528,2509_18274
240.70457290746873,55.18372344001851,2509_18274
242.9673030924903,56.48052624065081,2509_18274
34.43654339147601,-4.877102246183417,2509_18274
35.56228409875841,-3.92009978893135,2509_18274
34.27148229298354,-5.37600492811087,2509_18274
36.4780897801435,-5.121704326442094,2509_18274
352.8937986016839,-0.5487038285223592,2509_18274
350.4545680766724,-0.5097323370738165,2509_18274
351.6737397258316,-0.7636201541621277,2509_18274
352.05551100785243,-0.916583080302123,2509_18274
243.3850885823955,54.426831246221944,2509_18274
35.35831933603063,-3.978204336820122,2509_18274
245.05355064636944,54.979580134835665,2509_18274
151.5479968811982,3.0669551355177935,2509_18274
242.91670524958715,54.0988656781627,2509_18274
35.64359748731721,-4.091959372947401,2509_18274
35.747448081126436,-5.936552173550239,2509_18274
36.737613033052526,-5.076394806313378,2509_18274
37.128675709459934,-4.858900739746706,2509_18274
241.6617724699107,54.387635877992516,2509_18274
351.33070651787204,-0.6962867372447368,2509_18274
149.17007533396006,2.240341888749965,2509_18274
36.086896501842595,-4.365818843189787,2509_18274
352.37756284997124,-1.2172199226730307,2509_18274
241.66718552230788,55.95997390747026,2509_18274
242.62660653422645,55.66045253475237,2509_18274
35.58772699094292,-5.3509919853353045,2509_18274
149.8834729171869,2.450185201252866,2509_18274
148.8048531932336,2.608993158088262,2509_18274
353.13680249032154,0.7911971557411498,2509_18274
243.0708156319783,55.9248657757067,2509_18274
243.80337551731049,53.41937234855654,2509_18274
242.54710654993207,54.28981080617552,2509_18274
34.66581691009063,-4.675687074835175,2509_18274
149.13842937767186,3.1522741823656437,2509_18274
150.9272120809513,2.7054763068642655,2509_18274
36.20705689613049,-5.422070843859464,2509_18274
36.38794089457604,-4.960641255509147,2509_18274
243.97798241761265,56.34196132171277,2509_18274
35.58195408655365,-3.6297065298381055,2509_18274
34.54084476908388,-4.1732550095739835,2509_18274
150.3580196358001,1.038933614289992,2509_18274
35.380195329655855,-4.845554841696818,2509_18274
244.3201828286061,54.57003854116078,2509_18274
36.39453648118174,-4.266845351839045,2509_18274
36.12849516856747,-4.131839317708844,2509_18274
241.57331204831604,54.61102810118921,2509_18274
241.7050365220472,56.21544008202634,2509_18274
243.87328640496617,54.87504156301292,2509_18274
35.77387720347466,-3.43218303214986,2509_18274
351.902441109197,0.9531322031937564,2509_18274
36.3206031565826,-5.496560753172563,2509_18274
352.3263715834615,0.6791228217982483,2509_18274
350.6158829062776,-0.2970426853458733,2509_18274
351.6218231848266,-1.2289057990308934,2509_18274
245.0671134374569,55.50814159563048,2509_18274
149.83853032820224,3.5357824478638125,2509_18274
351.8057011290475,-0.1313667685383008,2509_18274
241.46063426882205,54.790935552004875,2509_18274
151.2369525004512,2.3401020338593335,2509_18274
36.512199571911935,-4.98957567951156,2509_18274
352.51706571636464,-1.504097988260002,2509_18274
352.08810531419425,-1.4222757835008717,2509_18274
241.37950724793868,54.92845523202325,2509_18274
242.5687592721626,53.403848008123,2509_18274
352.6095847080663,0.0812447375127918,2509_18274
353.1338384478956,0.0907775410981504,2509_18274
36.81335004620315,-5.119051596322801,2509_18274
353.2696910924339,0.4511239780643677,2509_18274
243.07728570273625,53.73965199042939,2509_18274
150.1243493387829,3.019193015149427,2509_18274
34.932782347336165,-5.4056809992999595,2509_18274
36.12105736768328,-4.163398207292938,2509_18274
241.16858410992677,55.04298709519257,2509_18274
241.22059228427335,54.51616014254946,2509_18274
149.10960229069195,1.3029299477961698,2509_18274
241.449410771564,54.83585669827965,2509_18274
240.73709657743188,54.61433333346101,2509_18274
149.81016721514516,1.3075813554637483,2509_18274
243.51734081847496,54.73906418991069,2509_18274
243.6500594196631,53.44582484080364,2509_18274
243.40203418136585,54.157499080665325,2509_18274
353.7327316984365,0.3927010997749878,2509_18274
35.237533947843644,-4.774932834357164,2509_18274
242.5117077873638,55.9926693702613,2509_18274
34.28029262537905,-4.420524933786528,2509_18274
34.129912988774514,-4.538877507788604,2509_18274
36.80804428656289,-5.099653773257177,2509_18274
352.41704161218036,-1.4845610432967034,2509_18274
150.9607504788751,2.777737298196906,2509_18274
243.49900638021808,55.527238298503285,2509_18274
352.8945270083412,-0.546229825068386,2509_18274
148.86354776150117,1.6942000550835066,2509_18274
352.78645082370787,0.3774934740590705,2509_18274
35.52326006531278,-4.422542113434283,2509_18274
353.648694695784,-0.2006449752568278,2509_18274
36.70040879544254,-3.8987885341776334,2509_18274
36.21316761780542,-5.997131030202943,2509_18274
243.3351856645551,56.5118757513223,2509_18274
242.3321029234036,54.72003252065207,2509_18274
36.41512952676555,-5.0298074932193195,2509_18274
243.04068122423263,55.96542511008606,2509_18274
149.98173000613406,1.0243800669670104,2509_18274
240.87770288880392,54.84283586032045,2509_18274
34.970561876604606,-5.187446540987686,2509_18274
243.16592319269597,54.00502925906759,2509_18274
34.918122513686036,-4.6193369731633895,2509_18274
352.43751009100913,0.8117482794303659,2509_18274
352.6270144687137,0.1344697364152936,2509_18274
240.600750918711,54.44021069435278,2509_18274
241.4003214732914,56.085188712728,2509_18274
241.28894002470184,54.75637483721081,2509_18274
150.0723553700567,2.3679380245450488,2509_18274
243.74765399886775,55.14258801010412,2509_18274
37.10165986999785,-4.230230522033347,2509_18274
149.9023921233358,2.9488228021763563,2509_18274
352.0945899782282,0.9419176976971356,2509_18274
36.07381781311897,-4.9028682296626895,2509_18274
35.23236193693407,-4.694730743945137,2509_18274
352.0309176937847,0.8363968929468633,2509_18274
35.736177300559284,-5.545692223213945,2509_18274
36.31336381823744,-5.784780652307893,2509_18274
352.08233278120554,-0.0060480170892074,2509_18274
352.4509547575143,-0.8022264609634516,2509_18274
35.525615868633274,-3.885101914058784,2509_18274
35.459528646687325,-3.8341059902540007,2509_18274
37.20896875813327,-3.908853663073827,2509_18274
242.66964178389952,55.940067642707994,2509_18274
351.22247029885114,-0.9557705765292648,2509_18274
34.988718679716456,-5.396837479672674,2509_18274
240.9601834499072,55.62081660625955,2509_18274
241.04331909489693,54.96652062207709,2509_18274
36.03684303292612,-5.0628849247710255,2509_18274
36.73053894700244,-5.105972217930848,2509_18274
151.61387816080432,2.865082768965985,2509_18274
37.60967931127122,-4.584668454786539,2509_18274
244.25003176884235,54.534363547764734,2509_18274
148.59169535199018,1.6047873172284288,2509_18274
35.43004153648579,-4.598816511620927,2509_18274
36.855093821119674,-4.603052710217899,2509_18274
353.8535966489305,0.5748673653142116,2509_18274
243.49824182964392,56.33868805616257,2509_18274
36.09308862720513,-5.992937086374639,2509_18274
242.35170256394173,55.283486418593654,2509_18274
36.71622367146956,-4.355261754173462,2509_18274
352.3454683941265,0.0103437699773843,2509_18274
243.0735676640884,54.10211515684813,2509_18274
243.1776230251728,54.46044860461925,2509_18274
244.5796270246552,54.982492070249904,2509_18274
242.86661026007425,55.86223839211866,2509_18274
243.53045392036648,54.31882136777848,2509_18274
151.36001614837173,2.6548021140812734,2509_18274
35.40188327726131,-4.15882887064371,2509_18274
151.08002375567548,3.615826525593468,2509_18274
36.99464142056298,-5.103562486518543,2509_18274
242.69943712487463,53.74199297410377,2509_18274
36.14175825199432,-5.021226328277565,2509_18274
148.533534912091,1.198810476166634,2509_18274
241.3760351329988,54.867083887046626,2509_18274
34.98232594864119,-5.377991207467951,2509_18274
242.1234772841146,53.24729725832778,2509_18274
243.61959451437951,56.032756125379,2509_18274
351.9850850499483,-0.4609008312402012,2509_18274
35.338905305203276,-4.02346219923478,2509_18274
34.09527619849789,-4.887081485277573,2509_18274
36.80247119350241,-4.600499993411009,2509_18274
35.61588098132868,-5.0902334145079005,2509_18274
241.4944803316992,53.57723873978888,2509_18274
36.24079551015144,-5.153086361544718,2509_18274
34.99001071012703,-3.95604213037137,2509_18274
242.06154070172963,53.37999001431229,2509_18274
242.9936605174706,53.32267774275526,2509_18274
35.363995946616754,-4.566388082204873,2509_18274
149.001464962334,1.4386418322190593,2509_18274
240.7838788213855,55.38297356602195,2509_18274
34.91839056500629,-3.7324007793750753,2509_18274
37.166989938668664,-4.217506617747758,2509_18274
242.88246033616284,53.92683630969442,2509_18274
149.85431036228218,1.2516940701945758,2509_18274
34.80184353478718,-5.083820350701914,2509_18274
353.0477009408985,0.8404124866998162,2509_18274
148.76589668168634,1.896284891520583,2509_18274
243.81625652054785,54.11840339708901,2509_18274
151.67812520544956,3.3193494238249515,2509_18274
149.75622015772893,3.1904467921231854,2509_18274
242.3833675756953,53.62017804100637,2509_18274
150.0050246088129,3.0863983085437754,2509_18274
350.537515060082,-1.3534374972346888,2509_18274
149.58899058950914,2.8083691194063767,2509_18274
243.28196826106432,53.97231173551106,2509_18274
242.0290613033353,53.39073100690337,2509_18274
36.33597146574642,-4.713395502914105,2509_18274
150.48623819928386,0.8746410386353332,2509_18274
36.78051967150124,-4.47142462697404,2509_18274
35.32105748482466,-3.841563305830584,2509_18274
352.4949834647375,-0.6610796633586108,2509_18274
151.6251711219563,2.84676846399464,2509_18274
244.45186463999497,54.633382999228374,2509_18274
36.47870703141049,-4.6496558302508495,2509_18274
151.22554473776665,1.0847465363909954,2509_18274
37.47071234692,-4.476995259891903,2509_18274
35.30331355255213,-3.9122747141724914,2509_18274
151.13655837309855,2.221089831875556,2509_18274
35.49354986595655,-4.04593543125983,2509_18274
243.33824193510017,54.27794468264286,2509_18274
37.36626234739302,-4.426988688944234,2509_18274
36.113019357465056,-5.610900665882089,2509_18274
36.5363263536356,-4.574211351825031,2509_18274
37.13336295276667,-4.859437608535387,2509_18274
352.17417314823865,0.8251714154669382,2509_18274
353.7043079146974,0.6283168331337246,2509_18274
151.48190802583247,1.9662698535709615,2509_18274
243.12594624373415,53.60263428278627,2509_18274
242.66413694516817,56.2450333999118,2509_18274
352.93613797312946,-0.6730420762028779,2509_18274
33.93880408327414,-4.852264510545469,2509_18274
241.38796398841276,54.52920234974455,2509_18274
242.8050570473004,55.57131646412738,2509_18274
244.46807705937857,54.55309894494492,2509_18274
35.902989337249494,-3.5210001951832,2509_18274
351.21103722734864,-0.1267114442984455,2509_18274
242.3407378322948,56.70413335182768,2509_18274
35.53990219826688,-4.916208733328558,2509_18274
244.05213625647664,53.826914311988915,2509_18274
351.50086719682554,-1.225025921807504,2509_18274
352.1220870354908,-0.6408477123956731,2509_18274
242.9747437661175,55.652359055450006,2509_18274
241.08247407088209,55.45364695642187,2509_18274
35.11929959957141,-3.6069416948797706,2509_18274
244.5294383781287,54.40659501706974,2509_18274
351.05961028456056,-0.9383347908026484,2509_18274
36.952078219251874,-5.168905703664441,2509_18274
37.03122667390887,-5.089686553168648,2509_18274
35.70694469422032,-4.074423270541341,2509_18274
149.68063214843676,3.3133283272019938,2509_18274
36.11929609952461,-5.60307404835581,2509_18274
35.37969540594179,-4.494466311261113,2509_18274
243.57599531372185,56.352722791227166,2509_18274
353.6277300089896,0.1271896813528968,2509_18274
34.050252878223,-4.248906843880809,2509_18274
150.98301579723525,2.4132937977242372,2509_18274
149.77213589467797,1.0779627625940824,2509_18274
350.72505314810417,-0.8902342508835985,2509_18274
36.0510017595099,-5.362671139757233,2509_18274
351.23310345109536,-1.1132720884965437,2509_18274
352.3469467382601,0.0034503263918219,2509_18274
353.3115541061177,0.019331133467476,2509_18274
351.32323625226184,-0.6221447262836951,2509_18274
150.28737900487027,2.8560420983973387,2509_18274
240.81989132950488,55.51617472759663,2509_18274
35.25064774838373,-4.997617814228695,2509_18274
242.94548035726365,56.06042884864027,2509_18274
243.80339797782227,54.12839421642445,2509_18274
241.33940326112412,54.69241791563803,2509_18274
148.9286138193518,0.7416167095290978,2509_18274
353.45313093727464,0.2585585659612731,2509_18274
240.48604825819473,54.7794948157999,2509_18274
36.40234057260211,-4.724101822155181,2509_18274
151.60336851339517,2.515710589920359,2509_18274
35.463747810592075,-4.3411964757378625,2509_18274
150.3669680573975,2.961540180759148,2509_18274
33.98875775229025,-4.909978158346072,2509_18274
351.1079226458771,0.3479231451657172,2509_18274
352.21423521439914,0.8019628988964486,2509_18274
352.2823569373352,-0.3987005579043566,2509_18274
37.163498292932886,-5.085588920691257,2509_18274
149.4099952954969,0.8310150569332329,2509_18274
353.6947847298247,0.3871080476326058,2509_18274
243.65320781935696,54.9147780257976,2509_18274
150.6812946299018,2.2061964476396514,2509_18274
149.9771510984679,2.0048642617099164,2509_18274
151.406788478577,1.842042567689583,2509_18274
36.46069694430294,-4.751739121012361,2509_18274
352.84322971246894,-0.3863325783087436,2509_18274
35.91466922415442,-3.511732530105739,2509_18274
350.92934558050393,-1.5018178798375237,2509_18274
35.11186875982916,-4.018585285304979,2509_18274
243.05921141561365,53.30965833790365,2509_18274
241.9363418235508,53.6950734263311,2509_18274
351.215192942042,0.5390964959506003,2509_18274
34.54974127498277,-5.478896786085644,2509_18274
34.75427546273634,-4.010241517176792,2509_18274
243.54599141774116,54.030352791341805,2509_18274
37.51473363438828,-4.344393045051543,2509_18274
36.37589472013189,-4.235628547440106,2509_18274
37.18771182704478,-4.992547560022017,2509_18274
149.16795426587794,2.750783191481489,2509_18274
151.3028771364762,3.323196217025458,2509_18274
36.072282185349664,-4.944563977627636,2509_18274
149.65739575957406,1.0364321189767116,2509_18274
243.618521064513,54.277677065132,2509_18274
37.05327904189582,-3.855090986714159,2509_18274
241.41516587616672,55.415251075163184,2509_18274
353.5414203475127,0.3389308775035827,2509_18274
242.9927646200376,56.03437972754528,2509_18274
352.5923170755014,-0.971747432571047,2509_18274
36.3403817074314,-5.464016161766994,2509_18274
149.56769464926197,1.9689952560880095,2509_18274
352.4081545138995,-1.0226701315949531,2509_18274
35.152691542352095,-4.622737240602338,2509_18274
244.84702177709931,55.6054851658103,2509_18274
35.88547966537413,-4.881805707105451,2509_18274
151.41335014215895,0.8533191699749827,2509_18274
36.88973181443231,-3.9385203679060914,2509_18274
37.291577148134536,-4.027129557669198,2509_18274
149.07489175608666,0.7190345119254938,2509_18274
242.24156506805977,54.30499788869629,2509_18274
351.8633215738411,0.4397229445076401,2509_18274
36.82925608034267,-5.096212970533723,2509_18274
242.72829565637403,53.98328607229944,2509_18274
241.2894369443728,54.29837051494586,2509_18274
35.266550414725664,-5.102985110987426,2509_18274
36.209102491968835,-4.687534327321496,2509_18274
35.5055134370287,-5.176162904516816,2509_18274
242.9093772331175,55.82258251538959,2509_18274
352.55117222217984,0.6424525629227568,2509_18274
242.99028309826832,53.26021785977903,2509_18274
352.2134365814107,-1.3390647690363362,2509_18274
243.38877408600723,54.3273498987931,2509_18274
351.2847777821169,0.80620308966432,2509_18274
151.12736741693433,3.614809962606466,2509_18274
37.65449599986944,-4.314271288536949,2509_18274
241.58935689836488,55.02046489404982,2509_18274
149.9973569505159,3.08912171768376,2509_18274
243.6498915421131,53.4442070579348,2509_18274
149.60008547466188,2.8211612456427697,2509_18274
34.793653232560494,-4.38255650707682,2509_18274
243.4111499957042,56.63021850642864,2509_18274
36.12498720426872,-4.603797843992939,2509_18274
242.53209160845557,55.473620852160835,2509_18274
243.47416211746307,54.20520922712109,2509_18274
35.68567164476557,-3.858605075992045,2509_18274
148.78865720903926,1.1758409989180776,2509_18274
353.6995136550893,0.6317072697587149,2509_18274
35.522414972324206,-4.987495861299264,2509_18274
35.902808392440996,-4.293156792496626,2509_18274
241.16758698942604,55.00548487007082,2509_18274
243.70118439792947,54.59284288223065,2509_18274
242.40053522480449,53.54085018910153,2509_18274
36.99618328215816,-4.312693468608387,2509_18274
151.23407054807217,2.4928271359662006,2509_18274
151.2007011042689,3.3474987218637176,2509_18274
243.15723090156564,56.34640965423234,2509_18274
35.957684353363696,-4.34082186590559,2509_18274
352.84415336833257,-1.153735465293874,2509_18274
149.59792081420363,2.341642761851859,2509_18274
351.1960327612252,-0.6990594986847817,2509_18274
242.88867397734725,55.21017921656172,2509_18274
36.20791370906166,-5.805669203680919,2509_18274
243.9382341184339,53.98728685224614,2509_18274
36.17442084588625,-5.565401228189082,2509_18274
351.77963292607467,0.3955761949277684,2509_18274
243.1009357352316,54.63971987128833,2509_18274
151.54360534498375,3.0349246007877757,2509_18274
352.89085743076606,-0.8502185805077508,2509_18274
353.6067244570168,0.2195351780166876,2509_18274
36.626688596918505,-5.085674435285682,2509_18274
243.57746521365243,54.106926925498854,2509_18274
242.95252968709025,55.97629879202513,2509_18274
351.02453034128627,-0.2735423667289921,2509_18274
149.3943302122773,3.5072014635407034,2509_18274
149.4113175304611,0.8322542689572503,2509_18274
351.07942570852146,-0.0286977631594068,2509_18274
244.3507992760265,54.7169666420496,2509_18274
36.405316948810835,-5.428243786060882,2509_18274
150.85941275432768,2.395065947436881,2509_18274
37.37395581031243,-4.8609866897400025,2509_18274
353.0815928059886,-1.3327038550504249,2509_18274
149.36857801533029,3.6502775426054823,2509_18274
243.12669372142892,54.85263585727131,2509_18274
36.396314004188945,-3.98821794580361,2509_18274
351.364250990839,0.6481139327069311,2509_18274
151.00036034615096,3.104647592529616,2509_18274
352.6352199303273,-0.1884683065897235,2509_18274
36.59269751023007,-5.077954201666622,2509_18274
243.84697263689708,56.650534985603194,2509_18274
350.81816743948167,-1.1364236584226035,2509_18274
352.4733223655223,-1.103886244247105,2509_18274
148.7920485948025,2.686047525222798,2509_18274
351.7806684291107,0.8662705929602722,2509_18274
35.39791695015229,-3.657929274863264,2509_18274
35.768699946422664,-4.160361227372712,2509_18274
35.60788065992905,-5.004156376133298,2509_18274
34.7534809178292,-5.557734931765,2509_18274
35.58165404002137,-4.925366836867861,2509_18274
242.5632046743193,53.379269678839705,2509_18274
150.08734300108372,3.24061638425101,2509_18274
244.18974325854265,54.51992879284797,2509_18274
35.18336389070788,-4.231843805501799,2509_18274
242.708935154899,55.02438681511593,2509_18274
241.8767229846168,55.81820970357184,2509_18274
149.2191545363975,2.787222765162004,2509_18274
242.85950232600612,53.29868356493028,2509_18274
36.9420878758839,-3.8340157274724262,2509_18274
352.0385204231988,0.1859134969476543,2509_18274
149.85585272269043,1.3608823482691148,2509_18274
149.7595395393677,3.175786315384855,2509_18274
243.37111334371943,54.31533902054939,2509_18274
242.99463384729307,56.03666376200153,2509_18274
242.50857093291643,55.77345140239861,2509_18274
150.73549119856926,2.764854936042254,2509_18274
241.9289022435732,55.77609825458482,2509_18274
241.89947167991477,55.03077022150572,2509_18274
352.14571348926154,-0.9520078480463878,2509_18274
242.5727050510465,56.19285834208219,2509_18274
353.09875432855404,-1.2746567361417929,2509_18274
352.0612137802962,-0.5542359383396104,2509_18274
241.4340527021971,54.69024019651874,2509_18274
151.3902453307601,0.9116441650642014,2509_18274
352.9153444931783,0.5161087997233265,2509_18274
34.96837677751625,-4.439735977125964,2509_18274
241.6486410060143,54.944335989772455,2509_18274
36.154989281425976,-4.168890149873694,2509_18274
150.03729840821603,2.9504908649999537,2509_18274
151.70995134013475,1.349148923931376,2509_18274
243.1231087252654,53.367644130829845,2509_18274
36.168474769193274,-5.150067984336268,2509_18274
148.62065175157906,1.3029382235904214,2509_18274
242.52386092606656,53.62642034385972,2509_18274
351.95000365253685,-0.3935677176686094,2509_18274
353.12515698228003,0.6779021008944139,2509_18274
243.80947129303337,54.67707124048541,2509_18274
34.01925755108764,-4.252639986330931,2509_18274
37.53897335215656,-4.011861696619801,2509_18274
151.4486232237467,2.5627190954162913,2509_18274
151.73162350762965,1.5500083916223797,2509_18274
34.76644760648229,-4.1887277733484325,2509_18274
241.9354558893453,54.16150185879902,2509_18274
352.7468128341869,-0.491427195015551,2509_18274
151.1636046199255,2.9748167267794687,2509_18274
35.973529642170206,-4.932435075320924,2509_18274
243.9546102409184,53.55905516591254,2509_18274
242.97296942582616,54.417006513984056,2509_18274
36.65676971366645,-4.226854633202447,2509_18274
242.31631566769468,53.29779030913016,2509_18274
37.35368767242435,-3.914915964418715,2509_18274
35.89279219174827,-5.6622802791776286,2509_18274
36.69717998417513,-4.19646440592141,2509_18274
35.393534726619855,-4.495083987844844,2509_18274
149.7265121092406,1.112751089047681,2509_18274
34.2730231225673,-4.978483391810262,2509_18274
36.39659600830878,-5.851833989522595,2509_18274
34.9904615822345,-5.397733923745709,2509_18274
351.0467787446928,-1.2059930473229472,2509_18274
35.873289047039535,-5.770822480502711,2509_18274
37.01655457119829,-3.9365250982199624,2509_18274
351.6170985717924,-0.7779195437559165,2509_18274
34.84257993551437,-4.503968248640191,2509_18274
240.61895002686975,54.69872645134993,2509_18274
243.1459255933614,53.96382650299577,2509_18274
243.88100259643005,56.367656031683566,2509_18274
245.46642069503173,55.00918583100054,2509_18274
35.43220445959798,-4.25602387634468,2509_18274
351.71381757487416,0.8468703671900181,2509_18274
35.96318020164835,-3.831754811027751,2509_18274
240.93608571340368,55.36209091935353,2509_18274
243.70069577142368,54.477566444030664,2509_18274
149.2501848084801,3.665886602066876,2509_18274
243.6288533296605,56.35035720060159,2509_18274
352.2726678260508,0.7530061603144816,2509_18274
351.2649532470978,0.2693762127909693,2509_18274
352.9591046549457,-0.6620056283995417,2509_18274
148.66655942453775,1.097303744591204,2509_18274
36.288007959638634,-5.100589552776512,2509_18274
148.62127270700535,2.62421980848403,2509_18274
352.9216869976903,0.3390754316288732,2509_18274
351.56133947829574,0.3859540839274851,2509_18274
36.15506077227097,-5.692361100024273,2509_18274
353.591507294472,0.2179137503221102,2509_18274
352.14658012033436,-1.438255425728309,2509_18274
243.3319713899208,54.743703198871344,2509_18274
351.0260107526734,-1.4593397757085955,2509_18274
243.82447273891287,54.32020545942708,2509_18274
353.07926546477046,0.1101965502776569,2509_18274
35.632304125109194,-4.011613421179497,2509_18274
242.829640595877,56.33860192138752,2509_18274
36.178242660910534,-3.6725033553956927,2509_18274
151.12369210419834,3.617276896576964,2509_18274
243.2092634680457,54.03477934385464,2509_18274
35.607167640780766,-4.1702908842365085,2509_18274
243.70578056372855,54.32633769443478,2509_18274
150.7664306602606,0.7317121907926036,2509_18274
151.5223015039725,3.449424127249426,2509_18274
350.4471309703565,-0.5315502545737866,2509_18274
149.70962484414466,1.162630918695328,2509_18274
35.56216959579401,-4.082282799778896,2509_18274
243.2940501162397,54.35100238285718,2509_18274
35.82692243738819,-5.494475430541731,2509_18274
36.182947709464585,-3.584766418672308,2509_18274
243.52499412894312,54.26383023037763,2509_18274
150.92411045652335,1.6908103112729322,2509_18274
35.445140725603494,-4.234390085574944,2509_18274
148.71746970566625,1.5003591815526562,2509_18274
353.8516435080606,0.5768125861683442,2509_18274
241.7834905702499,53.640759914672294,2509_18274
242.81382414064592,55.6176499228359,2509_18274
150.80449246419684,2.485962204686683,2509_18274
353.7409443948321,0.1121408797025433,2509_18274
35.01274914082226,-5.306762740235756,2509_18274
243.81659130803615,53.576902477354864,2509_18274
35.73475528221574,-4.381464447571178,2509_18274
242.88732178559087,54.38738990662688,2509_18274
351.4882100414195,0.0429928459670303,2509_18274
37.036104839899174,-5.002812823224966,2509_18274
36.5703501217112,-3.9751547310114623,2509_18274
352.8866516708568,-0.7510546982761478,2509_18274
151.01844822280947,2.9640389092308856,2509_18274
150.54552389173728,3.7283111684869903,2509_18274
35.84838996078942,-5.1229239323404325,2509_18274
149.49466701080087,3.5827222194235433,2509_18274
241.50196526131225,53.71098368126209,2509_18274
36.67887130406736,-5.212220259896161,2509_18274
36.310080785053536,-4.480419071972294,2509_18274
351.36696819078514,-0.1997396488213596,2509_18274
243.25399500210733,54.192759083453275,2509_18274
37.2458352731385,-5.079904132004397,2509_18274
151.12145594814962,2.3913452542896354,2509_18274
241.73576121184337,56.64234866978269,2509_18274
353.2255643525792,-0.1052371977075584,2509_18274
242.39735998396048,56.01315399387784,2509_18274
242.6062050960836,54.97852886458761,2509_18274
352.89594850177747,-0.9304614971871362,2509_18274
242.91877396519791,54.37821548227135,2509_18274
243.8551086918988,54.18583077088096,2509_18274
150.61917944523606,0.8915282848025354,2509_18274
244.5425858592443,55.63427786577634,2509_18274
35.84091704367054,-4.260103605318636,2509_18274
35.48643554133704,-5.2304164227153,2509_18274
150.7001448474909,0.712349148791523,2509_18274
242.052610110592,53.83271668806175,2509_18274
149.40815411650345,3.227174297163991,2509_18274
350.7157703667291,-0.9206589893595648,2509_18274
150.19677916649516,3.096798101642573,2509_18274
149.4635919927433,3.4344092499995584,2509_18274
243.05578525995375,53.31811468679055,2509_18274
37.16881507702787,-4.029685786431224,2509_18274
241.7827107834683,54.262990502192814,2509_18274
37.383774758972166,-4.673835211271375,2509_18274
36.15117354023723,-4.181059215088622,2509_18274
241.68643171795196,53.59002600711884,2509_18274
35.30793085489448,-4.664486151107763,2509_18274
36.964650295235394,-4.346964728904394,2509_18274
240.3143120052826,54.93993831097455,2509_18274
35.27832092708848,-4.520756940885861,2509_18274
351.1062196753312,-1.4552124642343365,2509_18274
36.490194356400465,-4.9796602502596325,2509_18274
148.7646219231098,1.089396624624458,2509_18274
242.83240066284873,55.87618554194113,2509_18274
353.1083254273977,-0.0843299831111939,2509_18274
243.52972446393608,54.322147731065606,2509_18274
34.48304037855003,-5.599380741212942,2509_18274
240.72613430469607,54.927986912860504,2509_18274
149.16666143761137,2.881596042684791,2509_18274
149.0945950161513,2.857183382027913,2509_18274
352.3331818376923,-1.2688610376543286,2509_18274
242.51812900565932,56.415927442947485,2509_18274
36.43439622524822,-5.2514783246318135,2509_18274
35.58186641609459,-3.999329455646023,2509_18274
36.00765943960398,-4.914741749497961,2509_18274
243.95175795880823,53.49179708702917,2509_18274
149.05525433902548,0.7483865553633643,2509_18274
35.22718215104974,-4.62263654411756,2509_18274
241.36319602655817,54.7964764403306,2509_18274
148.78925932414165,2.5483243542268332,2509_18274
36.79756537746032,-4.392540736479437,2509_18274
35.254267483043385,-4.3974156398442,2509_18274
37.2466791865262,-3.959855750680317,2509_18274
34.239169299957695,-5.559076417410356,2509_18274
244.1023151475885,56.10599494487472,2509_18274
351.9300611698872,0.9625284542999476,2509_18274
34.211959208426194,-5.193531061304143,2509_18274
244.19053726466103,55.03244385689407,2509_18274
36.37340155524891,-4.227740017175384,2509_18274
352.6856860577697,-1.4844955102332915,2509_18274
150.90193642275065,2.8809466214529955,2509_18274
351.7474654641952,-0.8759070554975442,2509_18274
241.41475707778585,54.76825292895189,2509_18274
37.263652299630614,-4.859899882307664,2509_18274
352.05556513062754,-1.5503956318745795,2509_18274
242.42882921161984,53.766636254063584,2509_18274
36.43051520369649,-5.255208184292979,2509_18274
151.0086265877153,1.5420051256467926,2509_18274
35.471229593284306,-5.0300297031048204,2509_18274
36.11804317261399,-5.027024429752686,2509_18274
244.98244549661163,55.03456440031243,2509_18274
150.14436581022505,3.202397078702751,2509_18274
243.09872692770483,53.67469215858361,2509_18274
353.41947591271287,-0.4205788637852061,2509_18274
241.23716679978764,55.626120605421114,2509_18274
151.20664590025925,3.557124044684942,2509_18274
243.8059693854342,54.6797812637255,2509_18274
149.71664046215005,2.3037331976568707,2509_18274
243.68770496423,56.21120206608466,2509_18274
35.53428756298345,-5.265211248642795,2509_18274
150.8431494878226,2.828266232559538,2509_18274
36.38824586977498,-4.401376692356176,2509_18274
351.0618842896053,-0.1983445632276416,2509_18274
35.56332054598803,-5.075954167513284,2509_18274
242.9573112329079,54.01225242942039,2509_18274
352.2414102096632,0.4582762350860739,2509_18274
150.09141438264786,1.414033919801463,2509_18274
352.01606111696145,-0.3563324565464385,2509_18274
149.10617720884684,2.048690508274996,2509_18274
243.5709598975507,55.16588578471651,2509_18274
37.03254168896597,-4.72102333697544,2509_18274
240.70913518989929,55.06333157285408,2509_18274
34.05167489941147,-4.3845779368287126,2509_18274
242.3610626912855,53.80124347668591,2509_18274
150.31732886467984,1.0417961602860548,2509_18274
149.14686259208602,2.892347535336102,2509_18274
149.49192140553316,3.4135946413898792,2509_18274
36.63325937156963,-4.252531995873483,2509_18274
243.63918508045737,53.482328784412104,2509_18274
35.42235520765711,-4.911925955507173,2509_18274
352.34665431505016,-0.8389752935158542,2509_18274
37.43927225355967,-3.98495157881524,2509_18274
242.03576272766935,53.8827357655073,2509_18274
243.3154207128564,54.88194451649362,2509_18274
241.2417775193302,55.04610818363341,2509_18274
36.261054392881086,-5.221262706178544,2509_18274
243.39333583121177,54.45224324421487,2509_18274
241.7375958572884,53.62099029311377,2509_18274
351.7540868983407,-0.4973917386398443,2509_18274
37.32352492873843,-4.327978329168481,2509_18274
35.24655712855012,-5.648500642998734,2509_18274
150.15791419888302,3.1916563498702275,2509_18274
351.65255291975706,-0.1690541495060359,2509_18274
350.3155222402899,-0.8800497266530592,2509_18274
149.93369084507842,1.5898308761508155,2509_18274
149.7893098413751,1.353722543137834,2509_18274
36.67174904599451,-4.077284239068803,2509_18274
148.75753911823105,1.455186956875949,2509_18274
352.99022363004156,-1.4033095143820769,2509_18274
244.6916097856332,55.54229373929396,2509_18274
244.6154918373246,55.36902511889112,2509_18274
244.66595244686528,55.280796301157615,2509_18274
36.57609799120653,-3.976280758913148,2509_18274
149.1779451262381,0.9302213260950032,2509_18274
36.43572497399387,-4.326250857334289,2509_18274
151.31500198370688,1.9173402518657463,2509_18274
34.378546409537016,-4.201142489211611,2509_18274
244.4612936156132,55.30984092132611,2509_18274
34.74946466307197,-4.883995729912779,2509_18274
351.9335614473711,-0.3221072739543491,2509_18274
244.34328281522,55.68106307389899,2509_18274
151.12259476708687,2.1178136182393663,2509_18274
35.4122744297063,-3.9123940787095046,2509_18274
351.4264946712166,0.7790549024604592,2509_18274
351.2739141036553,-0.3203938206433154,2509_18274
151.18969238620906,1.990424333621368,2509_18274
150.20943089600854,3.2334874967780465,2509_18274
351.0029828050816,-0.8342602319535097,2509_18274
149.75332244334186,0.9977230844757712,2509_18274
352.19281076926154,0.3833441618320869,2509_18274
149.86621467996062,0.7766458941127267,2509_18274
351.62349009879165,0.5411832450357992,2509_18274
35.39409543502492,-4.337185412509248,2509_18274
37.215433572718375,-5.049712462879456,2509_18274
352.55988300638603,-0.0682001614025406,2509_18274
240.64953593396825,55.56225895013546,2509_18274
241.86624952260968,55.91542378551931,2509_18274
37.50855777297648,-4.250154849560953,2509_18274
150.03862789375182,2.713200598759514,2509_18274
352.4698930187102,0.3431143351234949,2509_18274
350.37178429864855,-0.982457608118068,2509_18274
149.3707120413034,1.344341959151251,2509_18274
37.41834010191178,-4.82191063620809,2509_18274
352.63080889408144,0.6018318134412076,2509_18274
151.012439982254,3.7340046601533614,2509_18274
35.72524423878928,-4.366412471310822,2509_18274
34.784851716954435,-4.3823002239105815,2509_18274
36.876033299026666,-4.006360224230825,2509_18274
243.36804051938375,56.487113227684034,2509_18274
352.66941022660706,-0.3908945864554773,2509_18274
244.1396971468418,55.81043874540105,2509_18274
36.15422372952968,-4.167478266559363,2509_18274
149.2193121660803,2.6497275048510947,2509_18274
34.09305721505072,-5.357490609194164,2509_18274
241.77075538128395,53.856456705099994,2509_18274
241.85579832640505,54.34060016507302,2509_18274
241.31393783964717,54.70177592861689,2509_18274
36.12132619913939,-4.165332295811926,2509_18274
35.49321012400914,-4.019933272927434,2509_18274
149.73495389683535,1.053497267241564,2509_18274
36.14912089769841,-5.087368933827521,2509_18274
244.7607676921069,55.32167831924857,2509_18274
241.5266884760337,55.22156844490621,2509_18274
243.6098631836374,56.18318674962739,2509_18274
243.943708937668,55.76211749963419,2509_18274
351.87564697413035,0.947764507753416,2509_18274
352.62290182767197,0.4527893402056192,2509_18274
351.7756333833197,0.7721351197058991,2509_18274
36.16502603734744,-4.442551233589766,2509_18274
351.60105680867014,0.926635650274047,2509_18274
36.81458133677886,-5.080730947822348,2509_18274
243.1756209720375,56.37841691892602,2509_18274
35.467561886758254,-3.6892833053067102,2509_18274
242.14093631260323,55.40787300026542,2509_18274
149.21291065788247,0.9017913823890896,2509_18274
150.1245110172453,3.395237864748028,2509_18274
243.60918916143623,54.60836762166991,2509_18274
352.1990927383908,-0.7236776207947496,2509_18274
151.61126449912376,0.9620415963571998,2509_18274
351.42574040221973,-0.5682264438088718,2509_18274
353.5248701441663,0.8879136861364856,2509_18274
352.3494372136018,-0.3177687595913517,2509_18274
34.25067838500168,-4.942526232470671,2509_18274
34.75422533752046,-4.2535564097390095,2509_18274
243.65422242961364,56.632088680708186,2509_18274
36.65632881655329,-4.2095192632737275,2509_18274
352.19645496192487,0.1988457835507848,2509_18274
353.1346652573487,0.4725234295762018,2509_18274
350.8189217701008,-0.4466389771407806,2509_18274
244.14302445692465,54.20500144662736,2509_18274
150.65291189335386,0.7943128918005903,2509_18274
351.30233664575314,-1.2848825399426689,2509_18274
34.26642772238491,-4.579935444262426,2509_18274
35.64374847474577,-4.619413175552609,2509_18274
241.64224723042787,56.33953375337165,2509_18274
350.99591376189824,-0.95888488927635,2509_18274
149.37730145363798,3.4958703600959007,2509_18274
242.93756650765476,56.49613878510282,2509_18274
150.81668171679195,1.1440324513099311,2509_18274
240.85786862320032,54.34287845004277,2509_18274
352.405725819596,-1.024713779172964,2509_18274
243.6439465388692,56.241096717018415,2509_18274
36.34002785788195,-4.800610539543952,2509_18274
241.40656964028187,54.935442899399646,2509_18274
242.42951474616655,53.296584806531136,2509_18274
243.0807474553227,55.3181618159567,2509_18274
241.9296691115963,55.7379253536557,2509_18274
36.200834800669945,-3.6070563969250937,2509_18274
351.8997848978713,-0.760001738076981,2509_18274
37.28328474549298,-4.458080639512928,2509_18274
35.55534480346887,-4.223454278530235,2509_18274
353.61981937588456,0.4933270861322274,2509_18274
243.86264547458353,53.90444132444813,2509_18274
34.68497000120388,-5.551902966093861,2509_18274
35.79426034655663,-5.513465980330204,2509_18274
37.55523203224687,-4.172363703687821,2509_18274
151.0364543884332,2.6122351838525044,2509_18274
242.6334736495532,53.40957795624188,2509_18274
352.61219389163665,-1.0934147553938875,2509_18274
243.7873104679537,54.31008629361022,2509_18274
37.53297240326847,-4.781265606077845,2509_18274
148.76664057065193,2.53705647866989,2509_18274
149.11938114252598,3.202081644772182,2509_18274
352.11416475467826,-0.8892652348489141,2509_18274
151.2065190876889,3.4996480134845167,2509_18274
241.87583804759709,54.26936691960183,2509_18274
352.37659709033943,-1.2157858158024517,2509_18274
149.1345854560303,3.0086176777316243,2509_18274
351.7541931229183,0.7620337776707824,2509_18274
241.9912221690763,55.173697801676525,2509_18274
37.57924727150557,-4.56026461269085,2509_18274
243.53202678178673,54.259758079880555,2509_18274
151.25263943167974,2.9517533900322412,2509_18274
37.23136362944859,-4.248153906818682,2509_18274
34.359541661962766,-4.659829902904202,2509_18274
35.360190399306184,-4.640515565637506,2509_18274
351.0920899831969,0.3097287830845838,2509_18274
243.64004873493803,54.43109906184105,2509_18274
37.185232417220845,-5.045927710345335,2509_18274
34.97360829077259,-5.228735707087161,2509_18274
36.38695828969196,-4.959088675387969,2509_18274
35.361200996821104,-4.09320794522517,2509_18274
35.10934699235023,-4.136415297670479,2509_18274
34.085493052595524,-5.013831454564255,2509_18274
36.801864588941086,-4.5781915968562314,2509_18274
353.2090615729312,0.0010929901733001,2509_18274
151.6223241028381,1.5152825618176398,2509_18274
35.59927548979038,-3.567804948707914,2509_18274
36.03454792630035,-5.668032113689098,2509_18274
350.3602426218389,-0.7064292343318613,2509_18274
37.074177721016135,-3.846629499932006,2509_18274
241.67143452100768,54.39022239343239,2509_18274
351.06368784301293,-0.6531836362218569,2509_18274
150.03194949073793,0.8910304489625397,2509_18274
37.12703752311893,-3.9932412476477785,2509_18274
244.96932188662777,54.63524271255318,2509_18274
244.06262656609937,55.399426222642,2509_18274
35.302737656263496,-4.185416798692527,2509_18274
352.1529125156897,-1.525722707055407,2509_18274
243.40902442544,55.014045279900735,2509_18274
149.08130905409888,2.8219274197026136,2509_18274
35.71254080560507,-5.327679025806693,2509_18274
36.79571527533816,-4.921467357823646,2509_18274
351.20573156300003,-1.317769033411749,2509_18274
151.34816751634088,3.187889935181341,2509_18274
148.50826099623464,1.6404670438440103,2509_18274
353.0690568850267,-1.2725248618279117,2509_18274
35.58915661654927,-5.05138344713876,2509_18274
149.85181607922814,3.4469179625187376,2509_18274
353.0881046989357,-0.5739500964538082,2509_18274
33.91002513699015,-4.713762412226337,2509_18274
34.55714245950688,-4.1889614161374755,2509_18274
351.4272797374027,-0.1096782930302244,2509_18274
36.40988423003483,-5.136131667161551,2509_18274
241.9927152866617,54.403217069239645,2509_18274
148.64301564537405,2.5927022339334176,2509_18274
242.09445858054372,53.29949695231658,2509_18274
35.79674174020693,-4.568331101406062,2509_18274
36.515721328649946,-4.952918144870176,2509_18274
36.17281763416645,-4.474398637125555,2509_18274
149.55026818558275,3.7320617900330166,2509_18274
243.62361129350523,56.59010703352802,2509_18274
352.76460014555425,0.6478446148112372,2509_18274
243.52980748533489,54.76321992363567,2509_18274
352.3866969500677,-0.5321982045835928,2509_18274
244.4272978154625,54.93421147097426,2509_18274
150.21757370440054,3.451299271089394,2509_18274
34.05627750101138,-4.197530905261122,2509_18274
37.39117388372635,-4.84074491640124,2509_18274
34.948957852786016,-4.85827403037309,2509_18274
149.84513581247668,3.1829601720922627,2509_18274
352.53927097821355,-1.049301885869504,2509_18274
351.13316933042233,0.3268097012424051,2509_18274
37.28812462572514,-4.026469018585162,2509_18274
149.70740476290382,0.994792004457064,2509_18274
149.21060048177796,3.412312799765657,2509_18274
243.33125268979933,56.49580068108407,2509_18274
34.780091804269816,-5.046066050313956,2509_18274
37.14563277715265,-4.850653922589315,2509_18274
35.47184979924718,-3.6105151324627007,2509_18274
149.60329243125864,2.848478474840356,2509_18274
242.9451349816444,55.71484227814776,2509_18274
36.13697773239345,-4.244532855605181,2509_18274
350.57408895951244,-0.520095338306207,2509_18274
36.302685165599726,-4.044297507568927,2509_18274
151.15860722245765,2.0563997188259364,2509_18274
36.87110774669017,-4.8717203685904265,2509_18274
243.61957907514423,55.15266659669109,2509_18274
352.91787996040273,-0.4786347512148293,2509_18274
243.06383537486496,53.3446570009417,2509_18274
148.4965199285682,1.698519846484597,2509_18274
243.5982914191491,54.28438289444659,2509_18274
149.69586115051604,3.64256172684617,2509_18274
149.59175270722437,3.257615280449383,2509_18274
242.36085762934107,56.01441959965716,2509_18274
242.28319486026095,55.41226145079896,2509_18274
36.0577780305607,-3.531493695063782,2509_18274
241.74366653764076,56.640501665804855,2509_18274
242.15035382307065,55.87596890897296,2509_18274
36.73931008441743,-4.1304634011714105,2509_18274
351.1747773062922,0.7020509196642982,2509_18274
150.30315525447963,3.249945852969254,2509_18274
243.3586602711183,56.307183528160785,2509_18274
243.15823002340497,55.21036939067926,2509_18274
352.92148010763896,-0.6295727410484394,2509_18274
36.652702140135254,-5.120737467680457,2509_18274
36.62604785215247,-4.549510977316793,2509_18274
37.33467566585851,-4.785422335980816,2509_18274
35.58949255545872,-4.2589801679917185,2509_18274
241.06813427961947,54.983066918827134,2509_18274
36.68280419656767,-4.458688490118528,2509_18274
351.9194568155972,-0.0182491220804711,2509_18274
35.9099917988741,-5.6573070329686965,2509_18274
351.63752791287146,-1.401916817363502,2509_18274
36.33688482617232,-5.321963715185528,2509_18274
149.43460485203676,2.615053056582258,2509_18274
241.82630247397205,54.73875594395774,2509_18274
35.52252506475392,-4.395616182462477,2509_18274
242.78166937913875,55.69895794916451,2509_18274
35.79068095064477,-3.6898517034481464,2509_18274
149.38156161207723,2.5021730359938106,2509_18274
352.1726552501146,-0.1637210446053127,2509_18274
35.17753323648676,-5.666170802868096,2509_18274
36.72506707387854,-3.8300800619584336,2509_18274
151.62477083499397,1.0698983306089218,2509_18274
243.1897989076407,55.83330802901883,2509_18274
242.47818040211183,53.34656182184646,2509_18274
244.35748125584144,54.70916021853793,2509_18274
243.6359974037597,54.10053849871931,2509_18274
244.8917235518893,54.91297337447757,2509_18274
151.1763326349835,2.2692880478455764,2509_18274
242.79662369411307,53.860717649752274,2509_18274
242.42351593788285,55.64154471636259,2509_18274
352.01625615199197,-0.3601611989236649,2509_18274
149.9110265662033,3.2673861619202595,2509_18274
35.68291923193974,-4.0027835120184605,2509_18274
353.65391397814426,0.5592286802769258,2509_18274
36.22210588068906,-4.171767505746928,2509_18274
35.67230913486868,-4.947779619765621,2509_18274
150.458997562975,0.960351905467971,2509_18274
35.175013241657844,-5.484504571598652,2509_18274
351.1539238819385,-0.1092480113476112,2509_18274
241.9675923252317,56.56154391370194,2509_18274
242.56185560540027,56.31145566229824,2509_18274
35.11007108044887,-4.459042208249377,2509_18274
149.85378987178,1.016955454145821,2509_18274
352.4271102983926,0.7054559888017614,2509_18274
149.27214492381515,3.1198533965813255,2509_18274
244.50451963863017,54.67982630719131,2509_18274
351.5634786175943,-0.0484423334826835,2509_18274
36.78918746020208,-5.065264002912418,2509_18274
241.10942227413676,54.6248728962143,2509_18274
244.05666960068527,54.14072127472523,2509_18274
352.7248097987524,0.6184937961664245,2509_18274
36.38664060036793,-5.584761470340387,2509_18274
244.22946483395356,54.466146287425865,2509_18274
36.45099640244997,-5.231156265903701,2509_18274
350.8318042233791,-0.4988229654136246,2509_18274
35.06777728207875,-4.078034021192722,2509_18274
243.05459473095377,53.74257273628915,2509_18274
36.176489406811456,-5.566449464624293,2509_18274
35.64956998921554,-3.824900051200261,2509_18274
242.50335426113296,53.56377571227475,2509_18274
242.808410872195,55.91112569200243,2509_18274
352.46157069321396,-0.13717659386117,2509_18274
243.08264787270468,56.01502524163276,2509_18274
353.4777571800683,0.7134652291085533,2509_18274
148.97949447630594,2.41996802783881,2509_18274
352.14799059233195,-1.354808458441946,2509_18274
149.9047461709448,1.444807656735443,2509_18274
350.9106826731457,-0.2717483366785542,2509_18274
241.5083035786792,54.91128960960382,2509_18274
37.47881111396675,-4.375198059209402,2509_18274
150.215879795944,3.4876843189236446,2509_18274
149.13082456794714,0.9919832869580382,2509_18274
36.54657473710958,-5.066055396917885,2509_18274
243.10235947967652,55.20075532528523,2509_18274
243.7147598500669,54.33941640018084,2509_18274
241.73585550465896,53.62326614578342,2509_18274
242.55329805388303,53.3018427902038,2509_18274
243.39671472507828,54.291022889641326,2509_18274
36.49067476752818,-4.684889309011837,2509_18274
352.0534097579308,-1.0866878028819311,2509_18274
353.3974873130175,-0.3962844231004083,2509_18274
36.33194944466655,-4.317038194123209,2509_18274
151.76643619652015,1.7208346035024722,2509_18274
242.4202169529653,53.819429036748375,2509_18274
243.12024208657635,55.57956215327362,2509_18274
244.05105065369509,54.665377424930035,2509_18274
243.2259657019502,54.14941316724636,2509_18274
36.578516204425505,-5.020810779682677,2509_18274
242.377123310698,53.2428655420021,2509_18274
151.24804696684697,3.3662899163837054,2509_18274
352.602541900161,-1.3413443097204505,2509_18274
352.39062341191385,-0.5782813022777039,2509_18274
243.2874461686555,53.88656490605322,2509_18274
35.92168895620042,-4.145362536780445,2509_18274
241.94487080627715,54.90980221671607,2509_18274
242.7161172056316,55.21104641791243,2509_18274
244.09492983776647,54.470238952844,2509_18274
351.83860653204357,-0.1475629784789618,2509_18274
149.75191640573914,3.6170939692242094,2509_18274
151.28858849438856,2.5676070771056168,2509_18274
243.72736270645171,55.096602108375656,2509_18274
150.28946761105314,2.2822354070282755,2509_18274
37.57879251510279,-4.465596908135093,2509_18274
149.72948058054692,3.636412987194957,2509_18274
36.47844268585153,-5.579659148344006,2509_18274
35.50416366064854,-4.185911009661453,2509_18274
243.37461879983397,55.02603746806141,2509_18274
241.85304840921913,54.20327987701909,2509_18274
35.66832992226308,-5.793421727754267,2509_18274
33.68398816170845,-4.666863821670916,2509_18274
151.35442267538372,2.4049104659259646,2509_18274
150.96255689599252,2.628283321262471,2509_18274
241.31716114444495,54.39986176734962,2509_18274
34.75841233317765,-5.583095034009686,2509_18274
353.37907375234283,-0.0615655551279385,2509_18274
240.76898949933832,54.52332386686891,2509_18274
351.5867153433426,-1.1780239409986828,2509_18274
149.5387669357839,2.3816908845243128,2509_18274
352.1606043349064,0.0924623678779333,2509_18274
36.05596737970595,-4.544754251833152,2509_18274
36.976545344624405,-4.344860425427522,2509_18274
35.435662232699535,-4.709894631665063,2509_18274
148.80682346802803,2.610166249617919,2509_18274
35.48068501232569,-4.878932878479996,2509_18274
150.9146013938894,2.773259389071172,2509_18274
36.28146202102009,-4.0321705028758945,2509_18274
352.8695679176433,-0.7931874311549908,2509_18274
37.01798403411477,-4.6575349946334095,2509_18274
242.20065371149065,55.656090156942966,2509_18274
149.1038291045018,2.865012151182331,2509_18274
241.2619667847324,54.50958079296408,2509_18274
148.80989677366856,1.109206111122042,2509_18274
149.41072430541675,0.8526189513239498,2509_18274
148.99505209774313,0.6972225432003415,2509_18274
151.0758852464353,3.022999303404477,2509_18274
242.9962811080559,53.37769080431676,2509_18274
151.73139293883358,1.7143405290705105,2509_18274
150.93122098571138,2.706299979141492,2509_18274
37.26405497381868,-4.177987896142598,2509_18274
241.1284757032595,56.09836831903333,2509_18274
151.16849788125657,1.9778990558802096,2509_18274
243.3299233595176,54.860394620180976,2509_18274
243.00337095552973,53.93233556649294,2509_18274
149.23842946554103,3.0468945805948926,2509_18274
351.02502434513156,-1.1376115686454775,2509_18274
352.5903214099141,0.5167405053417318,2509_18274
241.38559729298208,54.93007173037815,2509_18274
244.08243341262045,53.99125848626255,2509_18274
150.02345875793972,3.1662904389861684,2509_18274
151.7082279709701,1.352339507783723,2509_18274
352.0986372189613,-0.5986985034667293,2509_18274
35.4196803418004,-4.053149351110266,2509_18274
35.37695034837443,-4.5918164704372915,2509_18274
149.7121953327544,3.331738722091475,2509_18274
242.23261959739932,53.96454214720609,2509_18274
351.0432050143416,-0.0174988759959855,2509_18274
35.7628311631699,-3.3484946164903846,2509_18274
353.74274430591385,0.1123626666272113,2509_18274
36.2166528510529,-3.6895339332324366,2509_18274
149.26193784243617,1.454003578576763,2509_18274
353.7600327938033,0.4749585442817771,2509_18274
34.216716220510015,-4.593012258313838,2509_18274
240.16179739679455,55.17182824971939,2509_18274
242.90054963765343,56.16279859379231,2509_18274
243.3622572641235,56.340269838422614,2509_18274
351.0587531148408,-0.3653078542570069,2509_18274
35.604878562678,-5.861100017279737,2509_18274
150.9185914779793,2.803944054117624,2509_18274
242.94878195723993,56.217414860888866,2509_18274
151.42962410680633,1.6152380847033898,2509_18274
36.77376490861535,-4.562028009809382,2509_18274
35.23395616615466,-3.781453949629059,2509_18274
241.7960598510582,56.63991758935168,2509_18274
36.231381472257354,-5.002137507847247,2509_18274
149.07827524781734,2.6991082771946027,2509_18274
36.624430965526024,-4.642499067023178,2509_18274
241.05988495250716,54.496118858002625,2509_18274
352.4237919992348,-0.8662479395465367,2509_18274
242.65989353325293,53.69708203921226,2509_18274
149.28231873194028,3.538115722530069,2509_18274
35.7043376630992,-4.739296293084,2509_18274
242.9516810743859,55.20114318962901,2509_18274
245.1113921656191,54.724007987919386,2509_18274
242.7572660328949,55.96079580351626,2509_18274
35.74155910300176,-4.3113618455459966,2509_18274
35.83772619829717,-5.452161196557547,2509_18274
35.43295892423105,-4.919705221181359,2509_18274
35.73917124507788,-5.046139032828973,2509_18274
350.95294803906665,-0.3649326160606767,2509_18274
36.657521713560385,-3.978266063242358,2509_18274
36.13671430107168,-4.225792445776483,2509_18274
36.79025204674895,-5.166045227968245,2509_18274
242.39043325586283,54.75795436980408,2509_18274
148.6695692003127,1.7666735675690426,2509_18274
151.02001410619377,3.439206560582327,2509_18274
352.0474005582846,-1.5544339793459598,2509_18274
242.86184348502928,54.4336883204863,2509_18274
243.27491214405092,54.58318037161481,2509_18274
36.32548883960071,-3.968207164699291,2509_18274
242.17350100363973,53.81692934089992,2509_18274
242.2233578587683,54.788827804743384,2509_18274
351.78695263019216,-0.1993280828761966,2509_18274
35.852876804582515,-5.509658228903541,2509_18274
243.07706383222796,54.12125449725026,2509_18274
350.7189578025609,-1.4890501306087662,2509_18274
245.0854219957981,55.00134534495632,2509_18274
243.66754254692316,55.15160317427273,2509_18274
351.467483173923,-0.5542609978345655,2509_18274
241.40030276484688,54.939930755239345,2509_18274
241.00515198242124,55.25073729993409,2509_18274
242.7994231533048,56.05797239273527,2509_18274
35.52815962562403,-4.694055192149236,2509_18274
149.7086439748466,3.3320484905097856,2509_18274
37.35224853482082,-4.9800975563654415,2509_18274
244.49179697519665,54.668176728912755,2509_18274
241.8951899345172,55.166752022421555,2509_18274
350.87920404041756,-0.3550868745452652,2509_18274
243.06019179020296,56.6617081880945,2509_18274
352.1200318081895,0.5960425160116849,2509_18274
241.5906547917291,53.9039771921637,2509_18274
351.4421244598676,-0.8410850987174436,2509_18274
352.0572587040244,-1.047230073741482,2509_18274
243.92508892809815,55.9768805658492,2509_18274
149.48297628123174,2.4356480638412283,2509_18274
352.47544211232014,-0.5802992276814102,2509_18274
243.11545072499092,53.466066909736455,2509_18274
352.51195962112394,-0.605400465797504,2509_18274
352.4627518655084,0.8238694007698011,2509_18274
241.62331696087853,55.80215194786406,2509_18274
350.64674610585445,-0.3412266536209017,2509_18274
243.32504954578312,56.05787911268361,2509_18274
149.9336612820076,3.031749579394144,2509_18274
243.09365346656165,53.35159328481843,2509_18274
35.52763563955697,-4.695599000437164,2509_18274
352.1302400809242,0.3088496266665122,2509_18274
352.1027957006955,-0.7343668269975626,2509_18274
351.4640766524731,-0.6902500540259292,2509_18274
241.6424222083354,54.94341409972826,2509_18274
149.6061007507336,2.3872059135684,2509_18274
150.75553878012235,0.7661416055092389,2509_18274
36.395959930619455,-5.332666956887975,2509_18274
243.5436672091924,56.06011012242533,2509_18274
352.6457813898032,0.1845164288299611,2509_18274
241.35612524451855,55.791211134140376,2509_18274
36.38205780208243,-4.200686620335156,2509_18274
151.5074739070457,1.1996979861085837,2509_18274
151.75730438250187,1.624356582995934,2509_18274
148.89558266783493,1.5952950907600154,2509_18274
149.92914647847743,2.8710706296607627,2509_18274
149.44096275260927,0.9588311708166172,2509_18274
353.4075171265522,-0.3573440999726343,2509_18274
243.767047738124,54.276435639966586,2509_18274
151.15615463713615,3.325702333284912,2509_18274
35.106653205281454,-3.8207442115360393,2509_18274
36.85475718199194,-4.543625214451284,2509_18274
351.4299821879822,0.3621929301005491,2509_18274
35.55411518891239,-3.5217274797796496,2509_18274
243.9411827022081,53.621173234934226,2509_18274
353.2263719949659,0.0531086128838474,2509_18274
35.59319128683176,-3.622902270469627,2509_18274
351.26921399972406,0.2125284618117782,2509_18274
34.05694945004379,-4.250363213391342,2509_18274
243.6771603909379,54.474503826293315,2509_18274
243.12802428187783,53.37237253785755,2509_18274
36.14187094927044,-4.261073897424956,2509_18274
241.74531144909471,54.3298209728931,2509_18274
36.691168850691426,-3.9465248789573497,2509_18274
37.482964357688495,-4.163030211520341,2509_18274
34.62286824654383,-4.6323094593930625,2509_18274
37.51081299831409,-4.253008568484823,2509_18274
36.081588531251825,-5.599621691313944,2509_18274
242.25937009206487,53.69800574008272,2509_18274
351.94213340835046,-0.8508300166889492,2509_18274
150.34344675984752,0.9426460134189856,2509_18274
149.75040534572446,3.1757349669973984,2509_18274
35.14578971792934,-4.716489741229013,2509_18274
151.3243937893712,1.8895864933370663,2509_18274
243.13308084821085,53.9567592539682,2509_18274
36.54000575720694,-5.180495365639501,2509_18274
150.75541101892867,2.3555769928545836,2509_18274
244.13066854435448,56.28517317755622,2509_18274
351.3247176477382,0.2793269392653672,2509_18274
350.421262297677,-0.3495821453540632,2509_18274
37.06504040677286,-4.266653304819616,2509_18274
34.50269199427285,-4.79493962761138,2509_18274
35.496550125272044,-5.625117172850135,2509_18274
37.127544193015694,-3.9967227431644634,2509_18274
150.32950031266657,1.6032963901160064,2509_18274
352.1142413725378,-0.968576337255302,2509_18274
351.28409702379935,0.3034583482560207,2509_18274
150.26768159608335,3.297160753837338,2509_18274
150.91704260887727,1.4048153647267108,2509_18274
241.05416123653492,54.48742813721076,2509_18274
36.51255706145549,-5.489116631792845,2509_18274
36.63483708232923,-4.8610710861821,2509_18274
351.3895391714248,-1.1034870680848343,2509_18274
242.35776362901868,53.692295247495856,2509_18274
36.35758649677787,-5.89840674576253,2509_18274
34.4308882597223,-5.5146062393025,2509_18274
241.4765797382164,56.572517479018174,2509_18274
150.48265919206173,2.979570593219424,2509_18274
35.45850416078003,-4.148598820276851,2509_18274
353.29624309414453,-0.2590001767752084,2509_18274
35.32244177816049,-5.460060483930197,2509_18274
353.1861461792321,-0.6680328491616605,2509_18274
35.061529407320336,-4.0740651062819015,2509_18274
35.65550439562157,-3.982151846007417,2509_18274
242.22461313025127,54.79306599393106,2509_18274
352.19220975344206,0.3853602662222514,2509_18274
34.21257554428323,-4.39066511243189,2509_18274
36.73118386107747,-5.14213562005894,2509_18274
35.394651821592475,-4.038008270312655,2509_18274
241.30586325345928,55.5856899600688,2509_18274
36.797962654747934,-4.389648675260176,2509_18274
243.9641752184374,54.09271531180705,2509_18274
150.86590278670604,2.824665389338276,2509_18274
353.34194596723177,0.7095889943449013,2509_18274
150.20596582955062,3.4254125572399503,2509_18274
34.06385424267245,-4.247978185341325,2509_18274
36.73935015053176,-5.062140919987737,2509_18274
36.205378227197826,-3.604350574095705,2509_18274
150.00472760283083,2.9010036148261147,2509_18274
351.6436788546407,-1.2780344459288664,2509_18274
36.069399464197595,-5.050990754557681,2509_18274
351.51064814221814,-0.0065483930518404,2509_18274
243.566520385282,56.2860255102904,2509_18274
148.7847025314068,2.642799544062009,2509_18274
243.9053961832934,54.79311869179727,2509_18274
243.4037763277601,56.62601292562402,2509_18274
240.03027652212015,54.89724084640172,2509_18274
36.08885360989235,-4.625097352582122,2509_18274
353.2509192612684,0.984044213266776,2509_18274
36.82863569888379,-4.441694166842748,2509_18274
242.12237473593876,53.68645360666796,2509_18274
35.84406485647832,-3.563875357459947,2509_18274
150.92255308697884,1.0863289194545367,2509_18274
241.90324879992957,55.71206860309635,2509_18274
244.52079777298593,55.46938636796055,2509_18274
149.8454801802066,3.0785907882397674,2509_18274
353.3739161934099,0.3317365404152147,2509_18274
353.36945681793236,-0.3999461800620882,2509_18274
242.094848374969,55.55324188991244,2509_18274
243.17524412242577,55.81033833561869,2509_18274
243.5433216220676,56.58923997303775,2509_18274
34.28783870082514,-4.093630028909918,2509_18274
148.49905592932657,1.7135723631306534,2509_18274
37.1454695805912,-3.993072924525706,2509_18274
241.40571253006283,55.39961730625003,2509_18274
240.17455977882247,54.888659999396765,2509_18274
243.87815365886655,55.05056297389157,2509_18274
150.64440646371872,2.8021887529826746,2509_18274
351.7545696514255,-0.4986409381183881,2509_18274
35.3812671160817,-4.001694158389021,2509_18274
36.41321299641624,-4.440457543719926,2509_18274
243.7453954531101,53.4377656866724,2509_18274
148.90646260611587,1.0012100109274955,2509_18274
35.05999336868922,-5.395654393504857,2509_18274
149.91812656398668,0.9698344518230348,2509_18274
244.63947152475075,55.29292994536683,2509_18274
240.38727665262184,54.584079113137584,2509_18274
35.62859263229008,-4.107919270451977,2509_18274
243.2727256079147,56.400473304471994,2509_18274
149.8441108881803,3.1908687243921317,2509_18274
243.16078264589729,56.656022469840366,2509_18274
240.5860389138844,54.675667504548265,2509_18274
245.25839985281215,54.80207832774287,2509_18274
36.4772076595932,-5.241121352479691,2509_18274
37.52811287764203,-4.850315797613912,2509_18274
241.68510434011316,55.279477981545696,2509_18274
149.49519526809567,3.4180497133343577,2509_18274
35.98798632367911,-4.7326470718623215,2509_18274
36.56279614468353,-4.9944329711311175,2509_18274
240.890830689843,55.439788307431016,2509_18274
150.24530467946676,1.8480523566115985,2509_18274
35.4765389481239,-5.323575482979973,2509_18274
35.73917548315154,-3.846715413969443,2509_18274
353.499733173087,0.8403351671851981,2509_18274
350.9774223383279,-0.4875262619213493,2509_18274
36.49991801924513,-3.910983185531377,2509_18274
36.42678685605635,-5.154847496758081,2509_18274
36.91239982897581,-3.8152388288710983,2509_18274
351.5292228205023,0.3948439929932367,2509_18274
37.537146170107675,-4.115364104452858,2509_18274
351.39017852304744,-0.9276784028986494,2509_18274
149.84666014274157,2.693797220954031,2509_18274
36.01523626487204,-4.399039889201785,2509_18274
351.86625689096974,0.4377212039672957,2509_18274
37.19012376773887,-5.042229033376861,2509_18274
35.23998478837008,-4.479314895587269,2509_18274
241.583592666335,55.36428254494209,2509_18274
242.80214860792552,53.763912082768314,2509_18274
243.5468992639771,56.06031224118285,2509_18274
35.32048143751767,-4.121689303592118,2509_18274
352.4195118627213,0.8678538905721496,2509_18274
240.6340727120334,54.61652947521582,2509_18274
36.43911100212244,-5.037109415137589,2509_18274
243.90866717373336,53.499508969289344,2509_18274
242.52178622925965,53.30983267869976,2509_18274
36.349944932672095,-4.526545371957632,2509_18274
353.73723926636814,0.375805272976745,2509_18274
243.06393749103847,55.159359212670026,2509_18274
36.16670885550995,-4.165806639158778,2509_18274
150.54689087482666,2.021677076017233,2509_18274
35.724925090277125,-5.85333159607486,2509_18274
35.94318342862152,-4.452150721341416,2509_18274
351.4105749003983,0.9725150262354848,2509_18274
240.88151524561655,54.84209718778996,2509_18274
353.0900811392854,-0.5753604185813773,2509_18274
241.64931329938983,54.70143040982524,2509_18274
37.61112538774138,-4.575788643051737,2509_18274
352.27060762668617,0.289771912652752,2509_18274
351.5052569067829,0.1732274808411771,2509_18274
241.56790139200757,56.17513934666301,2509_18274
34.37073044415538,-5.140700265983762,2509_18274
34.183048105427794,-4.259736651880578,2509_18274
37.15789449395789,-4.7552391151191085,2509_18274
240.2578024653275,55.09671588831947,2509_18274
242.7682891972529,56.38629553323824,2509_18274
35.470101980098086,-3.748851298538987,2509_18274
351.6533115568458,0.8417748025392666,2509_18274
242.28581168192693,55.54902952150601,2509_18274
35.19321383327352,-5.569199526975371,2509_18274
352.20017872973705,-1.3046792613695304,2509_18274
149.15191809867915,1.6903519411822665,2509_18274
36.337330365064766,-4.674465018524433,2509_18274
353.0563762037776,0.8731180343452412,2509_18274
150.76723833967935,1.0630159671066062,2509_18274
35.05991163515698,-4.000271420134216,2509_18274
36.698487620420494,-3.9033286759833095,2509_18274
150.64198730322576,0.8224540528802854,2509_18274
36.61967193392983,-4.835814152318254,2509_18274
353.00093919692955,-1.4585794380756,2509_18274
244.26986425914103,54.86882614434242,2509_18274
350.7586644035842,-1.0749373941445637,2509_18274
151.07028659114923,2.9027272877493147,2509_18274
150.09089701529336,2.3912222630729425,2509_18274
351.15943154378505,-0.4922933497066208,2509_18274
35.47973992550478,-3.8632382583965734,2509_18274
243.6355315750324,54.81552150725955,2509_18274
36.924367142893765,-4.642257388729514,2509_18274
242.87717188162463,56.096454117491405,2509_18274
151.50095167346865,1.1304133678924977,2509_18274
352.63195857714527,-0.7765616578593261,2509_18274
352.84835277586416,-0.0600931955945003,2509_18274
151.20478684092544,3.5693528176275215,2509_18274
242.63275707111796,55.556572205635014,2509_18274
353.5041386662507,0.8029441013559854,2509_18274
35.49027021675417,-4.947979474754468,2509_18274
241.7254749395237,56.558456449038445,2509_18274
34.99411867714953,-5.456357169080567,2509_18274
242.06227557381465,53.268729742590395,2509_18274
34.941365533534245,-4.451112160707746,2509_18274
149.99644648069784,2.703916681002248,2509_18274
34.174371940535906,-4.79509315974497,2509_18274
34.386823713352925,-5.380133889751769,2509_18274
353.0601702455906,-1.193881287536846,2509_18274
351.26561204769433,-0.7525191255510406,2509_18274
37.08313447980037,-4.422088016269028,2509_18274
150.1214635134664,3.01735398399648,2509_18274
352.4307870168721,-1.4889841903736063,2509_18274
150.99957534346345,0.8069704454307474,2509_18274
37.04181148088273,-4.138674876006087,2509_18274
148.89487397968006,1.1953973234449244,2509_18274
33.850885886347164,-4.663016985523579,2509_18274
149.63775399376405,0.7338300804684545,2509_18274
351.2632525546112,-0.0785594253853142,2509_18274
37.04688444170534,-4.078983963785587,2509_18274
35.38200414627958,-3.575280948699034,2509_18274
243.40707191989267,54.11685573913061,2509_18274
351.01642144206187,0.3292011656689741,2509_18274
149.3105968351057,1.0294615173506212,2509_18274
35.89909788814862,-4.291720744009515,2509_18274
243.5497402022349,55.06199011017372,2509_18274
243.54804532000057,54.09837716807354,2509_18274
35.46701387828534,-4.528000106223887,2509_18274
351.4769992293877,0.1758069910981162,2509_18274
243.33191327798264,56.331429925879405,2509_18274
242.9399648267251,56.06189813281938,2509_18274
243.3268734641632,56.05395378170414,2509_18274
150.46510508857614,2.41912417657554,2509_18274
243.21702410813845,53.61682675164451,2509_18274
242.2330971735041,55.45892845162572,2509_18274
353.79220563985496,0.3437352772672677,2509_18274
241.3541433397691,55.43143414602917,2509_18274
351.88546954814547,-0.4993735912304321,2509_18274
243.51529349563023,53.9453273059248,2509_18274
36.8562400568258,-4.772180775468064,2509_18274
35.61300408592338,-3.9315875196665817,2509_18274
151.67646417403702,3.17635984172729,2509_18274
243.9751761451986,54.03595441775243,2509_18274
351.807397371404,0.5112504094813719,2509_18274
35.183002399868286,-4.571170531371789,2509_18274
352.5611312330315,-0.4353779284855381,2509_18274
242.749808967825,55.96243189382406,2509_18274
37.39069203939169,-4.4380433457387936,2509_18274
242.4872636801535,55.97639187524898,2509_18274
353.0557884389665,-0.5984479065667864,2509_18274
35.43002183783974,-4.881249762622771,2509_18274
244.4018844936068,54.87933408030685,2509_18274
35.76541164915768,-3.3921212339473854,2509_18274
241.3630479952365,54.75921051829071,2509_18274
34.988328685054796,-3.6428457751148455,2509_18274
350.7136437753808,-0.3004850132321467,2509_18274
244.63310454950485,55.2371473712688,2509_18274
34.111759030364425,-5.08833737633478,2509_18274
244.98379986893,55.031739558370525,2509_18274
149.52053147389353,3.575090419476422,2509_18274
243.63232849429377,55.38583108385496,2509_18274
353.0208934938398,-0.8188195790726311,2509_18274
37.23147110101346,-4.646341980746898,2509_18274
243.687354537209,56.395555968364576,2509_18274
242.56340689082987,55.746398995130825,2509_18274
35.74342705216986,-3.4174393612769616,2509_18274
37.26847469888439,-4.8382071147212145,2509_18274
351.40860638923596,-0.1320124204715675,2509_18274
242.85983427971735,54.77234599868258,2509_18274
350.8005430496195,-1.5343261705037454,2509_18274
150.2129617503659,2.19381305240062,2509_18274
150.7424429456054,2.9300676570077515,2509_18274
244.1914309201359,54.43180045868628,2509_18274
34.92409165925779,-4.009300628944354,2509_18274
244.0641262821575,53.830135303641285,2509_18274
351.85202311137107,-0.7280786765641083,2509_18274
241.1898385760537,55.90669644364585,2509_18274
241.7294846674476,55.6973097997994,2509_18274
36.335974148313426,-3.802396879206907,2509_18274
35.47733361641492,-4.914350227633411,2509_18274
151.475259449998,1.9799864824919928,2509_18274
148.697596904111,1.3697943837262252,2509_18274
149.03145480199436,1.9795778455561597,2509_18274
243.05347875934208,53.74710102756642,2509_18274
35.404343681352856,-3.420372370062238,2509_18274
352.86891854066425,-0.3503570689353295,2509_18274
35.46023093267582,-4.848442228958499,2509_18274
37.56694694815792,-4.480542604870178,2509_18274
242.3300843121615,53.19266903866973,2509_18274
35.53313491230854,-4.469177665553751,2509_18274
36.57072383180306,-5.100458282109764,2509_18274
243.66428221689404,56.24276819563574,2509_18274
37.2731577547595,-4.2522958858076505,2509_18274
37.09834058706186,-4.133585394316103,2509_18274
243.6537516270192,54.27624236755697,2509_18274
35.6100007855806,-3.949306000990618,2509_18274
36.88885325872212,-4.713963286991215,2509_18274
243.6224248825799,56.07545861510776,2509_18274
35.26926161670947,-3.8864698047669566,2509_18274
150.5459614473995,2.7150065525409572,2509_18274
351.26489035513595,0.8751894695454635,2509_18274
243.3766143610189,56.60406156143178,2509_18274
351.9427779097189,0.6745274355273247,2509_18274
35.52602738996435,-3.3439241070594017,2509_18274
36.52982457431377,-4.457316065382749,2509_18274
241.56060055878976,53.437262951038285,2509_18274
149.82576326935535,3.142409856839523,2509_18274
351.9277237354615,0.5596680187113231,2509_18274
34.56708075729777,-4.946341972577867,2509_18274
148.97818417731915,2.424401513717072,2509_18274
351.03907172987,-1.081196300987454,2509_18274
353.25072253713887,0.9024492872867586,2509_18274
352.86019553229863,0.6152485044529422,2509_18274
35.37361190810878,-4.108532826145308,2509_18274
244.29606199669644,55.14494983177067,2509_18274
34.66289697530089,-5.54472415122514,2509_18274
352.18053022434975,0.798823215381355,2509_18274
351.2067919649222,0.1209109716331782,2509_18274
241.30490021056124,54.4456144543177,2509_18274
35.04473478034391,-4.10837998111019,2509_18274
353.6415938341077,0.2864109692873752,2509_18274
148.90355795923907,1.752324082769923,2509_18274
351.2311816116681,-0.5469716733337906,2509_18274
33.91125333211978,-4.713059078818839,2509_18274
242.4601847016208,55.95757810254624,2509_18274
36.17915137428177,-4.264889521124772,2509_18274
36.239579107659075,-5.246748201661572,2509_18274
353.4218848043657,0.8340372943736705,2509_18274
244.2824652364232,55.073936015803305,2509_18274
35.78203457620455,-3.545109874258435,2509_18274
352.0125277072526,0.0447046240494898,2509_18274
242.1325779913019,53.52082061193515,2509_18274
242.0315474822262,54.14148442836912,2509_18274
353.0810927492336,-1.1260727911302228,2509_18274
352.6492627115546,-0.8536318402971614,2509_18274
35.833240319182124,-5.495673972374198,2509_18274
242.89157818132117,53.7046188574423,2509_18274
150.5515776173298,0.9800703765169152,2509_18274
35.298598383036264,-5.775936856060727,2509_18274
352.8444992815527,-1.5251508084138838,2509_18274
351.5909605440286,-0.7711528393266301,2509_18274
34.09341273303754,-4.9916636733179445,2509_18274
243.32792389843047,56.33694973742867,2509_18274
151.5176873332451,2.626851423009781,2509_18274
353.1029632286181,0.0138575862540134,2509_18274
241.31507071153624,55.248262597226095,2509_18274
34.93899414603904,-5.388123785316291,2509_18274
151.16762093210323,2.4379100376310197,2509_18274
34.296810717483474,-4.715038430690246,2509_18274
150.88206093988984,2.864100638950417,2509_18274
34.89018114990355,-4.174956027643505,2509_18274
151.7263723791325,1.71700828316617,2509_18274
242.5466109115679,53.77345847205686,2509_18274
242.47008275136176,53.844544552118634,2509_18274
241.96053541982647,55.02797593629385,2509_18274
36.226527832133,-5.03550872575356,2509_18274
150.87201890295327,2.3548863052259894,2509_18274
34.745830327038384,-4.77484681533652,2509_18274
244.62837264508283,54.846868647760765,2509_18274
36.26229802489913,-5.737648047748988,2509_18274
34.001402331802886,-4.737167707857592,2509_18274
35.45143107702504,-4.809282509105585,2509_18274
151.288303987698,3.0090015076316186,2509_18274
203.196562,-36.545174,mystreams
204.773686,-35.595006,mystreams
73.3006,-19.03759,mystreams
330.87065,-66.79888,mystreams
88.930447,-33.329704,mystreams
9.699202,4.484087,mystreams
191.904808,-40.956707,mystreams
160.791968,5.941371,mystreams
38.2647,-26.3677,mystreams
18.031017,-33.386934,mystreams
71.671582,-17.39937,mystreams
51.467661,-40.730575,mystreams
90.57017,-39.101812,mystreams
50.215574,-75.007255,mystreams
240.566678,20.93798,mystreams
68.050801,-10.405523,mystreams
38.821834,-29.834316,mystreams
23.227759,-13.86482,mystreams
196.228028,-24.907644,mystreams
89.909984,-60.168149,mystreams
68.0714,-10.3695,mystreams
52.200486,1.997944,mystreams
316.33443,-5.42903,mystreams
328.66841,-12.20252,mystreams
10.02365,-9.19912,mystreams
196.87974,-2.3588,mystreams
128.26564,-2.52989,mystreams
189.35862,-5.40274,mystreams
183.3747,21.3497,mystreams
189.1734,-1.6112,mystreams
310.5523,-61.3283,mystreams
89.5645,-45.1509,mystreams
161.388436,-14.036392,mystreams
209.7203,-5.5807,mystreams
51.9983,-27.3989,mystreams
7.3996,-1.7458,mystreams
