RESOLVE,Conf,Type,SFR,mu-delta,NNdist-kd,NNdist-proj,F16,21cm,Simbad,NED,ra,dec
rs0001,2,1,0.08825888,8.75663185,6.01428273,1.7586,0,1,Simbad,NED,133.0709,3.7298
rs0002,0,0,0.12326641,7.53791094,6.01428273,1.64559996,0,2,Simbad,NED,133.3863,4.7823
rs0003,0,0,0.51703125,9.20324993,3.0059896,2.23119998,0,2,Simbad,NED,133.6862,4.302
rs0004,,,0.01384039,8.59422874,0.59122771,0.57514,0,1,Simbad,NED,134.0094,1.8835
rs1313,,,0.08500452,8.18695259,3.96064336,3.64190006,0,1,Simbad,NED,134.4549,1.323
rs0005,,,0.06608158,9.30454731,0.04750168,0.048012,0,2,Simbad,NED,134.6091,3.3942
rs1314,,,0.17873016,8.77917576,0.04750168,0.049151,0,2,Simbad,NED,134.6198,3.3694
rs0006,,,0.04492572,8.30816078,2.08614737,0.89884001,0,1,Simbad,NED,134.824,0.6901
rs0007,,,0.10440131,7.74893188,0.79077265,0.52157998,0,1,Simbad,NED,134.9949,3.4791
rs0009,,,0.05785795,8.24801445,2.36137106,1.73629999,0,1,Simbad,NED,135.2076,2.8908
rs0010,0,0,0.18819425,7.65485764,0.47896948,0.37314999,0,2,Simbad,NED,135.2126,1.1612
rs0011,0,0,0.10226187,8.26668739,0.71183124,0.51486999,0,2,Simbad,NED,135.2653,3.6045
rs0012,0,0,0.29856384,7.90158939,2.06033118,0.29440001,0,2,Simbad,NED,135.438,0.5217
rs0013,0,0,0.1942104,7.97669363,0.47896948,0.37235001,0,2,Simbad,NED,135.4779,1.172
rs0014,0,0,0.0429744,10.18969822,0.71183124,0.39122,0,2,Simbad,NED,135.5883,3.6157
rs0015,,,0.10618299,8.67737389,0.88775516,0.39392999,0,2,Simbad,NED,135.7865,3.7221
rs0016,0,0,0.11379555,7.02624941,1.27465569,1.23160005,0,2,Simbad,NED,136.4075,0.0034
rs0017,0,0,0.25643376,8.49589062,0.82559177,0.78162998,0,2,Simbad,NED,136.7698,3.1461
rs0018,0,0,0.05237873,10.24325562,1.27465569,1.23070002,0,2,Simbad,NED,137.1741,0.4848
rs0019,0,0,0.20368972,8.18306351,0.69305305,0.49355999,0,2,Simbad,NED,137.2265,1.4326
rs0020,,,0.05298398,7.36828995,0.69305305,0.49810001,0,1,Simbad,NED,137.4391,1.7933
rs0021,,,0.03107821,8.89212894,2.10204094,1.87880003,0,1,Simbad,NED,137.4761,1.6854
rs0022,3,1,0.1707394,9.43835258,1.25190801,0.52329999,0,2,Simbad,NED,139.1756,0.2057
rs0023,0,0,0.02915927,8.78520393,1.23414264,0.19423001,0,2,Simbad,NED,139.5685,0.3851
rs0024,,,0.02931226,7.74934864,0.80097375,0.35887,0,1,Simbad,NED,139.7567,0.172
rs0025,,,0.04430215,7.75326824,0.15076235,0.15127,0,2,Simbad,NED,139.776,0.6776
rs0026,,,0.00306984,8.49861336,0.2543524,0.26376,0,1,Simbad,NED,139.7933,1.0555
rs0027,0,0,0.01540182,8.28069496,0.3733039,0.17196,0,2,Simbad,NED,139.9255,1.3259
rs0028,,,0.00320879,7.88218975,0.06989135,0.067264,0,1,Simbad,NED,139.9349,0.9135
rs0029,0,0,0.04159618,9.9673748,0.02773654,0.027785,0,2,Simbad,NED,139.9799,0.9452
rs0030,,,0.32147092,8.14402962,0.02773654,0.028317,0,2,Simbad,NED,139.9951,0.961
rs0031,0,0,0.0285109,9.72736073,0.02993304,0.028568,0,2,Simbad,NED,139.9987,0.9309
rs0032,,,0.2569879,9.26362419,0.09981633,0.096534,0,2,Simbad,NED,140.0089,1.0384
rs0033,,,0.02449889,9.53489971,0.17268335,0.17347001,0,2,Simbad,NED,140.065,1.2889
rs0034,4,1,0.08565359,6.92416716,0.08050919,0.082252,0,2,Simbad,NED,140.0916,0.8231
rs0035,3,2,0.07809523,7.97924042,1.195546,0.359,0,1,Simbad,NED,140.1239,1.8482
rs0037,,,0.02867264,8.70656395,0.14809864,0.15523,0,1,Simbad,NED,140.1311,0.937
rs0038,0,0,0.03107023,8.1252861,0.13074102,0.12796,0,2,Simbad,NED,140.1386,0.721
rs0039,0,0,0.03056836,7.96317959,0.2007255,0.20290001,0,1,Simbad,NED,140.1431,1.5511
rs0040,,,0.01475678,7.9111557,0.08050919,0.081255,0,0,Simbad,NED,140.1551,0.8229
rs0041,4,1,0.06664525,7.81401348,1.73618632,0.31843999,0,1,Simbad,NED,140.16,3.7565
rs0042,,,0.24420097,7.46439266,1.10740693,0.92193002,0,2,Simbad,NED,140.1923,0.6049
rs0043,,,0.08619454,7.55727053,1.42858991,0.91169,0,1,Simbad,NED,140.286,0.0806
rs0044,0,0,0.02646117,9.83897305,0.17597208,0.17422,0,2,Simbad,NED,140.2928,1.4727
rs0045,0,0,0.05096468,8.00133038,1.6034467,0.31329,0,2,Simbad,NED,140.3588,3.9189
rs0046,4,2,0.07357258,6.87645054,0.17597208,0.17641,0,1,Simbad,NED,140.3894,1.5852
rs1315,,,0.14478937,8.87424374,1.25923126,0.65627003,0,2,Simbad,NED,140.4301,2.6909
rs0047,0,0,0.05352284,7.89684534,6.29411439,2.33299994,0,1,Simbad,NED,140.433,4.3741
rs0048,0,0,0.53020638,8.10134315,1.62052555,0.34404999,0,2,Simbad,NED,140.5892,4.0613
rs0049,0,0,0.03786128,9.97754192,0.07457246,0.073952,0,2,Simbad,NED,140.7372,1.4341
rs1316,,,0.02574341,8.05370235,1.25923126,0.66236001,0,1,Simbad,NED,140.7506,2.8687
rs0050,1,1,0.3256973,8.21787643,0.14429251,0.14612,0,2,Simbad,NED,140.7834,2.486
rs0051,0,0,0.04075747,8.58464813,0.15281724,0.15488,0,2,Simbad,NED,140.8049,2.0602
rs0052,2,1,0.30445093,7.87106466,0.14429251,0.14166,0,2,Simbad,NED,140.8056,2.6013
rs0053,0,0,1.41268706,9.09853077,0.15281724,0.15251,0,2,Simbad,NED,140.9021,2.1366
rs0054,4,1,0.2674126,7.17027664,0.66110833,0.24897,0,2,Simbad,NED,140.9427,2.7528
rs0055,,,0.87642026,8.689785,0.14562888,0.14384,0,2,Simbad,NED,140.9498,2.1129
rs0056,,,0.2774663,7.98296547,0.14562888,0.14476,0,2,Simbad,NED,141.0269,2.0827
rs0057,,,0.04535851,8.67603588,0.51322739,0.51343,0,1,Simbad,NED,141.2944,1.6539
rs0058,,,0.0433962,7.49522209,0.51322739,0.44069999,0,1,Simbad,NED,141.3519,2.0638
rs1317,,,0.07156719,8.31681156,0.13042655,0.12926,0,2,Simbad,NED,141.3746,2.0783
rs0059,,,0.09762986,7.36675358,0.21850959,0.21695,0,2,Simbad,NED,141.395,2.3419
rs0060,,,0.04847043,8.76184082,5.41634404,2.13940001,0,1,Simbad,NED,141.4321,3.1011
rs1318,,,1.22589135,9.37008286,0.21850959,0.21919,0,2,Simbad,NED,141.4456,2.2291
rs1319,,,0.07253946,9.55003262,0.13042655,0.12897,0,2,Simbad,NED,141.4476,2.0897
rs0062,0,0,0.0611425,8.54000759,1.10554437,0.44619,0,1,Simbad,NED,141.6176,2.3002
rs0063,0,0,0.06396174,8.98288822,1.01862783,0.77648002,0,2,Simbad,NED,141.6862,1.1544
rs0064,0,0,1.04887092,8.65406799,0.68291917,0.27994999,0,2,Simbad,NED,141.8701,3.9296
rs0065,0,0,0.1465168,7.68852568,0.69540617,0.28277999,0,1,Simbad,NED,141.8788,3.7116
rs0066,,,0.07065248,7.64619303,0.68291917,0.32300001,0,1,Simbad,NED,141.9624,3.4735
rs0067,,,0.04028153,8.2141161,1.99229439,0.51059002,0,1,Simbad,NED,142.0909,1.749
rs0068,0,0,0.05056571,7.82424927,1.87481793,0.62801999,0,1,Simbad,NED,142.1256,2.4337
rs0069,,,0.06155095,7.45251799,1.77287233,0.77213001,0,1,Simbad,NED,142.3117,4.912
rs0070,0,0,0.08876541,7.75756073,5.0836899,3.26469994,0,2,Simbad,NED,142.3566,0.3555
rs0071,0,0,0.00747362,9.12681198,1.87481793,0.23686001,0,2,Simbad,NED,142.3592,2.0708
rs1320,,,0.04254408,10.08429146,0.03373721,0.031943,0,2,Simbad,NED,142.4214,2.2056
rs0072,,,0.01148817,9.14300442,0.00875298,0.0087295,0,2,Simbad,NED,142.4414,2.2016
rs0073,,,0.01120639,8.25093555,0.0413064,0.04174,0,2,Simbad,NED,142.4556,2.144
rs0074,,,0.01377078,8.14301395,0.0413064,0.04085,0,2,Simbad,NED,142.4718,2.1607
rs0075,,,0.02817315,9.60128212,0.14283013,0.13831,0,2,Simbad,NED,142.4731,2.2804
rs0077,2,1,1.33016288,8.10452461,0.94196206,0.4524,0,2,Simbad,NED,142.563,4.144
rs0078,0,0,0.03994865,7.72784376,0.21538082,0.21569,0,1,Simbad,NED,142.8163,4.6259
rs0080,0,0,0.102772,10.26391697,0.21538082,0.21551,0,2,Simbad,NED,142.9234,4.5001
rs0081,0,0,0.10206132,7.87050343,2.22047114,1.53380001,0,1,Simbad,NED,142.9445,1.0568
rs0082,0,0,0.11923853,7.36011505,2.01686992,1.38100004,0,1,Simbad,NED,143.0549,3.8027
rs0083,4,1,0.11925764,6.84010792,1.88784099,0.51779997,0,2,Simbad,NED,143.0959,2.5481
rs0084,0,0,0.06015156,8.24283695,2.25012903,0.37481001,0,2,Simbad,NED,143.4691,3.1233
rs0085,3,1,0.30892938,7.91167974,1.20024023,0.48478001,0,2,Simbad,NED,143.5018,2.4772
rs0086,3,1,0.1448991,7.29346323,2.22047114,1.50549996,0,2,Simbad,NED,143.5171,0.3838
rs0088,3,1,0.28491065,7.7753768,0.01897166,0.018436,0,2,Simbad,NED,143.5435,0.2579
rs0087,0,0,1.61623788,8.8119278,0.01897166,0.018887,0,2,Simbad,NED,143.544,0.2416
rs0089,2,1,0.58431107,8.74043369,0.05237551,0.053115,0,2,Simbad,NED,143.6427,0.0896
rs0090,0,0,0.15188515,7.79629517,0.05237551,0.052967,0,2,Simbad,NED,143.6543,0.0462
rs0091,0,0,0.05162065,9.97681618,2.00550976,0.38354,0,2,Simbad,NED,143.6907,3.0964
rs0092,0,0,0.15915804,8.64335537,1.39271264,0.86720002,0,2,Simbad,NED,143.764,4.6904
rs0093,0,0,0.37240133,8.32782173,1.80273493,1.33179998,0,2,Simbad,NED,143.9687,4.0167
rs0094,4,1,0.29921493,7.61142969,0.35668175,0.25656,0,2,Simbad,NED,144.0292,3.0116
rs0095,0,0,0.12206157,7.53443336,0.09790063,0.097707,0,2,Simbad,NED,144.1116,1.1917
rs0096,,,0.72465593,8.9206934,0.09790063,0.098843,0,2,Simbad,NED,144.1474,1.1166
rs0097,3,1,0.45688999,7.57981014,0.72466655,0.71360999,0,2,Simbad,NED,144.166,0.4073
rs0098,0,0,0.02989522,8.38152885,0.7895823,0.4637,0,2,Simbad,NED,144.1696,2.7035
rs0099,0,0,0.10881875,7.05398417,0.99990082,0.80741,0,2,Simbad,NED,144.2495,4.5201
rs0100,,,2.23864245,8.99889374,0.04731921,0.02167,0,2,Simbad,NED,144.4331,2.7591
rs0101,3,2,0.12603055,10.27915001,1.37921394,0.020379,0,2,Simbad,NED,144.4376,2.7476
rs0102,,,0.00597014,8.76828957,0.04731921,0.026042,0,2,Simbad,NED,144.4469,2.736
rs0103,0,0,0.26058275,8.44253635,1.37921394,0.63415998,0,2,Simbad,NED,144.4895,3.463
rs0104,0,0,0.12787379,8.87840462,1.47562471,0.55992001,0,2,Simbad,NED,144.545,3.079
rs0105,1,1,0.18417788,7.29210377,0.10131879,0.10338,0,2,Simbad,NED,144.5621,4.1526
rs0106,0,0,0.06004599,7.42565155,0.02374578,0.023379,0,2,Simbad,NED,144.5729,4.0805
rs0107,3,1,0.0873684,9.41254044,0.02374578,0.023404,0,2,Simbad,NED,144.5764,4.0942
rs0108,0,0,0.21078411,8.72325039,0.11951807,0.11742,0,2,Simbad,NED,144.5993,4.0146
rs0109,0,0,0.07763204,8.74962616,2.00550976,0.16531999,0,2,Simbad,NED,144.6279,2.5734
rs0110,,,0.00479098,8.81448174,1.47562471,0.15322,0,1,Simbad,NED,144.6489,2.6682
rs0111,,,0.06414994,7.92562151,2.63620157,1.45340002,0,2,Simbad,NED,144.7536,4.7214
rs1321,,,0.0512852,8.52898884,1.50942901,1.33860004,0,1,Simbad,NED,144.789,0.9844
rs0112,4,1,0.30476797,9.74926567,1.28473366,1.28110003,0,2,Simbad,NED,145.1516,3.5771
rs1322,,,0.09591331,8.13534355,1.28465653,0.72944999,0,2,Simbad,NED,145.3161,1.5233
rs0113,0,0,0.11827963,9.34065056,2.30803714,1.61370003,0,2,Simbad,NED,145.4796,1.3189
rs0114,,,0.5888412,7.98870468,0.35189166,0.32731,0,2,Simbad,NED,145.6133,3.3468
rs0115,,,0.07271682,6.92476463,1.28465653,0.73720998,0,2,Simbad,NED,145.6578,1.3006
rs0117,,,0.08701133,9.43659782,0.35189166,0.32844999,0,2,Simbad,NED,145.7819,3.4301
rs0118,0,0,0.22250132,7.84318686,0.58570756,0.51617998,0,2,Simbad,NED,145.7854,3.9403
rs0119,2,2,0.03034004,7.30962992,0.79846796,0.79679,0,2,Simbad,NED,145.8265,0.3731
rs0120,0,0,0.41529191,7.93200159,1.12856084,0.45063999,0,2,Simbad,NED,146.039,3.4038
rs0121,0,0,0.88555723,9.05553055,0.3136809,0.27627999,0,2,Simbad,NED,146.0433,2.4102
rs0122,3,1,0.1418606,7.34379005,0.58570756,0.51722002,0,2,Simbad,NED,146.1434,4.0018
rs0123,,,0.12423081,8.04741287,2.81450346,0.3863,0,2,Simbad,NED,146.2123,4.5808
rs0124,3,1,0.23438916,7.11102819,0.3136809,0.27623999,0,2,Simbad,NED,146.2254,2.4653
rs0125,0,0,0.0425141,9.53308773,0.08073143,0.080313,0,2,Simbad,NED,146.2317,0.0682
rs0126,0,0,0.00505048,8.7098608,0.05310751,0.052951,0,2,Simbad,NED,146.2829,0.064
rs0127,0,0,0.21905439,9.00420475,0.05310751,0.053278,0,2,Simbad,NED,146.3009,0.0355
rs0128,0,0,0.17741123,8.8129406,1.21951197,0.36175999,0,2,Simbad,NED,146.3977,4.4106
rs0129,0,0,0.63880885,8.77380848,0.02593546,0.02651,0,2,Simbad,NED,146.4949,3.1452
rs0130,1,2,0.13342057,7.66611767,0.02593546,0.027371,0,2,Simbad,NED,146.5092,3.1343
rs0131,0,0,0.0886678,10.134758,0.82181482,0.67348999,0,2,Simbad,NED,146.5146,4.4036
rs0132,3,1,0.02620379,7.70431137,0.89037099,0.43981001,0,2,Simbad,NED,146.5307,0.7818
rs0133,0,0,0.76353896,8.58114529,0.03757383,0.037428,0,2,Simbad,NED,146.5844,3.0458
rs0134,0,0,0.87927133,8.61998081,0.03757383,0.037281,0,2,Simbad,NED,146.5878,3.0713
rs0135,0,0,0.71159762,8.73428154,0.46693521,0.42686,0,2,Simbad,NED,146.7496,2.5615
rs0136,,,0.20478044,9.46682549,0.12102882,0.1211,0,2,Simbad,NED,146.8069,0.6657
rs0137,0,0,0.01974671,8.7498436,0.12102882,0.12133,0,2,Simbad,NED,146.8421,0.7408
rs0138,2,1,0.05044947,8.10134888,0.06809904,0.068122,0,1,Simbad,NED,146.9006,3.2837
rs0139,,,0.06770971,8.02269077,0.06809904,0.067429,0,1,Simbad,NED,146.9203,3.3373
rs0140,3,1,0.25493187,8.11281013,0.0151154,0.015344,0,1,Simbad,NED,147.0396,2.5292
rs0141,4,1,0.15374959,8.1343174,0.0151154,0.014989,0,2,Simbad,NED,147.0411,2.5394
rs0142,,,0.31195477,8.61713028,0.54205373,0.47477999,0,2,Simbad,NED,147.0676,3.9059
rs0143,3,1,0.335394,8.80094051,2.81450346,1.02880001,0,2,Simbad,NED,147.1714,3.3747
rs0145,,,0.4240678,9.07770061,0.18181724,0.18237001,0,2,Simbad,NED,147.1927,0.2719
rs0146,3,2,0.65220785,7.66827965,0.06223247,0.062243,0,2,Simbad,NED,147.2486,2.4626
rs0147,2,1,0.43021515,8.51634979,1.32078591,0.47716001,0,2,Simbad,NED,147.2528,4.3031
rs0148,0,0,1.01860929,8.69365978,0.06223247,0.061849,0,2,Simbad,NED,147.2864,2.4811
rs0149,0,0,0.06751698,8.13265991,0.18181724,0.18075,0,2,Simbad,NED,147.3055,0.2176
rs1323,,,0.04908675,8.47721958,2.37374932,0.40351,0,2,Simbad,NED,147.3103,3.7851
rs1324,,,0.11483505,9.96052361,0.54205373,0.39910001,0,2,Simbad,NED,147.3611,4.0032
rs0150,2,2,0.11621327,7.65776634,1.32078591,0.47117999,0,2,Simbad,NED,147.5602,4.1991
rs0151,,,0.15095414,7.64430046,1.11213972,0.72681999,0,2,Simbad,NED,147.6431,3.5411
rs0152,,,0.16081484,8.20391273,1.76884737,1.75580001,0,1,Simbad,NED,147.6803,4.9507
rs0153,0,0,0.20670462,7.84007359,1.57496722,0.30889001,0,2,Simbad,NED,147.7464,4.2733
rs0154,0,0,0.03507878,7.72678995,0.73002035,0.3258,0,1,Simbad,NED,147.8353,0.8998
rs1325,,,0.20866473,8.02806854,1.73300678,1.39559996,0,2,Simbad,NED,147.86,1.9306
rs0155,0,0,0.07098932,10.12790108,0.18276687,0.18282001,0,2,Simbad,NED,147.8958,1.1121
rs0156,0,0,0.38219711,8.64061451,0.80890659,0.70039999,0,2,Simbad,NED,147.8972,0.4348
rs0157,0,0,0.05745395,7.20655394,1.37993133,1.1947,0,1,Simbad,NED,147.9483,3.1228
rs0158,0,0,0.06279107,7.49446297,0.10354915,0.10577,0,1,Simbad,NED,147.9987,1.0465
rs0159,,,0.18485492,9.46107483,0.10354915,0.10073,0,2,Simbad,NED,148.0476,1.0955
rs0160,0,0,0.13782126,8.00559616,0.03950921,0.03977,0,1,Simbad,NED,148.1041,2.1809
rs0161,,,0.00611546,8.56944656,0.11865457,0.11904,0,1,Simbad,NED,148.1118,2.279
rs0162,0,0,0.19620624,9.25573349,0.03950921,0.039425,0,2,Simbad,NED,148.1234,2.1545
rs0163,,,0.46247503,8.70348263,0.63415614,0.62905002,0,2,Simbad,NED,148.3206,1.9778
rs0164,,,0.00478833,8.63946533,1.36936087,0.46493,0,1,Simbad,NED,148.3235,1.2194
rs0165,0,0,0.09405226,8.23863411,0.18600859,0.18717,0,1,Simbad,NED,148.3352,0.7207
rs0166,2,1,0.29988191,8.27577972,0.63415614,0.25817001,0,2,Simbad,NED,148.4326,2.3741
rs0167,0,0,0.03745089,8.23122406,0.18600859,0.18465,0,1,Simbad,NED,148.4404,0.7867
rs0168,3,1,0.29476333,7.82301426,0.53846997,0.3779,0,2,Simbad,NED,148.4434,0.4945
rs1326,,,1.30465961,8.19211578,1.44123015,0.34681001,0,2,Simbad,NED,148.5444,2.2874
rs0169,0,0,0.02791414,9.63071346,1.65777076,0.25290999,0,2,Simbad,NED,148.5845,2.2976
rs0170,0,0,0.11008245,8.31178761,2.07177671,1.24409997,0,1,Simbad,NED,148.6752,4.9755
rs0171,0,0,0.06297487,7.86959743,1.90587039,1.62100005,0,1,Simbad,NED,148.8468,0.8793
rs0172,0,0,0.24740659,8.0608263,1.96747697,1.56079996,0,2,Simbad,NED,148.9427,3.4051
rs0173,,,0.05947907,8.76259327,0.57851256,0.32528999,0,1,Simbad,NED,149.2182,3.1493
rs0174,4,1,0.12319199,7.88313913,0.04440733,0.044666,0,2,Simbad,NED,149.2338,3.3829
rs0175,0,0,0.15338135,8.22178459,0.04440733,0.045427,0,2,Simbad,NED,149.2449,3.3564
rs0176,,,0.03812934,7.56014824,2.80899596,1.82070005,0,1,Simbad,NED,149.4481,4.5207
rs0177,0,0,0.06726319,8.08190346,1.54645984,0.29666001,0,1,Simbad,NED,149.821,3.4414
rs0178,0,0,0.06408208,8.69140816,0.79275427,0.3035,0,1,Simbad,NED,149.918,3.2931
rs0179,0,0,0.0894369,7.89449787,0.79275427,0.49686,0,2,Simbad,NED,150.158,3.1271
rs0180,1,2,0.16762586,7.80482292,1.18936838,1.18859994,0,2,Simbad,NED,150.2103,1.3356
rs0181,1,1,0.47719121,9.91793442,0.83707358,0.64516997,0,2,Simbad,NED,150.5292,3.0578
rs0182,0,0,0.10068364,8.30798054,1.18936838,1.18879998,0,2,Simbad,NED,150.5468,2.0216
rs0183,,,0.23235571,9.65224361,1.58717454,1.06340003,0,2,Simbad,NED,150.6891,4.4551
rs0184,0,0,0.04063129,7.57843351,1.58717454,0.83876002,0,2,Simbad,NED,151.0222,3.4944
rs0185,3,1,0.1554825,8.1509819,0.82607254,0.29012001,0,2,Simbad,NED,151.0791,0.1205
rs0186,0,0,0.03452883,7.86008978,0.38028284,0.38051,0,1,Simbad,NED,151.1089,0.6018
rs0187,0,0,0.02711508,9.13785458,0.82607254,0.28760001,0,2,Simbad,NED,151.1638,0.2816
rs0188,0,0,0.42452157,8.18020248,1.3690935,0.46169001,0,2,Simbad,NED,151.3046,4.1634
rs0189,0,0,0.03751427,8.77980328,0.20272853,0.20044,0,2,Simbad,NED,151.3105,2.7433
rs0190,0,0,0.1947733,8.99615383,0.09680159,0.094683,0,2,Simbad,NED,151.328,2.4958
rs0191,0,0,0.15515371,9.23403454,0.11430304,0.11607,0,2,Simbad,NED,151.3503,0.544
rs0192,0,0,0.15331264,7.59430313,0.09680159,0.10155,0,2,Simbad,NED,151.3522,2.549
rs0193,0,0,0.29303053,7.78449678,0.14125098,0.142,0,2,Simbad,NED,151.3653,2.6335
rs0194,4,1,0.05955029,9.76172829,0.11430304,0.11088,0,2,Simbad,NED,151.3829,0.6111
rs0195,0,0,0.40763912,8.31678963,0.22596522,0.22644,0,2,Simbad,NED,151.3957,3.0538
rs0196,3,2,0.14420648,9.54992771,0.0057993,0.0052184,0,2,Simbad,NED,151.4576,0.6334
rs0197,3,2,0.08436816,9.85343742,0.0057993,-999.0,0,2,Simbad,NED,151.461,0.6319
rs0198,,,0.00227793,9.49124527,0.04319658,0.043246,0,2,Simbad,NED,151.4805,0.6523
rs0200,3,1,0.03323361,8.37143612,0.04063839,0.041695,0,2,Simbad,NED,151.4837,0.6173
rs0199,,,0.00333501,8.46573353,0.04063839,0.040928,0,1,Simbad,NED,151.4838,0.5909
rs0201,,,0.15007432,9.32442284,1.2959301,0.68221003,0,2,Simbad,NED,151.5088,4.5222
rs0202,0,0,0.15361559,9.63710308,0.22596522,0.12631001,0,2,Simbad,NED,151.513,3.1098
rs0203,2,1,0.06190147,8.82966137,0.09263101,0.091342,0,2,Simbad,NED,151.5348,2.9691
rs0204,,,0.00333834,8.58491325,0.10172423,0.10161,0,1,Simbad,NED,151.5361,0.6883
rs0205,0,0,0.25233701,9.64811802,0.09263101,0.093681,0,2,Simbad,NED,151.5437,2.913
rs0206,0,0,0.18369076,8.77672672,0.14555629,0.14588,0,2,Simbad,NED,151.5515,2.5237
rs0207,,,0.07573321,7.22824097,1.2959301,0.34746999,0,2,Simbad,NED,151.5565,4.0337
rs0208,0,0,0.43947622,9.12013531,0.16985344,0.17023,0,2,Simbad,NED,151.5704,3.8278
rs0209,0,0,0.25799721,9.12915802,0.8072306,0.11867,0,2,Simbad,NED,151.584,3.1245
rs0210,0,0,0.098276,7.94557285,0.14555629,0.14586,0,2,Simbad,NED,151.6308,2.4826
rs0211,0,0,0.06714322,9.20499229,0.44617654,0.20226,0,2,Simbad,NED,151.6546,0.6327
rs0212,0,0,0.09782127,7.8291502,0.71155838,0.38584,0,2,Simbad,NED,151.7858,2.6566
rs0213,3,1,0.15164654,7.27573299,0.44617654,0.35429001,0,2,Simbad,NED,151.7993,0.809
rs0214,0,0,0.08887931,8.3371706,1.09457497,0.22225,0,2,Simbad,NED,151.8069,2.9024
rs0215,0,0,0.10707463,7.78797579,1.10727043,0.94027001,0,1,Simbad,NED,151.8094,0.056
rs0216,0,0,0.06105181,7.44904232,0.78430511,0.3788,0,1,Simbad,NED,151.8481,3.0709
rs0217,,,0.03560308,7.69462013,0.78550432,0.70896,0,1,Simbad,NED,151.8555,1.265
rs0218,3,2,0.28083035,7.89636993,1.17255109,0.52375001,0,2,Simbad,NED,151.9416,3.3712
rs0219,,,0.17179358,8.30126381,1.32122236,0.2379,0,1,Simbad,NED,151.9438,2.8745
rs0220,0,0,0.15396243,7.99955463,6.85624931,3.21420002,0,1,Simbad,NED,151.9534,2.8785
rs0221,0,0,0.25130188,8.43897438,1.09457497,0.76155001,0,2,Simbad,NED,152.0708,2.2732
rs0222,3,1,0.86895806,8.08024406,0.02363937,0.024624,0,2,Simbad,NED,152.6163,2.2284
rs0223,,,0.01515826,7.61950541,0.02363937,0.024538,0,1,Simbad,NED,152.6306,2.2328
rs0224,,,0.05561698,7.98989964,1.47319058,1.19920003,0,1,Simbad,NED,152.7097,0.2806
rs0225,,,0.23000479,8.81137848,0.82628049,0.64275002,0,2,Simbad,NED,152.735,1.0721
rs0226,2,2,0.20358555,8.42199326,0.82628049,0.63836998,0,2,Simbad,NED,153.1051,1.2459
rs0227,0,0,0.694592,8.09965134,0.83688947,0.72136998,0,2,Simbad,NED,153.4689,0.5508
rs0228,1,2,0.09101115,8.57436848,1.33881632,0.55216998,0,1,Simbad,NED,153.7596,0.9682
rs0230,,,0.01229849,8.52853203,0.83688947,0.72166997,0,1,Simbad,NED,153.8821,0.3077
rs0231,0,0,0.17054868,8.45011711,0.98412004,0.56084001,0,2,Simbad,NED,154.0388,1.1911
rs1329,,,0.0907276,8.22878933,3.49804264,3.30100012,0,2,Simbad,NED,154.1713,2.0747
rs0232,1,1,0.14296043,7.57546139,0.08576098,0.085789,0,2,Simbad,NED,154.3092,1.7201
rs0233,,,0.02703221,7.61769724,0.08576098,0.083806,0,1,Simbad,NED,154.3587,1.7021
rs0234,0,0,0.05632059,8.17266464,1.36408866,0.72259003,0,2,Simbad,NED,154.3741,0.2007
rs0235,,,0.0363536,7.51425314,1.02688743,0.66992003,0,1,Simbad,NED,154.5096,0.7638
rs0236,,,0.09309821,7.55873013,0.98412004,0.67663997,0,1,Simbad,NED,154.6057,1.1823
rs0237,0,0,0.0178875,9.74607468,1.36408866,0.71342999,0,2,Simbad,NED,154.8229,0.3445
rs0238,,,0.04059909,7.73969746,5.07331848,2.47149992,0,1,Simbad,NED,155.2267,1.9134
rs0239,0,0,0.04916357,9.18665791,0.17884222,0.17855,0,2,Simbad,NED,155.4649,0.4102
rs0240,3,1,0.77542251,8.99851227,0.17884222,0.1794,0,2,Simbad,NED,155.4715,0.2955
rs0241,,,0.08672443,8.8740263,0.98696527,0.46693,0,1,Simbad,NED,155.5738,0.0104
rs0242,,,0.08352242,8.03931904,0.06498057,0.065187,0,2,Simbad,NED,155.5859,3.9617
rs0243,0,0,1.76255631,8.30041313,0.48007017,0.41207001,0,2,Simbad,NED,155.6004,1.1988
rs0244,,,1.38527,8.73535538,0.06498057,0.064139,0,2,Simbad,NED,155.6012,3.9972
rs0246,0,0,0.1144466,8.83573341,0.48007017,0.32086,0,1,Simbad,NED,155.7791,1.0061
rs0247,0,0,0.09207373,8.08541489,0.59342199,0.30234,0,2,Simbad,NED,155.9826,1.0334
rs0248,,,0.02624497,7.88523865,3.93898,0.47187999,0,1,Simbad,NED,156.007,0.6215
rs0249,1,1,0.03135674,7.72924614,0.11720675,0.11834,0,2,Simbad,NED,156.0116,0.2078
rs0250,4,1,0.18800671,10.04678154,0.04721501,0.047047,0,2,Simbad,NED,156.0319,0.142
rs0251,0,0,0.03834295,7.58299208,0.04721501,0.046985,0,1,Simbad,NED,156.059,0.1478
rs0252,3,1,0.03884644,7.24505043,0.70689566,0.36923,0,1,Simbad,NED,156.085,4.0191
rs0253,0,0,0.05640649,9.9169445,0.61853058,0.28806001,0,2,Simbad,NED,156.149,1.1098
rs0254,0,0,0.50412267,8.58841515,0.70689566,0.36758,0,2,Simbad,NED,156.2211,3.8467
rs0255,,,0.22314525,7.94536066,0.08810786,0.08811,0,2,Simbad,NED,156.3132,0.8927
rs0256,,,0.97756636,8.27699566,0.24578631,0.24284001,0,2,Simbad,NED,156.3323,0.6363
rs0257,0,0,0.10536563,8.07609272,0.08810786,0.087632,0,2,Simbad,NED,156.3659,0.8837
rs0258,2,1,0.0933947,7.63135242,0.76514968,0.29855001,0,2,Simbad,NED,156.3793,0.3811
rs0259,4,1,0.57115823,9.12815094,0.24578631,0.21080001,0,2,Simbad,NED,156.4252,0.763
rs0260,0,0,0.73769146,8.69242573,0.92565083,0.60676003,0,2,Simbad,NED,156.5366,4.373
rs0261,0,0,0.25954449,9.13807392,0.49844397,0.28226,0,2,Simbad,NED,156.5881,0.685
rs0262,0,0,0.14278975,8.38082314,0.0469005,0.047157,0,1,Simbad,NED,156.6617,0.9835
rs0263,0,0,0.51848209,8.09112644,0.0469005,0.047039,0,2,Simbad,NED,156.6808,1.0061
rs0264,0,0,0.09942646,8.63653088,0.93133565,0.55506998,0,2,Simbad,NED,156.8377,0.4224
rs0265,,,0.06377156,7.24701977,1.40354354,0.063702,0,1,Simbad,NED,156.8405,1.2774
rs0266,0,0,0.062666,9.37554932,0.03122016,0.032195,0,2,Simbad,NED,156.8542,1.2418
rs0267,4,1,0.2593531,9.11971855,0.01267763,0.012721,0,2,Simbad,NED,156.873,1.2467
rs0268,4,2,0.16822878,9.86085701,0.01267763,0.012581,0,2,Simbad,NED,156.8737,1.2546
rs0269,1,1,0.21257183,8.25301743,1.4129708,0.45526001,0,2,Simbad,NED,156.8777,2.7683
rs0270,0,0,0.78386617,8.2831068,0.73063671,0.31072,0,2,Simbad,NED,156.8896,4.4667
rs0271,4,1,0.1684121,7.47344112,1.11387801,0.29126,0,2,Simbad,NED,156.9192,1.4374
rs0272,,,0.02451509,7.48726988,0.02052212,0.019806,0,1,Simbad,NED,156.9209,1.2007
rs0273,0,0,0.12072395,8.3800869,0.02052212,0.01974,0,2,Simbad,NED,156.9317,1.194
rs0274,0,0,0.39432335,8.48599148,0.77118224,0.62787002,0,2,Simbad,NED,156.9606,2.1191
rs0275,,,0.24787317,7.5452404,0.73063671,0.30948001,0,2,Simbad,NED,157.0657,4.4066
rs0276,0,0,0.17590414,8.35153675,0.10370614,0.10437,0,2,Simbad,NED,157.1206,1.2499
rs0277,0,0,0.04245616,8.0150156,0.07398016,0.073521,0,1,Simbad,NED,157.1557,1.3043
rs0278,0,0,0.25835097,8.27550507,0.07398016,0.073823,0,2,Simbad,NED,157.1689,1.3486
rs0279,0,0,0.0275593,10.23384285,0.96502286,0.95762998,0,2,Simbad,NED,157.2081,4.9605
rs1330,,,0.04369771,8.29338264,2.47116863,2.22460008,0,1,Simbad,NED,157.2384,2.1858
rs0280,0,0,0.3148908,8.41339397,1.22701035,0.67491001,0,2,Simbad,NED,157.4046,0.9512
rs0281,,,0.02788816,7.63925934,1.48243151,1.2608,0,1,Simbad,NED,157.9487,2.2265
rs0282,,,0.28607044,9.40869904,1.48243151,0.80539,0,2,Simbad,NED,157.9854,3.0818
rs0283,2,1,0.2528995,7.11884737,2.01524784,0.86658001,0,2,Simbad,NED,158.1121,2.5548
rs0284,0,0,0.08745036,8.50884056,2.04415214,1.21619999,0,2,Simbad,NED,158.116,3.914
rs0285,,,0.02765356,8.49703884,4.82090397,1.05789995,0,1,Simbad,NED,158.2064,2.7772
rs0286,,,0.02026115,8.75936413,0.81068372,0.63841999,0,1,Simbad,NED,158.5094,1.3114
rs0288,0,0,0.51749927,8.54617691,2.01524784,1.28699994,0,2,Simbad,NED,158.8374,3.5583
rs0289,0,0,0.1194154,7.96387196,1.52114573,1.13469994,0,2,Simbad,NED,158.8545,3.2945
rs0290,3,1,0.19606711,7.28201485,0.81068372,0.63603002,0,2,Simbad,NED,158.8842,1.4487
rs0291,,,0.04489633,8.28851891,3.53604856,1.25979996,0,1,Simbad,NED,158.9319,0.0086
rs0292,,,0.05544955,8.52859116,1.2837939,0.78118002,0,1,Simbad,NED,159.0086,0.989
rs0293,,,0.04606264,7.51680183,2.10390789,1.1358,0,1,Simbad,NED,159.16,1.0246
rs0295,,,0.02730401,8.01641846,0.43766454,0.095837,0,1,Simbad,NED,159.4381,0.4774
rs0296,4,1,0.32973656,6.27994251,1.1046187,0.52978998,0,2,Simbad,NED,159.466,2.3889
rs0297,0,0,0.03879692,8.55695915,2.91991677,0.15418001,0,2,Simbad,NED,159.4707,4.8132
rs0298,,,0.02032568,8.31338692,1.29088026,1.08500004,0,1,Simbad,NED,159.5092,0.5267
rs0299,3,1,0.50185728,8.56058788,2.4955166,0.16063,0,2,Simbad,NED,159.5294,4.8944
rs0300,,,0.09047494,7.5230155,0.09592097,0.095632,0,2,Simbad,NED,159.5677,0.1198
rs0301,,,0.04936694,7.31164026,0.81461326,0.76823997,0,2,Simbad,NED,159.5705,1.0968
rs0302,,,0.11945237,7.98289013,1.1046187,0.53635001,0,1,Simbad,NED,159.8515,2.4442
rs0303,0,0,0.13758901,7.13000965,1.49174711,1.47319996,0,2,Simbad,NED,159.8849,2.188
rs0304,,,0.02107388,7.78968573,1.79991267,0.51741999,0,1,Simbad,NED,160.0399,0.0702
rs0305,0,0,0.10617436,7.48752832,1.2689433,0.43171999,0,1,Simbad,NED,160.1681,0.3754
rs0306,0,0,0.0541896,8.41762352,1.17269429,0.43408999,0,2,Simbad,NED,160.2552,0.6324
rs0307,,,0.01681704,7.42833757,1.04959262,0.96403003,0,1,Simbad,NED,160.3259,1.3482
rs0308,0,0,0.87832576,7.74061823,0.1167221,0.11511,0,2,Simbad,NED,160.4726,0.794
rs0309,,,0.01249062,7.29139185,0.1167221,0.11775,0,1,Simbad,NED,160.5562,0.7748
rs0310,0,0,0.07042354,9.60417938,1.09635106,0.72527999,0,2,Simbad,NED,160.6143,2.7614
rs1331,,,0.03639322,8.45742893,2.10390789,1.14750004,0,1,Simbad,NED,160.6866,0.1492
rs0311,,,0.06866047,8.02281189,1.04959262,0.82762998,0,1,Simbad,NED,160.7097,0.88
rs0312,,,0.01503019,8.45047951,1.33789935,0.52991998,0,1,Simbad,NED,160.8871,1.1973
rs0313,0,0,0.45173129,8.8184166,2.18136117,1.87759995,0,2,Simbad,NED,160.9125,4.9706
rs0314,3,1,0.61315137,7.07719946,2.12424315,0.49834999,0,2,Simbad,NED,160.993,1.9357
rs0315,0,0,0.20658709,9.83251381,0.03234549,0.032496,0,2,Simbad,NED,161.0694,2.7878
rs0316,0,0,0.24982452,8.25782681,0.03234549,0.032209,0,2,Simbad,NED,161.0889,2.7932
rs0317,0,0,0.08099983,7.25087786,0.60336105,0.44620001,0,2,Simbad,NED,161.1667,2.2591
rs0318,0,0,0.09945309,7.65590382,0.52972917,0.52692002,0,2,Simbad,NED,161.2023,3.2983
rs0320,3,1,0.1556157,9.9738636,0.52972917,0.52745998,0,2,Simbad,NED,161.2816,3.6747
rs0321,4,2,0.25647882,8.07990837,0.46473094,0.27998,0,2,Simbad,NED,161.3209,1.4675
rs0322,0,0,0.04618265,7.5925827,0.13860357,0.13786,0,1,Simbad,NED,161.3423,1.9854
rs0323,0,0,0.08095039,8.32427692,0.51812654,0.40731001,0,2,Simbad,NED,161.3439,1.124
rs0324,0,0,0.15297468,9.11128426,0.12845466,0.12802,0,2,Simbad,NED,161.4424,1.9974
rs0325,0,0,0.06421956,7.23203087,0.12845466,0.12779,0,1,Simbad,NED,161.4566,2.0896
rs0326,,,0.01036903,8.0400877,0.46473094,0.27845001,0,1,Simbad,NED,161.47,1.6492
rs0327,,,0.0491559,7.2147274,0.1111021,0.11254,0,1,Simbad,NED,161.4836,2.5871
rs0328,0,0,0.10131105,8.30899525,0.88922145,0.62831998,0,2,Simbad,NED,161.4939,2.8325
rs0329,0,0,0.06380532,9.9564743,0.1111021,0.11082,0,2,Simbad,NED,161.5589,2.5562
rs0330,0,0,0.15270618,7.80596876,1.86107134,1.70589995,0,2,Simbad,NED,161.6429,1.7745
rs0331,0,0,0.13094442,8.13910007,0.14363935,0.14448,0,2,Simbad,NED,161.6618,3.2439
rs0332,3,1,0.06702331,6.8018713,0.14363935,0.14284,0,2,Simbad,NED,161.6947,3.1617
rs0333,,,0.00531416,8.05912495,0.08444434,0.08312,0,1,Simbad,NED,161.9344,0.8719
rs0334,0,0,0.47162414,8.36788368,0.08444434,0.086219,0,2,Simbad,NED,161.9774,0.8125
rs0335,0,0,0.45958164,8.89432907,0.12167984,0.12192,0,2,Simbad,NED,162.0791,0.8407
rs0336,,,0.21727322,8.04837322,1.37051532,0.81396002,0,2,Simbad,NED,162.382,4.0071
rs0337,0,0,0.57046133,8.11156559,1.89424582,1.51020002,0,2,Simbad,NED,162.5717,3.5125
rs0338,,,0.0328262,7.10886478,7.40162595,4.77120018,0,1,Simbad,NED,162.6024,4.9931
rs0339,3,1,0.11472365,8.99172497,3.45599283,0.71486998,0,2,Simbad,NED,162.6876,3.5135
rs0340,0,0,0.07805648,8.3683672,1.81853297,1.81429994,0,1,Simbad,NED,162.8474,2.2183
rs0341,0,0,0.19574362,7.83089685,2.40780417,1.77139997,0,2,Simbad,NED,162.9063,2.095
rs0342,,,0.03900261,7.69820356,2.40780417,0.67403001,0,1,Simbad,NED,162.9329,3.9979
rs0343,3,2,0.11295976,7.32079315,1.63527902,1.41419995,0,2,Simbad,NED,162.9689,0.5544
rs0344,0,0,0.0861026,8.83542252,1.99219295,0.92523003,0,2,Simbad,NED,163.1371,3.0192
rs0345,0,0,0.0432364,8.52748871,0.16722329,0.16978,0,1,Simbad,NED,163.2232,4.5063
rs0346,,,0.04780638,7.57091236,0.03719749,0.037244,0,1,Simbad,NED,163.2404,4.6241
rs0347,,,1.36799407,9.64221382,0.03719749,0.037417,0,2,Simbad,NED,163.2657,4.6318
rs0348,,,0.06494824,8.59995556,0.18914303,0.189,0,1,Simbad,NED,163.3583,4.504
rs0349,,,0.19987302,7.22796679,1.41636111,0.58113998,0,2,Simbad,NED,163.5302,4.9401
rs0350,0,0,0.25751725,9.17572784,1.81853297,1.81659997,0,2,Simbad,NED,163.6994,2.948
rs0351,3,2,0.10698954,10.0910368,0.0292437,0.030098,0,2,Simbad,NED,163.8995,4.3776
rs0352,3,1,0.00510471,7.66814613,0.0292437,0.029736,0,2,Simbad,NED,163.9153,4.3688
rs0353,0,0,0.03693619,7.66390944,0.17948417,0.18282001,0,1,Simbad,NED,163.9695,4.4653
rs0354,2,1,0.15084082,8.29533195,1.63527902,1.21990001,0,1,Simbad,NED,164.0108,0.6621
rs0356,,,0.44181982,9.18661499,0.12382412,0.12283,0,2,Simbad,NED,164.5676,4.5837
rs0357,,,0.02767343,7.57247591,6.58232118,4.66300011,0,1,Simbad,NED,164.5746,4.6606
rs0358,0,0,0.4846532,8.39803696,0.12382412,0.1232,0,2,Simbad,NED,164.6282,4.6311
rs0360,,,0.07415471,7.06686401,3.71841745,0.94555002,0,1,Simbad,NED,164.8309,0.3025
rs0361,0,0,0.0054423,8.77324867,0.05053796,0.050213,0,2,Simbad,NED,165.0798,4.1718
rs0362,0,0,0.04091035,9.20065498,0.05053796,0.049696,0,2,Simbad,NED,165.0982,4.1966
rs0363,0,0,0.28556207,7.73488235,0.08954572,0.092544,0,2,Simbad,NED,165.1526,4.1984
rs0364,0,0,0.05762668,8.39426804,0.3463064,0.27583,0,1,Simbad,NED,165.2114,4.3915
rs0365,,,0.23677762,7.78395748,1.20654477,0.77768999,0,2,Simbad,NED,165.3009,3.5536
rs0366,0,0,0.02511391,9.41502476,0.3463064,0.27638999,0,2,Simbad,NED,165.3831,4.3773
rs0367,0,0,0.0530076,7.38780594,0.94273023,0.26278001,0,2,Simbad,NED,165.4756,4.0465
rs0368,0,0,0.04637666,7.48997211,2.20928599,0.92501998,0,2,Simbad,NED,165.4875,4.0264
rs0369,0,0,0.01406824,7.81534386,1.81865373,0.31527999,0,2,Simbad,NED,165.5285,4.2574
rs0370,,,0.02221537,7.72017288,1.88072029,1.03040004,0,1,Simbad,NED,165.5756,0.2331
rs0371,0,0,0.33301765,8.17625523,0.74460541,0.25870001,0,2,Simbad,NED,165.6354,4.0615
rs0372,3,1,0.10576504,7.55704308,0.08051218,0.08352,0,1,Simbad,NED,165.7672,3.7007
rs0373,0,0,0.61966473,8.86382961,0.08051218,0.081691,0,2,Simbad,NED,165.8108,3.7249
rs0374,0,0,0.06843498,7.5009532,1.5323238,0.53469002,0,2,Simbad,NED,166.0529,4.3305
rs0375,3,1,0.09355646,7.04862309,2.13863713,0.42324999,0,2,Simbad,NED,166.286,4.8223
rs0376,0,0,0.26707456,8.19059658,1.23026768,1.20420003,0,2,Simbad,NED,166.312,0.9893
rs0377,,,0.34169573,7.44112444,1.9167126,0.32266,0,2,Simbad,NED,166.3883,4.1964
rs0378,0,0,0.23650688,8.46045399,1.3713727,0.21059,0,2,Simbad,NED,166.417,4.6128
rs0379,,,0.05235826,7.78962231,1.23026768,1.19330001,0,1,Simbad,NED,166.457,1.7445
rs0380,0,0,0.16561317,9.12971401,1.88072029,1.21609998,0,2,Simbad,NED,166.4582,0.4032
rs0381,,,0.12442301,8.12611675,2.19338414,0.16473,0,1,Simbad,NED,166.4989,4.5142
rs0382,0,0,0.76464975,8.3964386,0.12064249,0.11933,0,2,Simbad,NED,166.5096,4.4295
rs0383,0,0,0.1554265,9.84547997,0.15840337,0.1561,0,2,Simbad,NED,166.5453,4.3362
rs0384,0,0,0.23013109,8.02341557,1.40357951,1.37549996,0,2,Simbad,NED,166.5575,2.6168
rs0385,0,0,0.01547733,8.13717461,0.12064249,0.12443,0,1,Simbad,NED,166.5782,4.4631
rs0386,0,0,0.10554533,8.65912437,0.32972858,0.26050001,0,2,Simbad,NED,166.5799,4.6368
rs0387,0,0,0.05293979,7.68810701,0.65570379,0.24572,0,1,Simbad,NED,166.6722,4.4447
rs0388,,,0.06633747,7.89919949,0.65570379,0.37717,0,1,Simbad,NED,166.6886,4.8641
rs0389,0,0,0.05619717,7.59946728,0.77670962,0.44597,0,2,Simbad,NED,166.8336,4.5423
rs0390,0,0,0.461261,9.4647522,0.2315229,0.23362,0,2,Simbad,NED,167.1414,4.8319
rs0391,0,0,0.43604353,8.08433723,0.2315229,0.22867,0,2,Simbad,NED,167.2688,4.7761
rs0392,0,0,0.19560611,8.44021702,1.38372335,1.03289998,0,2,Simbad,NED,167.2782,3.9279
rs0393,0,0,0.17446618,7.66105747,1.98249117,1.45749998,0,2,Simbad,NED,167.4939,0.1814
rs0394,3,1,0.09111414,8.16225529,0.85230044,0.52152002,0,1,Simbad,NED,167.5458,4.9784
rs0395,0,0,0.06279604,7.27585125,0.42531276,0.31213999,0,1,Simbad,NED,167.6815,4.4928
rs0396,0,0,0.27086043,9.37721443,3.88290869,1.10339999,0,2,Simbad,NED,167.6867,4.8467
rs0397,4,1,0.0313193,9.10160732,0.0044742,0.0049433,0,2,Simbad,NED,167.7347,4.7319
rs0398,3,1,0.21159428,8.68437576,0.0044742,-999.0,0,2,Simbad,NED,167.7356,4.7294
rs0399,0,0,0.02578245,9.86142731,0.53216976,0.31413001,0,2,Simbad,NED,167.7814,4.3379
rs0401,,,0.53670657,8.16392136,0.43691601,0.40796,0,2,Simbad,NED,168.0905,3.7614
rs0402,,,0.10014781,9.95401573,0.06737462,0.067901,0,2,Simbad,NED,168.3163,3.6573
rs0403,,,0.01299927,8.10411644,0.06737462,0.067437,0,1,Simbad,NED,168.334,3.6204
rs0404,,,0.08548673,8.56751251,0.10497067,0.10593,0,1,Simbad,NED,168.4334,4.2406
rs0405,0,0,0.4707343,8.71873665,0.10497067,0.106,0,2,Simbad,NED,168.4691,4.2908
rs0406,0,0,0.08039503,9.65577698,0.20769007,0.20621,0,2,Simbad,NED,168.4718,4.8017
rs0407,0,0,0.01853964,10.34736443,0.0781555,0.076825,0,2,Simbad,NED,168.5684,4.1922
rs0408,,,0.06178916,8.33843517,0.20769007,0.20665,0,1,Simbad,NED,168.5751,4.7097
rs0409,,,0.33238423,8.27382851,0.0781555,0.079376,0,2,Simbad,NED,168.6012,4.1602
rs0410,0,0,0.13600297,7.22433567,2.3682581,1.2586,0,2,Simbad,NED,168.623,2.6057
rs0411,0,0,0.06977947,8.32655907,1.86713918,0.41446999,0,1,Simbad,NED,168.7059,0.9056
rs0412,,,0.01010997,7.96668196,1.76992902,0.60140002,0,1,Simbad,NED,168.7657,1.7004
rs0413,,,0.01520924,7.82309341,0.45616768,0.13970999,0,1,Simbad,NED,168.772,1.2868
rs0414,,,0.05996982,8.29128456,0.45616768,0.13891999,0,1,Simbad,NED,168.8011,1.186
rs1332,,,0.14907777,7.49341011,1.71785303,0.41190001,0,2,Simbad,NED,168.8317,4.2069
rs0415,0,0,0.10446553,8.34188461,1.08622871,0.063683,0,1,Simbad,NED,169.0163,3.5676
rs0416,0,0,0.11755383,7.88736248,0.15154694,0.15143,0,2,Simbad,NED,169.0789,4.1392
rs0417,3,1,0.10464231,7.26961803,0.15154694,0.15186,0,2,Simbad,NED,169.1433,4.0805
rs0418,0,0,0.28288829,7.28902769,0.83795401,0.34929001,0,2,Simbad,NED,169.2053,4.3614
rs0419,2,1,0.11132711,9.70925713,1.48649594,0.51178002,0,2,Simbad,NED,169.3309,2.8817
rs0420,0,0,0.28056958,8.4044733,0.84654936,0.43138999,0,2,Simbad,NED,169.3352,2.4468
rs0421,3,1,0.12070964,7.54572678,1.37963148,0.55891001,0,2,Simbad,NED,169.3733,2.5043
rs0422,0,0,0.0876378,8.40721893,0.4890147,0.38472,0,1,Simbad,NED,169.393,2.7725
rs0423,0,0,0.10476923,7.87625599,0.08543803,0.083625,0,2,Simbad,NED,169.5025,3.8108
rs0424,0,0,0.09181912,8.25672626,0.2194917,0.21972001,0,2,Simbad,NED,169.544,2.6008
rs0425,0,0,0.3656882,8.34678936,0.08543803,0.084121,0,2,Simbad,NED,169.5514,3.8038
rs0426,,,0.00671326,9.07345009,3.12168403,3.00900006,0,1,Simbad,NED,169.6053,0.1958
rs0427,,,0.08808076,8.09442043,0.76587278,0.62498999,0,2,Simbad,NED,169.6188,1.6641
rs0428,0,0,0.0651043,7.77124882,0.20155482,0.20187999,0,1,Simbad,NED,169.6298,3.3835
rs0429,0,0,0.06198335,7.73384857,0.43935599,0.26944,0,2,Simbad,NED,169.6652,3.6975
rs0430,0,0,0.10798039,8.19052315,0.2194917,0.21963,0,1,Simbad,NED,169.673,2.6221
rs0431,,,0.01700842,7.21312141,2.21244631,0.60681999,0,1,Simbad,NED,169.6853,2.0328
rs0432,2,1,0.25866374,7.42200756,1.52170639,0.47499999,0,2,Simbad,NED,169.6862,2.9092
rs0433,0,0,0.11718991,8.34664249,1.20179457,0.98175001,0,2,Simbad,NED,169.7316,0.0899
rs0434,,,0.03841914,8.4380188,0.83795401,0.83674997,0,1,Simbad,NED,169.7626,4.4442
rs0435,,,0.0561503,7.69300747,0.76587278,0.36398,0,1,Simbad,NED,169.7711,1.2522
rs0436,4,1,0.49657783,8.21197319,0.01350869,0.013416,0,2,Simbad,NED,169.7814,3.2312
rs0437,3,2,0.07169051,8.20047569,0.01350869,-999.0,0,1,Simbad,NED,169.7905,3.2291
rs0438,,,0.01136797,7.66387558,0.03071001,0.031067,0,1,Simbad,NED,169.7941,3.2083
rs0439,,,0.42885408,8.37570763,1.25354301,0.35714,0,2,Simbad,NED,169.817,3.5618
rs0440,,,0.2808007,9.61196995,1.02805239,0.62453002,0,2,Simbad,NED,169.8592,3.2017
rs0441,,,0.03192255,7.19162178,1.25152483,0.29721999,0,1,Simbad,NED,169.9828,1.1989
rs0442,0,0,0.07884305,7.86786461,0.2265996,0.099978,0,1,Simbad,NED,170.0558,0.9427
rs0443,,,0.06710873,8.11391449,0.61967402,0.098917,0,1,Simbad,NED,170.0735,0.886
rs0444,,,0.33195677,8.1834898,0.2265996,0.22517,0,2,Simbad,NED,170.1065,1.067
rs0445,,,0.00806727,8.68282413,0.0579986,0.056907,0,2,Simbad,NED,170.1643,0.4575
rs0446,,,0.24281338,10.06282616,0.01108415,0.017859,0,2,Simbad,NED,170.194,0.4706
rs1333,,,0.14554614,9.80852318,0.01108415,-999.0,0,2,Simbad,NED,170.1999,0.4688
rs1334,,,0.10037855,9.61925602,0.018517,-999.0,0,2,Simbad,NED,170.2041,0.4593
rs1335,,,0.0610262,9.31510544,0.12336087,0.12425,0,2,Simbad,NED,170.2054,0.3903
rs0447,,,0.08763414,7.60424042,1.04430439,0.45418,0,2,Simbad,NED,170.2299,2.0257
rs1336,,,0.37186524,9.06588364,0.14611185,0.14441,0,2,Simbad,NED,170.2487,0.5343
rs0448,,,0.09054391,8.58797073,1.04430439,0.45144999,0,1,Simbad,NED,170.3168,1.7846
rs0449,0,0,0.41548437,8.44882679,1.59559734,0.93791002,0,2,Simbad,NED,170.3618,3.4459
rs0450,,,0.03302663,7.66365337,2.05233428,0.88520002,0,1,Simbad,NED,170.3656,1.4677
rs0451,3,1,0.72970986,9.2541914,1.64751621,1.07679999,0,2,Simbad,NED,170.3871,2.8106
rs0452,,,0.22615838,9.56540585,2.55950628,2.5323,0,2,Simbad,NED,170.5048,4.9603
rs0453,,,0.5445357,9.2454052,2.21650958,1.23090005,0,2,Simbad,NED,170.5338,4.6929
rs0454,0,0,0.09732248,7.8927784,1.22791458,0.24281,0,2,Simbad,NED,170.6104,0.4246
rs0455,,,0.05468364,7.55005074,0.06597277,0.064481,0,1,Simbad,NED,170.6633,0.5559
rs0456,,,0.07060781,7.72691679,0.06597277,0.065885,0,2,Simbad,NED,170.6754,0.5917
rs0457,,,0.03234579,7.9519577,0.91548578,0.61375999,0,1,Simbad,NED,170.905,0.9818
rs0458,0,0,0.37389094,8.08282089,1.44333284,0.86875999,0,2,Simbad,NED,170.961,1.7343
rs0459,,,0.02224701,7.18987083,1.90390878,0.74146998,0,1,Simbad,NED,170.9907,0.6216
rs0460,3,1,0.21437329,7.69909096,0.1252508,0.12483,0,2,Simbad,NED,170.9945,2.937
rs0461,,,1.3562212,8.54671288,1.01390646,0.41207001,0,2,Simbad,NED,170.9985,2.6918
rs0462,,,0.03883945,8.37470245,0.75103218,0.74396998,0,1,Simbad,NED,171.061,2.0102
rs0463,0,0,0.33567026,8.67154408,0.1252508,0.12467,0,1,Simbad,NED,171.0652,2.9586
rs0464,,,0.04545413,7.10675716,1.90390878,0.69151998,0,1,Simbad,NED,171.1568,1.1687
rs0465,,,0.03444643,7.64609241,0.91548578,0.60952002,0,1,Simbad,NED,171.1759,1.2151
rs0466,,,1.1724447,8.61102772,0.16035086,0.15968999,0,2,Simbad,NED,171.5041,1.9843
rs0467,,,0.03458833,7.76170444,2.0580173,0.79624999,0,2,Simbad,NED,171.5341,2.8332
rs0468,0,0,0.26904115,8.19298363,0.16035086,0.16207001,0,2,Simbad,NED,171.5397,1.8956
rs0469,0,0,0.22662619,7.2836504,1.01390646,0.83311999,0,2,Simbad,NED,171.5748,2.5797
rs0470,,,0.10226053,8.10453701,1.05060274,0.67501998,0,2,Simbad,NED,171.6741,1.2414
rs0471,,,0.04450859,7.12149429,2.33848822,0.9483,0,2,Simbad,NED,171.7209,2.1802
rs0472,0,0,0.11108243,8.24315643,3.52399435,0.50173998,0,2,Simbad,NED,171.742,2.3329
rs0473,0,0,0.14567403,7.43714333,0.22548265,0.22033,0,2,Simbad,NED,171.9176,3.5899
rs0474,2,1,0.10192402,7.69900227,0.22548265,0.23123001,0,1,Simbad,NED,171.9846,3.7107
rs0475,,,0.02245812,7.60795021,1.72935506,0.53711998,0,1,Simbad,NED,171.9872,1.2995
rs0476,0,0,0.23704606,7.88941288,0.49211524,0.38992,0,2,Simbad,NED,172.0598,2.4001
rs0477,3,1,0.13730018,7.73593044,0.03571852,0.03607,0,2,Simbad,NED,172.0668,2.6336
rs0478,2,1,2.98880672,8.35262012,0.03571852,0.036066,0,2,Simbad,NED,172.0733,2.654
rs0479,,,0.03981535,6.88359642,1.0911067,0.34229001,0,1,Simbad,NED,172.114,1.0826
rs0480,0,0,0.06555375,8.00475693,0.3288073,0.21620999,0,2,Simbad,NED,172.1286,0.7825
rs0481,,,0.05679464,8.01768684,2.52766106,0.7331,0,1,Simbad,NED,172.1703,4.7718
rs0482,0,0,0.04555465,7.20590639,1.29012066,1.18400002,0,1,Simbad,NED,172.1931,1.6179
rs0483,,,0.01568022,8.31244373,2.03036804,0.66145998,0,1,Simbad,NED,172.2065,1.8238
rs0484,,,0.0525257,7.71256304,0.3288073,0.21686999,0,1,Simbad,NED,172.242,0.879
rs0485,,,0.09324469,8.47331429,1.5499554,0.48216999,0,2,Simbad,NED,172.25,3.854
rs0486,,,0.08414613,6.98402977,1.25251484,0.93270999,0,1,Simbad,NED,172.3315,3.0894
rs0487,0,0,0.05480927,7.36737251,1.72935506,0.92398,0,2,Simbad,NED,172.369,0.1131
rs0488,,,0.03122008,7.66271591,0.1510069,0.14907999,0,1,Simbad,NED,172.3821,1.0347
rs0489,,,0.03686083,7.58834028,1.5422238,0.79067999,0,1,Simbad,NED,172.3934,4.3474
rs0490,,,0.04674751,7.88206768,0.3574442,0.35349,0,1,Simbad,NED,172.3945,1.068
rs0491,0,0,0.03485764,8.88050652,1.26907966,0.99523997,0,2,Simbad,NED,172.4055,3.1561
rs0492,,,0.13171412,7.50781536,0.1510069,0.15177999,0,2,Simbad,NED,172.4499,1.1379
rs0493,,,0.06580456,8.6956377,1.00370042,0.97419,0,1,Simbad,NED,172.5518,3.8011
rs0494,,,0.41331497,9.00199509,0.79743405,0.61278999,0,2,Simbad,NED,172.6566,3.7567
rs0495,,,0.11115196,7.85067368,1.00370042,0.97290999,0,1,Simbad,NED,172.7225,4.5338
rs0496,0,0,0.20740026,8.27968407,1.25251484,0.85055,0,2,Simbad,NED,172.7363,2.2872
rs0497,,,0.06642288,7.92706776,0.53917824,0.52091998,0,1,Simbad,NED,172.8679,0.4945
rs0498,,,0.34862766,9.58941841,0.20494693,0.20370001,0,2,Simbad,NED,172.9213,3.4881
rs0499,,,0.03500123,7.97250557,3.65182572,2.58999991,0,1,Simbad,NED,172.9562,0.331
rs0500,,,0.01472771,8.53756523,0.27106833,0.26605001,0,1,Simbad,NED,172.9808,0.9923
rs0501,,,0.04565309,8.64577484,0.20494693,0.20283,0,1,Simbad,NED,173.0242,3.5624
rs0502,0,0,0.14940615,7.79370832,0.95453723,0.25408,0,2,Simbad,NED,173.0433,1.2074
rs0503,0,0,2.49806976,8.78490162,0.05363151,0.051855,0,2,Simbad,NED,173.0558,0.8193
rs0504,,,0.0175607,7.25419998,1.05510464,0.81357998,0,1,Simbad,NED,173.0688,0.5123
rs0505,0,0,1.45969272,9.77210999,0.05363151,0.052172,0,2,Simbad,NED,173.0899,0.804
rs0506,,,0.02708402,7.39961576,2.02417617,0.081903,0,1,Simbad,NED,173.1433,0.8012
rs0507,,,0.04555015,7.62196732,1.90298637,0.24298,0,1,Simbad,NED,173.2182,1.1726
rs0508,0,0,0.10995948,7.82102776,0.88640885,0.35095999,0,2,Simbad,NED,173.2232,0.568
rs0509,,,0.2831524,8.6877203,1.86867882,0.34812999,0,2,Simbad,NED,173.3396,0.7987
rs0510,,,0.03536154,7.56956482,1.34326004,1.046,0,1,Simbad,NED,173.4947,4.345
rs0511,0,0,0.01681826,9.74652672,2.10639949,0.97250998,0,2,Simbad,NED,173.5162,2.9735
rs0512,,,0.05765402,8.22818756,1.07489705,0.70379001,0,1,Simbad,NED,173.5717,3.8415
rs0513,,,0.01701017,8.42276287,1.07274881,0.45943999,0,1,Simbad,NED,173.6021,1.1544
rs0514,,,0.046362,7.59241104,1.50684421,0.89283001,0,1,Simbad,NED,173.6322,3.6349
rs0515,,,0.03721299,7.7069912,1.37038688,1.29030001,0,1,Simbad,NED,173.7689,1.6759
rs0516,3,1,0.58322012,7.34979343,1.72084491,0.58419001,0,2,Simbad,NED,173.7704,2.5513
rs0517,,,0.21335138,9.14295006,2.93548205,0.6419,0,2,Simbad,NED,173.7811,4.221
rs0518,,,0.02128759,7.8871088,1.07274881,0.56674999,0,1,Simbad,NED,173.7952,1.9868
rs0519,0,0,1.06407297,8.39842892,1.30171076,0.72065002,0,2,Simbad,NED,173.9039,0.1278
rs0520,0,0,0.25380412,8.74173069,1.29990413,0.48021999,0,2,Simbad,NED,173.9117,1.3576
rs0521,,,0.11745372,7.96346998,0.96033111,0.30473,0,2,Simbad,NED,174.1139,3.9755
rs0522,,,0.7487303,7.99728251,0.96033111,0.3075,0,2,Simbad,NED,174.226,4.1237
rs0523,,,0.02998543,7.68970919,1.29382663,0.29729,0,1,Simbad,NED,174.3821,0.2739
rs0524,,,0.22535132,7.03690529,0.35656063,0.26561999,0,2,Simbad,NED,174.4073,3.3245
rs0525,,,0.01149072,7.9081316,1.37038688,1.24549997,0,1,Simbad,NED,174.4099,1.0867
rs0526,,,0.09263001,8.67669106,1.32765599,0.81730002,0,1,Simbad,NED,174.4362,4.075
rs0527,,,0.03496136,7.87764168,0.56370026,0.30768001,0,1,Simbad,NED,174.6185,0.3005
rs0528,,,0.6860109,8.93688774,0.02716685,0.026915,0,2,Simbad,NED,174.7289,3.581
rs0529,,,0.05496886,8.33257103,0.02716685,0.026994,0,1,Simbad,NED,174.7305,3.6008
rs0530,,,0.02895083,7.18873453,0.80128377,0.70065999,0,1,Simbad,NED,174.8011,1.1579
rs0531,,,0.69810587,9.17920971,0.2355117,0.2411,0,2,Simbad,NED,174.8618,3.4711
rs0532,,,0.16524699,9.18212795,1.0611037,0.35999,0,2,Simbad,NED,174.8736,0.1166
rs0533,,,0.42340067,8.86610794,2.09620122,0.36085001,0,2,Simbad,NED,174.91,4.4657
rs0534,0,0,0.15731888,7.64843798,1.00365927,0.73855001,0,2,Simbad,NED,175.0493,3.5678
rs0535,,,0.02043636,7.18952131,4.39166387,2.42849994,0,1,Simbad,NED,175.05,2.1852
rs0536,,,0.14695923,8.96158886,0.67864336,0.37792999,0,2,Simbad,NED,175.0789,4.2697
rs0537,0,0,0.06298109,9.78130245,1.01651747,0.3917,0,2,Simbad,NED,175.2072,1.7589
rs0538,,,0.31110784,8.07427883,0.36418099,0.29534999,0,2,Simbad,NED,175.2139,4.8097
rs0539,,,0.00911536,8.18416595,0.05015144,0.050935,0,1,Simbad,NED,175.2364,1.4611
rs0540,,,0.10279389,9.83958626,0.05015144,0.051579,0,2,Simbad,NED,175.2567,1.4934
rs0541,,,0.09881179,9.58118248,0.36418099,0.29585999,0,2,Simbad,NED,175.2907,4.6257
rs0542,0,0,0.1235024,7.37660408,1.76248384,0.37349999,0,2,Simbad,NED,175.3424,0.1276
rs0543,,,0.20328221,7.45497274,1.00365927,0.73328,0,2,Simbad,NED,175.4311,3.7818
rs0545,0,0,0.07098387,7.87593317,0.60609438,0.27462,0,2,Simbad,NED,175.4621,2.3931
rs0546,3,1,0.66518199,7.69203949,0.60609438,0.27182999,0,2,Simbad,NED,175.4673,2.582
rs0547,,,2.89047074,9.31071281,0.19425393,0.1947,0,2,Simbad,NED,175.5511,0.3341
rs0548,0,0,0.05766389,7.84649229,0.16897316,0.16869999,0,1,Simbad,NED,175.6867,0.2823
rs0549,,,0.41665661,8.45034218,0.16897316,0.16979,0,2,Simbad,NED,175.7245,0.1619
rs0550,,,0.03527413,7.91472578,0.997994,0.11534,0,1,Simbad,NED,175.7887,0.559
rs0551,,,0.02118584,7.06069946,0.03040122,0.031689,0,1,Simbad,NED,175.8374,0.0285
rs0552,3,1,0.13525097,7.52549076,0.03040122,0.030961,0,2,Simbad,NED,175.8548,0.0139
rs0553,,,0.25611132,7.56181479,1.0059558,0.93915999,0,2,Simbad,NED,175.9028,4.9296
rs0554,4,2,0.30099887,9.94682884,1.28221084,0.30515999,0,2,Simbad,NED,176.3969,3.2319
rs0555,1,1,0.80134177,7.98676682,0.73977226,0.30181,0,2,Simbad,NED,176.442,3.0297
rs0556,,,0.19858071,7.24841976,1.0059558,0.87400001,0,2,Simbad,NED,176.4883,4.747
rs0557,,,0.01221098,8.64188004,2.63404424,2.0394001,0,1,Simbad,NED,176.7226,2.1006
rs0558,,,0.00443346,8.55026817,4.74245436,2.04189992,0,1,Simbad,NED,176.7696,1.8142
rs0559,0,0,0.05316428,8.98517799,0.58588898,0.38751999,0,1,Simbad,NED,176.8037,2.5339
rs0560,,,0.30420765,8.72584534,0.58588898,0.38714001,0,2,Simbad,NED,176.8835,2.7876
rs0561,,,0.80346853,8.76119423,1.29329789,0.57384002,0,2,Simbad,NED,177.0007,4.4882
rs0562,0,0,0.06332362,7.73374748,0.33051963,0.20547999,0,2,Simbad,NED,177.1575,0.0244
rs0564,,,0.20733604,7.43528605,1.29329789,0.58183998,0,2,Simbad,NED,177.2301,4.1648
rs0565,1,2,0.04439974,7.33092403,1.18030969,0.69622999,0,1,Simbad,NED,177.347,2.6926
rs0566,0,0,0.10463266,8.15495491,0.99641599,0.77528,0,1,Simbad,NED,177.4138,3.2218
rs0567,1,1,0.00924008,9.80193901,0.9402895,0.56058002,0,2,Simbad,NED,177.628,1.9833
rs0568,,,0.12203049,7.90049219,0.85055759,0.67005002,0,2,Simbad,NED,177.8833,4.8526
rs0569,,,0.01680682,8.14385319,0.84111212,0.19718,0,1,Simbad,NED,178.0061,1.9979
rs0570,,,0.0173797,9.48893547,0.85055759,0.67439002,0,2,Simbad,NED,178.0467,4.3565
rs0571,0,0,0.20866199,7.70900393,0.69906224,0.31963,0,1,Simbad,NED,178.0626,2.5332
rs0572,,,0.3543523,8.84484768,1.80148677,1.54900002,0,2,Simbad,NED,178.0979,3.9744
rs0573,0,0,0.36974978,7.75247288,0.95564056,0.19943,0,2,Simbad,NED,178.141,2.0269
rs0574,3,1,1.95834351,8.23052025,0.24971567,0.25005001,0,2,Simbad,NED,178.1808,1.7409
rs0575,,,0.01028095,7.770051,0.24971567,0.25735,0,1,Simbad,NED,178.2229,1.5784
rs0576,,,0.01579763,7.6121068,0.84111212,0.36601001,0,1,Simbad,NED,178.4903,1.8347
rs0577,,,0.13056484,7.51452208,0.91930392,0.4226,0,1,Simbad,NED,178.5089,1.5484
rs0578,,,0.6483922,8.10007954,1.15858013,0.80150002,0,2,Simbad,NED,178.7138,2.9593
rs0579,,,0.61876458,8.68820858,1.81775852,1.56900001,0,2,Simbad,NED,178.7418,4.6606
rs0580,,,0.04438629,7.50639153,1.98474075,0.39107999,0,1,Simbad,NED,178.7475,1.8584
rs0581,,,0.02935399,7.22017097,1.97988159,0.87338001,0,1,Simbad,NED,178.8663,4.1473
rs0582,,,0.13963932,8.66235447,1.80148677,1.59179997,0,2,Simbad,NED,179.1088,3.7667
rs0583,,,0.01914812,7.98445606,1.99452996,0.75152999,0,1,Simbad,NED,179.1905,1.0143
rs0584,,,0.04711128,7.82170296,1.00769765,0.47773001,0,1,Simbad,NED,179.2155,4.8383
rs0585,,,0.09284913,7.97152328,1.74395767,0.78275001,0,2,Simbad,NED,179.2359,2.8064
rs0586,,,0.05518195,8.36488247,1.26176905,0.78191,0,1,Simbad,NED,179.2599,0.4984
rs0587,,,0.37720034,9.59568596,0.07251171,0.073347,0,2,Simbad,NED,179.3479,4.543
rs0588,,,0.06541283,7.84526157,0.07251171,0.071295,0,2,Simbad,NED,179.3959,4.5562
rs0589,,,0.05344086,8.76866722,1.00769765,0.51034999,0,1,Simbad,NED,179.6811,4.3615
rs0590,,,0.30782223,8.15223503,1.54491357,0.91286999,0,2,Simbad,NED,179.8952,3.3381
rs0591,0,0,0.24931048,8.36581516,0.62904189,0.40222999,0,2,Simbad,NED,180.0749,0.2949
rs0592,0,0,0.00622763,8.70307159,1.90532202,0.53463,0,1,Simbad,NED,180.1107,1.6688
rs0593,0,0,0.00439785,8.40207577,0.15246855,0.14952999,0,2,Simbad,NED,180.1528,2.1466
rs0594,,,0.01271726,8.03295326,0.1180229,0.11799,0,2,Simbad,NED,180.2445,2.1038
rs0595,0,0,0.06554124,9.64686298,0.62904189,0.40434,0,2,Simbad,NED,180.2708,0.1138
rs0596,0,0,0.00758709,9.66767311,0.06251799,0.063815,0,2,Simbad,NED,180.3049,2.05
rs0597,,,0.01400767,7.79593754,0.06251799,0.063278,0,1,Simbad,NED,180.3212,2.0881
rs0598,0,0,0.18394789,9.5424633,1.57769627,0.56766999,0,2,Simbad,NED,180.3344,2.5239
rs0599,0,0,0.0978318,8.54823112,2.36064358,0.25117001,0,2,Simbad,NED,180.3452,1.9256
rs0600,0,0,0.13207819,8.08038712,2.0257375,0.29429999,0,2,Simbad,NED,180.3818,1.2958
rs0602,,,0.03652099,8.28111362,0.38566296,0.27579001,0,2,Simbad,NED,180.3972,4.5925
rs0603,,,0.0663564,8.501091,0.38566296,0.2457,0,2,Simbad,NED,180.4209,4.77
rs0605,,,0.00858106,7.83579397,0.24773502,0.24296001,0,1,Simbad,NED,180.4562,4.4053
rs0604,,,0.00846034,7.89672613,0.35894157,0.65991002,0,1,Simbad,NED,180.4561,2.4215
rs0606,,,0.00724495,8.06321716,0.17734921,0.11174,0,1,Simbad,NED,180.4622,1.5698
rs0607,,,0.00337655,8.26843548,0.38609894,0.25477999,0,1,Simbad,NED,180.4838,2.096
rs0608,0,0,0.02875335,9.8039875,1.60341408,0.10702,0,2,Simbad,NED,180.5225,1.526
rs0609,0,0,0.03725117,8.78072929,1.41790667,0.52699,0,2,Simbad,NED,180.5397,3.3106
rs0610,,,0.03329781,10.18064308,0.77616,0.24913999,0,2,Simbad,NED,180.5733,4.7164
rs0611,,,0.00221899,8.50469685,0.12675546,0.10718,0,1,Simbad,NED,180.5841,1.7981
rs0612,,,0.7140457,10.21328354,0.12865103,0.12932999,0,2,Simbad,NED,180.5956,4.3298
rs0613,,,0.01057815,7.64645815,0.30622994,0.23424999,0,1,Simbad,NED,180.6093,1.3527
rs0614,0,0,0.00675407,8.80167198,0.56887159,0.20128,0,2,Simbad,NED,180.6196,2.2886
rs0615,,,0.02560523,8.54433346,0.12865103,0.12978999,0,2,Simbad,NED,180.6284,4.4053
rs0616,0,0,0.00878208,8.98090935,1.41867078,0.10088,0,2,Simbad,NED,180.6363,1.7489
rs0617,2,2,0.04470979,8.84166241,0.12675546,0.12785999,0,2,Simbad,NED,180.6414,1.8611
rs0618,,,0.06955718,7.84658289,1.09048855,0.51464999,0,1,Simbad,NED,180.6514,4.55
rs0619,,,0.05506732,9.43161392,1.34706669,0.26629001,0,2,Simbad,NED,180.6778,1.9522
rs0620,3,1,0.02249286,7.81569052,1.3754144,0.13506,0,1,Simbad,NED,180.6788,1.5263
rs0621,,,0.00982924,7.92935801,0.05731051,0.059591,0,1,Simbad,NED,180.7039,4.208
rs0622,,,0.07867184,10.19761276,0.05731051,0.060139,0,2,Simbad,NED,180.7316,4.234
rs0623,0,0,0.06098186,8.55670547,2.17342979,0.44604999,0,1,Simbad,NED,180.7371,1.3938
rs0624,0,0,0.00751012,9.0180521,0.23882053,0.23474,0,2,Simbad,NED,180.7394,2.1352
rs0625,,,0.84138924,8.54233074,0.18753003,0.18832999,0,2,Simbad,NED,180.7407,4.846
rs0626,1,1,0.04728208,9.08830643,0.13013225,0.12846,0,2,Simbad,NED,180.7539,2.8364
rs0627,,,0.0333801,8.92376518,3.07849443,0.17065001,0,2,Simbad,NED,180.7583,4.1187
rs0628,,,0.00280758,8.47290421,0.30622994,0.14546999,0,1,Simbad,NED,180.7713,1.4782
rs0629,,,0.11481638,10.49955559,0.10379742,0.097145,0,2,Simbad,NED,180.8051,1.9509
rs0630,,,0.00996792,7.98540449,0.1086889,0.10583,0,1,Simbad,NED,180.8445,4.2298
rs0631,,,0.04097643,8.20474815,0.13013225,0.12684,0,1,Simbad,NED,180.8466,2.8345
rs0632,0,0,0.0179164,9.47770309,0.10379742,0.1043,0,2,Simbad,NED,180.8697,1.9765
rs0633,0,0,0.03361313,9.36462593,1.62030587,0.34321001,0,2,Simbad,NED,180.8728,1.2294
rs0634,,,0.00594394,8.76614094,0.1086889,0.10952,0,2,Simbad,NED,180.8809,4.1676
rs0635,,,0.01720612,7.55848646,0.26602493,0.05918,0,1,Simbad,NED,180.882,2.0086
rs0636,0,0,0.10130037,9.29179287,0.23197607,0.23592,0,2,Simbad,NED,180.8839,3.3978
rs0637,0,0,0.01930021,7.98699474,0.08723933,0.084611,0,1,Simbad,NED,180.8867,1.8029
rs0638,0,0,0.03609524,8.43027496,0.12600931,0.12111,0,2,Simbad,NED,180.8932,2.1789
rs0639,2,2,0.00731348,7.64734411,0.0108281,0.0092387,0,2,Simbad,NED,180.9001,2.05
rs0640,,,0.0663031,9.00165367,0.15538733,0.15276,0,2,Simbad,NED,180.901,3.7565
rs0641,0,0,0.0168502,8.34530067,0.54028626,0.29969001,0,2,Simbad,NED,180.904,2.6305
rs0642,0,0,0.08219909,10.34183598,0.0108281,-999.0,0,2,Simbad,NED,180.9066,2.0469
rs0643,,,0.00517425,8.94743633,0.14814807,0.14663,0,2,Simbad,NED,180.9127,3.6459
rs0644,,,0.07391459,7.48320198,0.33415448,0.33316001,0,1,Simbad,NED,180.9127,4.4404
rs0645,3,2,0.08790608,7.84732628,0.10826122,0.10969,0,1,Simbad,NED,180.9259,1.4576
rs0646,,,0.02292917,7.63342381,0.02717329,0.027228,0,1,Simbad,NED,180.9342,4.2154
rs0647,3,2,0.03536286,9.08461571,0.04710742,0.044479,0,2,Simbad,NED,180.9348,1.8361
rs0648,0,0,0.07462172,9.8273735,0.17698984,0.17422,0,2,Simbad,NED,180.936,1.6952
rs0649,,,0.01330668,8.91433525,0.07647628,0.13407999,0,2,Simbad,NED,180.9483,2.0172
rs0650,,,0.6424284,8.62490273,0.02717329,0.026036,0,2,Simbad,NED,180.953,4.222
rs0651,0,0,0.11317179,9.79588127,0.14814807,0.15001,0,2,Simbad,NED,180.9541,3.5483
rs0652,0,0,0.00550812,8.66095924,0.0450746,0.043718,0,2,Simbad,NED,180.9662,1.8361
rs1337,3,1,0.56311315,8.27312279,0.08402463,0.19839001,0,2,Simbad,NED,180.9759,1.8915
rs0653,0,0,0.01193014,9.15351105,0.12600931,0.1268,0,2,Simbad,NED,180.9776,2.181
rs0654,0,0,0.00664731,8.96065331,0.04859177,0.11945,0,2,Simbad,NED,180.9897,1.961
rs0655,,,0.02952453,7.34325218,0.10826122,0.10889,0,1,Simbad,NED,180.9924,1.4827
rs0656,4,1,0.26931009,9.45308971,1.30400226,0.11721,0,2,Simbad,NED,180.9977,1.4108
rs0657,,,0.00469035,8.39689922,0.04859177,0.12551001,0,1,Simbad,NED,181.0204,1.9718
rs0658,0,0,0.03235929,9.6536417,0.03222741,0.031734,0,2,Simbad,NED,181.0249,1.8471
rs0659,0,0,0.00750211,7.59920835,0.1459359,0.16948999,0,1,Simbad,NED,181.0309,1.5835
rs0660,3,1,0.16619971,8.32119656,0.03222741,0.033373,0,2,Simbad,NED,181.0405,1.8262
rs0661,,,0.00754888,8.04977417,0.12427783,0.12444,0,1,Simbad,NED,181.0463,2.3213
rs0662,0,0,0.01364643,10.31324959,0.03689965,0.082029,0,2,Simbad,NED,181.0545,1.9002
rs0663,0,0,0.00655212,9.30935383,0.03731894,0.079173,0,2,Simbad,NED,181.0621,1.8667
rs0664,0,0,0.01402469,9.14456272,0.03808912,0.037576,0,2,Simbad,NED,181.0693,1.5463
rs0665,,,0.004081,8.4199791,0.08652337,0.10643,0,1,Simbad,NED,181.0696,2.0023
rs0666,0,0,0.00415452,9.77542496,0.03689965,0.070626,0,2,Simbad,NED,181.0721,1.9175
rs0667,,,0.18305935,8.33584309,0.54500006,0.28691,0,2,Simbad,NED,181.0721,3.8731
rs0668,0,0,0.01073428,8.85226917,0.03474286,0.037913,0,2,Simbad,NED,181.0761,1.7
rs0669,0,0,0.05323753,9.52619553,0.03610761,0.14812,0,2,Simbad,NED,181.0791,1.8484
rs0670,0,0,0.10051332,8.71636391,0.03808912,0.038284,0,2,Simbad,NED,181.0832,1.5675
rs0671,0,0,0.04559418,7.98639822,1.82056801,0.40395999,0,1,Simbad,NED,181.1026,2.4593
rs0672,0,0,0.03540598,8.64095974,0.06340066,0.10349,0,2,Simbad,NED,181.1049,1.6473
rs0673,0,0,0.80176944,9.34436417,0.01182961,0.012019,0,2,Simbad,NED,181.1125,1.8961
rs0674,0,0,0.00725573,8.60136986,0.04281656,0.046987,0,2,Simbad,NED,181.1151,1.7485
rs0675,0,0,0.01141582,9.88296604,0.01182961,-999.0,0,2,Simbad,NED,181.1203,1.8944
rs0676,0,0,0.01031947,9.41083431,0.16653152,0.098236,0,2,Simbad,NED,181.1227,1.94
rs0677,0,0,0.12001925,8.21355629,0.01563838,0.014775,0,2,Simbad,NED,181.1244,2.4486
rs0678,,,0.04512127,7.77935314,0.06340066,0.11739,0,1,Simbad,NED,181.1262,1.684
rs0679,0,0,0.21011265,7.97862911,0.12427783,0.12215,0,2,Simbad,NED,181.1284,2.3434
rs0680,0,0,0.01244326,8.97844887,0.01563838,-999.0,0,2,Simbad,NED,181.134,2.4532
rs0681,3,2,0.0680246,9.74580383,0.03262471,0.055311,0,2,Simbad,NED,181.1416,1.8019
rs0682,0,0,0.02376136,9.6878891,0.04281656,0.047088,0,2,Simbad,NED,181.1419,1.7381
rs0683,0,0,0.00621743,9.17338276,0.06072048,0.059453,0,2,Simbad,NED,181.145,1.8424
rs0684,0,0,0.01973587,9.10268784,0.0383266,0.040525,0,2,Simbad,NED,181.1522,2.0474
rs0685,2,2,0.00350927,9.39780426,0.03937937,0.039369,0,2,Simbad,NED,181.153,1.8927
rs0686,,,0.00142482,9.29523659,0.03937937,0.03777,0,1,Simbad,NED,181.1531,1.9191
rs0687,3,1,0.25971442,10.09357548,0.0383266,0.041272,0,2,Simbad,NED,181.1575,2.0725
rs0688,3,1,0.34053317,9.79173088,0.03262471,0.090841,0,2,Simbad,NED,181.1584,1.7878
rs0689,,,0.00533534,8.56625366,2.20434948,0.25207001,0,2,Simbad,NED,181.1687,2.1389
rs0690,,,0.00473313,8.22180843,0.08101407,0.091085,0,1,Simbad,NED,181.1717,1.9969
rs0691,0,0,0.01721542,8.92056751,0.10873425,0.10732,0,2,Simbad,NED,181.1743,1.6028
rs0692,0,0,0.0045977,9.28734875,0.05493286,0.055231,0,2,Simbad,NED,181.1915,1.804
rs0693,0,0,0.00626388,9.61726189,4.53547698,0.19255,0,2,Simbad,NED,181.1933,2.0053
rs0694,0,0,0.0145254,9.63003349,0.05928191,0.05536,0,2,Simbad,NED,181.2218,1.9423
rs0695,0,0,0.00936802,9.52271843,0.05738957,0.054347,0,2,Simbad,NED,181.2258,1.8214
rs0696,0,0,0.08925992,8.90660191,1.51099254,0.45638001,0,2,Simbad,NED,181.2274,1.2155
rs0697,0,0,0.00437515,8.60079384,0.06402517,0.060913,0,2,Simbad,NED,181.2328,1.9009
rs0698,0,0,0.08184895,8.29864311,0.10978183,0.10815,0,2,Simbad,NED,181.237,1.5082
rs0699,0,0,0.00697881,8.40339756,0.10873425,0.10785,0,2,Simbad,NED,181.2391,1.6353
rs0700,,,0.02174379,7.91073418,0.33216437,0.22329,0,1,Simbad,NED,181.2657,2.5671
rs0701,,,0.00346371,8.19657326,0.33216437,0.094349,0,1,Simbad,NED,181.2852,2.3457
rs0702,,,0.00238346,8.42450905,0.08256276,0.098268,0,2,Simbad,NED,181.2878,1.846
rs0703,0,0,0.02485043,8.45805836,0.10978183,0.11405,0,1,Simbad,NED,181.2894,1.5592
rs0704,,,0.00548782,7.91939306,0.18810593,0.10655,0,1,Simbad,NED,181.299,2.4158
rs0705,0,0,0.03002964,9.46630096,0.18810593,0.1,0,2,Simbad,NED,181.3248,2.2895
rs0706,0,0,0.00709697,9.28928661,0.16520487,0.14899001,0,2,Simbad,NED,181.3284,1.6375
rs0707,0,0,0.01129593,9.13155365,0.08441901,0.11458,0,2,Simbad,NED,181.3338,1.7787
rs0708,3,1,0.13372768,10.00444221,0.76386871,0.19806001,0,2,Simbad,NED,181.337,2.5343
rs0709,0,0,0.03446293,9.46068192,0.76386871,0.19619,0,2,Simbad,NED,181.3398,2.0862
rs0710,0,0,0.10457018,7.41016054,1.82056801,0.20608,0,1,Simbad,NED,181.3529,2.2086
rs0711,0,0,0.01020136,9.39021301,0.12955355,0.15784,0,2,Simbad,NED,181.3645,1.9482
rs0712,,,0.02498937,7.47718811,0.05416585,0.042158,0,1,Simbad,NED,181.3663,1.8615
rs0713,0,0,0.07069128,7.50144434,2.51767661,0.33776,0,2,Simbad,NED,181.3831,0.0394
rs0714,2,2,0.06512047,9.64797497,0.22888783,0.13526,0,2,Simbad,NED,181.407,1.8283
rs0715,,,0.04972161,7.51714659,1.51099254,0.57135999,0,1,Simbad,NED,181.4144,0.4086
rs0716,3,2,0.04006558,9.5783968,0.16115737,0.027737,0,2,Simbad,NED,181.4193,1.5936
rs0717,0,0,0.03251114,9.41512871,0.16520487,0.026302,0,2,Simbad,NED,181.4196,1.575
rs0718,,,0.00294825,8.20919609,0.22888783,0.15155999,0,1,Simbad,NED,181.4502,1.9718
rs0719,0,0,0.08551414,9.72865772,0.50863356,0.24549,0,2,Simbad,NED,181.4976,2.4984
rs0720,0,0,0.01289057,7.95244503,0.20189173,0.13955,0,2,Simbad,NED,181.4992,1.8861
rs0721,,,0.01906241,7.51700974,0.18969749,0.13882001,0,1,Simbad,NED,181.513,1.5552
rs0722,0,0,0.06462203,8.20615673,0.35983006,0.32870001,0,1,Simbad,NED,181.5265,2.1923
rs0724,4,1,0.31707096,8.74337769,0.18969749,0.18995,0,2,Simbad,NED,181.6313,1.6166
rs0725,0,0,0.02082386,9.02936935,1.3754144,0.40753001,0,2,Simbad,NED,181.664,1.2843
rs0726,0,0,0.05525204,8.15410042,1.30400226,0.32649001,0,1,Simbad,NED,181.6674,1.3344
rs0727,0,0,0.09903859,7.66506863,0.0992626,0.09735,0,1,Simbad,NED,181.8834,1.6375
rs0728,0,0,0.0337966,9.63785458,0.0992626,0.099676,0,2,Simbad,NED,181.9086,1.5743
rs0729,,,0.00829316,7.9814024,3.00494968,1.27989995,0,1,Simbad,NED,181.9171,0.2467
rs0730,,,0.03060899,7.44755363,0.22564199,0.28814,0,1,Simbad,NED,182.0023,1.362
rs0731,2,1,0.34324566,8.14274216,0.17996447,0.17911001,0,2,Simbad,NED,182.0164,0.6977
rs0732,,,0.00242922,8.89451981,0.17996447,0.15254,0,1,Simbad,NED,182.1292,0.7526
rs0733,0,0,0.03847452,8.23434162,1.10298243,0.28472,0,2,Simbad,NED,182.13,1.9094
rs0734,0,0,0.09569914,8.75356674,1.7728828,0.26914001,0,2,Simbad,NED,182.1779,1.4566
rs0735,,,0.00444264,8.19539642,1.77927805,0.14177001,0,1,Simbad,NED,182.2206,0.7056
rs0736,,,0.03797026,8.0043335,0.15458244,0.16051,0,1,Simbad,NED,182.2783,0.4733
rs0737,,,0.03213072,7.80758572,2.20434948,1.88049996,0,1,Simbad,NED,182.2996,1.7315
rs0738,0,0,0.04532784,8.07319355,1.06404098,0.26696,0,1,Simbad,NED,182.3047,1.8365
rs0739,,,0.01177378,8.39194775,0.37980219,0.27004001,0,1,Simbad,NED,182.3217,1.1516
rs0740,0,0,0.03611427,7.59617519,0.77217673,0.24895,0,1,Simbad,NED,182.3555,0.3082
rs0741,0,0,0.13167797,9.17004871,0.15458244,0.049105,0,2,Simbad,NED,182.3694,0.5334
rs0742,,,0.00776249,8.51361561,0.18273805,0.052273,0,1,Simbad,NED,182.4044,0.5361
rs0743,0,0,0.03243284,7.93592167,0.10007984,0.10009,0,1,Simbad,NED,182.411,0.957
rs0744,0,0,0.00997692,10.18825722,0.18273805,0.19250999,0,2,Simbad,NED,182.421,0.6577
rs0745,0,0,0.22677304,9.04477024,0.10007984,0.1016,0,2,Simbad,NED,182.4743,0.9285
rs0746,0,0,0.03736702,7.80316067,1.63505899,0.38618001,0,1,Simbad,NED,182.48,2.0687
rs0747,0,0,0.00954662,8.23293781,0.16813835,0.16441999,0,2,Simbad,NED,182.5513,0.7541
rs0748,0,0,0.04736126,8.48988724,0.11328871,0.11379,0,2,Simbad,NED,182.5693,0.6266
rs0749,3,2,0.00328976,9.91901493,0.0116308,0.011585,0,2,Simbad,NED,182.6297,0.6728
rs0750,3,2,0.11559836,9.22255325,0.0116308,-999.0,0,2,Simbad,NED,182.6358,0.6776
rs0751,0,0,0.09599464,8.76428509,0.12750594,0.05465,0,2,Simbad,NED,182.647,1.0287
rs0752,,,0.07999686,7.34900188,2.14798835,0.05879,0,1,Simbad,NED,182.6552,1.0649
rs0753,,,0.02377681,7.33194017,0.12750594,0.13364001,0,1,Simbad,NED,182.6817,0.9519
rs0754,0,0,0.03952171,8.34514046,0.05808968,0.05889,0,2,Simbad,NED,182.6846,0.6259
rs0755,0,0,0.06811743,8.23301983,0.05808968,0.056103,0,1,Simbad,NED,182.7095,0.596
rs0756,0,0,0.01899455,8.67289066,0.09141706,0.090362,0,1,Simbad,NED,182.7641,0.6241
rs0757,0,0,0.11682582,9.39386368,0.03384181,0.032289,0,2,Simbad,NED,182.7669,0.9724
rs0758,0,0,0.0305885,8.48332691,0.03384181,0.03287,0,2,Simbad,NED,182.783,0.9569
rs0759,,,0.02230032,7.50958443,0.06980223,0.067154,0,1,Simbad,NED,182.7906,0.7857
rs0761,4,2,0.13103358,10.07792568,1.65979419,0.95055997,0,2,Simbad,NED,182.7951,2.2557
rs0760,,,0.02459695,7.7311902,1.33896232,0.22322001,0,1,Simbad,NED,182.7952,1.4418
rs0762,3,1,0.15702274,7.70586395,0.06980223,0.072342,0,2,Simbad,NED,182.8326,0.805
rs0763,0,0,0.14683729,8.21524525,0.09734759,0.097894,0,2,Simbad,NED,182.869,0.3786
rs0764,,,0.03110006,8.35705853,0.09734759,0.098221,0,1,Simbad,NED,182.9043,0.3224
rs0765,0,0,0.02293763,5.32991457,0.1054452,0.10418,0,1,Simbad,NED,182.9205,0.2527
rs0766,0,0,0.01062203,8.12556934,0.46692996,0.25093001,0,2,Simbad,NED,182.9446,0.9894
rs0767,2,2,0.05457867,7.66207933,0.21126735,0.21337,0,1,Simbad,NED,182.9899,1.4891
rs0768,0,0,0.49942988,7.90053844,0.08451746,0.085227,0,2,Simbad,NED,182.9978,1.3498
rs0769,0,0,0.10347558,8.01413155,0.08451746,0.082585,0,2,Simbad,NED,183.0384,1.3115
rs0770,,,0.04731053,7.32034492,0.54159356,0.18673,0,1,Simbad,NED,183.0908,0.2965
rs0771,2,2,0.06607693,7.40253448,0.85709511,0.04398,0,2,Simbad,NED,183.1286,0.8942
rs0772,,,0.03021485,7.65745831,1.24430222,0.16091,0,1,Simbad,NED,183.1437,0.1861
rs0773,,,0.01665903,7.4625988,1.01652594,0.041216,0,1,Simbad,NED,183.1582,0.8934
rs0774,0,0,0.18170609,7.40952587,0.72226446,0.22701,0,2,Simbad,NED,183.1933,0.4091
rs0775,0,0,0.23069119,7.60557556,0.54159356,0.27261001,0,2,Simbad,NED,183.2512,0.0439
rs0776,,,0.04242336,8.30934525,1.05908054,0.43472001,0,1,Simbad,NED,183.2913,1.1923
rs0777,3,1,0.13111302,6.98677588,1.27179721,0.81827003,0,2,Simbad,NED,183.5092,2.9927
rs0778,0,0,0.07305869,8.02152729,1.56686167,0.69546002,0,1,Simbad,NED,183.5332,2.0826
rs0779,3,1,0.46241921,9.54101849,0.16559698,0.16603,0,2,Simbad,NED,183.6216,0.8302
rs0780,,,0.02910291,7.16093731,0.23359946,0.24052,0,1,Simbad,NED,183.6372,0.9843
rs0781,,,0.2735959,8.43588543,0.16559698,0.16791999,0,2,Simbad,NED,183.6893,0.7436
rs0782,0,0,0.15235984,8.72358704,1.41194501,0.4725,0,1,Simbad,NED,183.8946,1.2864
rs0783,0,0,0.61073798,8.98295307,0.97854384,0.68211001,0,2,Simbad,NED,183.9686,0.4007
rs0784,,,0.17367607,9.81587505,0.39773907,0.36961001,0,2,Simbad,NED,183.9904,3.306
rs0785,2,1,0.09719861,8.04414463,1.61946262,0.72759998,0,2,Simbad,NED,183.994,2.0397
rs0786,0,0,0.06531523,7.61660767,0.39773907,0.36969,0,2,Simbad,NED,184.1391,3.5215
rs0787,,,0.04010246,7.02638245,1.60028674,0.45109999,0,1,Simbad,NED,184.1772,1.405
rs0788,,,0.3879666,7.80096436,1.40367138,0.88827997,0,2,Simbad,NED,184.3388,2.5797
rs0789,2,2,0.08698649,7.20947456,1.73301322,0.42140999,0,2,Simbad,NED,184.3721,1.1986
rs0790,,,0.08022132,7.64120293,1.55494364,1.18729997,0,1,Simbad,NED,184.4462,4.7831
rs0791,,,0.03826556,8.43665695,0.97854384,0.41204,0,1,Simbad,NED,184.5695,0.5519
rs0792,,,0.02658014,7.95122528,0.47228185,0.21635,0,1,Simbad,NED,184.6069,2.0039
rs0793,,,0.19454378,7.96208286,1.57064633,1.29330003,0,2,Simbad,NED,184.6252,4.3069
rs0794,,,0.07869482,8.01881504,1.17619816,0.84157997,0,1,Simbad,NED,184.6274,0.0133
rs0795,,,0.05652342,7.78863144,0.09282199,0.092092,0,1,Simbad,NED,184.667,3.027
rs0796,,,0.03925953,6.95916033,0.47228185,0.21538,0,1,Simbad,NED,184.6985,2.0996
rs0797,0,0,0.20911704,9.61790752,0.03602884,0.036336,0,2,Simbad,NED,184.7225,3.0144
rs0798,3,2,0.13154677,9.46480751,0.02713398,0.026737,0,2,Simbad,NED,184.723,2.9923
rs0799,0,0,0.04876016,7.77088547,0.02713398,0.02701,0,1,Simbad,NED,184.7395,2.9906
rs0800,,,0.02700118,7.6515522,0.06565076,0.065101,0,1,Simbad,NED,184.8174,0.6481
rs0801,3,1,0.03861443,10.03654099,0.06565076,0.065555,0,2,Simbad,NED,184.8551,0.6309
rs0802,0,0,0.07071363,7.92978859,1.46201668,0.82173997,0,2,Simbad,NED,184.8988,1.2167
rs0803,,,0.06861133,6.80228853,1.39537773,1.17420006,0,2,Simbad,NED,185.1116,4.5917
rs0804,0,0,0.1287563,8.67922211,1.09363365,0.75761998,0,2,Simbad,NED,185.1678,2.7581
rs0805,,,0.13122249,7.78513908,0.69347846,0.44731,0,2,Simbad,NED,185.4786,4.8754
rs0806,,,0.03707124,8.69753265,0.53184574,0.51008999,0,2,Simbad,NED,185.5027,2.8994
rs0807,,,0.03131015,7.44552088,1.79857381,0.70425999,0,1,Simbad,NED,185.5372,1.1128
rs0808,,,0.14583182,10.12885284,0.21094691,0.20993,0,2,Simbad,NED,185.6764,3.1419
rs0809,3,1,0.85987723,8.80030441,0.0563737,0.056618,0,2,Simbad,NED,185.7067,3.104
rs0810,0,0,0.07883267,7.40862656,0.0563737,0.056802,0,1,Simbad,NED,185.7303,3.1315
rs0811,,,0.02987986,8.49628639,1.48384927,0.56981999,0,2,Simbad,NED,185.7324,3.6798
rs0812,,,0.14191638,9.83367252,0.79661943,0.25826001,0,2,Simbad,NED,185.7682,3.6659
rs0813,0,0,0.24393836,8.49909306,0.21094691,0.21261001,0,2,Simbad,NED,185.7964,3.1115
rs0814,,,0.07655688,8.53117085,0.81414924,0.040664,0,1,Simbad,NED,185.8188,4.8361
rs0815,,,0.13252357,7.94937515,0.71701148,0.63295001,0,2,Simbad,NED,185.8345,4.8951
rs0816,,,0.02649989,8.29839802,0.76834682,0.041857,0,1,Simbad,NED,185.8369,4.8106
rs0817,0,0,1.12883639,9.85070992,1.49891483,0.71310002,0,2,Simbad,NED,185.8504,2.6791
rs0818,,,0.0676464,8.11589336,0.71701148,0.63546997,0,1,Simbad,NED,185.8578,4.5251
rs0819,,,0.05114608,7.86012459,0.67413435,0.44227999,0,1,Simbad,NED,185.8869,4.4833
rs0820,,,0.0618978,8.06094074,0.79661943,0.52678001,0,1,Simbad,NED,185.8925,4.1071
rs0821,,,0.10307575,8.05335903,0.82219762,0.25571001,0,1,Simbad,NED,185.8984,3.7683
rs0822,,,0.03471304,7.83657312,0.67413435,0.099413,0,1,Simbad,NED,185.9114,4.8162
rs1338,,,0.27817276,8.14988708,0.59044378,0.24876,0,2,Simbad,NED,185.9273,0.9621
rs0823,,,0.53467733,8.52703285,0.73545686,0.62834001,0,2,Simbad,NED,185.9612,4.0872
rs1339,,,0.10943604,8.80948067,0.59044378,0.2498,0,2,Simbad,NED,185.9771,0.8306
rs0824,,,0.750027,8.70194435,0.88417853,0.42963001,0,2,Simbad,NED,186.0204,1.1897
rs0825,,,0.02380147,10.20539379,0.59830636,0.38589001,0,2,Simbad,NED,186.0584,3.7262
rs0827,,,0.08657905,8.9012413,0.21892234,0.21976,0,2,Simbad,NED,186.1461,1.8925
rs0828,0,0,0.0398985,7.63096905,0.57902984,0.25849,0,1,Simbad,NED,186.2618,1.794
rs0829,0,0,0.03285649,8.84656811,0.59830636,0.38826999,0,2,Simbad,NED,186.2783,3.7915
rs0830,,,0.01540896,9.10677719,0.11213422,0.11014,0,2,Simbad,NED,186.4301,4.4182
rs0831,,,0.79039288,7.96743059,0.08159606,0.080549,0,2,Simbad,NED,186.4442,4.5103
rs0832,0,0,0.03585075,7.95542145,1.53515985,0.52455002,0,1,Simbad,NED,186.461,1.4432
rs0833,,,0.77611583,9.53708839,0.08159606,0.082628,0,2,Simbad,NED,186.494,4.474
rs0834,0,0,0.33285388,8.43743229,1.54309014,0.94261003,0,2,Simbad,NED,186.56,0.2673
rs0835,0,0,0.01600075,9.6316309,0.57902984,0.51640999,0,2,Simbad,NED,186.5822,1.7244
rs1340,,,0.10120365,7.91311884,1.77336908,0.63861001,0,1,Simbad,NED,186.9818,1.1163
rs0836,0,0,0.2992734,8.1828661,0.13891277,0.13854,0,2,Simbad,NED,187.1131,0.1425
rs0837,,,0.01992516,7.62238169,0.13891277,0.14007001,0,1,Simbad,NED,187.1187,0.0604
rs0838,0,0,0.10874087,8.19725227,0.85837778,0.38361999,0,2,Simbad,NED,187.2789,0.5812
rs0839,0,0,1.16409445,8.16573811,0.85837778,0.61549002,0,2,Simbad,NED,187.34,1.0572
rs0840,0,0,0.07454557,8.82851791,0.68685197,0.42986,0,1,Simbad,NED,187.421,0.2535
rs0841,,,0.01110434,7.8432169,0.33970006,0.36757001,0,1,Simbad,NED,187.5028,0.6054
rs0842,,,0.53361475,8.04979801,0.3731272,0.25279,0,2,Simbad,NED,187.5505,3.5774
rs0843,0,0,0.05109904,8.28603172,0.19223337,0.19394,0,2,Simbad,NED,187.653,0.8463
rs0844,0,0,0.00868659,8.79345894,0.51093642,0.28143001,0,2,Simbad,NED,187.6575,0.344
rs1341,0,0,0.02146017,9.3225975,0.08347399,0.086604,0,2,Simbad,NED,187.6979,0.6358
rs0845,0,0,0.01688791,8.17555523,0.19223337,0.17036,0,2,Simbad,NED,187.7058,0.7451
rs0846,0,0,0.02920451,8.25965405,0.05958343,0.05941,0,2,Simbad,NED,187.7167,0.5273
rs0847,0,0,0.33955351,9.36610222,0.3731272,0.25161001,0,2,Simbad,NED,187.7294,3.4921
rs0848,,,0.00308922,8.91685772,0.08347399,0.080578,0,2,Simbad,NED,187.7438,0.6514
rs0849,0,0,0.01625463,9.39394093,0.05958343,0.060956,0,2,Simbad,NED,187.748,0.5421
rs0850,0,0,0.21288106,8.04122162,2.59096167,0.24939001,0,2,Simbad,NED,187.7808,0.4632
rs0851,4,2,0.39189249,8.72406578,0.02307114,0.022096,0,2,Simbad,NED,187.7849,0.614
rs0852,4,2,0.02936399,9.47496223,0.02307114,-999.0,0,2,Simbad,NED,187.7959,0.6063
rs0853,0,0,0.04724451,7.56375885,0.49151063,0.48791999,0,2,Simbad,NED,187.8358,3.1248
rs0854,0,0,0.02781123,8.3291893,0.63593062,0.36159,0,2,Simbad,NED,187.8401,0.2398
rs0855,0,0,0.00778418,8.46037006,0.22384202,0.074856,0,2,Simbad,NED,187.8417,0.6099
rs0856,,,0.06637695,7.02049541,1.04767034,0.30851001,0,2,Simbad,NED,187.8553,4.0201
rs0857,,,0.08511959,7.50661469,0.50296843,0.40989,0,1,Simbad,NED,187.8746,3.1327
rs0858,,,0.02263949,8.03227139,0.08029397,0.080246,0,2,Simbad,NED,187.9028,1.3484
rs1342,,,2.71657419,8.06786346,0.08498521,0.085128,0,2,Simbad,NED,187.9194,3.927
rs0859,0,0,0.00749605,9.24925327,1.01079575,0.49787,0,2,Simbad,NED,187.9218,0.9592
rs0860,0,0,0.02531218,8.6606636,0.08029397,0.080385,0,2,Simbad,NED,187.9223,1.306
rs0861,0,0,0.00410096,8.89901924,0.09696329,0.098082,0,2,Simbad,NED,187.9375,0.5119
rs0862,0,0,0.00537627,9.01779556,0.09696329,0.097635,0,2,Simbad,NED,187.9398,0.4526
rs0863,,,0.13035314,7.6741004,0.08498521,0.085861,0,2,Simbad,NED,187.9871,3.8891
rs0864,,,0.04334211,6.97592735,1.04767034,0.30509999,0,2,Simbad,NED,188.0196,4.1271
rs0865,0,0,0.01889172,8.29827785,1.03965678,0.28505,0,1,Simbad,NED,188.1069,0.4571
rs0866,0,0,0.4224413,8.05413342,2.5159228,0.14948,0,2,Simbad,NED,188.2073,3.3
rs0867,,,0.0591333,7.91878414,0.50296843,0.13533001,0,1,Simbad,NED,188.3108,3.233
rs0868,,,0.54768968,9.08277988,1.0951714,0.35758999,0,2,Simbad,NED,188.6702,3.3238
rs0869,0,0,0.13379699,9.43690681,1.0195408,0.55697,0,2,Simbad,NED,188.6873,0.3666
rs0870,,,0.1402795,8.44374466,1.0951714,0.35224,0,1,Simbad,NED,188.695,3.0102
rs1343,,,0.05101473,7.91525364,1.75049814,0.97530001,0,1,Simbad,NED,188.7165,1.8832
rs0871,0,0,0.24787806,8.25010967,1.0195408,0.56383997,0,2,Simbad,NED,188.759,0.0377
rs0872,,,0.09279369,7.49815798,2.65169634,2.40549994,0,2,Simbad,NED,189.3799,3.3843
rs0873,,,0.93313318,8.5398016,1.70699809,0.99913001,0,2,Simbad,NED,189.3895,4.3678
rs0874,,,0.00448043,8.27998829,0.50393134,0.49748001,0,1,Simbad,NED,189.3966,0.4769
rs0875,,,0.0127319,9.13008785,0.65507226,0.26245999,0,2,Simbad,NED,189.4019,1.5889
rs0876,,,0.02530106,8.66532612,0.65507226,0.36377999,0,1,Simbad,NED,189.5121,2.0597
rs0877,,,0.01292115,9.76942635,0.09712584,0.095895,0,2,Simbad,NED,189.5921,1.6792
rs0879,,,0.04989487,10.02824497,0.04020218,0.040429,0,2,Simbad,NED,189.6198,1.7544
rs0880,0,0,0.31495512,7.87706184,1.4817866,0.35806999,0,2,Simbad,NED,189.6497,1.4024
rs0881,,,0.00522302,8.64974308,0.42786678,0.41415,0,1,Simbad,NED,189.6532,0.6244
rs0882,,,0.03979062,9.04055214,0.09017336,0.089115,0,2,Simbad,NED,189.6935,0.3226
rs0883,,,0.01653813,9.63186359,0.09017336,0.088782,0,2,Simbad,NED,189.7005,0.2701
rs0884,,,0.24085753,9.93107033,0.12723841,0.12769,0,2,Simbad,NED,189.7545,0.3657
rs0885,,,0.00452295,8.70658398,2.69992855,0.096393,0,1,Simbad,NED,189.7592,0.257
rs0886,,,0.00826186,8.72294807,0.12586544,0.12936001,0,2,Simbad,NED,189.7733,0.2829
rs0887,0,0,1.27088022,8.08397007,1.26968649,0.28485,0,2,Simbad,NED,189.7973,0.7179
rs0888,,,0.02034979,7.51884317,0.97436981,0.10131,0,1,Simbad,NED,189.8141,0.2919
rs0889,,,0.08833645,9.14271259,0.22088826,0.22498,0,2,Simbad,NED,189.8434,0.4603
rs0890,,,0.00928267,8.36061478,0.97436981,0.42963001,0,1,Simbad,NED,189.9232,0.5442
rs0891,0,0,0.10610351,9.15996933,0.79532405,0.26778001,0,2,Simbad,NED,189.9406,0.8982
rs0892,,,0.02285718,9.34193993,1.34903847,0.41644001,0,2,Simbad,NED,189.9687,0.1254
rs0893,,,0.09043521,8.15669727,0.61320171,0.46366,0,1,Simbad,NED,190.084,1.2733
rs0894,,,0.01482323,7.89286089,1.45999175,1.01800001,0,1,Simbad,NED,190.1552,4.3446
rs0895,,,0.02697125,7.71252155,0.61320171,0.30059001,0,1,Simbad,NED,190.1815,0.7979
rs0896,,,0.04042029,9.47688103,0.04448199,0.043675,0,2,Simbad,NED,190.2234,1.0084
rs0897,,,0.03709168,8.82779884,0.04448199,0.043952,0,2,Simbad,NED,190.239,0.9872
rs0898,,,0.00208112,7.59544659,1.99138854,1.87950003,0,1,Simbad,NED,190.2787,3.6106
rs0899,,,0.13272685,7.8942585,0.17425079,0.17569,0,2,Simbad,NED,190.2841,3.7558
rs0900,,,0.08579628,8.42218685,0.17425079,0.17313001,0,1,Simbad,NED,190.3094,3.6575
rs0901,,,0.04935751,7.62400723,0.94380607,0.66158003,0,1,Simbad,NED,190.3398,0.221
rs0903,,,0.62863368,8.1815958,1.3747162,0.55084997,0,2,Simbad,NED,190.6696,1.3459
rs0904,,,0.02055951,7.48029661,2.52041771,0.24354,0,1,Simbad,NED,190.7173,0.8988
rs0905,,,0.068538,7.16632366,1.45999175,0.87577999,0,2,Simbad,NED,191.1203,4.1724
rs0906,,,0.1219319,9.32338142,1.06508099,1.03250003,0,2,Simbad,NED,191.3181,2.4491
rs0907,,,0.11266175,8.06569672,1.80705135,1.75440001,0,2,Simbad,NED,191.4046,2.7219
rs0908,,,0.06322872,8.49796677,1.74541814,1.04139996,0,1,Simbad,NED,191.4904,1.2981
rs0909,,,0.05687203,7.75025082,1.65817459,1.66649997,0,2,Simbad,NED,191.5343,4.4436
rs0910,,,0.05483624,7.37168407,2.05696053,0.89723003,0,1,Simbad,NED,191.784,4.136
rs0911,,,0.07683561,7.10194492,0.80939606,0.14778,0,2,Simbad,NED,191.8483,0.6442
rs0912,,,0.57504946,9.32085037,1.06508099,1.02919996,0,2,Simbad,NED,191.8671,3.0386
rs0913,,,0.04874314,8.1316967,0.54579903,0.14668,0,1,Simbad,NED,191.8727,0.7264
rs0914,,,0.04453538,7.74546957,2.14875586,0.70662999,0,1,Simbad,NED,191.9014,1.6655
rs0915,,,0.05225075,8.25325012,2.00017078,1.84580004,0,1,Simbad,NED,191.9413,3.1475
rs0916,,,0.28352883,7.85547447,0.08363809,0.082512,0,2,Simbad,NED,192.1178,3.4405
rs0917,,,0.09065432,8.58224487,0.08363809,0.081648,0,1,Simbad,NED,192.1372,3.4846
rs0918,0,0,0.86860895,9.83653069,0.54579903,0.54206997,0,2,Simbad,NED,192.1707,0.8326
rs0919,,,0.21287546,7.66406822,2.00017078,0.72404999,0,2,Simbad,NED,192.2491,1.9881
rs0920,,,0.03424852,8.30073833,0.05379656,0.053129,0,2,Simbad,NED,192.3837,3.6321
rs0921,,,0.58004886,8.78296661,0.05379656,0.053566,0,2,Simbad,NED,192.3976,3.6043
rs0922,,,0.19534342,8.00333118,1.38398077,1.36249995,0,2,Simbad,NED,192.8775,1.195
rs0923,,,0.09189276,7.62466812,1.51215006,1.44809997,0,1,Simbad,NED,192.911,1.671
rs0924,,,0.02388582,7.14113379,1.82106748,1.59630001,0,1,Simbad,NED,193.0964,2.289
rs0926,,,0.0365701,8.6431284,1.51215006,0.71588999,0,1,Simbad,NED,193.3821,2.7017
rs0927,0,0,0.05601705,7.92728472,3.04756582,2.01410007,0,2,Simbad,NED,193.5222,0.1753
rs0930,,,0.1271525,7.93447351,2.07844013,0.73469001,0,1,Simbad,NED,193.8856,2.94
rs0931,,,0.11760908,7.3924942,1.82106748,1.61179996,0,2,Simbad,NED,193.9868,1.9855
rs0932,,,0.19538331,7.72746086,1.80165665,1.51760006,0,2,Simbad,NED,194.3435,2.3703
rs0933,,,0.25850192,7.47273731,0.48762121,0.37445,0,2,Simbad,NED,194.3904,3.9228
rs0934,,,0.08867501,8.2417469,1.46048907,0.49039,0,2,Simbad,NED,194.4033,3.4453
rs0935,,,0.2395978,7.74817705,0.48762121,0.37436,0,2,Simbad,NED,194.4709,3.7228
rs0936,,,0.08542518,8.86703587,0.9851158,0.49017999,0,2,Simbad,NED,194.6645,4.3936
rs0937,,,0.04447498,7.44703054,2.20020221,1.55340004,0,2,Simbad,NED,194.742,1.8243
rs0938,,,0.04175542,7.31015396,0.52580471,0.29074001,0,2,Simbad,NED,194.8226,1.4994
rs0939,,,0.0221719,7.7678628,0.52580471,0.28929999,0,1,Simbad,NED,194.8235,1.3111
rs0940,,,0.02032407,9.71329021,0.08577896,0.086256,0,2,Simbad,NED,194.9084,4.9756
rs1345,,,0.03258955,9.21057796,0.05857622,0.059276,0,2,Simbad,NED,194.952,4.9995
rs1346,,,0.19865353,7.79089642,0.05857622,0.05869,0,2,Simbad,NED,194.9559,4.9668
rs0941,,,0.11343778,7.8003993,0.9851158,0.70068002,0,2,Simbad,NED,194.9859,4.1549
rs0942,0,0,0.08499855,9.08962822,3.04756582,1.14970005,0,2,Simbad,NED,195.0196,0.453
rs0943,,,0.10379168,7.92415237,1.4099774,0.38166001,0,2,Simbad,NED,195.0683,1.5576
rs0944,,,0.05051443,8.46544075,1.6034323,1.31229997,0,1,Simbad,NED,195.2139,2.9247
rs0945,,,0.29984635,8.26865673,0.73903793,0.62074,0,2,Simbad,NED,195.2498,2.8326
rs0946,,,0.09343326,7.68236256,1.47497835,0.84008002,0,2,Simbad,NED,195.3542,4.4695
rs0947,,,0.22071683,7.84033489,0.62602934,0.50858003,0,2,Simbad,NED,195.4933,3.1008
rs0948,,,0.22716378,7.46472931,0.62602934,0.36265001,0,2,Simbad,NED,195.6006,3.3759
rs0949,,,0.0562089,8.44301987,1.98664295,1.07809997,0,1,Simbad,NED,195.7171,0.407
rs1347,,,0.26485467,9.97571468,2.9997228,0.37885001,0,2,Simbad,NED,195.7189,3.549
rs0950,,,0.20714264,8.66886902,1.10212439,0.72051001,0,2,Simbad,NED,196.1172,4.5318
rs0951,,,0.04110476,9.89868832,1.6034323,1.28670001,0,2,Simbad,NED,196.1745,2.9638
rs0952,,,0.08432722,7.65398884,1.66892933,0.73298001,0,1,Simbad,NED,196.3064,4.8997
rs0953,,,0.36128941,10.02076721,1.83323099,1.68420005,0,2,Simbad,NED,196.4921,1.7926
rs0954,,,0.19952089,8.73025703,1.30771661,0.36816999,0,2,Simbad,NED,196.4944,3.9565
rs0955,,,0.09595544,7.31302357,1.10212439,0.37382001,0,2,Simbad,NED,196.584,4.1501
rs0956,,,0.00933691,7.42694998,0.80980653,0.72824001,0,1,Simbad,NED,196.64,1.5318
rs0957,,,0.1211539,8.03214359,2.51113463,2.26990008,0,2,Simbad,NED,196.6475,4.4615
rs0958,,,0.71189147,8.24236202,0.80980653,0.72474003,0,2,Simbad,NED,196.8287,2.0035
rs0959,,,0.1001135,7.68921852,3.79362246,0.95419002,0,2,Simbad,NED,196.8788,2.3269
rs0960,,,0.24908504,7.46549463,2.59012759,1.93210006,0,2,Simbad,NED,197.0491,4.7515
rs0961,,,0.04561541,7.62273502,0.10186512,0.1009,0,1,Simbad,NED,197.0569,4.3676
rs1348,,,0.33544403,8.29434776,0.01689883,0.019173,0,2,Simbad,NED,197.1141,4.3702
rs1349,,,0.53495103,9.16739845,0.01689883,-999.0,0,2,Simbad,NED,197.1234,4.368
rs1350,,,0.03600832,8.95500946,0.03003084,0.02975,0,2,Simbad,NED,197.1386,4.3752
rs0962,0,0,0.02914615,9.04592228,0.23115714,0.23252,0,2,Simbad,NED,197.2086,1.0023
rs0963,0,0,0.07149903,7.5509963,0.20168103,0.19284,0,1,Simbad,NED,197.2122,0.7947
rs1351,,,0.25516486,8.70208263,0.64781345,0.51054001,0,2,Simbad,NED,197.2283,4.0991
rs0964,,,0.008428,8.23766041,0.07708241,0.076308,0,1,Simbad,NED,197.3321,0.8837
rs0965,3,2,0.1743892,9.3402319,0.07708241,0.075273,0,2,Simbad,NED,197.3827,0.8572
rs0966,,,2.48639107,8.84101105,1.58646786,0.06957,0,2,Simbad,NED,197.3878,1.6733
rs0967,,,0.19187176,8.61645126,1.78526273,0.073185,0,2,Simbad,NED,197.3932,1.6233
rs1352,,,0.10732344,9.92238235,1.12882502,1.12100005,0,2,Simbad,NED,197.395,4.9506
rs0968,,,0.08845311,7.80931234,1.83323099,1.69690001,0,1,Simbad,NED,197.4217,2.2849
rs0969,0,0,0.10995007,7.75119591,0.22259063,0.22835,0,2,Simbad,NED,197.5195,0.9491
rs0970,,,0.51275402,8.10310936,0.81744675,0.52023,0,2,Simbad,NED,197.5806,2.0258
rs0971,,,0.01958722,7.2075491,1.58866936,0.34397,0,1,Simbad,NED,197.7516,0.8752
rs0972,,,0.02066256,10.37715816,0.33316953,0.3195,0,2,Simbad,NED,197.871,3.6875
rs0973,,,0.09180018,7.58947945,0.81744675,0.59987003,0,1,Simbad,NED,197.8871,1.5257
rs0974,1,1,0.42266124,8.94162369,0.17439991,0.17313001,0,2,Simbad,NED,197.9061,0.666
rs0975,,,0.02744027,8.25673103,0.13852386,0.14230999,0,1,Simbad,NED,197.9561,2.1112
rs0976,,,0.12073667,7.44979286,0.22342492,0.22079,0,1,Simbad,NED,197.9917,1.9572
rs0977,1,2,0.13635314,7.5292778,0.17439991,0.1758,0,2,Simbad,NED,198.0081,0.5923
rs1353,,,0.10601547,9.69495583,1.21523671,1.19169998,0,2,Simbad,NED,198.0472,4.7782
rs0978,,,0.04707818,9.51511097,0.13852386,0.13975,0,2,Simbad,NED,198.0537,2.121
rs0979,,,0.06668755,7.72150612,0.33316953,0.31944999,0,2,Simbad,NED,198.0676,3.7834
rs0980,,,1.72678232,8.50035572,2.51113463,0.77424002,0,2,Simbad,NED,198.1765,4.7298
rs0981,,,0.15476069,8.2704649,0.87435381,0.61339998,0,1,Simbad,NED,198.377,3.362
rs0982,,,0.05085456,8.14671516,1.48449796,0.73075998,0,1,Simbad,NED,198.5881,4.4562
rs0983,,,0.29138979,8.26203918,0.72145901,0.60600001,0,2,Simbad,NED,198.6356,2.5646
rs1354,,,0.0774019,8.12414837,1.55447522,0.79180002,0,1,Simbad,NED,198.6373,0.592
rs0984,,,0.39344111,8.22954655,0.0534642,0.052826,0,2,Simbad,NED,198.642,3.0413
rs0985,,,0.28558841,7.5931325,0.0534642,0.055624,0,2,Simbad,NED,198.6676,3.0197
rs0986,,,0.05121261,7.59967661,0.08113752,0.12545,0,1,Simbad,NED,198.6891,2.9737
rs0987,,,0.04410744,7.42974472,2.24521297,1.20039999,0,2,Simbad,NED,198.748,0.9627
rs0988,,,0.04603806,10.12121296,0.05165815,0.051044,0,2,Simbad,NED,198.7592,3.0169
rs0989,,,0.23723927,7.89223528,0.05165815,0.051533,0,2,Simbad,NED,198.7747,3.0453
rs1355,,,0.27197975,8.23335266,0.91961337,0.2454,0,2,Simbad,NED,198.8571,0.9735
rs0990,,,0.00532119,8.07660866,0.14474299,0.14734,0,1,Simbad,NED,198.8607,3.0167
rs0991,,,0.19552194,8.69223022,0.84758442,0.70169002,0,2,Simbad,NED,198.8862,3.5007
rs0992,,,0.15427446,10.36156654,0.06277994,0.062586,0,2,Simbad,NED,198.9238,2.8789
rs0993,,,0.01087227,8.19912434,0.06277994,0.062256,0,1,Simbad,NED,198.949,2.9138
rs0994,,,0.0322888,6.77642632,2.11694496,0.23736,0,1,Simbad,NED,198.9863,1.0188
rs0995,,,0.12094312,9.64149189,0.08598862,0.086303,0,2,Simbad,NED,198.9942,2.9514
rs0996,,,0.04869211,7.78192139,0.02716125,0.027599,0,1,Simbad,NED,199.1311,3.0602
rs0997,,,0.39792538,8.29959488,0.02716125,0.027164,0,2,Simbad,NED,199.1489,3.0641
rs1356,,,0.01362463,9.91631413,0.21377452,0.21258999,0,2,Simbad,NED,199.2506,0.6395
rs0998,,,0.08128813,8.27408695,1.80660226,1.10080004,0,1,Simbad,NED,199.2921,2.0676
rs1357,,,0.36150289,8.29069328,0.21377452,0.21534,0,2,Simbad,NED,199.2948,0.5275
rs0999,,,0.02932462,7.79305029,0.57774818,0.52936,0,1,Simbad,NED,199.3912,4.8569
rs1000,,,0.0559148,9.44919586,0.13212958,0.19122,0,2,Simbad,NED,199.4058,4.4856
rs1001,,,0.09875561,8.45400143,2.30288577,0.91854,0,1,Simbad,NED,199.4266,3.6036
rs1002,,,0.05040983,8.02969265,0.07671784,0.075059,0,2,Simbad,NED,199.4637,4.3634
rs1358,,,0.01527571,9.71790791,0.42058575,0.25040001,0,2,Simbad,NED,199.4712,0.7185
rs1003,,,0.15420604,7.32137203,0.13212958,0.14572001,0,2,Simbad,NED,199.4851,4.5219
rs1004,,,0.06250109,8.89332008,0.85244601,0.31781,0,2,Simbad,NED,199.4895,3.8024
rs1005,,,1.53192842,9.04540348,0.07671784,0.076911,0,2,Simbad,NED,199.4944,4.4036
rs1006,,,0.02254107,7.91937637,0.7683585,0.62757999,0,1,Simbad,NED,199.4989,2.8139
rs1007,,,0.06063363,9.89936352,0.12010664,0.12055,0,2,Simbad,NED,199.5677,4.4643
rs1008,,,0.02564833,8.32549953,0.62401079,0.24629,0,1,Simbad,NED,199.5973,0.6554
rs1009,,,0.09438184,7.08422375,1.62612125,0.3238,0,2,Simbad,NED,199.605,3.9768
rs1010,,,0.68415296,9.11444855,0.09274806,0.091199,0,2,Simbad,NED,199.6439,4.4864
rs1011,,,0.01154631,8.10285568,0.09274806,0.0945,0,1,Simbad,NED,199.6717,4.4319
rs1012,,,0.03110983,9.49517632,0.8688177,0.49175999,0,2,Simbad,NED,199.6894,1.3863
rs1013,,,0.04819332,7.46326494,0.75506392,0.31542999,0,2,Simbad,NED,199.7534,0.763
rs1014,,,0.3737703,7.35489368,1.59882425,0.32690001,0,2,Simbad,NED,199.8179,3.9259
rs1015,,,0.08989371,8.12962151,0.8688177,0.56797999,0,2,Simbad,NED,199.8671,1.8293
rs1016,,,0.54471874,9.61389732,0.18335829,0.18329,0,2,Simbad,NED,199.9035,3.0325
rs1017,,,0.0594395,8.08989716,2.06503671,0.84979999,0,1,Simbad,NED,199.9199,3.4094
rs1018,,,0.08343536,7.44942665,0.62401079,0.30882001,0,2,Simbad,NED,199.9287,0.743
rs1019,,,0.03453096,7.75718069,2.28714143,0.45822001,0,1,Simbad,NED,199.9385,1.5142
rs1020,,,0.03164088,7.47774696,0.18335829,0.18387,0,2,Simbad,NED,200.0234,3.0718
rs1021,,,0.2269085,8.55936623,0.08565857,0.08623,0,1,Simbad,NED,200.1237,4.4391
rs1022,,,0.20763813,7.50192738,0.08565857,0.08476,0,2,Simbad,NED,200.1763,4.424
rs1023,,,0.62880623,9.32848644,1.40260036,1.097,0,2,Simbad,NED,200.2338,1.5038
rs1024,,,0.09911016,7.66619444,1.71886223,0.66573,0,1,Simbad,NED,200.3045,1.6391
rs1025,0,0,0.37669125,9.47144222,1.49571156,0.32369,0,2,Simbad,NED,200.3462,0.3425
rs1026,,,0.03310054,8.0916729,0.52328257,0.42414001,0,1,Simbad,NED,200.3765,2.2277
rs1027,,,0.01116655,7.43462944,4.85715309,4.71120024,0,1,Simbad,NED,200.3795,0.9661
rs1028,,,0.15931469,8.40310097,1.47073722,0.35108,0,1,Simbad,NED,200.4002,0.573
rs1029,,,0.3159436,7.88309956,0.52328257,0.42767999,0,2,Simbad,NED,200.5814,2.4209
rs1030,,,0.13107157,8.20612144,0.98776362,0.89674997,0,1,Simbad,NED,200.7018,3.1176
rs1031,,,0.11958256,7.62951756,1.34813697,0.27776,0,2,Simbad,NED,200.7202,4.4979
rs1032,,,0.04532894,7.60456848,2.18071161,0.62943,0,1,Simbad,NED,200.8342,3.7202
rs1033,,,0.08770113,8.43828583,1.34813697,0.099401,0,2,Simbad,NED,200.8886,4.4612
rs1034,,,0.20015676,7.36957884,0.90920134,0.10507,0,2,Simbad,NED,200.9178,4.5149
rs1035,,,0.12324908,7.93596029,1.20926035,0.72158003,0,2,Simbad,NED,200.9641,2.144
rs1036,,,0.06725817,9.55435562,0.87080402,0.61369002,0,2,Simbad,NED,201.1176,4.775
rs1037,,,0.05226762,8.28110123,1.76500698,1.00709999,0,1,Simbad,NED,201.1195,0.9894
rs1038,,,0.5259726,8.06927299,1.31786594,1.01789999,0,2,Simbad,NED,201.1485,1.5769
rs1039,,,0.28406355,7.31312132,0.90920134,0.75287002,0,2,Simbad,NED,201.1542,4.8797
rs1040,,,0.11671095,7.48630476,0.05852298,0.057993,0,2,Simbad,NED,201.1997,3.5314
rs1041,,,0.08816223,7.51159,0.05852298,0.059199,0,1,Simbad,NED,201.231,3.5485
rs1042,0,0,0.04196454,7.4188633,0.89476788,0.89508998,0,1,Simbad,NED,201.2793,0.5174
rs1043,,,0.23078392,6.88678122,1.10143363,0.63981998,0,2,Simbad,NED,201.3027,2.4184
rs1044,,,0.12655082,7.98371887,2.45364542,1.56739998,0,1,Simbad,NED,201.3102,0.0599
rs1045,,,0.17564863,8.00379658,0.87080402,0.27836001,0,2,Simbad,NED,201.4234,4.4639
rs1046,,,0.2495334,9.73335838,0.06834004,0.068793,0,2,Simbad,NED,201.6001,4.4656
rs1047,,,0.53117251,7.33614349,0.14914562,0.14744,0,2,Simbad,NED,201.6402,2.1751
rs1048,,,0.42200461,8.45553207,0.06834004,0.068953,0,2,Simbad,NED,201.6403,4.4524
rs1049,,,0.67203104,8.20287132,1.20926035,0.12623,0,2,Simbad,NED,201.6614,2.3139
rs1050,,,0.29621485,7.59473658,0.14914562,0.13335,0,2,Simbad,NED,201.692,2.2437
rs1051,,,0.02873365,8.13972092,0.33178286,0.30908,0,1,Simbad,NED,201.7515,2.0359
rs1052,,,0.09282406,8.25400352,1.10143363,0.47593001,0,2,Simbad,NED,201.761,2.8478
rs1053,,,0.12236296,8.46739388,1.01460008,0.51634997,0,1,Simbad,NED,201.8157,4.2087
rs1054,,,0.10300539,7.46813202,0.89476788,0.75779003,0,2,Simbad,NED,201.9181,0.688
rs1055,,,0.11831288,8.23495197,3.01713831,1.74899995,0,2,Simbad,NED,201.9521,3.0906
rs1056,,,0.04493647,7.53047132,1.53091809,0.11648,0,1,Simbad,NED,201.9982,2.9944
rs1057,,,0.76236451,8.11703682,1.93629507,0.10865,0,2,Simbad,NED,202.0672,2.9828
rs1058,,,0.10489837,7.70674658,1.46313588,1.16840005,0,2,Simbad,NED,202.2624,4.8441
rs1059,,,0.52917123,7.97632599,1.00539498,0.55756998,0,2,Simbad,NED,202.3072,0.7279
rs1060,,,0.29690254,6.53608084,0.51076032,0.49588001,0,2,Simbad,NED,202.3342,4.1998
rs1061,,,0.13979733,7.29722261,0.51076032,0.49656001,0,2,Simbad,NED,202.4001,4.4782
rs1062,,,0.1767952,9.51276493,1.07464285,0.25426,0,2,Simbad,NED,202.4373,1.183
rs1063,,,0.01633392,7.86872578,1.88867128,0.73949999,0,1,Simbad,NED,202.4483,0.5105
rs1064,,,0.03596825,7.79666185,0.81583589,0.25819999,0,1,Simbad,NED,202.4574,1.0239
rs1065,,,0.13648345,8.04621983,1.16948484,0.91755003,0,1,Simbad,NED,202.4614,2.4059
rs1066,0,0,0.1346828,9.89660549,0.02456012,0.023886,0,2,Simbad,NED,202.4995,0.3052
rs1067,0,0,0.00889625,8.9163208,0.02456012,0.024425,0,2,Simbad,NED,202.509,0.3172
rs1068,3,1,0.08066931,6.94453526,0.0279508,0.027532,0,2,Simbad,NED,202.5162,0.3
rs1069,,,0.02728459,8.21972466,1.00539498,0.19551,0,1,Simbad,NED,202.629,0.2711
rs1070,,,0.06249629,8.78682518,0.81583589,0.44514,0,2,Simbad,NED,202.7241,0.938
rs1071,,,0.0792722,8.39742851,4.2132725,0.80470002,0,1,Simbad,NED,202.7866,0.6926
rs1072,,,0.10182694,8.16912842,1.16948484,0.92699999,0,2,Simbad,NED,202.8537,1.9811
rs1073,,,0.06542504,7.79144144,0.21435149,0.2124,0,1,Simbad,NED,202.9872,3.1178
rs1074,,,0.48852333,8.41237259,1.21702881,0.72244,0,2,Simbad,NED,203.0709,4.2803
rs1075,,,0.20412272,9.82483101,0.21435149,0.21479,0,2,Simbad,NED,203.1045,3.0611
rs1076,,,0.53433585,8.26625538,1.30721194,0.28873,0,2,Simbad,NED,203.13,4.8024
rs1077,0,0,0.05011734,7.92812586,1.23652247,0.88537002,0,2,Simbad,NED,203.1363,0.061
rs1078,,,0.04305714,7.89884996,1.29588091,0.49856001,0,1,Simbad,NED,203.1517,2.7678
rs1079,,,0.02429771,8.93268585,1.42540751,0.74614,0,2,Simbad,NED,203.186,0.7688
rs1080,,,0.31925353,8.0737133,0.07699468,0.077796,0,2,Simbad,NED,203.2336,4.9471
rs1081,,,0.03625666,8.86594105,1.29588091,0.51102,0,2,Simbad,NED,203.2424,3.5325
rs1082,,,0.24375685,9.58853531,0.07699468,0.077384,0,2,Simbad,NED,203.2675,4.9818
rs1083,,,0.02792904,8.96713448,1.49832559,0.57024002,0,2,Simbad,NED,203.2742,3.8835
rs1084,,,0.59417838,7.85694456,1.02360909,0.61657,0,2,Simbad,NED,203.3876,1.3066
rs1085,,,0.37907112,8.32577991,1.54404633,0.51845002,0,2,Simbad,NED,203.4459,2.0455
rs1087,,,0.27976242,7.93436956,1.30721194,0.51586998,0,2,Simbad,NED,203.4574,4.445
rs1086,,,0.05499784,9.68650436,0.06141101,0.061293,0,2,Simbad,NED,203.4577,3.3159
rs1088,,,0.01969163,9.12225056,1.31264668,0.50761002,0,2,Simbad,NED,203.4593,2.3585
rs1089,,,0.00940219,8.67842865,4.37689268,0.70166999,0,2,Simbad,NED,203.4723,3.2932
rs1090,,,0.22559987,10.11317253,0.06141101,0.060482,0,2,Simbad,NED,203.4769,3.2836
rs1091,,,0.08457498,9.82747555,1.68353788,0.76605999,0,2,Simbad,NED,203.5067,1.0961
rs1092,,,0.5638333,8.54257393,0.04698853,0.047587,0,2,Simbad,NED,203.5151,4.7539
rs1093,,,0.04001335,9.10655785,0.02673382,0.026488,0,2,Simbad,NED,203.5196,3.3471
rs1094,,,0.0065965,9.23728561,0.04698853,0.046922,0,2,Simbad,NED,203.5238,4.7804
rs1095,,,0.02394768,8.16510296,0.13898319,0.14375,0,1,Simbad,NED,203.5386,4.9881
rs1096,,,0.01485275,7.30868244,3.01713831,0.78368002,0,1,Simbad,NED,203.5417,1.9877
rs1097,,,0.13302475,9.4882431,0.13528093,0.13113999,0,2,Simbad,NED,203.5425,4.8685
rs1098,,,0.22987248,7.97171926,0.07531325,0.076093,0,1,Simbad,NED,203.5966,4.9285
rs1099,,,0.03432652,7.67625761,0.04590283,0.046734,0,1,Simbad,NED,203.6398,4.9461
rs1100,,,0.27988473,9.24034119,0.04590283,0.045657,0,2,Simbad,NED,203.6405,4.9187
rs1101,,,0.02530012,8.49760246,1.02360909,0.98830003,0,1,Simbad,NED,203.6534,0.596
rs1102,,,1.09991121,8.60477734,0.19883663,0.19853,0,2,Simbad,NED,203.6635,4.1304
rs1103,,,0.23108208,8.67558384,0.19883663,0.19781999,0,2,Simbad,NED,203.7124,4.2368
rs1104,,,0.03373314,8.63238239,0.15466508,0.15527999,0,2,Simbad,NED,203.7305,4.9651
rs1105,,,0.15306371,7.92812443,1.02813122,0.36528,0,1,Simbad,NED,203.769,3.6607
rs1106,,,1.55731583,8.89077759,0.20528043,0.20125,0,2,Simbad,NED,203.8519,1.4107
rs1107,,,0.10827409,6.99071646,0.20528043,0.20937,0,1,Simbad,NED,203.9107,1.5554
rs1109,,,0.19885036,8.83365059,0.21998852,0.21664,0,2,Simbad,NED,203.9178,3.2932
rs1108,,,0.05587969,7.64743757,1.45862177,0.40259001,0,2,Simbad,NED,203.918,1.5082
rs1110,,,0.1127006,8.6453886,0.03679178,0.037168,0,2,Simbad,NED,203.9283,3.0018
rs1111,,,0.56764221,9.28864002,0.03679178,0.036417,0,2,Simbad,NED,203.9508,2.9991
rs1112,,,0.78724378,8.63427544,0.88519094,0.39930999,0,2,Simbad,NED,203.994,1.7301
rs1113,,,0.75107521,7.4202137,0.21405146,0.21172,0,2,Simbad,NED,203.9994,3.6387
rs1114,,,0.6795249,8.09902,0.22837373,0.23013,0,2,Simbad,NED,204.0329,3.5093
rs1115,,,0.00766021,8.60254669,0.21998852,0.088637,0,2,Simbad,NED,204.0426,3.3122
rs1116,,,0.21694522,9.72453213,0.20814095,0.085081,0,2,Simbad,NED,204.0881,3.331
rs1117,,,0.21159105,7.8305006,0.88519094,0.47659001,0,2,Simbad,NED,204.1562,1.2596
rs1118,,,0.08706198,8.84985065,0.8768576,0.38176,0,2,Simbad,NED,204.1559,4.1887
rs1119,,,0.03230249,7.86368036,1.02813122,0.029278,0,1,Simbad,NED,204.1831,3.2763
rs1120,,,0.06407363,8.31620312,0.20814095,0.030962,0,2,Simbad,NED,204.2007,3.2804
rs1121,,,0.41024783,8.73958874,0.07681595,0.076739,0,2,Simbad,NED,204.2084,3.5253
rs1122,,,0.17717686,8.38171864,0.07681595,0.075961,0,2,Simbad,NED,204.2388,3.4933
rs1123,0,0,0.17402922,8.93948936,1.43478909,0.55971998,0,2,Simbad,NED,204.244,0.2257
rs1124,,,0.09165233,7.3290658,0.52631606,0.40667999,0,2,Simbad,NED,204.2613,4.9301
rs1125,,,0.05548853,8.24974442,0.10235775,0.10361,0,1,Simbad,NED,204.2808,4.6924
rs1126,,,0.10128503,8.14349461,0.31459058,0.28755999,0,2,Simbad,NED,204.3132,2.4298
rs1127,,,0.02127638,9.44996071,0.07572391,0.074167,0,2,Simbad,NED,204.3279,3.9386
rs1128,,,0.10311674,8.60932827,0.10235775,0.10121,0,1,Simbad,NED,204.3408,4.689
rs1129,,,0.06513405,9.99912071,0.07572391,0.075709,0,2,Simbad,NED,204.3468,3.8975
rs1130,,,0.01633601,6.9190011,0.31459058,0.28683001,0,1,Simbad,NED,204.367,2.2205
rs1131,,,1.00083613,9.34719467,0.66035291,0.26157999,0,2,Simbad,NED,204.3721,4.1047
rs1132,,,0.07139062,7.19033194,1.43478909,0.44951999,0,2,Simbad,NED,204.3752,1.0831
rs1133,,,0.0298674,8.10104942,0.90492569,0.51051003,0,1,Simbad,NED,204.3963,0.7821
rs1134,,,0.29339561,8.55455017,0.6954143,0.32021999,0,2,Simbad,NED,204.4254,3.4726
rs1135,,,0.04849705,7.40644646,1.1345597,0.26222,0,1,Simbad,NED,204.4691,3.7955
rs1136,,,0.14402008,7.13995457,0.46619188,0.168,0,2,Simbad,NED,204.5201,4.1413
rs1137,0,0,0.40109766,8.6851635,0.76323266,0.57660002,0,2,Simbad,NED,204.5267,0.0204
rs1138,,,0.01020907,8.02070713,0.05803641,0.054978,0,1,Simbad,NED,204.5473,4.5146
rs1139,,,0.47702777,9.8577528,0.05803641,0.05672,0,2,Simbad,NED,204.5659,4.5425
rs1140,,,0.01625217,7.09079647,1.38517388,0.67413002,0,1,Simbad,NED,204.5841,1.8907
rs1141,,,0.05449449,7.62864828,2.7651036,1.0108,0,2,Simbad,NED,204.6027,1.0448
rs1142,1,1,0.20946997,7.7267499,0.05655998,0.057001,0,2,Simbad,NED,204.6187,0.5102
rs1143,,,0.34922606,7.39656973,0.43193832,0.42776,0,2,Simbad,NED,204.621,2.5285
rs1144,,,0.70167148,9.33220482,0.05326464,0.05318,0,2,Simbad,NED,204.634,0.5403
rs1145,,,0.4235234,7.58869648,0.05326464,0.054146,0,2,Simbad,NED,204.6656,0.5458
rs1146,,,0.52610886,8.44568634,0.07154373,0.071089,0,2,Simbad,NED,204.6835,4.4591
rs1359,,,0.15376882,8.59284687,0.07154373,0.071748,0,1,Simbad,NED,204.7144,4.4317
rs1147,,,0.08034544,7.38114262,0.46619188,0.16038001,0,2,Simbad,NED,204.7258,4.1307
rs1148,,,0.03851332,8.46997166,0.66035291,0.16878,0,2,Simbad,NED,204.7339,4.2291
rs1149,,,0.10275868,7.36894226,0.06182489,0.061291,0,2,Simbad,NED,204.7357,2.1508
rs1150,,,0.27608725,8.35842323,0.06182489,0.061584,0,2,Simbad,NED,204.7691,2.1638
rs1151,,,0.21843043,7.73829269,0.80968355,0.59982997,0,2,Simbad,NED,204.7961,4.9798
rs1152,,,1.20035326,8.94088936,0.21581295,0.21349999,0,2,Simbad,NED,204.8051,4.6233
rs1153,,,0.04490145,7.5786128,0.76323266,0.43202999,0,1,Simbad,NED,204.8224,0.3366
rs1154,,,0.26863912,8.43698597,0.0167423,0.017911,0,2,Simbad,NED,204.8639,4.5107
rs1155,,,0.0304855,8.27306843,0.42014006,0.43579,0,1,Simbad,NED,204.8706,1.0733
rs1156,,,0.02690004,8.52787971,0.0167423,0.017853,0,2,Simbad,NED,204.8737,4.5114
rs1157,,,0.07553972,7.97947836,0.83302008,0.62417001,0,1,Simbad,NED,204.8839,2.9814
rs1360,,,0.09744117,7.72258234,1.70748282,0.32389,0,1,Simbad,NED,204.9447,2.6264
rs1158,,,5.42431688,8.99527168,0.03593739,0.036186,0,2,Simbad,NED,204.9703,0.8399
rs1159,,,0.36758906,8.22411346,1.05232266,0.36085999,0,2,Simbad,NED,204.9772,2.122
rs1160,,,2.60006571,9.38756275,0.0266227,0.026815,0,2,Simbad,NED,204.9899,0.8308
rs1161,,,0.00498937,8.88905525,0.0266227,0.025902,0,1,Simbad,NED,204.993,0.8466
rs1162,,,0.43296832,9.46666527,0.06968821,0.069919,0,2,Simbad,NED,205.0522,2.4802
rs1163,,,0.28864878,7.12379503,0.06968821,0.071164,0,2,Simbad,NED,205.0704,2.4442
rs1164,,,0.12580329,7.37916088,0.15708773,0.15632001,0,1,Simbad,NED,205.071,3.8399
rs1165,,,0.07826243,7.91749859,1.20520849,0.42649001,0,1,Simbad,NED,205.0749,1.2927
rs1166,,,0.10007878,7.38845444,1.20520849,0.42155999,0,2,Simbad,NED,205.0892,1.5425
rs1168,,,0.47809747,9.61158276,0.04221944,0.042851,0,2,Simbad,NED,205.1132,4.7739
rs1167,,,0.02413616,6.82969856,0.99893738,0.63172001,0,1,Simbad,NED,205.1134,2.0021
rs1169,,,0.13313872,8.75433731,0.15708773,0.15692,0,2,Simbad,NED,205.1181,3.7586
rs1170,,,0.25557199,8.02350998,0.04221944,0.042732,0,2,Simbad,NED,205.1293,4.7547
rs1171,,,0.20133196,8.41981983,0.13838187,0.13581,0,2,Simbad,NED,205.13,4.6191
rs1172,,,0.09183042,8.76428604,0.01340314,0.011729,0,1,Simbad,NED,205.141,4.8203
rs1173,,,0.02200625,7.56319427,0.09646417,0.096544,0,1,Simbad,NED,205.1441,4.6996
rs1174,,,0.02195253,9.36662388,0.01340314,-999.0,0,2,Simbad,NED,205.1481,4.8168
rs1175,,,0.04352714,7.35843801,1.38517388,0.68674999,0,1,Simbad,NED,205.1501,2.0843
rs1176,,,0.08756354,7.6795187,0.04948368,0.050653,0,1,Simbad,NED,205.1773,4.8136
rs1177,,,0.06131407,8.11958313,2.73131573,0.47055,0,2,Simbad,NED,205.2397,0.9261
rs1178,,,0.72030097,8.68270969,0.39965857,0.23322999,0,2,Simbad,NED,205.2458,3.0697
rs1179,,,0.21804848,8.79539967,0.22601705,0.23006,0,2,Simbad,NED,205.3334,4.9563
rs1180,,,0.00839223,9.52146339,0.15734678,0.15857001,0,2,Simbad,NED,205.3854,4.1942
rs1181,,,0.09570229,7.02635717,0.18594031,0.18083,0,1,Simbad,NED,205.4037,4.846
rs1182,,,0.26250499,8.01402283,0.90141105,0.30243999,0,2,Simbad,NED,205.4257,4.4499
rs1183,,,0.59431672,8.01555157,0.15734678,0.15401,0,2,Simbad,NED,205.4281,4.274
rs1184,,,0.3192108,7.73305368,0.18594031,0.18906,0,2,Simbad,NED,205.4662,4.9337
rs1185,,,0.121512,8.67359924,0.99893738,0.62660998,0,2,Simbad,NED,205.4951,2.3124
rs1186,,,0.01804912,10.11180973,0.51621545,0.21337999,0,2,Simbad,NED,205.4954,4.7635
rs1187,,,0.16766599,8.65190792,1.24408605,0.58771002,0,2,Simbad,NED,205.5209,0.7182
rs1188,,,0.17232555,7.89402723,0.92569327,0.29640001,0,1,Simbad,NED,205.5424,3.6961
rs1189,,,2.32824564,9.03219032,0.20418308,0.20432,0,2,Simbad,NED,205.5453,4.2628
rs1190,,,0.1910083,9.27293491,0.19665143,0.1948,0,2,Simbad,NED,205.5717,4.6198
rs1191,,,0.18519297,8.23051548,0.76391495,0.30032,0,2,Simbad,NED,205.6077,3.8561
rs1361,,,0.26055354,7.7075367,1.70748282,0.68703997,0,2,Simbad,NED,205.6404,3.1987
rs1192,,,0.04871821,7.49903345,0.19665143,0.19760001,0,1,Simbad,NED,205.6441,4.5289
rs1193,,,0.03870995,7.58510351,0.10819048,0.10727,0,1,Simbad,NED,205.6785,3.302
rs1194,,,0.02016386,7.29109383,1.13558508,0.84231001,0,1,Simbad,NED,205.7166,0.9463
rs1195,,,0.11336606,8.39613628,0.10819048,0.1071,0,2,Simbad,NED,205.7422,3.2541
rs1196,,,0.03378792,9.41615772,1.27896788,0.91661,0,2,Simbad,NED,205.8309,1.3224
rs1197,,,1.14825964,8.37124443,0.03661489,0.037698,0,2,Simbad,NED,205.9175,3.8966
rs1198,,,0.7796911,8.23946476,0.03661489,0.038564,0,2,Simbad,NED,205.9373,3.8891
rs1199,,,0.05538396,7.84330797,1.24408605,0.80650997,0,1,Simbad,NED,205.9902,0.7974
rs1200,,,0.05670778,7.49078226,0.68155834,0.24732,0,2,Simbad,NED,206.0023,4.7344
rs1362,,,0.09267314,7.46584415,2.17389515,0.19166,0,1,Simbad,NED,206.0075,4.0475
rs1201,,,0.09130701,9.55237389,0.14458711,0.14415,0,2,Simbad,NED,206.0199,3.9057
rs1202,,,0.17971878,7.35168362,0.21368254,0.19923,0,2,Simbad,NED,206.0211,3.0506
rs1204,,,1.35809863,8.47221756,0.68155834,0.24913,0,2,Simbad,NED,206.141,4.7758
rs1205,,,0.04972183,9.3337326,1.10252655,0.28867,0,2,Simbad,NED,206.1723,4.9422
rs1206,,,0.04644627,9.57919502,0.66660442,0.35157001,0,2,Simbad,NED,206.2103,4.0239
rs1207,,,0.03075635,9.10550594,0.22873948,0.22676,0,2,Simbad,NED,206.5528,3.5058
rs1208,,,0.04742631,8.41594982,2.7651036,0.48396,0,1,Simbad,NED,206.6003,1.5788
rs1209,,,0.10482907,8.52832031,0.62526865,0.44852999,0,2,Simbad,NED,206.6233,3.8784
rs1210,,,0.01252801,8.60510731,0.22873948,0.23096,0,2,Simbad,NED,206.6757,3.4597
rs1211,,,0.8894003,8.85883141,0.15166031,0.14949,0,2,Simbad,NED,206.7164,3.7479
rs1212,,,0.32242537,8.04082298,0.11275194,0.1146,0,2,Simbad,NED,206.7254,3.6608
rs1213,,,0.14932744,8.38749409,0.0403421,0.039416,0,2,Simbad,NED,206.7796,3.6224
rs1214,,,0.23672615,9.62795544,0.0403421,0.040519,0,2,Simbad,NED,206.7884,3.644
rs1363,,,0.04682466,8.08573818,1.4370421,0.45151001,0,2,Simbad,NED,206.8108,3.1385
rs1364,,,0.22630642,8.65656471,0.19462409,0.19952001,0,2,Simbad,NED,206.8271,3.7674
rs1215,,,0.08603758,8.20569897,3.63579118,1.77240002,0,1,Simbad,NED,206.8813,0.367
rs1217,,,0.25984788,8.9352293,2.29330176,0.13147999,0,2,Simbad,NED,206.9102,3.3341
rs1365,,,0.01127013,9.04469967,0.07980673,0.080647,0,2,Simbad,NED,206.9247,3.3663
rs1218,,,0.24593489,9.89018059,0.07980673,0.079559,0,2,Simbad,NED,206.9296,3.4116
rs1219,,,0.10207991,9.08066463,0.12549159,0.12529001,0,2,Simbad,NED,206.9904,3.4497
rs1220,,,0.55900061,8.28338623,1.53054838,1.07679999,0,2,Simbad,NED,207.0007,4.9882
rs1221,,,0.05146977,7.70991898,0.62526865,0.45853001,0,1,Simbad,NED,207.0255,3.7804
rs1222,,,0.3582384,7.86706352,1.25510388,0.53424001,0,2,Simbad,NED,207.0659,4.3705
rs1366,,,0.021179,9.93945026,1.89912985,0.47419,0,2,Simbad,NED,207.2438,3.5225
rs1223,,,0.09027331,7.51537752,0.11842211,0.11537,0,2,Simbad,NED,207.3173,4.1756
rs1224,,,0.11225232,8.32147026,0.09049987,0.091519,0,2,Simbad,NED,207.3459,4.2591
rs1225,,,0.01383227,8.39077663,0.08008916,0.079648,0,2,Simbad,NED,207.3723,4.2147
rs1226,,,1.04263842,9.27860928,0.01604373,0.016598,0,2,Simbad,NED,207.4114,4.2384
rs1227,,,0.00905865,8.38712311,0.01604373,0.016871,0,2,Simbad,NED,207.42,4.2351
rs1228,,,0.00979178,9.0943718,0.070011,0.068687,0,2,Simbad,NED,207.4716,4.178
rs1367,,,0.03832771,9.30335808,0.070011,0.071546,0,2,Simbad,NED,207.4834,4.1399
rs1368,,,0.09751951,7.16084719,0.31826958,0.31536001,0,2,Simbad,NED,207.645,4.254
rs1229,,,0.61314201,8.4130621,0.31826958,0.31503999,0,2,Simbad,NED,207.7939,4.3615
rs1369,,,0.00693997,9.35305786,0.14077832,0.14184999,0,2,Simbad,NED,207.9778,2.4379
rs1230,,,0.17718425,10.11416626,0.8567079,0.47837001,0,2,Simbad,NED,207.9889,2.0034
rs1231,,,0.02364004,9.8800354,2.29330176,0.13755,0,2,Simbad,NED,207.9986,2.47
rs1370,,,0.20806718,7.58512306,0.61333516,0.28753,0,2,Simbad,NED,208.0168,3.369
rs1371,,,0.13983755,7.97125435,0.02325484,0.022867,0,2,Simbad,NED,208.0408,3.6368
rs1232,,,0.73416847,9.4980402,0.02069908,0.020439,0,2,Simbad,NED,208.042,2.3253
rs1233,,,0.01332941,9.7716198,0.02069908,-999.0,0,2,Simbad,NED,208.0482,2.3153
rs1372,,,0.36187619,8.32887173,0.07993554,0.080164,0,2,Simbad,NED,208.0505,2.404
rs1373,,,0.07183739,7.46123028,0.02325484,0.02283,0,2,Simbad,NED,208.052,3.6552
rs1234,,,0.10792349,9.54413319,0.06510008,0.065407,0,2,Simbad,NED,208.0607,2.3597
rs1235,,,0.08318509,9.7093792,0.06510008,0.064434,0,2,Simbad,NED,208.095,2.3457
rs1236,,,0.06347775,7.94560623,2.27475168,1.95089996,0,1,Simbad,NED,208.1012,0.0889
rs1237,,,0.06155054,7.78073788,0.82628686,0.21111999,0,1,Simbad,NED,208.1438,1.7781
rs1374,,,0.15442087,9.92549324,0.04149768,0.040818,0,2,Simbad,NED,208.1495,0.8184
rs1375,,,0.08286985,8.36547375,0.12703857,0.12355,0,1,Simbad,NED,208.1535,0.0225
rs1238,,,0.21062262,8.65711308,2.31411096,0.69493997,0,2,Simbad,NED,208.1607,3.464
rs1239,,,0.02381203,8.91547203,0.02036246,0.020559,0,2,Simbad,NED,208.1837,0.8028
rs1240,,,0.45330229,7.91867018,0.12703857,0.12679,0,2,Simbad,NED,208.1855,0.1303
rs1376,,,0.07926036,6.79317474,0.9503751,0.31926,0,2,Simbad,NED,208.1999,1.9635
rs1241,,,0.00861476,7.89950275,0.02036246,0.019869,0,1,Simbad,NED,208.202,0.8
rs1377,,,0.49616259,8.24879837,0.04833646,0.048217,0,2,Simbad,NED,208.2088,2.2637
rs1242,,,0.02079607,9.10403442,0.82628686,0.21283001,0,2,Simbad,NED,208.2144,1.6775
rs1243,,,1.13304842,8.82116032,0.92709373,0.63186997,0,2,Simbad,NED,208.2356,2.8146
rs1378,,,0.31729174,7.52314949,0.04833646,0.048589,0,2,Simbad,NED,208.2536,2.2621
rs1244,,,0.01939193,7.16611433,0.79177267,0.33155,0,1,Simbad,NED,208.2576,1.4367
rs1245,,,0.14637692,7.3319397,3.55209371,1.29390001,0,2,Simbad,NED,208.2897,4.9608
rs1246,,,0.10706922,7.22338486,0.23725342,0.23322999,0,2,Simbad,NED,208.3098,3.8984
rs1247,,,0.0094786,7.45731068,0.20454544,0.19712,0,1,Simbad,NED,208.3515,0.9097
rs1379,,,0.08012749,7.42977333,1.14678856,0.69546998,0,1,Simbad,NED,208.3819,2.609
rs1380,,,0.03192353,6.53583193,0.14115732,0.14466,0,1,Simbad,NED,208.3848,2.2593
rs1248,,,0.51553929,8.3052597,0.92709373,0.46669,0,2,Simbad,NED,208.425,3.3777
rs1381,,,0.03821073,8.20309925,0.78744443,0.073918,0,1,Simbad,NED,208.4247,0.1217
rs1249,,,0.01254157,7.72526646,1.06702584,0.34101,0,1,Simbad,NED,208.435,1.1881
rs1250,,,0.06340154,7.33172703,0.31902864,0.075604,0,1,Simbad,NED,208.4371,0.0557
rs1251,,,0.47775215,7.53501558,0.23725342,0.24423,0,2,Simbad,NED,208.5163,3.9516
rs1382,,,0.05256712,8.86359596,0.97883346,0.47516,0,1,Simbad,NED,208.5423,3.773
rs1252,,,0.03163248,7.06441927,1.11064463,0.47031,0,2,Simbad,NED,208.5874,4.0356
rs1383,,,0.14882463,8.61594009,0.21946162,0.21800999,0,2,Simbad,NED,208.7359,2.0957
rs1384,,,0.12131071,8.98466396,0.14327127,0.14327,0,2,Simbad,NED,208.7711,3.296
rs1385,,,0.09913149,8.23533726,0.21946162,0.22183,0,2,Simbad,NED,208.8102,1.9076
rs1386,,,0.33111158,9.19636917,0.63546783,0.33068001,0,2,Simbad,NED,208.9234,2.871
rs1387,,,0.15881485,8.30139637,1.85869627,0.88888001,0,2,Simbad,NED,208.9261,4.3948
rs1388,,,0.13846374,7.44575691,0.63546783,0.33203,0,2,Simbad,NED,208.991,3.046
rs1389,,,0.20979404,8.40195179,2.27475168,1.96270001,0,1,Simbad,NED,208.9963,0.7541
rs1253,,,0.10501707,7.18360806,1.06702584,0.29997,0,2,Simbad,NED,209.0433,1.7977
rs1390,,,0.15703481,7.8419776,0.45784083,0.40913999,0,2,Simbad,NED,209.4567,2.4535
rs1391,,,0.3295216,7.81847668,0.45784083,0.40942001,0,2,Simbad,NED,209.6861,2.4567
rs1254,,,0.07086411,10.19210625,2.91728933,1.48179996,0,2,Simbad,NED,209.69,2.8443
rs1392,,,0.04071506,7.43099737,0.64708354,0.47584,0,1,Simbad,NED,209.7068,2.0362
rs1393,,,0.06343942,8.36458206,0.17662565,0.17603999,0,1,Simbad,NED,209.9659,2.0917
rs1394,,,0.08337144,8.72874641,2.26391576,1.31079996,0,1,Simbad,NED,209.981,4.5619
rs1395,,,0.09927897,8.46078587,0.17662565,0.17736,0,2,Simbad,NED,209.9833,1.9944
rs1396,,,0.0790445,7.69691515,0.04752654,0.047069,0,2,Simbad,NED,210.345,1.9913
rs1397,,,0.50948906,7.43360138,0.04752654,0.047991,0,2,Simbad,NED,210.3645,1.9732
rs1398,,,0.38557494,8.91278458,1.15924235,0.31648999,0,2,Simbad,NED,210.4436,1.1569
rs1399,,,0.11385778,8.82194901,1.07634365,0.31356999,0,2,Simbad,NED,210.5085,0.9933
rs1400,,,0.07030534,7.55005646,2.31161118,1.33510005,0,2,Simbad,NED,210.5552,4.0952
rs1401,,,0.36624593,7.38603306,0.60982986,0.39612001,0,2,Simbad,NED,210.6747,1.8898
rs1256,,,0.02051189,7.75716543,1.02373516,0.94525999,0,1,Simbad,NED,210.7473,0.5162
rs1257,,,0.24811876,8.39358139,2.92773462,0.97065002,0,1,Simbad,NED,211.3598,3.0332
rs1258,0,0,0.14819424,8.11838055,1.97635385,1.00839996,0,2,Simbad,NED,212.1365,3.0246
rs1259,,,0.15778038,9.28704357,2.4581298,1.05970001,0,2,Simbad,NED,212.1947,4.9099
rs1260,0,0,0.08770094,7.6612134,3.08890551,0.81559998,0,2,Simbad,NED,212.5938,4.0156
rs1261,0,0,0.11120665,8.0731802,3.26833917,0.76134002,0,1,Simbad,NED,212.8887,4.4826
rs1262,,,0.17155345,7.76156139,0.58550391,0.38973001,0,2,Simbad,NED,212.9411,1.9473
rs1263,,,0.27442023,8.03809929,0.58550391,0.35150999,0,2,Simbad,NED,213.1666,1.755
rs1264,,,0.12237505,8.83023357,0.69288356,0.35473001,0,2,Simbad,NED,213.2052,1.4893
rs1402,,,0.07616735,8.83769512,3.28217758,3.27999997,0,2,Simbad,NED,213.783,3.1129
rs1265,3,1,0.57872945,7.66520166,0.06846408,0.069041,0,2,Simbad,NED,213.8002,4.8719
rs1266,,,1.61914718,8.1107235,0.06846408,0.067887,0,2,Simbad,NED,213.8013,4.8242
rs1267,,,0.91876012,8.64926815,0.53845269,0.38345,0,2,Simbad,NED,213.8489,4.4085
rs1268,,,0.10351989,9.35722923,3.28217758,3.28250003,0,2,Simbad,NED,213.8551,4.9341
rs1269,,,0.08016357,7.30132055,0.53845269,0.38159999,0,2,Simbad,NED,213.9483,4.1601
rs1270,,,0.1253681,9.16611671,3.18819578,1.42630005,0,2,Simbad,NED,216.0729,4.6996
rs1403,,,0.39218172,8.2340517,0.22473686,0.22642,0,2,Simbad,NED,216.8522,3.0722
rs1271,,,0.01924376,8.0036726,0.07319601,0.072655,0,1,Simbad,NED,216.8582,2.9454
rs1404,,,0.57799792,9.61694908,0.07319601,0.073246,0,2,Simbad,NED,216.8984,2.9545
rs1272,,,0.05492735,7.94639492,4.56268971,2.56469989,0,1,Simbad,NED,216.987,0.0226
rs1405,,,0.05507035,7.91810942,3.5861637,2.0223,0,1,Simbad,NED,218.3894,3.2748
rs1275,,,0.02358612,6.77712631,3.5861637,2.72650003,0,1,Simbad,NED,218.6103,0.8308
rs1276,,,0.87931955,8.0491333,2.88521309,1.29009998,0,2,Simbad,NED,219.175,2.3859
rs1277,,,0.05212298,8.1111145,4.91923227,2.17309999,0,1,Simbad,NED,219.7877,4.5517
rs1406,,,0.14389364,8.30028152,2.14998289,1.27639997,0,2,Simbad,NED,219.8941,2.651
rs1278,0,0,0.0889205,8.19632912,1.26513391,0.73969001,0,2,Simbad,NED,220.0273,3.8734
rs1279,3,2,0.01906161,9.60870361,1.26513391,0.18561,0,2,Simbad,NED,220.154,3.4647
rs1407,,,0.00619349,8.59677887,1.10449049,0.19357,0,2,Simbad,NED,220.1593,3.3564
rs1408,,,0.0770947,8.85589981,0.90177812,0.41001999,0,2,Simbad,NED,220.3728,3.1953
rs1409,,,0.24330494,8.79122066,0.90177812,0.41253999,0,2,Simbad,NED,220.5885,3.2709
rs1280,,,0.09650358,7.36993694,1.83192601,1.69439995,0,1,Simbad,NED,221.8369,0.011
rs1281,0,0,0.04918462,8.49752617,2.23952123,1.84570003,0,1,Simbad,NED,222.3483,4.2312
rs1282,,,0.06762575,9.7535038,0.07842823,0.078972,0,2,Simbad,NED,222.8475,0.0071
rs1283,3,1,0.23353274,7.0875001,0.5024789,0.48965999,0,2,Simbad,NED,223.2881,4.8512
rs1284,0,0,0.16989902,8.11067772,0.08243813,0.082678,0,1,Simbad,NED,223.5791,4.9365
rs1285,3,1,0.12793307,7.32303476,0.08243813,0.082287,0,1,Simbad,NED,223.6302,4.9379
rs1286,0,0,0.24843827,8.40247345,1.49333217,0.37968999,0,2,Simbad,NED,223.8019,2.8169
rs1287,0,0,0.03225932,9.49307823,0.95515207,0.94919002,0,2,Simbad,NED,223.8065,3.612
rs1288,0,0,0.04665633,9.82802773,0.95515207,0.38582999,0,2,Simbad,NED,223.8874,3.0372
rs1289,3,1,0.18639652,8.30952263,1.76506681,0.71552998,0,1,Simbad,NED,224.0283,1.925
rs1290,0,0,0.2373711,7.20342588,1.18815152,0.70327997,0,2,Simbad,NED,224.11,2.3477
rs1291,0,0,0.2400987,9.22078896,0.7542992,0.74067998,0,2,Simbad,NED,224.2297,4.2051
rs1292,0,0,0.03706359,9.34699631,0.66366025,0.59941,0,2,Simbad,NED,224.3771,3.7758
rs1293,0,0,0.5819754,7.96656847,0.23145298,0.22889,0,2,Simbad,NED,224.5346,3.424
rs1294,0,0,0.69831592,8.60879993,0.23145298,0.23176,0,2,Simbad,NED,224.6416,3.5185
rs1295,0,0,0.11178716,8.0716362,4.13588065,3.96600008,0,1,Simbad,NED,225.9595,0.5655
rs1296,0,0,0.15142159,8.07908058,4.89555798,4.86350012,0,2,Simbad,NED,227.6531,3.309
rs1297,0,0,0.26912802,8.7104187,2.76861795,1.88849998,0,2,Simbad,NED,230.9415,2.6703
rs1298,0,0,0.05803508,7.7410388,0.97688445,0.98049998,0,1,Simbad,NED,230.9459,4.2614
rs1299,3,1,0.1578282,7.73114872,0.07452815,0.073297,0,1,Simbad,NED,231.2453,4.7897
rs1300,0,0,0.06172813,9.87980556,0.07452815,0.074408,0,2,Simbad,NED,231.2683,4.8298
rs1301,3,1,0.25740135,8.95736313,0.12328146,0.12409,0,2,Simbad,NED,231.2711,4.9064
rs1302,3,2,0.2332191,7.73048973,1.68862634,0.76571,0,2,Simbad,NED,231.716,3.5975
rs1303,3,2,0.12860456,7.21594143,1.8425516,0.77700001,0,2,Simbad,NED,231.7359,4.0737
rs1304,4,1,0.14083166,7.30178833,2.7993798,2.7881999,0,2,Simbad,NED,232.1705,1.3774
rs1305,,,0.0394036,8.25746822,8.04189459,20.66200066,0,1,Simbad,NED,233.3986,3.8752
rs1306,,,0.04408236,7.11690998,3.43027704,2.55310011,0,1,Simbad,NED,233.8943,4.7848
rs1307,,,0.62100792,7.83147764,4.42463569,4.03410006,0,2,Simbad,NED,233.9136,2.4279
rs1308,0,0,0.68028939,8.00948906,0.60397422,0.46487001,0,2,Simbad,NED,234.5443,4.7804
rs1309,0,0,2.52312112,8.8491888,0.60397422,0.46270999,0,2,Simbad,NED,234.7283,4.583
rs1310,0,0,0.07518838,8.11114883,2.89094191,2.22169995,0,1,Simbad,NED,235.0844,3.6343
rs1311,0,0,0.55001938,7.72777367,2.89094191,1.87689996,0,2,Simbad,NED,235.8745,4.7944
rs1312,1,1,0.0326543,7.09366226,2.85514636,2.40939999,0,2,Simbad,NED,235.9976,4.0264
rs0079,3,1,0.03728259,7.25086975,0.22382517,0.22996999,0,2,Simbad,NED,142.8539,4.3432
rs0245,,,0.02426588,7.25275803,0.76550653,0.44310999,0,1,Simbad,NED,155.6602,0.6204
rs0287,,,0.01230025,8.04963112,2.04829396,1.20589995,0,2,Simbad,NED,158.7728,0.2814
rs0294,0,0,0.02176275,6.93743801,0.43766454,0.095308,0,1,Simbad,NED,159.3828,0.5214
rs0878,,,0.02955528,8.10706139,0.04020218,0.041086,0,1,Simbad,NED,189.6056,1.7844
rs0902,,,0.01415078,7.18119955,1.3747162,0.26488,0,1,Simbad,NED,190.6622,0.6859
rs1203,,,0.03259462,6.72170973,0.41780666,0.18311,0,1,Simbad,NED,206.0439,4.1469
rs1216,,,0.27590302,8.46321487,0.80498152,0.44444001,0,2,Simbad,NED,206.8839,4.0966
rs1410,,,0.02067659,7.98595619,0.18753003,0.1838,0,1,Simbad,NED,180.8632,4.867
rs1411,,,0.11677992,7.26615667,0.21405146,0.21186,0,2,Simbad,NED,203.9971,3.7641
rs1412,,,0.26997861,7.70398521,1.02373516,1.02499998,0,2,Simbad,NED,211.1573,0.1092
rs1413,1,2,0.05205343,7.4982996,3.56278861,1.66999996,0,1,Simbad,NED,149.9174,0.0443
rs1414,,,0.0388328,7.43235874,0.80607201,0.27719,0,1,Simbad,NED,163.0289,4.4741
rs1415,0,0,0.0261943,9.54004765,0.12808505,0.12754001,0,2,Simbad,NED,169.7485,3.3125
rs1416,,,0.01173856,8.860919,0.02673382,0.026764,0,2,Simbad,NED,203.5202,3.3308
rs1417,4,1,0.65511161,7.67076683,0.16985344,0.17068,0,2,Simbad,NED,151.4852,3.7701
rs1418,,,0.25920221,9.17072392,0.00875298,0.0087461,0,2,Simbad,NED,142.4405,2.2065
rs1419,,,0.02776504,7.26685429,2.36137106,0.97478002,0,1,Simbad,NED,134.4838,1.5168
rs1420,,,0.01273593,8.11929893,0.42537567,0.20207,0,1,Simbad,NED,139.503,0.5291
rs1421,4,1,0.07395924,6.90305948,1.19576976,0.67659998,0,2,Simbad,NED,141.3356,3.115
rs1422,,,0.03120185,7.31992245,0.50217189,0.32594001,0,2,Simbad,NED,142.3618,1.8759
rs1423,0,0,0.02596443,5.97813082,0.35668175,0.25665,0,1,Simbad,NED,143.8406,2.9858
rs1424,,,0.21041968,7.15380096,1.20024023,1.14129996,0,2,Simbad,NED,144.4216,2.7787
rs1425,0,0,0.04021445,6.92690754,0.7895823,0.61552,0,2,Simbad,NED,144.5536,2.9439
rs1426,,,0.05076363,7.50666618,1.14200474,0.86993003,0,2,Simbad,NED,146.4588,3.6698
rs1427,3,1,0.04398981,6.8287735,0.41046366,0.39388999,0,1,Simbad,NED,146.5744,3.4161
rs1428,,,0.02967728,7.27699947,0.82181482,0.67593998,0,1,Simbad,NED,146.8864,3.9821
rs1429,,,0.00024257,7.42294264,3.07823784,0.32912001,0,1,Simbad,NED,147.9994,4.2402
rs1430,,,0.03772649,6.78563643,1.44123015,0.34208,0,2,Simbad,NED,148.5591,2.4802
rs1431,,,0.04864413,6.49654627,2.7101123,1.64740002,0,2,Simbad,NED,151.4295,1.6153
rs1432,2,2,0.08539574,7.43582344,1.41584307,1.398,0,2,Simbad,NED,152.7584,3.5746
rs1433,,,0.08914728,6.96699524,1.24019108,0.29484999,0,2,Simbad,NED,156.496,0.5128
rs1434,2,2,0.11250576,6.76531744,0.77118224,0.44843999,0,1,Simbad,NED,156.9588,2.5041
rs1435,,,0.01111551,7.12031555,0.09592097,0.094864,0,1,Simbad,NED,159.633,0.0967
rs1436,,,0.01668121,7.21628618,1.52114573,1.41439998,0,1,Simbad,NED,159.6846,3.8993
rs1437,,,0.034035,6.88476419,1.06642909,0.43520999,0,2,Simbad,NED,168.2578,4.0384
rs1438,1,1,0.05004311,7.94079876,0.90759278,0.35376,0,2,Simbad,NED,168.9721,4.3786
rs1439,,,0.05385838,8.55202484,1.08622871,0.064474,0,2,Simbad,NED,169.0428,3.5344
rs1440,,,0.18268791,6.5957222,1.20179457,0.98909003,0,2,Simbad,NED,170.0688,0.7045
rs1441,,,0.00991959,6.96385527,1.35710238,0.59527999,0,1,Simbad,NED,173.4203,2.2507
rs1442,,,0.00075754,7.41635036,2.22909198,0.73541999,0,1,Simbad,NED,173.4828,1.0331
rs1443,,,0.13506664,7.38927269,0.35656063,0.26477,0,2,Simbad,NED,174.2541,3.4388
rs1444,,,0.01754782,6.77173567,0.69906224,0.32172999,0,1,Simbad,NED,177.8848,2.4102
rs1445,2,2,0.08168035,7.25999403,0.35894157,0.20218,0,2,Simbad,NED,180.6956,2.4008
rs1446,,,0.14533982,7.70213461,4.09591504,2.93490005,0,2,Simbad,NED,183.8728,2.7613
rs1447,,,0.0746006,6.45249653,1.21224222,0.70603001,0,2,Simbad,NED,185.3295,3.7876
rs1448,,,0.09485369,7.13574362,0.21892234,0.21749,0,2,Simbad,NED,186.1098,1.7725
rs1449,,,0.05451112,7.37997246,2.29040752,2.07690001,0,1,Simbad,NED,187.7509,0.2653
rs1450,,,0.02712825,6.96319723,2.28496667,1.58270001,0,2,Simbad,NED,188.8259,1.3832
rs1451,,,0.14992674,7.5934763,0.35862462,0.31547001,0,2,Simbad,NED,192.0318,3.6333
rs1452,,,4.053e-05,6.88895941,0.78721073,0.47312999,0,2,Simbad,NED,194.5696,4.1307
rs1453,,,0.02463321,8.40789318,1.61243528,0.97329998,0,2,Simbad,NED,200.6988,3.7794
rs1454,,,0.02656474,6.97620583,0.43635084,0.17669,0,1,Simbad,NED,204.5497,4.2409
rs1455,,,0.02083525,6.74676132,0.66905325,0.27928001,0,1,Simbad,NED,204.5765,3.9256
rs1456,,,0.0711154,8.66653824,0.36328144,0.33399999,0,2,Simbad,NED,205.2074,2.8178
rs1457,,,0.06454147,6.82287884,0.36328144,0.23374,0,2,Simbad,NED,205.3332,2.9656
rs1458,,,0.03506708,7.33609152,0.21368254,0.19902,0,1,Simbad,NED,206.1743,3.0473
rs1459,,,0.01791136,6.47190142,1.13558508,0.44960999,0,1,Simbad,NED,206.3765,1.2558
rs1460,,,0.06445083,6.70483971,0.97883346,0.49254999,0,2,Simbad,NED,208.4995,3.2323
rs1461,,,0.12123907,6.77134752,0.14327127,0.14359,0,2,Simbad,NED,208.7397,3.369
rs1462,,,0.22475827,7.36621475,1.86722301,1.64690006,0,2,Simbad,NED,209.7851,3.5114
rs1463,,,0.09759942,6.75136471,0.68173774,0.39798,0,2,Simbad,NED,210.8941,1.8584
rs1464,,,0.01108887,7.05980492,3.16375382,1.37750006,0,1,Simbad,NED,215.1405,4.6851
rs1465,,,0.00644293,8.38035011,4.01525787,2.38569999,0,1,Simbad,NED,132.0036,0.8165
rs1466,,,0.02244431,7.81062603,0.59122771,0.57622999,0,1,Simbad,NED,133.5799,1.9931
rs1467,,,0.01011339,7.1321516,1.46876696,0.91294998,0,1,Simbad,NED,134.5431,1.3432
rs1468,,,0.0055313,8.18480301,1.93522965,0.28586999,0,1,Simbad,NED,135.589,0.6822
rs1469,,,0.02022932,7.61256504,2.10204094,1.8951,0,1,Simbad,NED,136.4167,1.8575
rs1470,,,0.02804575,7.45204258,1.6692994,1.23049998,0,1,Simbad,NED,136.5226,0.2134
rs1471,,,0.00903122,7.46088362,0.82559177,0.78197002,0,1,Simbad,NED,137.1463,2.9022
rs1472,,,0.00248836,7.98996401,1.23414264,0.36478001,0,1,Simbad,NED,139.631,1.3344
rs1473,,,0.03277463,7.59076023,1.10740693,1.10780001,0,1,Simbad,NED,139.7082,1.0231
rs1474,,,0.01236443,7.73973656,0.15076235,0.15215001,0,1,Simbad,NED,139.7124,0.7775
rs1475,,,0.0040482,7.76565123,0.17268335,0.1489,0,1,Simbad,NED,140.0523,1.1523
rs1476,,,0.00315806,7.39873791,0.16045117,0.17143001,0,1,Simbad,NED,140.2569,0.9243
rs1477,,,0.02776504,7.56923103,0.42164947,0.32495001,0,1,Simbad,NED,140.4378,1.2413
rs1478,,,0.00961928,7.29589605,0.07457246,0.070815,0,1,Simbad,NED,140.7933,1.4532
rs1479,,,0.00637661,7.39156961,1.01862783,0.80150998,0,1,Simbad,NED,140.968,0.8158
rs1480,,,0.00320986,7.87663746,0.56370026,0.29225999,0,1,Simbad,NED,174.1955,0.3986
rs1481,,,0.00647401,7.39038467,1.0611037,0.36432999,0,1,Simbad,NED,174.7019,0.3012
rs1482,,,0.00270838,7.17062664,1.58063986,0.1112,0,1,Simbad,NED,175.8209,0.4806
rs1483,,,0.01363435,7.71023655,0.33051963,0.20460001,0,1,Simbad,NED,177.0394,0.112
rs1484,,,0.02310775,6.93534279,2.17342979,1.74049997,0,1,Simbad,NED,180.0132,0.3429
rs1485,,,0.00951317,7.63864803,0.17734921,0.19074,0,1,Simbad,NED,180.3924,1.4737
rs1486,,,0.00172883,8.14402294,0.30316353,0.18791001,0,1,Simbad,NED,180.451,1.7724
rs1487,,,0.02090463,7.17421389,0.8871595,0.69313997,0,1,Simbad,NED,180.98,0.5518
rs1488,,,0.00383068,7.74764347,0.0450746,0.11582,0,1,Simbad,NED,180.9963,1.8322
rs1489,,,0.00357149,8.38526917,0.10694012,0.12181,0,1,Simbad,NED,181.0468,1.7697
rs1490,,,0.00324319,7.6755743,0.03474286,0.035519,0,1,Simbad,NED,181.0546,1.691
rs1491,,,0.00174028,8.23101997,0.03610761,0.080107,0,1,Simbad,NED,181.0941,1.8673
rs1493,,,0.01914467,8.28680229,0.8871595,0.32326001,0,1,Simbad,NED,181.1721,0.0134
rs1494,,,0.00196805,7.70920849,0.14088179,0.10176,0,1,Simbad,NED,181.186,1.7126
rs1495,,,0.00136217,8.17744827,0.05357277,0.051647,0,1,Simbad,NED,181.1889,1.9203
rs1496,,,0.00179052,8.26443005,0.21783574,0.18976,0,1,Simbad,NED,181.1929,1.5012
rs1497,,,0.00156317,8.01328278,0.12755309,0.11387,0,1,Simbad,NED,181.203,1.6466
rs1498,,,0.00087924,8.73054123,0.10768538,0.094037,0,1,Simbad,NED,181.2426,1.7513
rs1499,,,0.00648258,8.40018749,0.05416585,0.04536,0,1,Simbad,NED,181.3419,1.8346
rs1500,,,0.01142465,7.82246923,0.16115737,0.17082,0,1,Simbad,NED,181.5265,1.6002
rs1501,,,0.00885658,7.6915741,0.20660719,0.33983001,0,1,Simbad,NED,181.6248,1.8279
rs1502,,,0.0045203,7.65936565,0.35131891,0.36544001,0,1,Simbad,NED,181.7834,1.0773
rs1503,,,0.01045514,7.34346151,0.22564199,0.31643999,0,1,Simbad,NED,181.8657,1.2976
rs1504,,,0.01430553,7.45164442,0.86584435,0.28343001,0,1,Simbad,NED,182.1418,1.2017
rs1505,,,0.00135339,7.57898283,0.67296929,0.17493001,0,1,Simbad,NED,182.5249,0.3098
rs1506,,,0.00451708,7.93981075,0.24938462,0.16927999,0,1,Simbad,NED,182.5307,0.4262
rs1507,,,0.00373965,8.21760368,0.01225713,0.012371,0,1,Simbad,NED,182.6414,0.6715
rs1508,,,0.01699386,7.79889965,0.22938463,0.22624999,0,1,Simbad,NED,182.7987,1.1208
rs1509,,,0.02403857,7.79034948,0.85709511,0.21375,0,1,Simbad,NED,182.8979,0.591
rs1510,0,0,0.02629354,7.24159908,0.10685319,0.1078,0,1,Simbad,NED,182.9272,1.3521
rs1511,,,0.00180573,7.80398893,0.78933942,0.17129,0,1,Simbad,NED,183.0482,0.1263
rs1512,,,0.02597583,6.04220438,1.78444721,0.96427,0,1,Simbad,NED,185.2601,0.0062
rs1513,,,0.01538914,7.41637135,1.54309014,1.05850005,0,1,Simbad,NED,185.9639,0.5147
rs1514,,,0.02337097,7.56206036,2.65645967,2.5624001,0,1,Simbad,NED,216.9574,1.4699
rs1515,,,0.00237439,7.22697926,3.37544811,2.54469991,0,1,Simbad,NED,217.2389,1.0684
rs1516,,,0.01203486,7.59741688,3.37544811,2.47880006,0,1,Simbad,NED,218.9125,1.152
rs1517,,,0.02791291,7.42627478,0.07842823,0.07919,0,1,Simbad,NED,222.8073,0.0282
rs1518,3,2,0.0269831,7.97147322,0.10903438,0.11329,0,2,Simbad,NED,139.99,0.8454
rf0001,,,0.10125589,8.00910378,2.22682904,1.45190001,1,1,Simbad,NED,0.0134,-1.1129
rf0514,,,0.07773865,9.90316105,0.08116443,0.081481,1,1,Simbad,NED,0.0186,-0.0834
rf0515,,,0.6971944,9.39006805,0.08116443,0.08222,1,2,Simbad,NED,0.0326,-0.0403
rf0516,,,0.03160304,7.78545475,2.22464659,1.426,1,0,Simbad,NED,0.7089,-0.5887
rf0002,0,0,0.01874132,9.50532436,2.47785381,2.35610008,1,2,Simbad,NED,1.1467,0.8486
rf0517,,,0.03085077,8.56908607,2.22464659,1.38810003,1,0,Simbad,NED,1.909,-0.3677
rf0518,0,0,0.04046096,8.32142639,3.40528158,1.25530005,1,1,Simbad,NED,2.2105,-1.1702
rf0003,1,2,0.03493618,9.27119541,4.26359202,2.1006,1,2,Simbad,NED,2.3154,0.8126
rf0005,0,0,0.09501838,9.95773697,1.05308095,0.87226999,1,2,Simbad,NED,3.0254,-0.4151
rf0519,,,0.01898775,7.23371887,1.05308095,0.87870002,1,1,Simbad,NED,3.4826,0.016
rf0006,0,0,0.03162303,8.78608131,1.90428577,0.24527,1,2,Simbad,NED,4.1918,-1.1082
rf0007,0,0,0.25391451,8.31830406,0.10463256,0.10628,1,2,Simbad,NED,4.2867,-0.958
rf0008,1,1,0.48506847,8.70793247,0.10463256,0.1015,1,2,Simbad,NED,4.3577,-0.9782
rf0009,2,1,0.0802444,8.13725567,1.13904386,0.16379,1,1,Simbad,NED,4.4165,0.5062
rf0010,3,1,0.18038303,7.97330666,0.01020655,0.0098622,1,1,Simbad,NED,4.4761,0.3296
rf0011,3,1,0.71872258,8.26436996,0.01020655,0.01005,1,2,Simbad,NED,4.4808,0.3353
rf0520,,,0.02117546,8.30910587,0.20974709,0.17411,1,1,Simbad,NED,4.5359,0.4781
rf0012,,,0.05634768,8.11002159,0.4054241,0.28475001,1,1,Simbad,NED,4.7535,0.6618
rf0521,,,0.00332564,7.42907715,0.4054241,0.2131,1,1,Simbad,NED,4.8128,0.9156
rf0522,,,0.00259119,8.18397045,0.63481102,0.21105,1,1,Simbad,NED,4.891,1.0491
rf0013,1,2,0.0997821,9.52734184,0.63481102,0.11883,1,2,Simbad,NED,4.9472,0.5907
rf0523,,,0.00507752,7.95491743,0.11110881,0.10661,1,1,Simbad,NED,4.997,0.7293
rf0014,0,0,0.04506008,7.52978134,0.11110881,0.11105,1,1,Simbad,NED,5.0072,0.6539
rf0524,0,0,0.05938653,7.63124037,0.75560102,0.28180999,1,1,Simbad,NED,5.0747,1.1145
rf0015,3,1,0.12653555,8.91632843,0.05923654,0.013382,1,2,Simbad,NED,5.1077,0.8266
rf0016,3,1,0.12847894,9.94187737,0.21083079,0.014405,1,2,Simbad,NED,5.1147,0.8335
rf0017,1,2,0.04903429,8.76672554,0.59938316,0.21932,1,1,Simbad,NED,5.1195,0.5411
rf0018,0,0,0.00674573,8.22808266,0.05923654,0.045847,1,2,Simbad,NED,5.1411,0.8565
rf0019,2,2,0.03729283,7.7776618,0.22760671,0.23085,1,1,Simbad,NED,5.2572,0.9926
rf0020,0,0,0.00550085,8.32942867,0.02920829,0.030274,1,1,Simbad,NED,5.2621,0.8335
rf0525,,,0.00184607,8.10796261,0.02920829,0.028981,1,1,Simbad,NED,5.2824,0.8317
rf0021,0,0,0.02622509,9.50891685,1.55374305,0.27239001,1,2,Simbad,NED,5.397,1.1655
rf0022,0,0,0.00674937,8.96976948,0.68380831,0.43169999,1,2,Simbad,NED,5.4409,0.5576
rf0526,,,0.01380718,7.99654579,0.84855665,0.25835001,1,1,Simbad,NED,5.5868,1.1263
rf0023,0,0,0.06046795,7.7980051,0.95777506,0.33390999,1,1,Simbad,NED,5.9486,-0.6614
rf0527,,,0.0215091,8.15835953,3.90363146,0.30522999,1,0,Simbad,NED,6.1214,-0.8294
rf0528,,,0.02678198,8.15936279,2.0488191,0.75480998,1,0,Simbad,NED,6.268,-1.0508
rf0529,,,0.02118598,7.42891598,0.95777506,0.62358999,1,0,Simbad,NED,6.3251,-1.2311
rf0530,,,0.12466971,8.9014473,1.37740431,1.17320001,1,1,Simbad,NED,6.3331,0.5255
rf0024,0,0,0.2699804,8.28062248,0.37513286,0.37496001,1,2,Simbad,NED,6.3934,0.8468
rf0025,0,0,0.27249265,7.70530891,0.11137456,0.1116,0,2,Simbad,NED,6.6043,1.0201
rf0531,,,0.03120658,7.43405151,0.11137456,0.11057,0,1,Simbad,NED,6.6369,1.0944
rf0026,,,0.0533152,8.68539047,0.59417019,0.30120999,1,1,Simbad,NED,6.9744,-0.9667
rf0027,,,0.03730954,7.15777683,0.59417019,0.30361,1,0,Simbad,NED,7.1395,-1.1799
rf0532,,,0.06100142,7.19772482,1.17421583,0.73575002,1,1,Simbad,NED,7.2011,-0.1676
rf0533,,,0.41917109,8.04341602,1.00287707,0.99061,1,2,Simbad,NED,7.41,0.4104
rf0028,1,1,0.05188693,7.88827133,0.23793706,0.23783,0,1,Simbad,NED,7.6825,-0.2994
rf0029,0,0,0.33712405,8.0534811,0.019696,0.019702,1,2,Simbad,NED,7.7174,0.5289
rf0534,,,0.01900923,7.48349476,0.019696,0.019555,1,1,Simbad,NED,7.7201,0.542
rf0030,,,0.25171718,9.2018919,0.14636847,0.14613999,1,2,Simbad,NED,7.7527,0.4356
rf0031,0,0,0.18453169,9.43346405,0.23793706,0.23616999,1,2,Simbad,NED,7.8004,-0.4073
rf0032,2,2,0.20940377,7.74653339,1.79383272,0.46915001,1,2,Simbad,NED,7.9306,0.9006
rf0535,4,1,0.14314137,6.98577023,2.42295904,0.32273,1,2,Simbad,NED,7.9481,0.5587
rf0033,2,1,0.13164559,7.51767254,0.96745261,0.90493,1,2,Simbad,NED,7.9583,-0.991
rf0536,,,0.29704666,7.93494987,0.70971348,0.69523001,1,2,Simbad,NED,8.3122,0.2014
rf0537,,,0.01951651,8.08286095,0.70971348,0.58802998,1,1,Simbad,NED,8.8726,0.532
rf0034,0,0,0.06064068,7.46287203,2.05333481,1.20920002,0,1,Simbad,NED,9.1263,-0.2872
rf0035,,,0.01518138,7.38807774,0.40598533,0.30908999,1,1,Simbad,NED,9.3702,0.2777
rf0538,,,0.01741118,7.95294762,0.18999918,0.19232,1,1,Simbad,NED,9.4215,0.5555
rf0539,,,0.01172254,8.43734741,0.18999918,0.18602,1,1,Simbad,NED,9.4993,0.7101
rf0036,,,0.00964646,8.25416279,0.27029883,0.27129,1,1,Simbad,NED,9.6684,1.1407
rf0540,,,0.40690935,9.48487377,0.05710763,0.056569,1,2,Simbad,NED,9.8059,0.8643
rf0541,,,0.00280706,9.15140343,0.03449695,0.034362,0,1,Simbad,NED,9.8144,0.9427
rf0542,,,0.15529005,10.19657993,0.03449695,0.034329,1,2,Simbad,NED,9.8244,0.9128
rf0037,,,1.09622204,8.33983231,0.09721649,0.099419,0,2,Simbad,NED,9.8954,0.86
rf0038,,,0.0039855,8.14452553,0.11708918,0.1147,1,1,Simbad,NED,9.9306,0.9606
rf0543,,,0.02658896,7.34068441,1.10230887,0.30164999,1,1,Simbad,NED,9.9442,0.0814
rf0039,,,0.01960206,7.49798918,0.49982371,0.32690001,1,1,Simbad,NED,10.019,0.0482
rf0040,0,0,0.15391172,8.39111519,0.80545841,0.31218001,1,2,Simbad,NED,10.1122,-0.0452
rf0041,,,0.00953216,7.9788518,0.49982371,0.33449,0,1,Simbad,NED,10.1133,0.3285
rf0042,1,1,0.17311674,7.62457275,0.03310166,0.03281,0,2,Simbad,NED,10.1465,-0.2935
rf0544,,,0.01905797,7.41339493,0.03310166,0.03384,1,0,Simbad,NED,10.1496,-0.2714
rf0043,0,0,1.20539045,8.46456623,0.05721158,0.057719,1,2,Simbad,NED,10.1579,-0.3303
rf0545,0,0,0.02744076,8.39243507,2.56855866,0.31355,1,1,Simbad,NED,10.2188,-0.525
rf0044,,,0.11584815,8.85723877,0.19918742,0.19938999,0,2,Simbad,NED,10.2477,0.7717
rf0045,0,0,0.05087422,8.45903397,0.19918742,0.19848,1,1,Simbad,NED,10.2681,0.9079
rf0046,,,0.01533594,7.72811413,1.4430492,0.25182,1,0,Simbad,NED,10.3722,-1.196
rf0047,0,0,0.00947627,8.90873528,0.15509178,0.15564001,1,2,Simbad,NED,10.4,1.0738
rf0048,,,0.21489975,8.20590591,0.06790517,0.068862,1,2,Simbad,NED,10.4083,0.2579
rf0049,0,0,0.14667132,7.9455266,0.06790517,0.06676,1,2,Simbad,NED,10.4174,0.209
rf0050,3,2,0.39959261,8.41505146,0.15509178,0.15561999,1,2,Simbad,NED,10.4424,1.1774
rf0546,2,1,0.11818745,7.85827732,0.00898932,0.0078902,1,1,Simbad,NED,10.4559,-1.0283
rf0051,0,0,0.03372284,7.9010129,0.00898932,0.0080133,1,1,Simbad,NED,10.46,-1.0238
rf0052,,,0.0098888,8.64555073,0.18752812,0.18657,1,2,Simbad,NED,10.5157,0.7191
rf0053,0,0,0.05083681,8.43995667,0.8860856,0.44082999,1,2,Simbad,NED,10.5385,-0.0878
rf0054,0,0,0.05810725,10.53419018,0.08564428,0.08693,1,2,Simbad,NED,10.5472,0.9046
rf0055,3,1,0.46810785,9.70506477,0.08564428,0.0852,1,2,Simbad,NED,10.5662,0.8454
rf0056,0,0,0.02600048,9.77877903,1.68824296,0.25612,1,2,Simbad,NED,10.6295,1.0772
rf0547,,,0.02279783,7.75642776,0.83299869,0.48671001,1,0,Simbad,NED,10.7107,-0.8152
rf0548,,,1.13647711,9.17677116,1.22505593,0.92500001,1,2,Simbad,NED,10.8663,-0.125
rf0549,,,0.01962342,7.53258276,0.9660473,0.49353001,1,0,Simbad,NED,10.8858,-0.0505
rf0057,2,1,0.66040808,8.29661179,0.4957218,0.47911999,1,2,Simbad,NED,10.9662,0.8018
rf0058,4,1,0.10862011,7.70628691,0.4957218,0.47986001,0,2,Simbad,NED,11.123,1.1086
rf0059,2,1,0.10316271,7.53237343,0.9660473,0.59524,1,2,Simbad,NED,11.1621,-0.3623
rf0550,,,0.42266959,7.96883059,1.22505593,1.18190002,0,1,Simbad,NED,11.3908,-1.1041
rf0551,,,0.03172172,7.2670331,1.4430492,0.57823998,1,0,Simbad,NED,11.3962,-1.2061
rf0060,0,0,0.11720637,7.78250408,2.81260197,2.16820002,0,2,Simbad,NED,11.6964,-0.7013
rf0061,0,0,0.06048761,7.71375656,1.77163935,0.62989002,1,1,Simbad,NED,11.8198,-1.1486
rf0552,,,0.0139517,6.98228359,0.68701998,0.63340002,1,1,Simbad,NED,12.2548,0.6697
rf0062,,,0.28573519,8.08569145,0.68701998,0.63120002,1,2,Simbad,NED,12.3989,1.1159
rf0063,2,1,0.19670017,8.69794083,0.76750721,0.32132,0,2,Simbad,NED,12.4678,0.9628
rf0553,,,0.0331073,7.33834219,0.12705002,0.1278,1,0,Simbad,NED,12.5509,-0.583
rf0064,1,1,0.08624092,7.71841383,0.12705002,0.12741999,0,1,Simbad,NED,12.6211,-0.5306
rf0065,0,0,0.08944515,7.60660458,0.75797976,0.31751999,0,2,Simbad,NED,12.715,0.8514
rf0066,0,0,0.08587658,8.29433155,0.75797976,0.44137001,1,1,Simbad,NED,12.956,0.5648
rf0554,,,0.01752657,7.82558298,0.98537959,0.44876999,1,0,Simbad,NED,13.5649,-1.0822
rf0067,,,0.03949629,7.34070969,2.42623086,0.45197001,1,1,Simbad,NED,13.6663,0.7555
rf0555,,,0.02514989,8.13802719,0.47182092,0.15962,1,0,Simbad,NED,13.9222,-0.9419
rf0068,,,0.04365293,7.209342,1.10999406,0.43843001,1,1,Simbad,NED,13.9374,0.5884
rf0070,,,0.02851873,8.21132374,1.34828666,0.54373997,1,0,Simbad,NED,14.5235,-0.8996
rf0556,,,0.01514372,7.58067799,0.05143731,0.050604,1,1,Simbad,NED,14.6669,0.5817
rf0071,0,0,1.44214392,8.8640089,0.05143731,0.050423,1,2,Simbad,NED,14.7036,0.5874
rf0072,3,2,0.24338029,7.48638439,0.04905596,0.049511,0,2,Simbad,NED,14.7314,1.0057
rf0073,0,0,0.1852434,8.70402145,0.04905596,0.049293,1,2,Simbad,NED,14.7672,1.0012
rf0557,,,0.01982539,7.53754187,1.34828666,0.38135999,0,0,Simbad,NED,14.918,-0.777
rf0074,0,0,0.83378577,7.87637806,0.94403032,0.24225999,1,2,Simbad,NED,14.9258,0.9168
rf0558,,,0.01596032,7.81302929,1.19261804,1.07249999,1,0,Simbad,NED,14.9855,-1.2219
rf0075,2,1,0.19732878,7.79579926,0.95311097,0.41060999,1,2,Simbad,NED,15.2091,-0.7313
rf0559,,,0.03530474,7.28983259,4.61701948,4.42019987,1,1,Simbad,NED,15.4572,0.4735
rf0076,0,0,0.03481296,8.24874401,1.31642422,0.98645002,1,1,Simbad,NED,15.504,0.5122
rf0077,0,0,0.17199062,8.13234234,0.63208851,0.193,1,1,Simbad,NED,15.6768,-0.7494
rf0078,0,0,0.00885098,9.85995483,0.13870997,0.13867,1,2,Simbad,NED,15.7246,-0.3197
rf0079,0,0,0.03878763,8.15233421,0.09163795,0.084753,0,1,Simbad,NED,15.7479,-0.6782
rf0080,2,2,0.04716728,9.81920624,0.81328586,0.40911999,1,2,Simbad,NED,15.7573,-1.1108
rf0081,,,0.01542369,8.70087433,0.09163795,0.088551,1,2,Simbad,NED,15.808,-0.7123
rf0560,,,0.00293826,8.42005539,0.13870997,0.13664,1,0,Simbad,NED,15.8221,-0.3409
rf0082,0,0,0.01899588,9.19126892,0.08116491,0.085591,1,2,Simbad,NED,15.8314,-0.5896
rf0083,0,0,0.07301844,7.77331114,0.08116491,0.082164,1,1,Simbad,NED,15.89,-0.6069
rf0084,0,0,0.30344975,7.67714405,0.10703392,0.10702,1,2,Simbad,NED,15.9119,-0.4907
rf0085,0,0,0.07271793,8.16196442,0.10965452,0.11179,1,2,Simbad,NED,15.9651,-0.3585
rf0086,0,0,0.00743109,9.08947945,0.10703392,0.10771,1,2,Simbad,NED,15.9751,-0.4406
rf0561,,,0.01546707,8.51301956,0.151906,0.15642001,1,0,Simbad,NED,15.9835,-0.673
rf0562,,,0.00269549,8.0177145,0.11587056,0.11476,1,0,Simbad,NED,15.9905,-0.8981
rf0087,0,0,0.03098792,9.91342735,0.15825931,0.15915,1,2,Simbad,NED,16.0305,-0.97
rf0088,1,2,0.02134273,8.1513319,0.0421891,0.043301,1,1,Simbad,NED,16.0371,-0.0955
rf0089,0,0,0.04985762,7.64278316,0.0421891,0.041262,1,1,Simbad,NED,16.0595,-0.1166
rf0090,0,0,0.00349412,8.46333504,0.02434087,0.07926,1,1,Simbad,NED,16.0604,-0.7803
rf0091,,,0.05622285,7.54988813,0.08385062,0.075855,1,1,Simbad,NED,16.0616,-0.8446
rf0092,0,0,0.14514685,8.64826488,0.05612666,0.054491,1,2,Simbad,NED,16.0632,-1.1141
rf0093,0,0,0.10000739,10.18932533,0.05612666,0.054207,1,2,Simbad,NED,16.07,-1.0749
rf0094,1,2,0.20453461,9.24441528,0.02434087,0.14489,1,2,Simbad,NED,16.0708,-0.7648
rf0563,,,0.00429616,8.55933285,0.14595403,0.14372,1,1,Simbad,NED,16.1093,-0.6596
rf0095,0,0,0.00791115,8.44525623,0.19453052,0.19599,1,2,Simbad,NED,16.1217,-0.4406
rf0564,,,0.00793068,7.95561457,0.04195901,0.042829,1,0,Simbad,NED,16.1495,-0.9182
rf0096,0,0,0.00897389,9.31070423,0.04195901,0.042921,1,2,Simbad,NED,16.1614,-0.8909
rf0097,1,2,0.10549019,9.73015976,0.13868081,0.13815001,1,2,Simbad,NED,16.1703,-0.8026
rf0098,0,0,0.07244141,8.76428509,0.06239883,0.064653,1,2,Simbad,NED,16.1731,-0.9556
rf0565,3,1,0.04431996,7.49549294,1.50490492,0.25240999,1,1,Simbad,NED,16.2055,-0.2881
rf0099,3,1,0.23460494,7.54884195,0.68202807,0.26952001,1,2,Simbad,NED,16.2162,-0.6478
rf0100,0,0,0.0088524,8.73817635,0.12582208,0.12419,1,2,Simbad,NED,16.2366,-0.906
rf0101,0,0,0.00449691,8.83303642,0.12582208,0.1309,1,1,Simbad,NED,16.2794,-0.8195
rf0102,0,0,0.14806217,7.70715189,1.19352411,0.31952,1,2,Simbad,NED,16.3284,-0.4609
rf0103,0,0,0.04758184,8.18792057,0.91010431,0.23774999,1,2,Simbad,NED,16.3727,-0.3443
rf0104,2,2,0.07593755,7.68064022,0.77481313,0.34110001,1,1,Simbad,NED,16.4755,-0.986
rf0105,0,0,0.07150075,8.2499361,0.81516147,0.29710999,1,1,Simbad,NED,16.4984,0.2691
rf0106,1,1,0.19616875,7.27172756,0.62488892,0.19977,1,2,Simbad,NED,16.5296,0.7763
rf0107,0,0,0.14853208,8.44564438,0.62488892,0.47194001,1,1,Simbad,NED,16.5977,0.3454
rf0108,0,0,0.02092227,8.42538738,0.81516147,0.094797,1,1,Simbad,NED,16.6166,0.65
rf0109,2,1,0.18756467,8.23815823,1.1782974,0.47194999,1,2,Simbad,NED,16.6397,-0.1336
rf0566,,,0.01241419,7.25331497,0.56522838,0.27382001,1,0,Simbad,NED,16.6448,-0.7667
rf0567,,,0.00974748,7.36776495,0.37307127,0.087346,1,1,Simbad,NED,16.6585,0.6979
rf0110,3,2,0.05379242,6.89515209,0.62098748,0.30294999,1,1,Simbad,NED,16.6954,0.2437
rf0111,4,1,0.1734775,7.95024443,0.05811094,0.057073,1,2,Simbad,NED,16.7125,-0.5704
rf0112,2,2,0.0460039,7.25572586,0.19364716,0.15949,1,1,Simbad,NED,16.7358,-0.7565
rf0568,0,0,0.0095856,7.33235216,0.05811094,0.057269,1,1,Simbad,NED,16.7476,-0.596
rf0569,,,0.03535207,7.7205286,0.62098748,0.44395,1,0,Simbad,NED,16.7663,-0.0361
rf0113,2,2,0.27775097,8.55663109,0.0644084,0.038488,1,2,Simbad,NED,16.7884,-0.6215
rf0570,,,0.0043014,8.52176762,1.15782074,0.040468,1,0,Simbad,NED,16.789,-0.6499
rf0571,0,0,0.00426528,8.112216,0.02535783,0.025271,1,2,Simbad,NED,16.8276,0.9341
rf0114,0,0,0.14370669,10.35915184,0.02535783,0.025145,1,2,Simbad,NED,16.8441,0.926
rf0115,0,0,0.01843341,8.5621891,0.01894985,0.019295,1,2,Simbad,NED,16.8476,0.8927
rf0572,0,0,0.0478651,6.97652531,0.09512314,0.094742,0,1,Simbad,NED,16.8483,1.0003
rf0573,,,0.00582176,8.11082458,0.01894985,0.019123,1,1,Simbad,NED,16.8613,0.8908
rf0116,2,2,0.01183677,9.54052544,0.02772962,0.026415,1,2,Simbad,NED,16.8813,0.8898
rf0574,,,0.02793327,7.92315769,0.56522838,0.15064999,1,0,Simbad,NED,16.92,-0.8048
rf0117,0,0,0.09312336,8.06202984,0.26602044,0.16744,1,1,Simbad,NED,17.0091,-0.0754
rf0118,2,1,0.07626191,7.55849171,1.66437989,0.3238,1,2,Simbad,NED,17.0145,1.1454
rf0119,2,1,0.05014343,7.68792152,0.81218764,0.14322001,1,1,Simbad,NED,17.0219,-0.7949
rf0120,,,0.04004869,7.14673996,0.58542778,0.3554,1,0,Simbad,NED,17.0555,-0.3433
rf0121,,,0.03899113,7.65670919,0.26602044,0.16698,1,1,Simbad,NED,17.0928,0.02
rf0122,3,2,0.07311694,7.51104832,0.58728341,0.39489999,1,2,Simbad,NED,17.385,-0.3439
rf0123,,,0.02810709,7.93566799,1.17456091,0.57573998,1,0,Simbad,NED,17.4277,-0.9537
rf0124,,,0.16753644,9.58750725,0.64119137,0.35021001,1,2,Simbad,NED,17.5049,0.4119
rf0125,0,0,0.13388163,8.59233093,0.58728341,0.32905999,1,2,Simbad,NED,17.6595,-0.2779
rf0575,,,0.01622126,7.28416348,0.92500555,0.23959,1,1,Simbad,NED,17.7071,0.5501
rf0126,3,1,0.39864516,8.9113493,0.8707809,0.32023999,1,2,Simbad,NED,17.7119,0.1982
rf0127,1,2,0.17821442,9.44679642,0.64119137,0.34153,1,2,Simbad,NED,17.7472,0.4337
rf0128,3,1,0.34312734,7.82933426,0.39484874,0.29495001,1,2,Simbad,NED,17.8157,-0.4557
rf0129,0,0,0.14780523,8.26814842,0.53540555,0.24286,1,2,Simbad,NED,17.8981,0.4623
rf0576,,,0.05068789,7.94566488,2.59416551,0.95480001,1,1,Simbad,NED,17.9356,1.1583
rf0130,2,2,0.15914443,10.19438648,0.05508715,0.053311,1,2,Simbad,NED,17.944,-0.6643
rf0131,3,1,0.00821847,8.62076092,0.01601447,0.016571,1,2,Simbad,NED,17.9596,-0.6197
rf0132,,,0.17744356,10.1106348,0.01601447,0.01618,1,2,Simbad,NED,17.9638,-0.6302
rf0133,0,0,0.27158824,9.65690613,0.15199846,0.15629999,1,2,Simbad,NED,18.0361,-0.4101
rf0134,0,0,0.44594091,7.9541707,0.83709567,0.32752001,1,2,Simbad,NED,18.1413,0.2937
rf0135,0,0,0.00529203,9.034235,0.04309824,0.043969,1,2,Simbad,NED,18.1488,-0.4146
rf0577,,,0.00917079,8.18539047,0.15544102,0.16254,1,0,Simbad,NED,18.169,-0.5281
rf0136,,,0.00445233,7.98030472,0.0689213,0.072828,1,0,Simbad,NED,18.1776,-0.2454
rf0137,,,0.00756264,8.15600204,0.04309824,0.042847,1,0,Simbad,NED,18.1784,-0.4025
rf0138,4,1,0.24524136,10.29554844,0.0689213,0.068967,1,2,Simbad,NED,18.2024,-0.2901
rf0139,0,0,0.09003891,10.03951263,1.07298354,0.094878,1,2,Simbad,NED,18.2393,-0.3449
rf0140,0,0,0.19186756,10.45789146,0.08150291,0.082449,1,2,Simbad,NED,18.2498,-0.2524
rf0141,2,1,0.05499252,7.26788616,0.53540555,0.48872,1,1,Simbad,NED,18.2619,0.678
rf0142,0,0,0.00914101,8.10743999,0.07912568,0.076401,1,1,Simbad,NED,18.3106,-0.3416
rf0578,,,0.00335739,8.50192642,0.07912568,0.079542,1,0,Simbad,NED,18.3342,-0.3955
rf0143,0,0,0.08019984,8.54593468,0.83709567,0.32449001,1,1,Simbad,NED,18.3535,0.2205
rf0144,0,0,0.19162922,9.41217518,0.91114391,0.27563,1,2,Simbad,NED,18.4244,-0.1026
rf0579,,,0.14707707,8.46451759,2.59416551,0.97782999,1,2,Simbad,NED,18.4416,0.9455
rf0145,0,0,0.08742117,8.57314968,1.34390157,0.30599001,1,2,Simbad,NED,18.5555,-0.2838
rf0146,2,1,0.0433052,7.93979406,0.1207377,0.11822,1,1,Simbad,NED,18.6318,-0.0671
rf0147,0,0,0.45068496,8.22357655,0.08644572,0.086909,0,2,Simbad,NED,18.6558,1.1817
rf0148,0,0,0.29805616,9.70955563,0.42786409,0.25246999,1,2,Simbad,NED,18.6611,-1.0204
rf0149,0,0,0.03376004,9.34408379,0.1207377,0.1239,1,2,Simbad,NED,18.6929,-0.001
rf0150,2,1,0.21848272,8.93894768,0.08644572,0.086902,1,2,Simbad,NED,18.6971,1.1213
rf0151,0,0,0.03472562,7.89320278,0.07829575,0.078428,1,2,Simbad,NED,18.797,-1.1502
rf0152,0,0,0.05086149,7.66408587,0.07829575,0.079135,1,2,Simbad,NED,18.8172,-1.1
rf0153,1,2,0.00773117,9.79557705,0.89118345,0.28810999,1,2,Simbad,NED,18.8426,-0.1584
rf0154,1,2,0.03762605,9.00532532,1.46779174,0.24084,1,2,Simbad,NED,18.9039,-0.9528
rf0155,3,1,0.11312186,7.58320284,2.0669553,0.59524,1,2,Simbad,NED,19.1499,1.2023
rf0156,0,0,0.26136038,8.23618698,1.2649835,0.66540003,1,2,Simbad,NED,19.2236,0.1532
rf0580,,,0.03200474,7.97233963,0.52424429,0.50590003,1,0,Simbad,NED,19.3622,-0.7832
rf0581,,,0.02173348,7.04751873,1.01245319,0.65657997,1,1,Simbad,NED,19.5519,0.4767
rf0157,0,0,0.06101361,8.09944153,0.52424429,0.20265999,1,1,Simbad,NED,19.6157,-1.0253
rf0158,0,0,0.16547939,9.39313602,1.11584317,0.18595,1,2,Simbad,NED,19.687,-0.9061
rf0160,,,0.12541933,7.50495625,0.07640435,0.077046,0,2,Simbad,NED,19.7689,-0.1384
rf0161,0,0,0.01904044,9.57666397,0.07640435,0.076771,1,2,Simbad,NED,19.8209,-0.1137
rf0582,,,0.02590662,7.78459692,1.20196924,0.37709001,1,0,Simbad,NED,19.9326,-0.3826
rf0162,,,0.0246923,8.62574577,1.43171914,0.20765001,1,0,Simbad,NED,19.9723,-0.0876
rf0163,,,0.06896919,7.54439259,2.75812076,1.39740002,1,2,Simbad,NED,19.9946,0.7222
rf0164,0,0,0.24022369,8.92203903,1.01245319,0.2481,0,2,Simbad,NED,20.0326,0.0771
rf0165,1,2,0.02679828,8.33912277,1.82012482,0.85649002,1,1,Simbad,NED,20.2436,-1.1586
rf0166,3,1,0.73915404,9.16717052,0.87559988,0.36443999,1,2,Simbad,NED,20.3195,-0.5443
rf0583,0,0,0.04617312,6.89356089,1.13428307,0.26124001,1,1,Simbad,NED,20.3654,0.7103
rf0167,0,0,0.02540645,9.16615582,1.52985157,0.36502001,1,2,Simbad,NED,20.4522,0.9431
rf0585,,,0.0138113,8.01115608,1.01066899,0.25705001,1,1,Simbad,NED,20.4908,0.5738
rf0168,0,0,0.00754615,8.38334942,0.15718553,0.15837,1,2,Simbad,NED,20.5879,-0.486
rf0586,,,0.00313467,8.23246002,1.02037292,0.19211,1,1,Simbad,NED,20.6434,0.8665
rf0169,3,1,0.0872072,8.78771019,1.84342528,0.46506,1,2,Simbad,NED,20.6637,-0.0965
rf0170,0,0,0.02433317,9.10542011,1.13492134,0.19942001,1,2,Simbad,NED,20.6676,0.7211
rf0171,0,0,0.07432393,8.42705822,0.15718553,0.15827,1,2,Simbad,NED,20.6917,-0.4264
rf0172,0,0,0.00852135,8.09359074,0.15889193,0.15831,1,1,Simbad,NED,20.7537,1.2089
rf0173,0,0,0.04827308,9.17417908,0.58595501,0.25419,1,2,Simbad,NED,20.855,0.7552
rf0174,0,0,0.00851774,8.3608942,0.05206869,0.051983,0,2,Simbad,NED,20.8722,1.2182
rf0175,0,0,0.03194857,7.89835548,0.05206869,0.052234,1,2,Simbad,NED,20.8804,1.1799
rf0587,,,0.02153254,8.47556305,0.03240732,0.031878,1,1,Simbad,NED,20.9571,0.2726
rf0588,,,0.03075087,7.23777914,0.64168292,0.15667,1,0,Simbad,NED,20.9734,-0.085
rf0176,0,0,0.19990374,8.80817604,0.03240732,0.032331,1,2,Simbad,NED,20.9782,0.2824
rf0177,0,0,0.06535771,8.25701618,0.21358484,0.21626,1,1,Simbad,NED,20.9783,-0.3114
rf0589,,,0.00339977,8.1122303,0.13066897,0.12689,1,1,Simbad,NED,20.9895,1.1057
rf0178,,,0.10035827,9.08961487,0.13066897,0.13007,1,2,Simbad,NED,21.062,1.0489
rf0590,,,0.00872764,8.05142975,0.29200551,0.14783999,1,0,Simbad,NED,21.08,-0.0511
rf0179,0,0,0.02573019,8.68910789,0.21358484,0.20772,1,1,Simbad,NED,21.1236,-0.3693
rf0591,0,0,0.02598587,7.80439854,0.43511852,0.14966001,1,1,Simbad,NED,21.1263,-0.8885
rf0180,0,0,0.40480959,8.37064457,1.02037292,0.27812001,1,2,Simbad,NED,21.128,0.8345
rf0181,0,0,0.06837685,8.20419312,1.95763095,0.29359999,1,2,Simbad,NED,21.132,-1.1765
rf0182,0,0,0.03145149,8.90987968,0.12787305,0.12161,1,2,Simbad,NED,21.1341,-1.1987
rf0592,,,0.00218934,8.63927269,0.43511852,0.15046,1,0,Simbad,NED,21.1553,-0.7798
rf0183,0,0,0.08054806,6.47263622,1.5355826,0.16535001,0,2,Simbad,NED,21.2024,1.0368
rf0593,,,0.00195919,7.98479462,0.85439966,0.18199,1,1,Simbad,NED,21.2041,1.1743
rf0184,1,2,0.00547565,9.7358532,0.12787305,0.12728,1,2,Simbad,NED,21.2189,-1.2401
rf0185,,,0.00423834,7.98944616,0.16746945,0.16807,1,0,Simbad,NED,21.2289,-1.1083
rf0186,,,0.00412889,8.24263287,1.36356677,0.19678,1,0,Simbad,NED,21.2754,-0.4086
rf0594,,,0.00379513,8.65998745,0.29200551,0.28439,1,0,Simbad,NED,21.278,-0.1353
rf0187,1,2,0.00724071,8.68737698,0.59605831,0.084535,1,2,Simbad,NED,21.3124,-1.124
rf0595,,,0.00184451,8.59501457,0.14319717,0.14239,1,1,Simbad,NED,21.32,1.1641
rf0596,,,0.01667898,8.49468422,0.8226692,0.10902,1,1,Simbad,NED,21.34,0.1605
rf0597,0,0,0.00860875,9.02204132,0.09180156,0.090203,1,2,Simbad,NED,21.3428,-0.6442
rf0188,1,2,0.02242436,9.6007309,0.06155853,0.060814,1,2,Simbad,NED,21.3487,-1.1947
rf0189,0,0,0.00645657,8.27541161,0.15345349,0.079525,1,2,Simbad,NED,21.3494,-1.0816
rf0190,0,0,0.0350136,9.37614346,0.89902731,0.55382001,1,2,Simbad,NED,21.3714,-0.0573
rf0191,2,1,0.07096268,8.97673321,0.09180156,0.091787,1,2,Simbad,NED,21.3741,-0.7037
rf0598,,,0.00259716,8.1822052,0.06155853,0.065475,1,0,Simbad,NED,21.3922,-1.2076
rf0192,,,0.18330273,7.5103631,1.04806289,0.10312,1,2,Simbad,NED,21.4146,0.13
rf0193,0,0,0.58043236,9.2745924,0.14319717,0.14376999,1,2,Simbad,NED,21.4156,1.1782
rf0194,0,0,0.01046628,8.48900127,0.0851019,0.089074,1,2,Simbad,NED,21.4482,-1.1795
rf0195,0,0,0.03355406,9.00740242,0.8561568,0.24068999,1,2,Simbad,NED,21.4781,-0.9878
rf0599,,,0.02470542,7.61473703,1.5355826,0.36410999,1,1,Simbad,NED,21.4901,0.9667
rf0196,1,2,0.10167544,9.67535877,0.10482808,0.10534,1,2,Simbad,NED,21.5105,-1.2255
rf0600,0,0,0.00447841,7.86499357,0.7040397,0.28068,1,1,Simbad,NED,21.5231,-0.4201
rf0197,0,0,0.01656739,8.91747665,2.20909926,0.70314002,1,1,Simbad,NED,21.5569,0.3585
rf0198,0,0,0.01736383,9.23336601,0.7040397,0.15489,1,2,Simbad,NED,21.599,-0.9387
rf0199,4,2,0.08146898,7.89391804,0.71599704,0.64595997,0,2,Simbad,NED,21.6222,0.5489
rf0200,2,2,0.04989859,9.46121693,0.22927678,0.22853,1,2,Simbad,NED,21.6459,-1.1129
rf0201,2,2,0.20267469,9.08646297,1.81728296,0.14749999,1,2,Simbad,NED,21.6497,-0.8707
rf0601,,,0.00866702,8.06829453,0.15225402,0.15098999,1,0,Simbad,NED,21.6542,-0.0899
rf0202,,,0.00589711,8.89243889,0.93716622,0.13062,1,1,Simbad,NED,21.6762,-1.0878
rf0203,0,0,0.0046107,8.37230492,0.66897447,0.17422999,1,1,Simbad,NED,21.6903,-0.5464
rf0204,,,0.19550562,8.11058331,0.89902731,0.54952002,1,2,Simbad,NED,21.6905,-0.1978
rf0205,,,0.48204431,9.67165565,0.18622879,0.14194,0,2,Simbad,NED,21.7073,-0.9747
rf0602,,,0.00249822,7.75937319,0.08102927,0.084572,1,0,Simbad,NED,21.7157,-0.2225
rf0603,,,0.00294977,8.08773327,0.10325899,0.10587,1,0,Simbad,NED,21.722,-1.1892
rf0206,,,0.48090139,8.30500793,0.15225402,0.15194,0,2,Simbad,NED,21.7325,-0.0151
rf0605,,,0.00248862,8.04616261,0.22927678,0.18190999,1,0,Simbad,NED,21.7338,-1.2395
rf0207,,,0.08004044,8.16927719,0.59695997,0.13675,1,1,Simbad,NED,21.738,-0.8935
rf0606,,,0.00361643,8.74283409,0.04336594,0.043852,1,0,Simbad,NED,21.7453,-1.1131
rf0208,0,0,0.00985717,8.4012928,0.08102927,0.081396,1,2,Simbad,NED,21.7647,-0.2565
rf0209,,,0.03482336,8.84620857,0.04336594,0.044078,1,2,Simbad,NED,21.7775,-1.1223
rf0607,2,2,0.07653754,7.95332956,0.71599704,0.58389002,1,1,Simbad,NED,21.8111,1.0281
rf0210,3,2,0.01323985,7.93960428,0.21869014,0.15948001,1,0,Simbad,NED,21.8124,-0.5774
rf0608,,,0.02533898,7.87208176,1.23309195,0.32264,1,0,Simbad,NED,21.8377,-0.2691
rf0211,0,0,0.00691762,8.67733765,0.13601269,0.13533001,1,2,Simbad,NED,21.8448,-0.8658
rf0609,,,0.01227047,8.26167393,0.58432375,0.26251999,1,0,Simbad,NED,21.8631,-1.1174
rf0212,0,0,0.00977749,9.37590313,0.19966831,0.17251,1,2,Simbad,NED,21.8983,-0.9886
rf0213,0,0,0.03856774,9.38154507,0.93716622,0.25308999,1,2,Simbad,NED,21.8995,-1.1049
rf0214,1,2,0.01274911,8.38812065,0.55509258,0.30171999,1,2,Simbad,NED,21.9032,-0.5461
rf0215,0,0,0.06429139,9.75097084,0.19812429,0.20239,1,2,Simbad,NED,21.9291,-1.1394
rf0216,0,0,0.1095221,9.18505955,0.13601269,0.13747001,1,2,Simbad,NED,21.933,-0.9046
rf0611,,,0.02094116,7.24276114,0.57998253,0.57402998,1,1,Simbad,NED,21.9452,0.5009
rf0217,0,0,0.01037049,8.87547207,0.21462061,0.21308,1,1,Simbad,NED,21.9688,-0.5041
rf0218,0,0,0.00922599,8.1557436,0.21462061,0.21757001,1,1,Simbad,NED,22.0077,-0.669
rf0219,0,0,0.05462616,9.98156929,0.99899575,0.26413,1,2,Simbad,NED,22.009,-0.7383
rf0220,0,0,0.01878817,10.13086224,0.99899575,0.2419,1,2,Simbad,NED,22.156,-0.0693
rf0612,,,0.02290653,9.39177132,0.54544433,0.52117002,1,2,Simbad,NED,22.2356,0.6333
rf0221,3,1,0.36787087,9.396245,0.66559586,0.44187,0,2,Simbad,NED,22.2444,-0.9488
rf0222,,,0.15647647,9.93274593,0.88059281,0.36471999,1,2,Simbad,NED,22.2481,-0.5618
rf0223,0,0,0.13896389,8.55448532,1.08515915,0.10511,1,2,Simbad,NED,22.3608,-1.1997
rf0224,0,0,0.09034707,9.89244175,1.02606074,0.11102,1,2,Simbad,NED,22.4333,-1.2414
rf0613,,,0.00308177,7.6106081,1.09492616,0.13428999,1,0,Simbad,NED,22.4719,-1.1719
rf0225,3,2,0.14695729,7.94970322,1.63894119,0.013874,1,1,Simbad,NED,22.5151,0.7432
rf0226,3,2,0.03863827,8.24418449,1.06504705,0.014757,1,2,Simbad,NED,22.5258,0.7451
rf0614,,,0.01522725,7.52684212,0.12882618,0.12561999,1,0,Simbad,NED,22.5369,-0.7789
rf0227,1,2,0.14596096,8.1090498,0.12882618,0.12815,0,2,Simbad,NED,22.617,-0.7301
rf0228,0,0,0.00372237,8.22710705,1.02606074,0.12369,2,1,Simbad,NED,22.7105,-0.7498
rf0229,0,0,0.01924841,8.70595074,0.09212517,0.089841,1,1,Simbad,NED,22.8019,-0.6108
rf0230,0,0,0.02008246,9.49664879,0.09212517,0.094125,1,2,Simbad,NED,22.8456,-0.674
rf0615,0,0,0.00612764,8.05889797,4.03675745,2.01999998,1,0,Simbad,NED,22.8549,-0.886
rf0231,0,0,0.0169504,9.62823677,1.10930919,0.46535,1,2,Simbad,NED,22.86,-0.4541
rf0232,0,0,0.00795954,8.80694866,0.08064271,0.081827,1,2,Simbad,NED,22.8666,-0.9341
rf0616,,,0.00697064,7.75916815,0.34134777,0.34136,1,0,Simbad,NED,22.9184,-1.1824
rf0233,0,0,0.22009104,9.11773872,0.08064271,0.082453,0,2,Simbad,NED,22.9256,-0.9327
rf0234,0,0,0.03707213,8.89737129,0.17661311,0.17564,1,2,Simbad,NED,22.9776,-0.8145
rf0235,,,0.02752996,7.56345701,0.63831329,0.21896,1,0,Simbad,NED,23.0224,-0.726
rf0236,0,0,0.04222039,8.49974823,1.08515915,0.27026001,1,1,Simbad,NED,23.1772,-1.1004
rf0237,0,0,0.59189939,8.44007587,0.67070626,0.28202999,1,2,Simbad,NED,23.2583,-0.6898
rf0238,3,1,0.23626085,7.94739437,1.26194575,0.81044,1,2,Simbad,NED,23.2805,0.176
rf0239,4,2,0.11889549,8.64743328,0.08798191,0.084726,1,2,Simbad,NED,23.3946,-1.0908
rf0240,,,0.10485047,7.53624249,0.08798191,0.092053,1,1,Simbad,NED,23.4226,-1.1583
rf0241,0,0,0.08066134,8.32085896,1.69347224,1.25909996,1,2,Simbad,NED,23.4361,0.9531
rf0242,3,1,0.29011285,9.13708019,0.04171291,0.040826,0,2,Simbad,NED,23.5104,-1.0757
rf0243,0,0,0.0066671,8.68533993,0.01969122,0.019951,1,1,Simbad,NED,23.5316,-1.0483
rf0244,0,0,0.14775653,9.39660168,0.01969122,0.02024,1,2,Simbad,NED,23.5331,-1.0321
rf0617,,,0.00678764,7.6600666,0.09576258,0.090192,1,0,Simbad,NED,23.5707,-1.1274
rf0245,0,0,0.02868668,7.96499538,0.13730358,0.13833,1,2,Simbad,NED,23.6564,-1.0522
rf0246,3,1,0.08525839,7.47556829,1.07397022,0.43057001,0,1,Simbad,NED,23.7168,-0.6487
rf0247,1,1,0.04520389,8.82754707,0.95800441,0.29286999,1,1,Simbad,NED,23.7866,0.7178
rf0618,,,0.01707855,8.18063927,0.23596963,0.23777001,1,0,Simbad,NED,23.8071,-1.177
rf0248,0,0,0.34349149,8.40706635,0.88152749,0.52995998,0,2,Simbad,NED,23.9027,0.0149
rf0619,,,0.03389806,7.04849625,1.00194316,0.32574001,1,1,Simbad,NED,23.9337,-0.388
rf0249,0,0,1.00375915,9.09560204,0.88152749,0.28933999,0,2,Simbad,NED,24.0007,0.6636
rf0620,,,0.01720635,7.82189798,1.92225118,0.34064001,1,0,Simbad,NED,24.0555,-0.6104
rf0250,0,0,0.08339286,8.79073143,1.69347224,0.77048999,0,2,Simbad,NED,24.2964,0.8824
rf0251,0,0,0.35032904,8.06461525,1.65857803,0.47332999,1,2,Simbad,NED,24.405,0.0403
rf0252,0,0,0.02577826,8.1568985,0.22479687,0.22509,1,1,Simbad,NED,24.6346,-0.5163
rf0621,,,0.04088906,6.93348122,0.90743253,0.22944,1,1,Simbad,NED,24.6457,0.335
rf0253,0,0,0.00742893,9.77685452,0.22479687,0.2252,1,2,Simbad,NED,24.6788,-0.3479
rf0254,0,0,0.08946577,10.02945232,1.66802793,0.93278998,1,2,Simbad,NED,24.6975,1.0719
rf0255,,,0.04833969,7.90521431,1.10372174,0.24279,1,1,Simbad,NED,24.8215,0.3395
rf0622,0,0,0.03663859,7.10795212,0.76106963,0.31933001,1,1,Simbad,NED,24.9792,-0.2547
rf0256,0,0,0.28149402,8.71889019,0.4634267,0.35859001,0,2,Simbad,NED,25.0604,-0.5151
rf0257,1,1,0.04055035,8.14739418,1.10372174,0.33339,1,1,Simbad,NED,25.2206,-0.2137
rf0623,,,0.00647052,8.48952579,0.44630096,0.41525999,1,0,Simbad,NED,25.3146,-0.7046
rf0258,0,0,0.3874107,8.04996204,0.44630096,0.43921,1,2,Simbad,NED,25.6289,-0.8193
rf0259,3,1,0.23765951,8.00834751,1.46302432,0.7658,1,2,Simbad,NED,26.264,-0.301
rf0260,0,0,0.05644577,8.17138004,0.80117967,0.53898001,1,1,Simbad,NED,26.7279,-0.6139
rf0261,3,1,0.09322546,7.38369226,0.33944803,0.26538,1,1,Simbad,NED,26.9578,-0.3041
rf0262,0,0,0.04777133,8.14441967,0.20737465,0.20985,1,1,Simbad,NED,27.1257,-0.2126
rf0263,0,0,0.13262896,9.09307766,0.20737465,0.20479,1,2,Simbad,NED,27.1275,-0.0628
rf0264,0,0,0.26486224,8.0729332,1.55862385,0.88885999,1,2,Simbad,NED,27.5296,-0.7398
rf0624,,,0.01778774,7.82835388,1.46235529,0.60434997,1,1,Simbad,NED,27.7635,0.3106
rf0625,,,0.00958219,7.94131422,1.46067097,0.39471,1,0,Simbad,NED,27.9186,-0.0711
rf0265,0,0,0.10579664,8.47437954,1.52079728,0.3624,1,1,Simbad,NED,28.1012,-0.2854
rf0266,0,0,0.15329748,8.80197239,0.78362941,0.45291999,0,1,Simbad,NED,28.2243,-0.9021
rf0626,,,0.03538251,7.52506208,0.78362941,0.45646,0,0,Simbad,NED,28.3582,-1.1892
rf0627,,,0.0244298,7.49603271,5.26281017,1.67639995,1,1,Simbad,NED,28.4094,1.1619
rf0267,0,0,1.10999763,7.85798788,0.04592734,0.044974,0,2,Simbad,NED,28.497,-0.7504
rf0628,,,0.02659678,7.3575654,0.20925774,0.21610001,1,0,Simbad,NED,28.507,-0.0465
rf0268,0,0,0.13994168,7.31350613,0.04592734,0.044485,1,2,Simbad,NED,28.5335,-0.7422
rf0269,1,1,0.07797973,7.48904705,1.46235529,0.21514,1,1,Simbad,NED,28.5652,0.087
rf0270,,,0.52770442,10.03354645,0.13111544,0.13145,1,2,Simbad,NED,28.5933,-0.6284
rf0271,0,0,0.06927595,9.29790783,0.09780136,0.095416,1,2,Simbad,NED,28.6099,-0.2119
rf0272,0,0,0.03161414,8.89014149,0.13111544,0.13031,1,2,Simbad,NED,28.6238,-0.5262
rf0273,0,0,0.03298735,7.20201826,1.15916221,0.65731001,1,1,Simbad,NED,28.6236,1.1923
rf0274,0,0,0.03250264,9.32298851,0.1310567,0.079593,1,2,Simbad,NED,28.6364,-0.7701
rf0275,,,0.0011306,8.97639751,0.03507955,0.034142,1,1,Simbad,NED,28.6502,-0.1562
rf0276,0,0,0.01659197,8.37195778,0.1058888,0.10701,1,2,Simbad,NED,28.6518,-0.0714
rf0277,1,2,0.16074386,9.97991467,0.03507955,0.03582,1,2,Simbad,NED,28.6711,-0.1432
rf0278,,,0.02880302,7.51063156,2.09307623,0.59859002,1,1,Simbad,NED,28.6745,0.6118
rf0279,,,0.03425063,7.67124176,1.11708513,0.25670001,1,1,Simbad,NED,28.6809,-0.2786
rf0280,,,0.05578161,8.46482468,1.55862385,0.086965,1,1,Simbad,NED,28.6938,-0.7389
rf0281,0,0,0.0578516,10.18618965,0.07979526,0.078678,1,2,Simbad,NED,28.7213,-0.597
rf0629,,,0.02091207,7.64381123,0.15960733,0.16497,0,1,Simbad,NED,28.7432,-0.4749
rf0630,0,0,0.06272176,7.92128515,0.07979526,0.079813,1,2,Simbad,NED,28.7577,-0.6263
rf0282,,,0.02982493,7.26942921,1.52079728,0.17331,0,1,Simbad,NED,28.7649,0.0129
rf0631,,,0.02522778,7.84711027,1.12931411,0.16096,1,1,Simbad,NED,28.8621,0.1044
rf0632,,,0.0282617,7.67402935,2.57187149,1.24329996,0,1,Simbad,NED,28.8678,0.9505
rf0283,0,0,0.12351705,9.93433189,0.32873355,0.32760999,1,2,Simbad,NED,28.8995,-0.3912
rf0633,,,0.04137382,7.45410633,0.32873355,0.26449001,1,1,Simbad,NED,28.9078,-0.5839
rf0284,0,0,0.07320113,8.91655445,1.15916221,0.26696,1,2,Simbad,NED,29.0441,0.2545
rf0285,0,0,0.08587243,7.31859398,1.61216375,0.80084002,1,2,Simbad,NED,29.145,-1.1827
rf0634,,,0.00624195,8.12249184,1.23067338,0.60676998,1,0,Simbad,NED,29.1783,-0.766
rf0286,0,0,0.05483431,10.02836037,0.23950811,0.23917,1,2,Simbad,NED,29.2286,-0.6402
rf0635,,,0.023773,6.80660295,0.89078678,0.59626001,1,0,Simbad,NED,29.2337,-0.8154
rf0287,0,0,0.29247123,8.20837212,0.63311648,0.58803999,0,2,Simbad,NED,29.2722,-0.4684
rf0636,,,0.00725535,8.29093838,0.23950811,0.24000999,1,0,Simbad,NED,29.301,-0.4928
rf0637,,,0.00672391,7.74073315,0.04618804,0.044619,1,0,Simbad,NED,29.6273,-0.5055
rf0288,0,0,0.03474156,9.44482899,0.04618804,0.045416,1,2,Simbad,NED,29.646,-0.4855
rf0289,0,0,0.02047697,7.80152416,0.22297549,0.22112,0,1,Simbad,NED,29.649,0.1492
rf0638,,,0.1674353,8.48560524,0.07862023,0.079562,1,2,Simbad,NED,29.6587,0.4855
rf0291,,,0.1630418,8.06972218,1.01462853,0.34687001,1,2,Simbad,NED,29.6824,0.7613
rf0640,,,0.03979647,9.74470043,0.10836204,0.10958,1,2,Simbad,NED,29.7178,0.5684
rf0292,0,0,0.69480246,9.10694981,0.22297549,0.22527,1,2,Simbad,NED,29.7975,0.11
rf0641,,,0.03135646,7.57570934,0.30732197,0.30934,1,2,Simbad,NED,29.7975,0.3779
rf0642,,,0.08413357,7.95669079,0.90892586,0.90614003,0,1,Simbad,NED,29.9193,0.721
rf0643,,,0.04766466,7.61590958,1.01462853,0.45085999,1,1,Simbad,NED,30.0363,0.4641
rf0293,1,2,0.06951702,9.88507271,2.02464849,0.45749,1,2,Simbad,NED,30.0653,0.1993
rf0644,1,1,0.03836939,6.90964651,0.48033635,0.46379,1,1,Simbad,NED,30.2894,0.0861
rf0645,,,0.02186344,7.21405506,0.21895922,0.21546,1,0,Simbad,NED,30.4731,-0.2558
rf0294,0,0,1.08206356,8.74695969,0.04404465,0.044175,1,2,Simbad,NED,30.5492,-0.1303
rf0295,0,0,0.73262239,9.05718327,0.04404465,0.043933,0,2,Simbad,NED,30.5517,-0.1009
rf0646,,,0.02219372,7.86233616,1.26663304,0.47297999,1,1,Simbad,NED,30.8577,-0.8205
rf0647,,,0.02459673,7.85607958,2.11075721,0.73133999,1,1,Simbad,NED,30.8578,0.9603
rf0648,,,0.01911006,7.49083328,1.7805128,0.44936001,1,0,Simbad,NED,30.9224,-1.1265
rf0296,3,1,0.0675078,7.63176966,3.3589645,2.58920002,0,2,Simbad,NED,30.9226,1.1976
rf0297,0,0,0.05548195,8.99424744,0.68354818,0.54439002,1,2,Simbad,NED,31.1273,0.4312
rf0298,0,0,0.16147727,7.90292358,1.05299471,0.48809999,1,2,Simbad,NED,31.1966,0.8351
rf0299,0,0,0.09816989,7.63773727,1.0159718,0.55304998,0,2,Simbad,NED,31.2001,1.2078
rf0649,,,0.07381938,8.41822338,1.84578954,0.75449002,1,2,Simbad,NED,31.2296,0.7705
rf0300,0,0,0.15237691,7.45562983,1.18877829,0.63393998,1,2,Simbad,NED,31.3262,0.0557
rf0301,0,0,0.02010161,9.72750092,0.68354818,0.47670001,1,2,Simbad,NED,31.4433,0.6261
rf0650,,,0.03967153,7.48998499,2.24206107,0.76536,1,1,Simbad,NED,31.6257,0.9735
rf0302,0,0,0.81763798,8.3978405,1.26663304,1.20630002,0,2,Simbad,NED,31.6772,-0.8601
rf0303,4,1,0.26528829,7.35547733,0.04749208,0.04826,1,2,Simbad,NED,31.7495,1.0137
rf0651,,,0.03863801,7.18377113,0.04749208,0.048147,0,1,Simbad,NED,31.7633,1.0423
rf0304,0,0,0.05587773,7.26455593,1.00366041,0.5273,1,1,Simbad,NED,31.8692,0.6855
rf0652,,,0.02074777,7.71775818,1.16363561,0.91303003,1,1,Simbad,NED,31.945,0.0355
rf0653,,,0.03802166,7.84866524,1.62991186,0.78334999,1,1,Simbad,NED,32.1904,0.4848
rf0305,4,1,0.24573137,7.51107693,0.46800396,0.42835,1,2,Simbad,NED,32.201,0.8007
rf0654,,,0.05261528,8.52636814,0.17708202,0.17648999,1,1,Simbad,NED,32.2752,1.1838
rf0655,,,0.0186922,8.26874542,0.89792408,0.35321,1,1,Simbad,NED,32.3333,1.0453
rf0656,,,0.01326881,7.68698692,0.55825015,0.36759001,1,1,Simbad,NED,32.3465,0.8909
rf0657,,,0.04515091,7.7605238,0.14557773,0.14631,1,1,Simbad,NED,32.3736,1.1684
rf0658,,,0.02242751,10.34169197,0.14557773,0.14449,1,2,Simbad,NED,32.4003,1.0912
rf0306,4,2,0.16470684,7.73166895,0.46800396,0.34964001,1,2,Simbad,NED,32.4874,0.8766
rf0307,0,0,0.02201795,9.6949358,0.15330089,0.15154,1,2,Simbad,NED,32.6755,-0.6383
rf0308,,,0.03524626,8.29703999,0.52788404,0.45364001,1,1,Simbad,NED,32.7421,1.2058
rf0309,3,2,0.1180671,8.697258,0.01185426,0.011181,1,2,Simbad,NED,32.7766,-0.6552
rf0310,3,2,0.13864294,10.12377071,0.01185426,0.011351,1,2,Simbad,NED,32.7845,-0.6546
rf0311,,,0.02958073,8.30682373,1.42659069,0.05526,1,1,Simbad,NED,32.8177,-0.6499
rf0312,,,0.82974738,7.63413858,0.01388652,0.01337,0,2,Simbad,NED,32.9995,1.2184
rf0313,,,0.41994041,8.1414423,0.01388652,0.013255,1,2,Simbad,NED,33.0018,1.2259
rf0659,,,0.04595817,7.25627613,0.0523694,0.053065,1,1,Simbad,NED,33.028,1.2093
rf0314,3,2,0.14508346,7.64244556,1.42659069,0.48104,1,2,Simbad,NED,33.2314,-0.467
rf0315,0,0,1.39695144,9.35661411,0.42026252,0.42006999,1,2,Simbad,NED,33.41,-0.7171
rf0316,0,0,0.34011242,8.71537399,0.42026252,0.42012,1,2,Simbad,NED,33.5075,-0.9774
rf0317,,,0.12493472,7.7028513,1.82358131,0.69028002,1,1,Simbad,NED,34.0158,0.9176
rf0660,,,0.02724221,7.24791908,0.0520281,0.050938,1,0,Simbad,NED,34.1651,-0.6546
rf0661,,,0.01021611,7.30067396,0.31309658,0.29791999,1,1,Simbad,NED,34.1866,1.0696
rf0318,0,0,0.16973792,7.22812605,0.0520281,0.051167,1,2,Simbad,NED,34.1986,-0.6524
rf0662,,,0.03785346,7.18467522,1.82358131,0.70181,1,1,Simbad,NED,34.2612,0.6125
rf0319,0,0,0.45691901,10.10737705,0.31309658,0.31352001,1,2,Simbad,NED,34.27,1.2443
rf0663,0,0,0.07524917,7.83148289,0.31692671,0.31575999,1,1,Simbad,NED,34.465,1.2244
rf0320,0,0,0.13709863,8.15828228,3.15168767,0.66843998,1,1,Simbad,NED,34.5871,0.3785
rf0321,4,1,0.18484437,7.35140896,0.85596986,0.85548002,1,2,Simbad,NED,34.7494,-0.6014
rf0322,0,0,0.0605881,7.77086782,1.3238416,1.32070005,1,1,Simbad,NED,35.2817,1.2182
rf0664,,,0.0449342,7.57036829,2.31126074,0.98457998,1,1,Simbad,NED,35.4426,0.5647
rf0665,,,0.10898853,7.13440847,2.97078045,2.72819996,1,1,Simbad,NED,35.4632,-0.9624
rf0666,,,0.02533203,7.55100346,0.75191588,0.74445999,1,1,Simbad,NED,35.782,0.9904
rf0667,,,0.04224469,7.40977573,0.75191588,0.70736003,1,1,Simbad,NED,36.1633,0.8044
rf0324,3,1,0.25528142,9.53457451,1.26742072,0.69994003,1,2,Simbad,NED,36.5052,1.0181
rf0325,0,0,1.75583065,8.78703976,1.05889789,0.28061,1,2,Simbad,NED,36.5281,-0.3317
rf0326,0,0,0.08809469,7.57157564,0.54640595,0.27722001,1,1,Simbad,NED,36.5966,-0.4919
rf0668,,,0.01127838,8.18364334,2.11560511,2.0947001,1,1,Simbad,NED,36.8305,1.0256
rf0327,0,0,0.21171467,9.92383385,0.22586993,0.22585,1,2,Simbad,NED,36.8872,-0.2443
rf0669,,,0.02106286,8.1741724,0.22586993,0.2352,1,0,Simbad,NED,36.9024,-0.386
rf0670,0,0,0.03619199,7.85446453,0.48542492,0.45247,1,1,Simbad,NED,37.0433,0.0147
rf0671,,,0.02850909,8.00314713,0.87511294,0.49585,1,1,Simbad,NED,37.0606,0.6528
rf0328,0,0,0.01697722,9.18259621,0.48542492,0.40371999,1,2,Simbad,NED,37.1525,-0.2466
rf0672,,,0.00681668,8.11012173,1.91786865,0.28836,1,1,Simbad,NED,37.2173,0.8834
rf0329,0,0,1.0514375,8.28317928,0.47070716,0.24882001,1,2,Simbad,NED,37.228,0.3704
rf0330,0,0,0.12796904,10.10698032,0.14810983,0.14573,1,2,Simbad,NED,37.3735,0.7807
rf0673,,,0.00249691,8.18039417,0.1767086,0.1716,1,1,Simbad,NED,37.3875,0.8938
rf0331,3,2,0.13529848,7.4112196,0.99887686,0.26413,1,2,Simbad,NED,37.3913,0.3736
rf0674,,,0.03313429,7.83802938,1.0349795,0.42192999,1,0,Simbad,NED,37.3951,-0.3125
rf0332,0,0,0.04563846,8.84917164,0.47070716,0.38194001,1,1,Simbad,NED,37.4137,0.1234
rf0675,,,0.00492564,8.41699123,1.20261409,0.34222999,1,1,Simbad,NED,37.4439,1.1108
rf0333,0,0,0.04778644,8.34112453,0.14810983,0.14940999,0,2,Simbad,NED,37.4564,0.8132
rf0334,0,0,0.06021897,9.91961861,0.62583942,0.27035001,1,2,Simbad,NED,37.4851,1.1792
rf0676,,,0.00323073,8.0706234,0.21439718,0.20455,1,1,Simbad,NED,37.5826,0.9131
rf0677,,,0.00594207,9.00688362,0.93542804,0.28953999,1,2,Simbad,NED,37.6198,1.0878
rf0678,,,0.00363537,7.75789595,0.21439718,0.21436,1,1,Simbad,NED,37.625,0.7904
rf0679,,,0.04472433,7.5404563,0.48721775,0.29328001,1,1,Simbad,NED,37.6254,0.3801
rf0680,,,0.02155453,7.81335497,0.48721775,0.32791001,1,1,Simbad,NED,37.6992,0.6042
rf0335,0,0,0.14326306,7.73262215,0.58866795,0.35510999,1,1,Simbad,NED,37.7052,-1.0152
rf0681,,,0.00420416,7.94585848,0.24790945,0.24192999,1,1,Simbad,NED,37.723,0.9666
rf0682,,,0.00238179,8.22936535,0.06640934,0.13671,1,1,Simbad,NED,37.7738,1.2163
rf0683,,,0.03878218,8.09039211,0.86080422,0.23371001,1,1,Simbad,NED,37.8042,0.3671
rf0336,4,1,0.11153755,8.49173927,0.0701269,0.084231,1,2,Simbad,NED,37.8053,1.2449
rf0684,0,0,0.0609104,8.57396889,0.06640934,0.090056,1,2,Simbad,NED,37.8073,1.194
rf0685,,,0.01758763,8.0212431,1.0349795,0.41887,1,1,Simbad,NED,37.8347,0.0638
rf0337,0,0,0.00841824,8.48937702,0.08855332,0.086675,1,2,Simbad,NED,37.8588,1.2474
rf0338,3,1,0.08047133,7.57452106,0.17661552,0.16865,0,1,Simbad,NED,37.8902,0.7566
rf0339,0,0,0.46534064,9.00594807,0.57513984,0.46136001,1,2,Simbad,NED,37.9072,-0.1398
rf0340,0,0,0.10686111,8.47617245,0.13334108,0.13925,1,1,Simbad,NED,37.9269,1.1969
rf0341,0,0,0.74185008,9.12602901,0.11231736,0.10685,1,2,Simbad,NED,37.93,0.9045
rf0342,2,1,0.589127,7.77039862,0.86080422,0.2316,1,2,Simbad,NED,37.9308,0.2935
rf0343,0,0,0.14080384,9.44127464,0.1503008,0.15159,1,2,Simbad,NED,37.9356,-0.9452
rf0686,1,1,0.00756752,7.86300468,2.59803465,0.12594,1,1,Simbad,NED,37.9576,1.2481
rf0345,0,0,0.01085393,8.87605953,0.15715331,0.16485,1,2,Simbad,NED,37.9767,1.1157
rf0346,0,0,0.42889929,8.94663811,0.07953454,0.07989,1,2,Simbad,NED,37.9907,1.2465
rf0347,,,0.01195416,8.16578007,0.17661552,0.17496,1,2,Simbad,NED,37.9976,0.748
rf0348,0,0,0.97248137,8.48189354,0.0793237,0.078976,1,2,Simbad,NED,37.9982,0.91
rf0349,0,0,0.00487567,9.2258358,0.07057741,0.072205,1,2,Simbad,NED,38.0223,1.21
rf0350,0,0,0.02721399,10.29824829,0.07057741,0.067759,1,2,Simbad,NED,38.0429,1.2474
rf0687,,,0.04089068,7.49929476,0.05667152,0.058256,1,1,Simbad,NED,38.0465,0.9136
rf0688,,,0.06270523,7.7715354,0.07044575,0.070021,1,2,Simbad,NED,38.0768,0.9926
rf0689,,,0.04317825,7.8194828,0.05667152,0.058544,1,1,Simbad,NED,38.0784,0.9003
rf0351,0,0,0.0631251,8.82435226,0.1618427,0.15956999,1,2,Simbad,NED,38.0812,0.6718
rf0352,,,0.00806241,9.64778328,0.12600914,0.12405,1,2,Simbad,NED,38.0901,1.175
rf0353,,,0.08191799,8.36372375,0.07044575,0.06906,0,1,Simbad,NED,38.104,0.9642
rf0690,,,0.07604251,7.81430674,0.15452952,0.15304001,1,1,Simbad,NED,38.1082,0.3402
rf0691,,,0.02451089,7.71444082,0.06879767,0.071523,1,1,Simbad,NED,38.1189,0.8895
rf0692,,,0.06245225,8.05075455,0.18343417,0.17666,1,1,Simbad,NED,38.1222,0.776
rf0354,0,0,0.06191017,8.55166817,0.07722235,0.077092,1,2,Simbad,NED,38.1251,0.2337
rf0693,3,1,0.06191479,7.07761288,0.27337602,0.28204,0,2,Simbad,NED,38.1325,0.0579
rf0355,3,2,0.04478044,9.58951283,0.01183505,0.01257,1,2,Simbad,NED,38.1463,1.0942
rf0356,,,0.01107731,8.26935673,0.04223839,0.042594,1,2,Simbad,NED,38.1525,0.9764
rf0357,4,1,0.07260863,6.78517628,0.01183505,0.012252,0,2,Simbad,NED,38.1534,1.0936
rf0358,4,2,0.78976995,8.80343056,0.03876444,0.038755,0,2,Simbad,NED,38.1591,0.5945
rf0359,0,0,1.0126946,8.80440807,0.03876444,0.036399,0,2,Simbad,NED,38.1637,0.6176
rf0360,0,0,0.08896269,7.39560223,1.42511768,1.27540004,1,1,Simbad,NED,38.1652,-0.7016
rf0361,0,0,0.14834335,9.25534344,0.07722235,0.076845,1,2,Simbad,NED,38.1673,0.2601
rf0362,0,0,0.04576018,9.94537449,0.04223839,0.044106,1,2,Simbad,NED,38.1773,0.9706
rf0363,3,2,1.40065885,8.93950844,0.03364826,0.062464,1,2,Simbad,NED,38.1978,0.678
rf0364,0,0,0.36777231,8.17851925,0.02729296,0.027725,1,2,Simbad,NED,38.2042,1.1639
rf0366,0,0,0.12597746,8.35317802,0.57513984,0.56796002,1,2,Simbad,NED,38.209,-0.3531
rf0365,0,0,0.01314954,9.15173531,0.03364826,0.051892,1,2,Simbad,NED,38.2093,0.661
rf0367,0,0,0.0406879,8.49564648,0.02729296,0.026729,1,1,Simbad,NED,38.2117,1.1492
rf0368,1,1,0.09135034,8.1691227,0.03745779,0.035586,1,1,Simbad,NED,38.2328,0.6833
rf0369,0,0,0.00838265,8.72464371,0.12027267,0.1163,1,2,Simbad,NED,38.2332,1.2308
rf0694,,,0.00783064,8.61480045,0.05589882,0.060409,1,1,Simbad,NED,38.2453,1.1533
rf0370,0,0,0.0204816,8.47551155,0.04572559,0.046035,1,1,Simbad,NED,38.2475,0.4467
rf0371,0,0,0.02770505,9.76312447,0.02245402,0.025287,1,2,Simbad,NED,38.2537,0.6742
rf0372,2,1,0.40107566,9.7593317,0.04572559,0.045281,1,2,Simbad,NED,38.2551,0.4208
rf0695,0,0,0.05874812,7.91933012,0.0193565,0.019748,1,1,Simbad,NED,38.2645,0.6826
rf0696,,,0.10851855,8.13134766,1.3485218,0.057886,1,1,Simbad,NED,38.2663,0.6451
rf0373,0,0,0.05009973,7.81122684,0.0193565,0.020123,1,1,Simbad,NED,38.2682,0.6937
rf0374,0,0,0.16486678,7.53716755,0.16463936,0.16196001,1,1,Simbad,NED,38.2691,0.9312
rf0697,,,0.03992646,7.6970644,0.30238834,0.1059,1,1,Simbad,NED,38.313,0.3892
rf0375,0,0,0.78790265,9.6854248,1.09451641,0.077457,1,2,Simbad,NED,38.3815,1.14
rf0698,,,0.00486698,8.17121601,2.11560511,2.08360004,1,0,Simbad,NED,38.3857,-0.0759
rf0699,,,0.00424487,7.81804466,0.07835328,0.076538,1,1,Simbad,NED,38.4239,1.1144
rf0376,0,0,0.01977995,8.67015839,0.08615279,0.084547,1,2,Simbad,NED,38.4635,1.0809
rf0377,0,0,0.0815728,10.20825386,0.07835328,0.078042,1,2,Simbad,NED,38.4651,1.1372
rf0378,0,0,0.55757236,7.94974947,0.35633898,0.26106,1,2,Simbad,NED,38.4845,0.924
rf0700,3,2,0.04994157,7.2202754,0.77606019,0.57607001,1,1,Simbad,NED,38.5505,-0.2047
rf0379,3,1,0.16449973,7.14885998,1.08431994,0.34812999,1,2,Simbad,NED,38.671,0.8115
rf0701,0,0,0.05692299,8.41335773,0.39895521,0.036197,1,1,Simbad,NED,38.8937,0.6646
rf0702,,,0.09225811,8.09132957,1.08431994,0.034452,1,1,Simbad,NED,38.9049,0.683
rf0380,3,1,0.62081975,8.52707672,0.39895521,0.3222,1,2,Simbad,NED,39.0984,0.7087
rf0381,0,0,0.16474627,8.08358192,1.64674234,0.79874998,1,1,Simbad,NED,39.3792,-1.1245
rf0703,,,0.03873401,7.81552553,1.15229255,0.97609001,1,1,Simbad,NED,39.6677,0.5604
rf0704,,,0.03271301,6.77818871,1.64674234,0.78693002,0,0,Simbad,NED,39.6711,-0.7562
rf0382,0,0,0.01931853,9.92627048,1.65189299,0.86748999,0,2,Simbad,NED,39.6992,1.2226
rf0383,0,0,0.05711607,9.04025936,2.42206934,0.91979003,0,2,Simbad,NED,39.7941,1.1434
rf0384,,,0.28525937,7.16502762,0.15525317,0.15465,1,2,Simbad,NED,40.2004,1.1048
rf0705,,,0.17013794,7.80114651,0.01718787,0.016782,1,1,Simbad,NED,40.2851,1.1255
rf0706,,,0.04405139,9.43637085,0.01718787,0.017038,1,2,Simbad,NED,40.2915,1.1181
rf0707,0,0,0.04409669,8.76646042,1.37665382,0.66801,1,1,Simbad,NED,40.3409,0.0582
rf0385,0,0,0.33043242,8.19654846,1.86721409,0.38354,1,2,Simbad,NED,40.3956,1.2349
rf0386,,,0.18996425,8.89307785,0.85350303,0.64622003,1,2,Simbad,NED,40.5569,0.3828
rf0387,0,0,0.10945383,7.80891466,1.3625658,0.61962998,1,2,Simbad,NED,40.5602,0.8779
rf0708,,,0.02464431,7.4548955,1.85893422,0.74400997,1,1,Simbad,NED,40.9159,0.6674
rf0388,0,0,0.14497963,9.05096722,1.37665382,0.29969999,1,2,Simbad,NED,41.0063,0.1764
rf0389,0,0,0.02333923,9.20445251,0.85350303,0.29238001,1,2,Simbad,NED,41.0684,0.3416
rf0709,,,0.02477703,7.14578819,0.60944518,0.28847,1,0,Simbad,NED,41.3186,-0.1345
rf0390,,,0.23480955,7.94544983,0.85485878,0.29198,1,2,Simbad,NED,41.4483,-0.2407
rf0391,0,0,0.0834436,7.78374243,0.60944518,0.40728,1,2,Simbad,NED,41.5196,-0.0129
rf0392,0,0,0.06172921,8.3697958,0.64678005,0.4691,1,1,Simbad,NED,41.5948,-1.1715
rf0393,0,0,0.10360973,7.5700798,0.03140853,0.031077,0,1,Simbad,NED,41.7205,-0.4542
rf0710,,,0.02419729,7.47374582,0.03140853,0.030485,0,0,Simbad,NED,41.7272,-0.4363
rf0711,,,0.10164331,8.57046318,0.1787149,0.18071,1,2,Simbad,NED,41.8084,-0.8499
rf0394,0,0,2.24617648,9.40238285,0.02784262,0.027424,1,2,Simbad,NED,41.8661,-0.2851
rf0395,1,1,0.33131814,8.77834988,0.02784262,0.028106,1,2,Simbad,NED,41.8686,-0.268
rf0712,,,0.02318476,8.10684872,0.41069385,0.28935,1,0,Simbad,NED,41.8731,-0.5374
rf0713,3,1,0.33239079,7.35526466,0.64678005,0.46678001,0,2,Simbad,NED,41.8834,-1.2464
rf0714,,,0.10058155,7.64187193,0.1787149,0.1802,1,1,Simbad,NED,41.9095,-0.8543
rf0715,,,0.01699065,7.91466236,0.14992508,0.15033001,1,0,Simbad,NED,42.0703,-0.2863
rf0716,1,1,0.16690888,8.51561737,0.10046876,0.10172,1,2,Simbad,NED,42.1436,-0.993
rf0396,3,1,0.7171697,9.42997265,0.14992508,0.14855,1,2,Simbad,NED,42.1612,-0.2712
rf0717,,,0.00959373,8.1838131,0.0560719,0.055615,1,0,Simbad,NED,42.2002,-0.9831
rf0397,2,1,0.68567961,9.18719578,0.76934716,0.3096,1,2,Simbad,NED,42.2118,-0.7673
rf0398,0,0,0.30145794,8.52312469,0.0560719,0.054558,1,2,Simbad,NED,42.228,-0.9667
rf0718,,,0.01777766,8.09280682,0.48797814,0.1691,1,0,Simbad,NED,42.3117,-1.2079
rf0719,,,2.22110772,9.26759815,0.07013977,0.071163,1,2,Simbad,NED,42.3665,-0.873
rf0720,,,0.3635999,8.5524559,0.10831961,0.10964,1,2,Simbad,NED,42.3874,-0.7843
rf0399,0,0,0.56461382,8.04826164,0.4001647,0.19644,1,2,Simbad,NED,42.3975,-0.7234
rf0721,,,0.00589694,7.83379459,0.8799192,0.16057999,1,0,Simbad,NED,42.4029,-1.175
rf0722,,,0.00267307,7.85175037,0.02991741,0.030586,1,0,Simbad,NED,42.4037,-0.859
rf0723,,,0.0614911,8.56469727,0.02991741,0.030279,1,2,Simbad,NED,42.4072,-0.8424
rf0400,3,1,1.11978316,8.6228056,0.4001647,0.33162001,1,2,Simbad,NED,42.4207,-0.5232
rf0724,,,0.39035678,8.32161617,0.42524011,0.26732001,1,2,Simbad,NED,42.4734,-1.0034
rf0401,0,0,0.1010227,7.32580948,0.45656778,0.19593,1,2,Simbad,NED,42.5032,-1.2486
rf0402,,,0.27250582,9.65845299,0.24160197,0.23597001,1,2,Simbad,NED,42.542,-0.8671
rf0403,3,2,0.21468562,9.10414124,0.45656778,0.36205,0,2,Simbad,NED,42.5476,-0.999
rf0725,,,0.0324332,8.01382446,0.67783146,0.26153001,0,0,Simbad,NED,42.5826,-0.7263
rf0726,,,0.00364344,7.98919678,0.64987935,0.38021001,1,0,Simbad,NED,42.6078,-1.2498
rf0728,,,0.02501979,8.09841824,0.67783146,0.29409,1,0,Simbad,NED,42.6992,-0.6117
rf0729,,,0.01619745,8.33667469,0.02123839,0.022263,1,0,Simbad,NED,42.8031,-0.9653
rf0404,,,0.04150339,9.93026924,0.20899173,0.20556,1,2,Simbad,NED,42.8055,-0.8449
rf0730,0,0,0.04953592,8.5838232,0.02123839,0.023042,1,2,Simbad,NED,42.8125,-0.9732
rf0405,1,2,0.23046283,9.6951561,0.23310404,0.23453,1,2,Simbad,NED,42.8963,-0.7336
rf0731,,,0.04545233,7.99681044,0.95147078,0.27844,1,0,Simbad,NED,42.9426,-1.1528
rf0406,0,0,0.03063333,9.30534554,0.53502196,0.24268,1,2,Simbad,NED,42.9776,-0.98
rf0407,0,0,0.15077524,9.92838097,0.16704118,0.16614,1,2,Simbad,NED,42.9838,-0.8363
rf0408,,,0.01264703,8.10808945,0.97135592,0.27778,1,1,Simbad,NED,42.999,-1.1746
rf0732,0,0,0.01025297,7.57674456,0.16704118,0.16686,1,1,Simbad,NED,43.0798,-0.8481
rf0733,0,0,0.00473547,8.20454979,0.10705554,0.090869,1,1,Simbad,NED,43.1488,-1.2323
rf0409,0,0,0.01955838,8.21156883,0.10705554,0.086267,1,2,Simbad,NED,43.1562,-1.169
rf0410,,,0.00961113,8.47319317,0.03432663,0.034455,1,1,Simbad,NED,43.1976,-1.2004
rf0734,,,0.02231158,9.14829636,0.03432663,0.034721,1,2,Simbad,NED,43.201,-1.2193
rf0736,1,1,0.0064415,7.88511086,0.12959077,0.12882,1,1,Simbad,NED,43.2226,-0.8637
rf0737,,,0.01084287,8.14788532,0.14065719,0.14264999,1,1,Simbad,NED,43.251,-1.1428
rf0738,0,0,0.00518564,8.91460419,0.12959077,0.13188,1,1,Simbad,NED,43.2988,-0.8564
rf0411,0,0,0.02670417,9.01161957,1.00814297,0.13988,1,2,Simbad,NED,43.3326,-1.1332
rf0739,0,0,0.04432162,7.56812286,1.3964325,0.29525,0,1,Simbad,NED,43.4669,-0.2885
rf0740,,,0.02414697,7.64383602,0.49633861,0.25075999,1,1,Simbad,NED,43.5222,0.0068
rf0412,0,0,0.01633783,8.51568222,0.02015794,0.020256,1,2,Simbad,NED,43.5931,-0.4225
rf0413,0,0,0.05064016,7.95916176,0.02015794,0.020083,1,1,Simbad,NED,43.5948,-0.4106
rf0414,,,0.14478524,8.39747238,2.14625195,0.77999997,1,1,Simbad,NED,43.609,-0.6895
rf0741,,,0.11937083,7.77932739,0.49633861,0.24901,1,1,Simbad,NED,43.7312,0.1107
rf0742,,,0.74489444,8.57130337,1.3566198,0.32495001,1,1,Simbad,NED,43.7635,-1.1892
rf0743,,,0.01976631,7.66706085,1.89238082,0.33425,1,0,Simbad,NED,43.8508,-1.0271
rf0415,0,0,0.14243805,8.06110573,0.1769444,0.17688,1,2,Simbad,NED,43.9538,1.0793
rf0416,,,0.03035404,7.99109268,0.1769444,0.17725,1,1,Simbad,NED,43.9659,1.2194
rf0417,,,1.28716731,8.18765545,2.6551874,2.28600001,1,2,Simbad,NED,44.1133,0.8758
rf0418,3,1,0.39850515,7.70922756,2.2244343,0.77972001,1,2,Simbad,NED,44.2991,-0.223
rf0744,2,1,0.02993398,6.70611811,2.2244343,1.00769997,1,1,Simbad,NED,44.328,-1.1921
rf0419,1,2,0.10797255,8.63569355,0.13846242,0.13817,0,1,Simbad,NED,330.4587,-0.7073
rf0745,1,1,0.05212721,6.99999571,0.13846242,0.13747001,0,1,Simbad,NED,330.534,-0.6365
rf0420,0,0,0.01145819,7.59489441,0.48450171,0.29923001,1,1,Simbad,NED,331.0365,-0.9255
rf0421,0,0,0.00704495,8.44741058,0.11367129,0.11342,1,1,Simbad,NED,331.233,-0.5975
rf0422,1,2,0.02943895,7.47531891,0.16578681,0.1619,1,1,Simbad,NED,331.2446,-0.4643
rf0746,,,0.03160643,6.70727921,0.88681006,0.30274001,0,0,Simbad,NED,331.2507,-1.0353
rf0423,0,0,0.20030053,9.62844372,0.11367129,0.11293,1,2,Simbad,NED,331.3095,-0.6481
rf0424,0,0,0.1415112,7.66620445,0.18012698,0.18707,1,2,Simbad,NED,331.4258,-0.5612
rf0747,,,0.01064957,7.63477421,2.40748699,0.50483,1,0,Simbad,NED,331.5382,-0.1185
rf0748,,,0.15092134,9.01721191,1.74312288,0.93138999,1,2,Simbad,NED,332.1437,0.5117
rf0749,,,0.01374577,8.27114105,1.40843048,1.25709999,1,0,Simbad,NED,332.3193,-0.994
rf0425,0,0,0.36529732,7.89492893,1.40843048,1.26199996,0,2,Simbad,NED,332.9971,-0.2531
rf0750,,,0.04779347,8.32159233,0.01770722,0.018403,1,1,Simbad,NED,333.1577,0.5113
rf0751,,,0.04024599,6.83672428,0.01770722,0.018926,0,1,Simbad,NED,333.1705,0.5012
rf0752,,,0.01202092,7.25982809,0.08149555,0.080245,1,0,Simbad,NED,334.1083,-0.6682
rf0426,0,0,0.04011214,7.89946842,0.08149555,0.080871,1,1,Simbad,NED,334.1452,-0.7221
rf0427,3,1,0.29330474,8.02507973,0.85156444,0.83108002,1,2,Simbad,NED,334.7204,-1.0587
rf0753,,,0.02908847,7.93960094,0.53575354,0.18143,1,0,Simbad,NED,336.2829,-0.7683
rf0428,0,0,0.20153855,8.03749943,0.53575354,0.18014,0,2,Simbad,NED,336.3205,-0.9093
rf0429,2,1,0.07170501,7.08424377,1.16992374,0.87480998,1,2,Simbad,NED,336.9758,-1.149
rf0430,3,1,0.09815307,7.22303677,3.62234503,1.36210001,1,2,Simbad,NED,337.1224,0.2772
rf0755,,,0.01478474,7.14094114,3.38111694,1.55910003,1,1,Simbad,NED,337.1261,0.6923
rf0756,,,0.02059371,7.45850372,9.96465066,14.5909996,0,0,Simbad,NED,337.2773,-0.1797
rf0757,,,0.05460553,7.32411385,0.6771145,0.67093998,0,1,Simbad,NED,337.9039,0.2148
rf0758,,,0.26588023,7.71022511,0.6771145,0.64735001,1,2,Simbad,NED,338.0527,0.5576
rf0759,,,0.35049218,8.08902168,0.87668848,0.65107,1,2,Simbad,NED,338.3633,0.7387
rf0760,,,0.01322895,7.4268136,1.10568794,1.0575,1,0,Simbad,NED,338.4278,-0.6736
rf0431,0,0,0.06794339,7.70379162,0.45952106,0.44338,0,1,Simbad,NED,338.4574,0.483
rf0432,1,1,0.3378258,7.91597128,0.45952106,0.44416001,0,2,Simbad,NED,338.6531,0.1736
rf0433,3,1,0.30985135,7.54275322,1.08465762,1.08229995,1,2,Simbad,NED,339.3469,-1.0252
rf0434,3,1,0.1827509,7.6478591,1.08465762,1.08340001,1,2,Simbad,NED,340.2012,-1.1536
rf0435,2,1,1.06107938,9.93951893,1.26974882,0.15006,1,2,Simbad,NED,341.1019,-0.162
rf0436,0,0,0.01013302,8.02123737,2.77762492,0.15843,1,1,Simbad,NED,341.1951,-0.087
rf0437,0,0,0.03419141,8.06735802,1.54183034,0.93888998,1,1,Simbad,NED,341.5177,0.9373
rf0438,0,0,0.51705283,7.97972679,0.9070547,0.37492999,1,2,Simbad,NED,341.7681,-0.0737
rf0439,0,0,0.15186915,7.78130913,0.9070547,0.27992001,1,1,Simbad,NED,341.9144,0.3211
rf0440,2,2,0.06845046,7.77206945,1.26974882,0.28933999,1,2,Simbad,NED,342.0138,0.1147
rf0441,3,1,0.08110145,7.4302702,1.42612013,0.49653,0,2,Simbad,NED,342.3948,0.1747
rf0443,0,0,0.04904711,8.0017643,1.50303427,0.80835003,1,1,Simbad,NED,342.4476,1.025
rf0444,0,0,0.46233794,9.71615791,0.06593909,0.112,0,2,Simbad,NED,343.0943,1.0925
rf0445,0,0,0.00443324,8.51383591,0.07021995,0.071789,1,1,Simbad,NED,343.1821,1.0792
rf0446,0,0,0.12667705,9.57498169,0.06404237,0.06232,1,2,Simbad,NED,343.1946,1.1328
rf0447,3,1,0.48129016,9.56772614,0.08829444,0.084864,1,2,Simbad,NED,343.2052,1.2013
rf0448,4,1,0.49413803,8.52152729,0.03183286,0.033138,1,2,Simbad,NED,343.2438,1.1431
rf0449,1,2,0.05936398,8.49502468,1.3018391,1.11109996,1,2,Simbad,NED,343.2633,0.0445
rf0450,0,0,0.03706318,9.48418713,0.03183286,0.032399,1,2,Simbad,NED,343.2688,1.1446
rf0451,,,0.02416288,7.85014868,0.54696375,0.55309999,1,1,Simbad,NED,343.6207,0.8992
rf0452,0,0,0.08253388,7.81009436,1.02530536,0.99501997,1,1,Simbad,NED,344.3385,1.1971
rf0453,3,2,0.15747128,8.0625,0.7085999,0.34915999,0,1,Simbad,NED,344.5188,-0.4619
rf0454,0,0,0.05637962,8.05682373,0.7085999,0.35214999,1,1,Simbad,NED,344.7634,-0.3294
rf0455,0,0,0.11217988,8.55079556,1.0567988,0.82959998,1,2,Simbad,NED,346.0173,0.7807
rf0456,0,0,0.04556156,7.92704725,1.77916332,1.30449998,1,1,Simbad,NED,346.4816,-0.5397
rf0457,,,0.00792075,8.18457508,10.17927991,7.12090015,1,0,Simbad,NED,346.616,-0.017
rf0458,0,0,0.10638114,8.17023468,0.04619031,0.046588,1,2,Simbad,NED,346.6498,0.6118
rf0459,0,0,0.10070265,7.7173624,0.04619031,0.04595,1,1,Simbad,NED,346.663,0.5783
rf0460,2,1,0.04510265,8.96681213,2.03392738,1.03059995,1,2,Simbad,NED,347.3241,0.0641
rf0461,0,0,0.19492005,8.47244072,2.64713626,0.51280999,0,2,Simbad,NED,347.3457,1.0013
rf0761,,,0.04297902,8.28316402,1.67636294,0.47861999,1,1,Simbad,NED,347.7663,0.9049
rf0462,0,0,0.06171336,7.88673162,0.08852396,0.088976,1,1,Simbad,NED,348.581,0.1826
rf0463,0,0,0.95276415,8.64858818,0.08852396,0.090302,1,2,Simbad,NED,348.6383,0.2361
rf0464,4,1,0.11912363,8.18812084,2.12277121,2.12179995,1,1,Simbad,NED,350.1467,-0.8806
rf0465,0,0,0.06668434,8.15271282,0.14864265,0.14962,1,1,Simbad,NED,351.0871,0.9966
rf0466,1,1,0.48116869,7.95375395,0.14864265,0.14745,0,2,Simbad,NED,351.1861,1.0302
rf0762,,,0.02979495,7.86315918,3.08361263,2.3835001,1,1,Simbad,NED,351.3519,0.7701
rf0763,,,0.06973306,8.07551861,5.46535903,4.70100021,1,0,Simbad,NED,351.8772,-0.8539
rf0467,0,0,0.0185431,8.2849617,2.27928776,0.14787,1,1,Simbad,NED,352.4664,0.1466
rf0764,,,0.01824466,8.35406876,0.22007526,0.13764,1,1,Simbad,NED,352.4733,0.2513
rf0468,0,0,0.4137218,8.13933659,0.04600504,0.047498,1,2,Simbad,NED,352.607,0.1568
rf0469,0,0,0.16468948,9.69009209,0.07415254,0.072961,1,2,Simbad,NED,352.6336,0.0812
rf0470,0,0,0.00981059,8.43263435,0.01223812,0.011736,1,1,Simbad,NED,352.6388,0.1439
rf0471,0,0,0.03270576,8.08354378,0.01223812,0.011641,1,1,Simbad,NED,352.6427,0.1357
rf0472,0,0,0.10287631,7.77595806,0.0845362,0.088701,1,1,Simbad,NED,352.6962,0.0865
rf0473,0,0,0.02567352,8.68061066,1.66720986,0.24958,1,2,Simbad,NED,352.8468,-0.0306
rf0474,0,0,0.24173552,8.4294405,0.09952115,0.098722,1,1,Simbad,NED,352.9992,-0.8051
rf0475,0,0,0.05790384,7.7059145,1.59179666,0.60124999,1,2,Simbad,NED,353.0249,1.1187
rf0476,0,0,0.06764951,7.49950647,0.08170694,0.082173,1,1,Simbad,NED,353.0715,-0.7978
rf0477,0,0,0.24700381,8.36784744,0.08170694,0.081378,1,2,Simbad,NED,353.1055,-0.8468
rf0478,0,0,0.07287827,7.71028709,0.04079718,0.041066,1,1,Simbad,NED,353.1492,-0.7372
rf0479,0,0,0.06279328,8.53054428,0.04079718,0.041477,1,1,Simbad,NED,353.1715,-0.757
rf0480,1,1,0.14026873,8.0793438,1.17413056,0.61291999,1,2,Simbad,NED,353.2473,0.722
rf0481,3,1,0.53168714,8.16422844,1.35029271,1.19850004,0,2,Simbad,NED,353.8081,0.0417
rf0765,,,0.09187601,7.6439476,4.4128632,1.71710002,1,1,Simbad,NED,353.8313,1.1914
rf0482,2,1,0.23832689,7.64007711,3.19586149,1.92470002,0,2,Simbad,NED,353.9855,0.7042
rf0483,,,0.01853407,7.62650299,0.12327367,0.12729,1,1,Simbad,NED,354.7734,0.5541
rf0484,0,0,0.03566819,9.61202812,0.12327367,0.12314,1,2,Simbad,NED,354.7861,0.4634
rf0767,,,0.06137913,7.48087931,0.19494881,0.19648001,1,2,Simbad,NED,354.8147,-0.0549
rf0768,,,0.05027761,9.94726276,0.19494881,0.19622999,1,1,Simbad,NED,354.922,-0.0344
rf0769,,,0.00939515,7.77745056,0.98016287,0.43334001,1,1,Simbad,NED,354.927,0.8324
rf0770,,,0.41081035,7.73304749,1.21932856,0.24695,1,2,Simbad,NED,355.022,-0.6277
rf0771,,,0.68513471,8.0446434,1.25044585,0.24377,1,2,Simbad,NED,355.1362,-0.5508
rf0772,,,0.0584881,7.75404453,0.03713496,0.037621,1,0,Simbad,NED,355.1601,-0.8917
rf0485,4,1,0.12175558,7.25979137,0.03713496,0.037924,1,2,Simbad,NED,355.1852,-0.8877
rf0486,2,1,0.04777973,7.42607975,0.98016287,0.61646003,1,2,Simbad,NED,355.2685,1.1342
rf0773,,,0.02112345,8.17340374,2.27737353,0.44181001,1,0,Simbad,NED,355.3265,-0.6124
rf0774,,,0.03059018,7.76981306,0.12386289,0.12179,1,1,Simbad,NED,355.5383,0.285
rf0487,0,0,0.08277819,8.09712791,0.12386289,0.12392,0,1,Simbad,NED,355.5484,0.3578
rf0488,0,0,0.22297283,8.01852036,0.12745809,0.12545,1,2,Simbad,NED,355.6084,0.2561
rf0489,0,0,0.08560245,7.71874475,0.46340738,0.36184999,1,1,Simbad,NED,355.7882,0.3635
rf0490,0,0,0.04635059,10.29316807,0.29825576,0.27755001,1,2,Simbad,NED,355.9831,0.2181
rf0491,3,1,0.77571714,9.4183588,0.46340738,0.17095,1,2,Simbad,NED,356.0085,0.517
rf0492,0,0,0.01874267,9.9810524,0.22056032,0.16313,1,2,Simbad,NED,356.073,0.4418
rf0493,3,1,0.40158859,8.24239063,0.29825576,0.17608,1,2,Simbad,NED,356.0925,0.0965
rf0494,0,0,0.10216491,9.90280151,0.22056032,0.22355001,1,2,Simbad,NED,356.1254,0.3206
rf0775,,,0.03767988,7.83516026,0.54220594,0.18384001,1,1,Simbad,NED,356.1575,0.178
rf0776,,,0.13924034,8.09287643,0.54220594,0.24307001,1,1,Simbad,NED,356.2627,0.3206
rf0495,,,0.38165787,7.93959475,1.11099264,0.71645999,1,2,Simbad,NED,356.2702,-0.2707
rf0496,0,0,0.07151615,8.13163853,1.3656754,0.82336003,1,2,Simbad,NED,356.7569,0.5526
rf0497,4,1,0.11367966,7.24728775,2.74421823,0.92536998,0,1,Simbad,NED,357.0151,1.0567
rf0777,,,0.08328342,7.75999737,0.68458745,0.56432998,1,1,Simbad,NED,357.0985,0.1705
rf0778,,,0.14023331,8.59902954,0.68458745,0.2471,1,2,Simbad,NED,357.2414,0.5149
rf0779,,,0.0949014,8.59916782,0.80200897,0.24897,1,2,Simbad,NED,357.3205,0.3996
rf0780,,,0.04235039,7.65028715,0.08656261,0.086428,1,0,Simbad,NED,357.4415,-0.6579
rf0498,0,0,0.04292064,6.99957848,2.96359578,2.78419995,1,1,Simbad,NED,357.4572,-0.0269
rf0499,0,0,0.07397613,8.54024124,0.08656261,0.087119,1,2,Simbad,NED,357.4906,-0.6485
rf0500,0,0,0.18755272,8.66989994,0.67559422,0.27664,1,2,Simbad,NED,357.5433,-1.0168
rf0781,,,0.02059371,8.49597549,0.75176753,0.27858999,1,0,Simbad,NED,357.6904,-1.0795
rf0782,,,0.06317071,8.01570892,0.88866668,0.36399001,1,0,Simbad,NED,358.0448,-0.4282
rf0501,,,0.18017241,7.46262836,0.0354376,0.035716,1,2,Simbad,NED,358.056,0.0854
rf0502,,,0.31442857,8.13666916,0.0354376,0.035953,1,2,Simbad,NED,358.0661,0.103
rf0503,0,0,0.0957826,9.90271759,0.3849456,0.30847001,1,2,Simbad,NED,358.0945,-0.6287
rf0783,0,0,0.02690583,7.8404398,0.69344834,0.31051001,1,1,Simbad,NED,358.2474,-0.3661
rf0784,,,0.05405862,7.83850336,0.3849456,0.21732,1,0,Simbad,NED,358.2699,-0.5968
rf0785,,,0.07966431,8.54928398,0.72709209,0.22425,0,0,Simbad,NED,358.3572,-0.5066
rf0786,,,0.05690675,10.41230202,0.15982442,0.16021,1,2,Simbad,NED,358.3792,-0.7401
rf0787,,,0.15283062,9.33543682,0.71651109,0.43526,1,2,Simbad,NED,358.4552,-0.9743
rf0504,0,0,0.01552215,9.20012283,1.40006322,0.20361,1,2,Simbad,NED,358.4688,-0.0987
rf0788,,,0.01372866,8.07439804,0.15982442,0.15882,1,0,Simbad,NED,358.4689,-0.73
rf0789,,,0.04411877,8.20342731,0.88644795,0.14251,1,0,Simbad,NED,358.5513,-0.0104
rf0790,,,0.03793468,7.64145756,0.88986703,0.037686,1,0,Simbad,NED,358.6167,-0.0579
rf0505,0,0,0.05124749,8.59616756,0.48931552,0.036128,1,1,Simbad,NED,358.635,-0.0469
rf0791,,,0.03583934,7.67771435,0.72709209,0.54145002,1,0,Simbad,NED,358.7615,-0.4754
rf0506,0,0,0.0456896,9.05311203,0.58942419,0.29899999,1,2,Simbad,NED,358.7836,0.2569
rf0792,,,0.18382634,7.62850714,1.36180612,0.22188,1,2,Simbad,NED,358.7973,0.0856
rf0507,0,0,0.14245497,7.90061045,0.48931552,0.20974,1,2,Simbad,NED,358.9036,0.0243
rf0508,0,0,0.15224446,9.66676712,0.11521125,0.11588,1,2,Simbad,NED,358.9667,0.558
rf0509,0,0,1.1234628,9.07915592,0.78720914,0.2956,1,2,Simbad,NED,359.0163,-0.9885
rf0510,4,1,0.44712052,8.90621567,0.08857123,0.086682,1,2,Simbad,NED,359.0322,0.5497
rf0511,0,0,0.0538553,7.99878168,0.06407626,0.064173,1,1,Simbad,NED,359.0365,0.4823
rf0512,0,0,0.01602663,9.75019741,0.95666269,0.26462999,1,2,Simbad,NED,359.047,-0.0292
rf0513,0,0,0.59600133,8.28256607,0.78720914,0.5133,0,2,Simbad,NED,359.0564,-0.5404
rf0793,,,0.0207326,7.76425076,0.06407626,0.062514,1,1,Simbad,NED,359.0622,0.5086
rf0794,,,0.45279592,8.26845837,0.962863,0.31026,1,2,Simbad,NED,359.1138,-0.8445
rf0795,0,0,0.11732277,8.096591,0.15981658,0.16085,1,2,Simbad,NED,359.1441,0.5504
rf0796,,,0.1982992,9.06977272,1.94481152,0.5474,1,2,Simbad,NED,359.4324,0.6552
rf0797,,,0.01700282,8.37528515,2.96359578,2.82410002,1,1,Simbad,NED,359.7749,0.5501
rf0004,,,0.58640885,7.93362522,2.74459597,1.19029999,0,2,Simbad,NED,2.956,-1.0871
rf0069,,,0.01221562,7.89222002,0.47182092,0.15854999,1,0,Simbad,NED,13.9633,-1.0736
rf0290,,,1.87281501,8.72232914,0.07862023,0.077542,0,2,Simbad,NED,29.6703,0.5289
rf0323,0,0,0.02750187,8.50545311,1.96541905,1.42910004,1,1,Simbad,NED,35.4877,0.2207
rf0344,,,0.21662816,7.44856119,0.1503008,0.14983,1,2,Simbad,NED,37.96,-1.0432
rf0798,,,0.10018037,6.4160943,0.54544433,0.52195001,0,2,Simbad,NED,22.5079,0.7365
rf0799,3,1,0.27401137,6.95743656,1.7805128,0.33647999,1,2,Simbad,NED,30.75,0.0274
rf0800,,,0.02393927,8.0044241,2.68131153,0.28163999,0,1,Simbad,NED,34.0985,0.9048
rf0801,,,0.00472453,7.43451643,1.82114793,0.69937998,1,0,Simbad,NED,14.7689,-0.2026
rf0802,,,0.01739326,7.52831888,0.87539613,0.22657999,1,1,Simbad,NED,22.3202,-0.0305
rf0803,0,0,0.04272599,10.14046097,0.06593909,-999.0,1,2,Simbad,NED,343.0527,1.062
