Name,Votes,No,Streams,Tails,Plumes,Shells,Disturbed,Spiral,Curiosities,Majority feature,Score,STRRINGS,RA,DEC
ESO079-003_GROUP,"{Streams: 8, No: 1}",1,8,0,0,0,0,0,0,Streams,0.89,*,8.00647633813802,-64.25266559073859
ESO084-018_GROUP,"{Shells: 2, Streams: 2, No: 3, Spiral: 1}",3,2,0,0,2,0,1,0,Streams,0.25,,66.94289444653461,-62.59198148551458
ESO110-029,"{Streams: 6, No: 2, Tails: 1}",2,6,1,0,0,0,0,0,Streams,0.67,,358.0445986912008,-62.57149152478827
ESO112-005,"{Spiral: 3, No: 2, Streams: 3}",2,3,0,0,0,0,3,0,Streams,0.38,,7.176410337191349,-59.94363080782358
ESO114-001,"{Tails: 2, Streams: 2, No: 1, Plumes: 1, Spiral: 2}",1,2,2,1,0,0,2,0,Streams,0.26,,24.418974656734036,-60.86490363781568
ESO116-005,"{Spiral: 2, Streams: 3, Tails: 3}",0,3,3,0,0,0,2,0,Streams,0.38,,45.63712983663585,-57.86044012233734
ESO116-014,"{Curiosities: 1, No: 4, Spiral: 1, Streams: 2}",4,2,0,0,0,0,1,1,Streams,0.25,,48.960009542533314,-58.57426807253882
ESO119-052,"{Spiral: 2, Tails: 2, Streams: 2, No: 2}",2,2,2,0,0,0,2,0,Streams,0.25,,79.82562440794376,-61.66090286069598
ESO119-055_GROUP,"{Shells: 1, Streams: 2, No: 3, Disturbed: 1, Curiosities: 1}",3,2,0,0,1,1,0,1,Streams,0.25,,80.08945865158651,-61.295843876854455
ESO119-058,"{Streams: 4, No: 1, Tails: 2, Plumes: 1}",1,4,2,1,0,0,0,0,Streams,0.5,,80.31450210935124,-61.05845659390757
ESO143-038,"{Tails: 2, Streams: 3, No: 1, Disturbed: 2}",1,3,2,0,0,2,0,0,Streams,0.38,,309.4824513050789,-61.91060934462192
ESO147-006,"{Tails: 1, No: 4, Spiral: 1, Streams: 2}",4,2,1,0,0,0,1,0,Streams,0.25,,340.82763740751085,-59.41406160722276
ESO157-050_GROUP,"{Plumes: 1, No: 4, Spiral: 1, Tails: 1, Streams: 1}",4,1,1,1,0,0,1,0,Streams,0.12,,70.18593031099594,-52.75645736607551
ESO159-012,"{No: 4, Streams: 1, Shells: 1, Tails: 1, Curiosities: 1}",4,1,1,0,1,0,0,1,Streams,0.12,,82.1736614768949,-56.93560956098712
ESO160-002_GROUP,"{Streams: 5, No: 1, Plumes: 1, Tails: 1}",1,5,1,1,0,0,0,0,Streams,0.63,,87.81250681916126,-53.57488558310089
ESO186-012,"{No: 4, Streams: 1, Spiral: 1, Plumes: 1, Tails: 1}",4,1,1,1,0,0,1,0,Streams,0.12,,303.0987849769999,-54.36022044923629
ESO202-023_GROUP,"{Streams: 6, No: 1, Tails: 1}",1,6,1,0,0,0,0,0,Streams,0.75,,67.0000116987654,-47.91255228512091
ESO203-016,"{No: 4, Streams: 1, Shells: 1, Tails: 1, Curiosities: 1}",4,1,1,0,1,0,0,1,Streams,0.12,,75.50260484154342,-48.64618194391618
ESO205-033,"{Plumes: 3, Streams: 3, No: 1, Tails: 1}",1,3,1,3,0,0,0,0,Streams,0.38,,93.25096350027285,-52.46140234953153
ESO234-021,"{Tails: 1, Streams: 3, No: 3, Disturbed: 1}",3,3,1,0,0,1,0,0,Streams,0.37,,306.08340409384266,-49.684638641148325
ESO235-045_GROUP,"{Plumes: 1, No: 4, Streams: 3}",4,3,0,1,0,0,0,0,Streams,0.38,,315.9551277955557,-50.365482986041116
ESO237-030,"{No: 3, Tails: 1, Streams: 2, Spiral: 2}",3,2,1,0,0,0,2,0,Streams,0.25,,330.7680648631233,-50.441946685749194
ESO238-004,"{Shells: 1, Streams: 3, No: 3, Tails: 1}",3,3,1,0,1,0,0,0,Streams,0.37,,335.31482234079743,-48.35135295792169
ESO239-005,"{Streams: 4, No: 2, Spiral: 1, Tails: 1}",2,4,1,0,0,0,1,0,Streams,0.5,,344.6489459451911,-47.67439617972788
ESO240-010_GROUP,"{Tails: 3, Streams: 4, No: 1}",1,4,3,0,0,0,0,0,Streams,0.5,,354.43488744125756,-47.506293782149406
ESO240-011,"{Streams: 6, No: 2}",2,6,0,0,0,0,0,0,Streams,0.75,,354.4561306318676,-47.72701783579507
ESO245-010,"{Tails: 3, Streams: 5}",0,5,3,0,0,0,0,0,Streams,0.62,,29.185499770147743,-43.97275678722715
ESO251-001_GROUP,"{Shells: 1, Streams: 3, Disturbed: 1, Tails: 3}",0,3,3,0,1,1,0,0,Streams,0.38,,66.91879528235697,-42.77733542548414
ESO251-002_GROUP,"{Plumes: 2, Streams: 2, Shells: 2, No: 1, Tails: 1}",1,2,1,2,2,0,0,0,Streams,0.26,,66.99809955584098,-42.838676541336426
ESO253-030,"{No: 4, Streams: 1, Plumes: 1, Shells: 1, Curiosities: 1}",4,1,0,1,1,0,0,1,Streams,0.12,,87.4700094424886,-43.399082950463786
ESO285-050_GROUP,"{Tails: 2, Streams: 2, No: 3, Plumes: 1}",3,2,2,1,0,0,0,0,Streams,0.25,,311.3805701129335,-43.52995915590419
ESO286-035_GROUP,"{Streams: 5, No: 3}",3,5,0,0,0,0,0,0,Streams,0.62,,316.04665973120717,-43.59272509821265
ESO286-042,"{Disturbed: 1, Streams: 2, No: 3, Plumes: 1, Shells: 1}",3,2,0,1,1,1,0,0,Streams,0.25,,316.3791334665982,-47.04566202705503
ESO286-047_GROUP,"{Streams: 6, No: 1, Tails: 1}",1,6,1,0,0,0,0,0,Streams,0.75,,316.5973230487686,-43.50771980429883
ESO286-082,"{Tails: 2, Spiral: 2, Streams: 2, No: 2}",2,2,2,0,0,0,2,0,Streams,0.25,,318.9403128894601,-42.42707398174807
ESO287-007_GROUP,"{Disturbed: 1, No: 4, Streams: 3}",4,3,0,0,0,1,0,0,Streams,0.38,,319.9218585428291,-45.11754604152045
ESO287-018,"{Streams: 5, No: 3, Spiral: 1}",3,5,0,0,0,0,1,0,Streams,0.56,,321.3376243536634,-42.7400484837794
ESO287-027,"{Curiosities: 1, Streams: 3, No: 4}",4,3,0,0,0,0,0,1,Streams,0.38,,321.9491756661763,-42.93398288372761
ESO287-046,"{Streams: 4, Spiral: 3, No: 1}",1,4,0,0,0,0,3,0,Streams,0.5,,325.001922754733,-44.09540652356352
ESO298-014_GROUP,"{Plumes: 1, No: 4, Streams: 1, Disturbed: 1, Tails: 1}",4,1,1,1,0,1,0,0,Streams,0.12,,32.60304215302375,-42.087666290377754
ESO298-016,"{Streams: 5, No: 2, Tails: 1}",2,5,1,0,0,0,0,0,Streams,0.62,*,32.727597962902095,-39.3658191120266
ESO305-025,"{Disturbed: 1, Streams: 4, No: 2, Spiral: 1}",2,4,0,0,0,1,1,0,Streams,0.5,,81.44620608997886,-39.90648730222742
ESO340-043,"{Streams: 5, No: 2, Shells: 2}",2,5,0,0,2,0,0,0,Streams,0.56,,308.77014545663235,-41.68418376788297
ESO343-007,"{Streams: 2, No: 4, Plumes: 1, Tails: 1}",4,2,1,1,0,0,0,0,Streams,0.25,,323.5821438525385,-40.827596895595136
ESO343-024,"{Streams: 6, No: 1, Tails: 1}",1,6,1,0,0,0,0,0,Streams,0.75,,325.8611188395537,-40.12502539538778
ESO344-012,"{Streams: 4, No: 2, Disturbed: 1, Tails: 1}",2,4,1,0,0,1,0,0,Streams,0.5,,333.0401898027066,-41.79412291171115
ESO352-041,"{Streams: 5, Shells: 3, Tails: 1}",0,5,1,0,3,0,0,0,Streams,0.56,,19.78286147039262,-34.10380203721793
ESO352-051,"{Shells: 2, Streams: 2, No: 2, Disturbed: 1, Tails: 2}",2,2,2,0,2,1,0,0,Streams,0.23,,20.305971693967752,-36.47261515457888
ESO353-033,"{Tails: 2, No: 3, Disturbed: 1, Streams: 2}",3,2,2,0,0,1,0,0,Streams,0.25,,25.56198358084699,-33.259207388160874
ESO354-025,"{Disturbed: 2, Streams: 2, No: 1, Tails: 1, Plumes: 2}",1,2,1,2,0,2,0,0,Streams,0.26,,30.07560390914128,-34.31663874725277
ESO354-034,"{No: 4, Streams: 1, Disturbed: 1, Spiral: 1, Curiosities: 1}",4,1,0,0,0,1,1,1,Streams,0.12,,31.443079456093322,-32.6764105158593
ESO354-048,"{Plumes: 1, Streams: 3, No: 3, Tails: 2}",3,3,2,1,0,0,0,0,Streams,0.34,,33.143137626359064,-35.34063907860183
ESO356-012,"{Streams: 6, No: 1, Tails: 1}",1,6,1,0,0,0,0,0,Streams,0.75,*,42.18128507570372,-36.51712273876315
ESO356-013,"{Streams: 3, No: 4, Disturbed: 1}",4,3,0,0,0,1,0,0,Streams,0.38,,42.19680702205331,-36.714638308153475
ESO358-067,"{Streams: 3, No: 2, Spiral: 2, Tails: 1}",2,3,1,0,0,0,2,0,Streams,0.38,,57.02914225498492,-36.70191214814803
ESO411-021,"{Disturbed: 2, No: 4, Streams: 2}",4,2,0,0,0,2,0,0,Streams,0.25,,12.675461145816215,-31.328823867307946
ESO412-016,"{Tails: 3, Streams: 3, No: 1, Plumes: 1}",1,3,3,1,0,0,0,0,Streams,0.38,,18.238041086705383,-31.45007334814734
ESO412-021_GROUP,"{No: 4, Streams: 1, Plumes: 1, Tails: 1, Spiral: 1}",4,1,1,1,0,0,1,0,Streams,0.12,,18.62406719592928,-31.18153924667361
ESO420-005,"{Streams: 3, No: 2, Spiral: 3}",2,3,0,0,0,0,3,0,Streams,0.38,,62.305882926881075,-30.41514028139579
ESO422-015,"{Streams: 3, Tails: 1, No: 1, Plumes: 1, Spiral: 2}",1,3,1,1,0,0,2,0,Streams,0.38,,74.65889465826048,-27.84515532641938
ESO437-034,"{Streams: 2, Plumes: 1, No: 2, Spiral: 2, Tails: 1}",2,2,1,1,0,0,2,0,Streams,0.25,,160.0000219992226,-29.413262405838335
ESO437-045_GROUP,"{Streams: 3, No: 2, Disturbed: 1, Spiral: 1, Tails: 1}",2,3,1,0,0,1,1,0,Streams,0.38,,160.499123019292,-28.776664320519387
ESO475-003,"{Curiosities: 2, Streams: 2, No: 2, Spiral: 1, Disturbed: 1}",2,2,0,0,0,1,1,2,Streams,0.25,,14.729636271912028,-25.769806888971015
ESO475-015,"{Tails: 2, Streams: 4, No: 2}",2,4,2,0,0,0,0,0,Streams,0.5,,18.9413470964431,-26.843011303939374
ESO476-008_GROUP,"{Tails: 1, Streams: 3, Spiral: 3, No: 1}",1,3,1,0,0,0,3,0,Streams,0.38,,21.641321486674073,-23.226261045181456
ESO476-018_GROUP,"{Disturbed: 2, Shells: 2, No: 1, Streams: 2, Tails: 1}",1,2,1,0,2,2,0,0,Streams,0.26,,22.80832710829482,-26.859513741743843
ESO479-009,"{Disturbed: 2, Streams: 3, No: 2, Tails: 1}",2,3,1,0,0,2,0,0,Streams,0.38,,37.36599126275055,-26.533339390105237
ESO484-015,"{Tails: 2, No: 2, Streams: 2, Spiral: 1, Disturbed: 1}",2,2,2,0,0,1,1,0,Streams,0.25,,66.27530831389855,-26.69999953538797
ESO485-004_GROUP,"{Streams: 4, No: 3, Tails: 2}",3,4,2,0,0,0,0,0,Streams,0.45,,69.79778508504518,-24.179890829708825
ESO485-026,"{Disturbed: 1, Streams: 3, No: 3, Plumes: 1}",3,3,0,1,0,1,0,0,Streams,0.37,,74.21884278588531,-24.521232079376468
ESO486-009,"{Shells: 1, Streams: 4, No: 2, Tails: 1}",2,4,1,0,1,0,0,0,Streams,0.5,,75.36595454214155,-26.831063419186023
ESO486-039,"{Streams: 3, No: 4, Disturbed: 1}",4,3,0,0,0,1,0,0,Streams,0.38,,78.83932163163617,-26.471656770916134
ESO487-003,"{Disturbed: 2, No: 4, Streams: 2}",4,2,0,0,0,2,0,0,Streams,0.25,,80.46123482626543,-23.951200265016976
ESO500-041,"{Tails: 2, Streams: 2, No: 1, Curiosities: 1, Spiral: 2}",1,2,2,0,0,0,2,1,Streams,0.26,,156.73447680725755,-24.089224891503456
ESO501-077,"{Disturbed: 1, No: 4, Streams: 1, Tails: 1, Plumes: 1}",4,1,1,1,0,1,0,0,Streams,0.12,,160.30403876938766,-24.56159909529933
ESO542-016,"{Disturbed: 2, Streams: 2, No: 3, Plumes: 1}",3,2,0,1,0,2,0,0,Streams,0.25,,21.90758346740654,-21.643225440616373
ESO545-005,"{Streams: 7, Tails: 1}",0,7,1,0,0,0,0,0,Streams,0.88,,35.02544574931696,-19.750641715690133
ESO545-038_GROUP,"{Tails: 4, Streams: 4}",0,4,4,0,0,0,0,0,Streams,0.5,,39.01744643390637,-17.263922804676
ESO547-007_GROUP,"{Streams: 6, No: 2}",2,6,0,0,0,0,0,0,Streams,0.75,,45.939085093412125,-22.253751279546584
ESO548-035,"{Streams: 5, No: 2, Tails: 1}",2,5,1,0,0,0,0,0,Streams,0.62,,53.37217296184709,-18.146766422707238
ESO552-064,"{Streams: 3, No: 4, Plumes: 1}",4,3,0,1,0,0,0,0,Streams,0.38,,76.26804982406526,-19.732362636305265
IC0066,"{Streams: 5, No: 2, Shells: 1}",2,5,0,0,1,0,0,0,Streams,0.62,,15.135274155286247,30.79711269196865
IC0089,"{No: 4, Streams: 1, Shells: 1, Spiral: 1, Curiosities: 1}",4,1,0,0,1,0,1,1,Streams,0.12,,19.01512580686813,4.294095778386725
IC0114,"{Shells: 2, Streams: 2, No: 1, Plumes: 2, Tails: 1}",1,2,1,2,2,0,0,0,Streams,0.26,,21.594188171084664,9.909890547689198
IC0120,"{Streams: 8, No: 1}",1,8,0,0,0,0,0,0,Streams,0.89,*,22.05403639407407,-1.9154997071212785
IC0159,"{Streams: 2, No: 4, Plumes: 1, Tails: 1}",4,2,1,1,0,0,0,0,Streams,0.25,,26.60446522126767,-8.636499676939053
IC0160,"{Tails: 2, Streams: 3, No: 1, Plumes: 1, Disturbed: 1}",1,3,2,1,0,1,0,0,Streams,0.38,,26.623145843342357,-13.247668018094984
IC0162_GROUP,"{Shells: 3, Streams: 3, No: 2}",2,3,0,0,3,0,0,0,Streams,0.38,,27.222681583100634,10.521632640420318
IC0164,"{Streams: 6, No: 2}",2,6,0,0,0,0,0,0,Streams,0.75,,27.285045044594305,-3.904365946676677
IC0174,"{Tails: 1, Streams: 4, Disturbed: 2, Shells: 2}",0,4,1,0,2,2,0,0,Streams,0.44,,29.06701678756256,3.7618426414175117
IC0224,"{Streams: 5, No: 2, Tails: 1}",2,5,1,0,0,0,0,0,Streams,0.62,,36.18807062677938,-12.56449524490015
IC0276_GROUP,"{Tails: 2, No: 3, Disturbed: 1, Streams: 2}",3,2,2,0,0,1,0,0,Streams,0.25,,44.67227455716024,-15.7025290628137
IC0450,"{Curiosities: 1, No: 4, Disturbed: 1, Streams: 2}",4,2,0,0,0,1,0,1,Streams,0.25,,103.05115366616496,74.42696246316515
IC0472,"{Tails: 2, Streams: 2, No: 2, Spiral: 2}",2,2,2,0,0,0,2,0,Streams,0.25,,115.95978821224406,49.61419615016191
IC0520_GROUP,"{Shells: 1, Streams: 3, No: 3, Spiral: 1}",3,3,0,0,1,0,1,0,Streams,0.37,,133.42590247778207,73.49094976196905
IC0550,"{Streams: 5, No: 1, Disturbed: 1, Shells: 1, Tails: 1}",1,5,1,0,1,1,0,0,Streams,0.56,,145.11907883849187,-6.9460557848633995
IC0575_GROUP,"{Disturbed: 2, Streams: 3, No: 3}",3,3,0,0,0,2,0,0,Streams,0.37,,148.63705138741642,-6.857727321812344
IC0653,"{Streams: 3, Tails: 3, No: 1, Spiral: 1}",1,3,3,0,0,0,1,0,Streams,0.38,,163.02823562899832,-0.5607419927477143
IC0746,"{Plumes: 1, No: 3, Streams: 2, Tails: 2}",3,2,2,1,0,0,0,0,Streams,0.25,,178.89641531291116,25.889546145131586
IC1124,"{Streams: 3, No: 3, Spiral: 3}",3,3,0,0,0,0,3,0,Streams,0.34,*,232.50370930559413,23.63843508116222
IC1125,"{Streams: 3, No: 3, Spiral: 2}",3,3,0,0,0,0,2,0,Streams,0.37,,233.27344647717882,-1.6283672799844868
IC1127,"{No: 2, Streams: 4, Disturbed: 1, Tails: 2}",2,4,2,0,0,1,0,0,Streams,0.45,,233.7390874586779,23.503342840314737
IC1153_GROUP,"{Plumes: 1, Streams: 2, No: 3, Disturbed: 1, Tails: 1}",3,2,1,1,0,1,0,0,Streams,0.25,,239.2625538653247,48.1683741477747
IC1211,"{Disturbed: 1, Streams: 2, No: 2, Plumes: 2, Shells: 1, Tails: 1}",2,2,1,2,1,1,0,0,Streams,0.23,,244.21659496507786,53.00602007776713
IC1417,"{Curiosities: 1, Streams: 2, No: 3, Disturbed: 1, Tails: 1}",3,2,1,0,0,1,0,1,Streams,0.25,,330.09000925801877,-13.14729394827751
IC1420_GROUP,"{Tails: 1, No: 4, Streams: 2, Disturbed: 1}",4,2,1,0,0,1,0,0,Streams,0.25,,330.6305236694891,19.750255892998027
IC1610,"{Streams: 2, No: 4, Disturbed: 1, Shells: 1}",4,2,0,0,1,1,0,0,Streams,0.25,,15.42737598960605,-15.56772137843183
IC1643,"{No: 3, Tails: 1, Streams: 2, Spiral: 1, Shells: 1}",3,2,1,0,1,0,1,0,Streams,0.25,,18.035979052583393,-0.41022348104936146
IC1657_GROUP,"{Streams: 7, No: 1, Tails: 1}",1,7,1,0,0,0,0,0,Streams,0.78,*,18.529464677252605,-32.650805110112394
IC1723,"{Curiosities: 1, No: 3, Spiral: 2, Streams: 3}",3,3,0,0,0,0,2,1,Streams,0.34,,25.809108956404657,8.889622942434512
IC1767,"{No: 2, Streams: 3, Spiral: 3}",2,3,0,0,0,0,3,0,Streams,0.38,,29.99738760048909,-11.0788839154812
IC1811,"{Tails: 3, Streams: 3, Spiral: 1, No: 1}",1,3,3,0,0,0,1,0,Streams,0.38,,37.659105090864614,-34.26420416515739
IC1813,{Streams: 8},0,8,0,0,0,0,0,0,Streams,1.0,,37.706131655025395,-34.2208458696472
IC1816,"{Streams: 4, No: 1, Disturbed: 1, Spiral: 1, Shells: 1}",1,4,0,0,1,1,1,0,Streams,0.5,,37.96246402594827,-36.67212133149935
IC1864,"{No: 4, Streams: 2, Disturbed: 1, Plumes: 1}",4,2,0,1,0,1,0,0,Streams,0.25,,43.413746412334476,-34.19763159661193
IC1897_GROUP,"{Disturbed: 1, Streams: 2, Plumes: 1, Tails: 2, Spiral: 2}",0,2,2,1,0,1,2,0,Streams,0.25,,47.69140510133446,-10.796125849305222
IC1919,"{No: 4, Streams: 2, Shells: 2}",4,2,0,0,2,0,0,0,Streams,0.25,,51.509285075400456,-32.894612892276356
IC1935_GROUP,"{Streams: 4, No: 2, Spiral: 1, Tails: 1}",2,4,1,0,0,0,1,0,Streams,0.5,,51.555782591096744,-50.01039097634613
IC2006,"{Curiosities: 2, Streams: 2, No: 2, Shells: 2}",2,2,0,0,2,0,0,2,Streams,0.25,,58.61860615695768,-35.96714351057312
IC2068_GROUP,"{No: 3, Streams: 3, Spiral: 1, Curiosities: 1}",3,3,0,0,0,0,1,1,Streams,0.37,,66.65357368892941,-42.093748176022416
IC2153_GROUP,"{Tails: 3, Streams: 4, No: 1}",1,4,3,0,0,0,0,0,Streams,0.5,,90.01854317364842,-33.92015630546991
IC2198,"{Streams: 3, No: 4, Disturbed: 1}",4,3,0,0,0,1,0,0,Streams,0.38,,113.54632530423989,23.96633483068275
IC2253,"{Streams: 5, No: 2, Shells: 1, Tails: 1}",2,5,1,0,1,0,0,0,Streams,0.56,,124.14115446227468,21.409884812486546
IC2308,"{Disturbed: 1, Streams: 2, No: 3, Plumes: 2}",3,2,0,2,0,1,0,0,Streams,0.25,,125.18869192740932,19.36221825057249
IC3033,"{Shells: 1, No: 3, Plumes: 1, Streams: 2, Tails: 1}",3,2,1,1,1,0,0,0,Streams,0.25,,182.79150817668454,13.58748742249297
IC3081,"{Curiosities: 2, No: 3, Streams: 2, Tails: 1}",3,2,1,0,0,0,0,2,Streams,0.25,,184.03776022970615,12.691272285648338
IC3118,"{Tails: 2, No: 2, Disturbed: 1, Streams: 3}",2,3,2,0,0,1,0,0,Streams,0.38,,184.54623306351553,9.499754724385317
IC3391,"{No: 4, Streams: 1, Disturbed: 1, Shells: 1, Spiral: 1}",4,1,0,0,1,1,1,0,Streams,0.12,,187.1140601956138,18.414990556376313
IC3826,"{Tails: 1, Spiral: 2, No: 2, Plumes: 1, Streams: 2}",2,2,1,1,0,0,2,0,Streams,0.25,,192.66620671643778,-9.031076549115058
IC3892_GROUP,"{Tails: 2, Streams: 3, Spiral: 2, No: 1}",1,3,2,0,0,0,2,0,Streams,0.38,,193.77511199481646,39.221925826503565
IC4383_GROUP,"{Streams: 3, Plumes: 1, No: 1, Spiral: 1, Disturbed: 1, Tails: 1}",1,3,1,1,0,1,1,0,Streams,0.38,,213.06607363914713,15.879664119385469
IC4397,"{Shells: 1, Tails: 1, No: 2, Streams: 3, Spiral: 1}",2,3,1,0,1,0,1,0,Streams,0.38,,214.49463554810913,26.41261879339306
IC4944,"{Streams: 5, No: 1, Plumes: 1, Tails: 1}",1,5,1,1,0,0,0,0,Streams,0.63,,301.7869795555386,-54.446952064594164
IC4963,"{Spiral: 1, Streams: 4, No: 2, Tails: 1}",2,4,1,0,0,0,1,0,Streams,0.5,,303.0228964256162,-55.24581562429648
IC4994,"{Disturbed: 1, Streams: 3, No: 3, Spiral: 1}",3,3,0,0,0,1,1,0,Streams,0.37,,304.9353698983325,-53.44742218859877
IC4995_GROUP,"{No: 4, Streams: 1, Disturbed: 1, Spiral: 1, Plumes: 1}",4,1,0,1,0,1,1,0,Streams,0.12,,304.99574490986123,-52.621918113433786
IC5001,"{Streams: 3, No: 1, Plumes: 3, Tails: 1}",1,3,1,3,0,0,0,0,Streams,0.38,,306.58385599726756,-54.77469820655245
IC5084,"{Streams: 6, No: 1, Disturbed: 1}",1,6,0,0,0,1,0,0,Streams,0.75,,317.31163327250647,-63.29018611298877
IC5092,"{Spiral: 2, Streams: 4, No: 1, Tails: 1}",1,4,1,0,0,0,2,0,Streams,0.5,,319.0606356323763,-64.46468473605572
IC5120,"{Shells: 1, Streams: 5, No: 2}",2,5,0,0,1,0,0,0,Streams,0.62,,324.70137629675526,-64.35036362158688
IC5125,"{Plumes: 1, Streams: 3, No: 1, Curiosities: 1, Tails: 2}",1,3,2,1,0,0,0,1,Streams,0.38,,325.4590116366925,-52.77361675504605
IC5181,"{Streams: 5, No: 2, Tails: 1}",2,5,1,0,0,0,0,0,Streams,0.62,,333.3403214151232,-46.017544007239195
IC5266,"{Plumes: 1, Streams: 3, No: 2, Shells: 1, Tails: 2}",2,3,2,1,1,0,0,0,Streams,0.33,,344.5871316483493,-65.12969800305271
NGC0026,"{Spiral: 2, Tails: 2, Plumes: 1, Curiosities: 1, Streams: 2}",0,2,2,1,0,0,2,1,Streams,0.25,,2.607848594442273,25.831921283266794
NGC0052_GROUP,"{Plumes: 2, Streams: 3, No: 2, Tails: 1, Shells: 1}",2,3,1,2,1,0,0,0,Streams,0.33,,3.667097211114122,18.581613583762625
NGC0097,"{Shells: 1, Streams: 5, No: 1, Tails: 1}",1,5,1,0,1,0,0,0,Streams,0.63,,5.625096896368992,29.745309492789865
NGC0113,"{Shells: 2, Streams: 2, No: 2, Tails: 2}",2,2,2,0,2,0,0,0,Streams,0.25,,6.727671377598178,-2.500918475539774
NGC0120,"{Streams: 3, No: 2, Tails: 2, Shells: 2}",2,3,2,0,2,0,0,0,Streams,0.33,,6.875373530875786,-1.5134721699961107
NGC0125,"{Streams: 6, No: 1, Shells: 1, Tails: 1}",1,6,1,0,1,0,0,0,Streams,0.67,,7.209042639225122,2.8387638642845876
NGC0128_GROUP,"{Streams: 3, No: 4, Disturbed: 1}",4,3,0,0,0,1,0,0,Streams,0.38,,7.312671851571702,2.864047971629729
NGC0132,"{Tails: 1, Streams: 4, No: 1, Spiral: 2}",1,4,1,0,0,0,2,0,Streams,0.5,,7.5444988531825246,2.0933400693496647
NGC0169_GROUP,"{Tails: 2, Streams: 3, Curiosities: 1, Disturbed: 1, Shells: 1}",0,3,2,0,1,1,0,1,Streams,0.38,,9.215139353714841,23.990859626132014
NGC0172,"{Disturbed: 1, Streams: 1, No: 4, Plumes: 1, Tails: 1}",4,1,1,1,0,1,0,0,Streams,0.12,,9.306796167107663,-22.586961405618187
NGC0192_GROUP,"{Shells: 1, Streams: 5, No: 1, Disturbed: 1}",1,5,0,0,1,1,0,0,Streams,0.63,,9.805904288757189,0.8641497125512217
NGC0193,"{No: 4, Streams: 1, Disturbed: 1, Plumes: 1, Shells: 1}",4,1,0,1,1,1,0,0,Streams,0.12,,9.827467973757976,3.331292550619633
NGC0199,"{Streams: 4, No: 3, Spiral: 1}",3,4,0,0,0,0,1,0,Streams,0.5,,9.888167565877223,3.138626754681137
NGC0208,"{Shells: 1, Streams: 3, No: 2, Spiral: 2}",2,3,0,0,1,0,2,0,Streams,0.38,,10.073330216122011,2.7563082793084615
NGC0254,"{No: 4, Streams: 1, Shells: 1, Spiral: 1, Curiosities: 1}",4,1,0,0,1,0,1,1,Streams,0.12,,11.865215437387347,-31.421820733920804
NGC0259,"{Streams: 3, No: 3, Disturbed: 1, Tails: 1}",3,3,1,0,0,1,0,0,Streams,0.37,,12.013648049930401,-2.775726639210829
NGC0268,"{No: 1, Spiral: 3, Streams: 3, Disturbed: 1}",1,3,0,0,0,1,3,0,Streams,0.38,,12.539675849142812,-5.19370484965984
NGC0275_GROUP,"{Streams: 3, No: 4, Disturbed: 1, Tails: 1}",4,3,1,0,0,1,0,0,Streams,0.34,,12.7674786808256,-7.064736829956507
NGC0279,"{Shells: 3, Streams: 5, Disturbed: 1}",0,5,0,0,3,1,0,0,Streams,0.56,,13.037270415872962,-2.218457117948481
NGC0298_GROUP,"{Tails: 1, Streams: 4, No: 2, Plumes: 1}",2,4,1,1,0,0,0,0,Streams,0.5,,13.759746301744347,-7.33312463089667
NGC0314,"{No: 4, Streams: 1, Shells: 1, Spiral: 1, Tails: 1}",4,1,1,0,1,0,1,0,Streams,0.12,,14.218341176277132,-31.96303344516672
NGC0337,"{Curiosities: 1, No: 2, Disturbed: 1, Spiral: 1, Streams: 2, Tails: 1}",2,2,1,0,0,1,1,1,Streams,0.25,,14.95914317341849,-7.578270343820841
NGC0349_GROUP,"{Disturbed: 2, Streams: 3, No: 2, Tails: 1}",2,3,1,0,0,2,0,0,Streams,0.38,,15.461517808584608,-6.799723090178039
NGC0354,"{Spiral: 2, Streams: 3, No: 2, Plumes: 1}",2,3,0,1,0,0,2,0,Streams,0.38,,15.818102308787235,22.342520580724237
NGC0364,"{Shells: 1, Tails: 1, No: 3, Plumes: 1, Spiral: 1, Streams: 1}",3,1,1,1,1,0,1,0,Streams,0.12,,16.17013247000296,-0.8027412327067345
NGC0399,"{Shells: 2, Streams: 2, Tails: 2, Curiosities: 1, Spiral: 1}",0,2,2,0,2,0,1,1,Streams,0.25,,17.246710630456803,32.63422263215082
NGC0424,"{Streams: 2, No: 3, Plumes: 1, Spiral: 2}",3,2,0,1,0,0,2,0,Streams,0.25,,17.86516260435641,-38.083355332965446
NGC0426,"{Streams: 7, Tails: 2}",0,7,2,0,0,0,0,0,Streams,0.78,,18.202532334091558,-0.2901998199796205
NGC0438,"{Shells: 2, Streams: 2, Tails: 2, Spiral: 2}",0,2,2,0,2,0,2,0,Streams,0.25,,18.39235570899117,-37.90170047301513
NGC0440,"{Shells: 3, Streams: 4, No: 1}",1,4,0,0,3,0,0,0,Streams,0.5,,18.202162786549398,-58.28238958509926
NGC0442,"{Shells: 2, Streams: 3, No: 3}",3,3,0,0,2,0,0,0,Streams,0.37,,18.66111355708487,-1.020618966651108
NGC0448,"{Disturbed: 1, No: 3, Plumes: 2, Streams: 2}",3,2,0,2,0,1,0,0,Streams,0.25,,18.818833599756324,-1.6262543516239567
NGC0455,"{Streams: 5, No: 1, Disturbed: 1, Tails: 1}",1,5,1,0,0,1,0,0,Streams,0.63,,18.9902032406075,5.1786771268872185
NGC0466,"{Spiral: 2, Streams: 4, No: 1, Shells: 1}",1,4,0,0,1,0,2,0,Streams,0.5,,19.3051757328437,-58.90991045008672
NGC0467_GROUP,"{Streams: 6, Shells: 2, Tails: 1}",0,6,1,0,2,0,0,0,Streams,0.67,,19.79233653425956,3.300722956001231
NGC0481,"{Shells: 2, Streams: 2, No: 2, Disturbed: 1, Tails: 1}",2,2,1,0,2,1,0,0,Streams,0.25,,20.302140793469814,-9.211191480627486
NGC0484,"{Shells: 2, Streams: 4, No: 2, Disturbed: 1}",2,4,0,0,2,1,0,0,Streams,0.45,,19.894724628570202,-58.524437547061396
NGC0487,"{Tails: 1, Streams: 4, Plumes: 1, No: 1, Spiral: 1}",1,4,1,1,0,0,1,0,Streams,0.5,,20.479583454108447,-16.37036536799669
NGC0494,"{Plumes: 1, Tails: 2, Streams: 2, No: 1, Spiral: 2}",1,2,2,1,0,0,2,0,Streams,0.26,,20.730719914075596,33.17384124179418
NGC0520,"{Tails: 4, Streams: 4}",0,4,4,0,0,0,0,0,Streams,0.5,,21.143614271783324,3.7943246069884786
NGC0524,"{Shells: 2, Streams: 3, No: 1, Tails: 1}",1,3,1,0,2,0,0,0,Streams,0.43,,21.198961484057996,9.538888767845226
NGC0526A_GROUP,"{Tails: 2, No: 4, Streams: 2}",4,2,2,0,0,0,0,0,Streams,0.25,,20.976595446714402,-35.06546092462323
NGC0533_GROUP,"{Shells: 2, Streams: 2, No: 3, Tails: 1}",3,2,1,0,2,0,0,0,Streams,0.25,,21.380909897929275,1.7592445997155124
NGC0577,"{Streams: 7, Shells: 1}",0,7,0,0,1,0,0,0,Streams,0.88,,22.669642123303795,-1.9943738136511342
NGC0599_GROUP,"{Streams: 6, No: 2}",2,6,0,0,0,0,0,0,Streams,0.75,,23.224095535637414,-12.191233422445677
NGC0631,"{Shells: 2, Streams: 4, No: 1, Tails: 1}",1,4,1,0,2,0,0,0,Streams,0.5,,24.196160369737765,5.8353312023829
NGC0632,"{Streams: 4, No: 1, Shells: 1, Disturbed: 1, Tails: 1}",1,4,1,0,1,1,0,0,Streams,0.5,,24.32312416079206,5.877373403507534
NGC0633_GROUP,"{Streams: 5, Tails: 2, Spiral: 1}",0,5,2,0,0,0,1,0,Streams,0.62,,24.097423440319695,-37.32154452732859
NGC0642_GROUP,"{Streams: 3, Tails: 3, Spiral: 1, No: 1}",1,3,3,0,0,0,1,0,Streams,0.38,,24.776153106272595,-29.91504603091538
NGC0661,"{No: 4, Streams: 2, Disturbed: 1, Shells: 1}",4,2,0,0,1,1,0,0,Streams,0.25,,26.06083496314168,28.705863567895683
NGC0665,"{No: 4, Streams: 2, Shells: 1, Curiosities: 1}",4,2,0,0,1,0,0,1,Streams,0.25,,26.23375066178468,10.422936380596935
NGC0676,"{Curiosities: 1, No: 4, Streams: 3}",4,3,0,0,0,0,0,1,Streams,0.38,,27.23876841141044,5.907190115810583
NGC0683_GROUP,"{Curiosities: 2, Streams: 2, Tails: 1, No: 2, Spiral: 1}",2,2,1,0,0,0,1,2,Streams,0.25,,27.444511825798074,11.701418691586577
NGC0686,"{Shells: 2, Streams: 4, No: 2, Tails: 1}",2,4,1,0,2,0,0,0,Streams,0.45,,27.233937188525427,-23.79813984602434
NGC0755,"{Disturbed: 1, Shells: 1, No: 4, Plumes: 1, Streams: 1}",4,1,0,1,1,1,0,0,Streams,0.12,,29.093919849102683,-9.061787998065736
NGC0772_GROUP,"{Tails: 2, Streams: 6}",0,6,2,0,0,0,0,0,Streams,0.75,,29.831658498645783,19.00775334889324
NGC0777,"{Streams: 3, No: 3, Disturbed: 1, Shells: 1}",3,3,0,0,1,1,0,0,Streams,0.37,,30.062130995428983,31.429403536687346
NGC0785,"{Shells: 1, Streams: 4, No: 2, Tails: 1}",2,4,1,0,1,0,0,0,Streams,0.5,,30.416741068424198,31.826499846102962
NGC0787,"{Shells: 2, Streams: 4, Tails: 1, No: 1}",1,4,1,0,2,0,0,0,Streams,0.5,,30.20259688693702,-9.002516425908315
NGC0792,"{Streams: 5, No: 2, Shells: 1}",2,5,0,0,1,0,0,0,Streams,0.62,,30.5638931593133,15.712171950984505
NGC0804,"{Streams: 6, No: 2, Tails: 1}",2,6,1,0,0,0,0,0,Streams,0.67,*,31.008834652556178,30.832911220304716
NGC0807,"{Shells: 3, Streams: 6}",0,6,0,0,3,0,0,0,Streams,0.67,,31.23197361844026,28.987576584858775
NGC0822,"{Shells: 2, Streams: 3, No: 2, Tails: 1}",2,3,1,0,2,0,0,0,Streams,0.38,,31.663065588627084,-41.15673685877253
NGC0823,"{Shells: 4, Streams: 4, No: 1}",1,4,0,0,4,0,0,0,Streams,0.45,,31.833620200133478,-25.441970000055047
NGC0827,"{Disturbed: 1, Streams: 3, No: 2, Spiral: 2}",2,3,0,0,0,1,2,0,Streams,0.38,,32.23456901730664,7.971445985486261
NGC0839_GROUP,"{Shells: 3, Streams: 3, No: 1, Tails: 1}",1,3,1,0,3,0,0,0,Streams,0.38,,32.42828882724116,-10.183785088449671
NGC0872,"{Curiosities: 1, Streams: 2, No: 4, Spiral: 1}",4,2,0,0,0,0,1,1,Streams,0.25,,33.85496340132204,-17.78118991199059
NGC0877_GROUP,"{Tails: 2, Streams: 2, No: 3, Plumes: 1}",3,2,2,1,0,0,0,0,Streams,0.25,,34.49861250017867,14.544204336256808
NGC0893,"{Shells: 2, Streams: 2, No: 2, Spiral: 2}",2,2,0,0,2,0,2,0,Streams,0.25,,34.99403320790647,-41.403305082928775
NGC0904_GROUP,"{Shells: 2, Streams: 3, No: 1, Disturbed: 1, Tails: 1}",1,3,1,0,2,1,0,0,Streams,0.38,,36.023242082585675,27.34253973093756
NGC0929,"{Tails: 1, Streams: 4, No: 2, Disturbed: 1}",2,4,1,0,0,1,0,0,Streams,0.5,,36.8259773664489,-12.08689558799617
NGC0930,"{Plumes: 1, Streams: 3, No: 3, Tails: 1}",3,3,1,1,0,0,0,0,Streams,0.37,,36.977927896030245,20.33250542852279
NGC0947_GROUP,"{Streams: 4, Tails: 3, No: 1}",1,4,3,0,0,0,0,0,Streams,0.5,,37.13808255423123,-19.042010875586893
NGC0958_GROUP,"{Plumes: 2, Streams: 2, No: 2, Spiral: 2}",2,2,0,2,0,0,2,0,Streams,0.25,,37.678043225339664,-2.9391406111770415
NGC1015,"{Curiosities: 1, Tails: 2, No: 1, Spiral: 2, Streams: 2}",1,2,2,0,0,0,2,1,Streams,0.26,,39.54813153326115,-1.3187820609863203
NGC1045_GROUP,"{Streams: 3, No: 1, Shells: 2, Disturbed: 1, Tails: 1}",1,3,1,0,2,1,0,0,Streams,0.38,,40.12134553288381,-11.277561039747635
NGC1052_GROUP,"{Streams: 5, No: 3}",3,5,0,0,0,0,0,0,Streams,0.62,,40.27002894868936,-8.255789260913339
NGC1068_GROUP,"{Shells: 1, Tails: 1, No: 4, Streams: 1, Spiral: 1}",4,1,1,0,1,0,1,0,Streams,0.12,,40.669547475983634,-0.013072427540564556
NGC1079,"{Curiosities: 2, Streams: 2, No: 1, Tails: 2, Spiral: 1}",1,2,2,0,0,0,1,2,Streams,0.26,,40.9347436581826,-29.003289638425994
NGC1084_GROUP,"{Streams: 7, No: 1, Tails: 1}",1,7,1,0,0,0,0,0,Streams,0.78,*,41.49945410714361,-7.578309542046421
NGC1087,"{Shells: 2, Streams: 2, No: 2, Spiral: 2}",2,2,0,0,2,0,2,0,Streams,0.25,,41.60528607776274,-0.498834777524643
NGC1097_GROUP,"{Streams: 2, Tails: 2, Spiral: 2, Curiosities: 1, No: 1}",1,2,2,0,0,0,2,1,Streams,0.26,,41.57900823635455,-30.274646660018732
NGC1121,"{Streams: 6, No: 2, Tails: 1}",2,6,1,0,0,0,0,0,Streams,0.67,*,42.66326687560798,-1.734105796088494
NGC1133,"{No: 4, Streams: 1, Plumes: 1, Tails: 1, Curiosities: 1}",4,1,1,1,0,0,0,1,Streams,0.12,,43.17575702985514,-8.80436109258554
NGC1134,"{Streams: 3, Plumes: 1, No: 2, Curiosities: 1, Tails: 1}",2,3,1,1,0,0,0,1,Streams,0.38,,43.42219925197436,13.014091102733058
NGC1152,"{No: 4, Streams: 1, Plumes: 1, Spiral: 1, Curiosities: 1}",4,1,0,1,0,0,1,1,Streams,0.12,,44.390091486788286,-7.758834470271043
NGC1162,"{Streams: 5, No: 2, Shells: 1, Tails: 1}",2,5,1,0,1,0,0,0,Streams,0.56,*,44.733230790400576,-12.398662146242916
NGC1199_GROUP,"{Disturbed: 1, Streams: 2, No: 4, Curiosities: 1}",4,2,0,0,0,1,0,1,Streams,0.25,,45.9100928981673,-15.613451203497528
NGC1208,"{Streams: 5, No: 2, Disturbed: 1, Tails: 1}",2,5,1,0,0,1,0,0,Streams,0.56,,46.54958165762482,-9.541383149862655
NGC1214,"{Streams: 5, No: 3}",3,5,0,0,0,0,0,0,Streams,0.62,,46.733069096269936,-9.543988792352149
NGC1238,"{Streams: 3, No: 4, Tails: 1}",4,3,1,0,0,0,0,0,Streams,0.38,,47.719561002371506,-10.748038220215115
NGC1241_GROUP,"{Curiosities: 1, No: 2, Streams: 3, Spiral: 2}",2,3,0,0,0,0,2,1,Streams,0.38,,47.81093377521521,-8.921835601431571
NGC1266_GROUP,"{Streams: 4, No: 3, Shells: 1}",3,4,0,0,1,0,0,0,Streams,0.5,,49.00324477455917,-2.427290268200539
NGC1309,"{Shells: 2, Streams: 3, No: 2, Tails: 1}",2,3,1,0,2,0,0,0,Streams,0.38,,50.52719431292272,-15.399994443237496
NGC1310,"{No: 2, Tails: 2, Streams: 2, Spiral: 2}",2,2,2,0,0,0,2,0,Streams,0.25,,50.26441031086324,-37.101886427339025
NGC1316_GROUP,"{Streams: 4, No: 2, Disturbed: 1, Shells: 1}",2,4,0,0,1,1,0,0,Streams,0.5,,50.673732942690876,-37.20802757898915
NGC1332_GROUP,"{Streams: 5, No: 2, Tails: 2}",2,5,2,0,0,0,0,0,Streams,0.56,,51.57183953689552,-21.335205258182057
NGC1354,"{Curiosities: 1, No: 4, Plumes: 1, Streams: 2}",4,2,0,1,0,0,0,1,Streams,0.25,,53.12232021113237,-15.221283907658865
NGC1357_GROUP,"{Shells: 2, Tails: 1, No: 1, Spiral: 2, Streams: 2}",1,2,1,0,2,0,2,0,Streams,0.26,,53.32109592971887,-13.664104852355457
NGC1359,"{Disturbed: 2, No: 2, Curiosities: 1, Tails: 1, Streams: 2}",2,2,1,0,0,2,0,1,Streams,0.25,,53.449188390097206,-19.492154926889214
NGC1370,"{No: 4, Streams: 3, Disturbed: 1}",4,3,0,0,0,1,0,0,Streams,0.38,,53.81056187379321,-20.3737867402708
NGC1397,"{Spiral: 2, No: 4, Streams: 2}",4,2,0,0,0,0,2,0,Streams,0.25,,54.94653343970363,-4.670162350644309
NGC1415,"{No: 4, Streams: 2, Plumes: 1, Tails: 1}",4,2,1,1,0,0,0,0,Streams,0.25,,55.237028807061186,-22.564384329101
NGC1426,"{Shells: 2, Streams: 4, No: 2}",2,4,0,0,2,0,0,0,Streams,0.5,,55.70459668819797,-22.108385429242542
NGC1439_GROUP,"{Shells: 2, Streams: 3, No: 3}",3,3,0,0,2,0,0,0,Streams,0.37,,56.20808395090628,-21.92064788426726
NGC1483,"{Streams: 4, No: 2, Spiral: 1, Tails: 1}",2,4,1,0,0,0,1,0,Streams,0.5,,58.19859585797562,-47.477387233007136
NGC1490,"{No: 3, Streams: 2, Shells: 2, Tails: 1}",3,2,1,0,2,0,0,0,Streams,0.25,,58.39269583079797,-66.01802894314478
NGC1511,"{Shells: 1, Streams: 3, No: 3, Plumes: 1}",3,3,0,1,1,0,0,0,Streams,0.37,,59.903650074009846,-67.63484737286497
NGC1532_GROUP,"{Tails: 3, No: 1, Streams: 3, Spiral: 1}",1,3,3,0,0,0,1,0,Streams,0.38,,63.01715491545938,-32.87390526150357
NGC1549,"{Streams: 5, No: 1, Curiosities: 1, Shells: 1}",1,5,0,0,1,0,0,1,Streams,0.63,,63.93797397699787,-55.59223046776231
NGC1552,"{Streams: 3, No: 4, Tails: 1}",4,3,1,0,0,0,0,0,Streams,0.38,,65.07364548188855,-0.692820590198313
NGC1553,"{Shells: 1, Streams: 4, No: 2, Tails: 1}",2,4,1,0,1,0,0,0,Streams,0.5,,64.04369321974897,-55.78001839709658
NGC1567,"{Tails: 2, Streams: 3, No: 2, Shells: 2}",2,3,2,0,2,0,0,0,Streams,0.33,,65.28651218071491,-48.25469915853368
NGC1576,"{Streams: 6, No: 2}",2,6,0,0,0,0,0,0,Streams,0.75,,66.57841126802751,-3.6211021890987456
NGC1587_GROUP,"{Plumes: 1, No: 4, Streams: 2, Disturbed: 1}",4,2,0,1,0,1,0,0,Streams,0.25,,67.66642269505367,0.6617007939853141
NGC1589,"{Plumes: 2, Streams: 3, No: 3}",3,3,0,2,0,0,0,0,Streams,0.37,,67.68957302318329,0.8639403043666362
NGC1596_GROUP,"{Streams: 5, No: 2, Tails: 1}",2,5,1,0,0,0,0,0,Streams,0.62,,66.90884600857271,-55.02770050978952
NGC1600_GROUP,"{Shells: 2, Streams: 2, No: 4}",4,2,0,0,2,0,0,0,Streams,0.25,,67.91616881203309,-5.0861767586447915
NGC1606,"{Disturbed: 1, Streams: 2, No: 2, Shells: 1, Plumes: 2}",2,2,0,2,1,1,0,0,Streams,0.25,,68.0139911134937,-5.0324699085602305
NGC1609_GROUP,"{Streams: 3, No: 4, Shells: 1}",4,3,0,0,1,0,0,0,Streams,0.38,,68.18788289011873,-4.372403897374416
NGC1611,"{Streams: 5, No: 3}",3,5,0,0,0,0,0,0,Streams,0.62,,68.27485048458668,-4.297233113213093
NGC1612,"{Streams: 2, Tails: 1, No: 2, Plumes: 1, Spiral: 2}",2,2,1,1,0,0,2,0,Streams,0.25,,68.30472713528259,-4.172430988202261
NGC1638_GROUP,"{Shells: 2, Tails: 1, No: 2, Streams: 2, Spiral: 1}",2,2,1,0,2,0,1,0,Streams,0.25,,70.40209875560717,-1.8090319175560656
NGC1645_GROUP,"{Tails: 1, No: 3, Streams: 2, Spiral: 2}",3,2,1,0,0,0,2,0,Streams,0.25,,71.02666088133357,-5.4656625285123415
NGC1646_GROUP,"{Streams: 3, No: 4, Shells: 1}",4,3,0,0,1,0,0,0,Streams,0.38,,71.09800805665176,-8.531244357958863
NGC1653,"{Shells: 2, Streams: 4, No: 2}",2,4,0,0,2,0,0,0,Streams,0.5,,71.44728103355847,-2.3929013936080126
NGC1685,"{Tails: 2, Streams: 3, Plumes: 2, Spiral: 1}",0,3,2,2,0,0,1,0,Streams,0.38,,73.14290775411727,-2.949289648341165
NGC1699,"{No: 4, Disturbed: 1, Spiral: 1, Streams: 2}",4,2,0,0,0,1,1,0,Streams,0.25,,74.24851655452663,-4.756914629608548
NGC1706_GROUP,"{Spiral: 2, Streams: 3, Tails: 2, Disturbed: 1}",0,3,2,0,0,1,2,0,Streams,0.38,,73.12920160101886,-62.985719590588886
NGC1726_GROUP,"{Shells: 2, Streams: 2, No: 3, Disturbed: 1}",3,2,0,0,2,1,0,0,Streams,0.25,,74.92460639772095,-7.7552316394238385
NGC1808_GROUP,"{Shells: 1, Tails: 2, No: 1, Streams: 2, Spiral: 2}",1,2,2,0,1,0,2,0,Streams,0.26,,76.92668833105564,-37.512327103771696
NGC1811_GROUP,"{Streams: 4, No: 2, Tails: 2}",2,4,2,0,0,0,0,0,Streams,0.5,,77.17814921453032,-29.27613199997596
NGC1993,"{Disturbed: 2, Streams: 2, No: 3, Shells: 1}",3,2,0,0,1,2,0,0,Streams,0.25,,83.85654208434072,-17.81531832887651
NGC2087,"{Disturbed: 1, Streams: 2, No: 3, Spiral: 1, Plumes: 1}",3,2,0,1,0,1,1,0,Streams,0.25,,86.06724751549528,-55.53257972816838
NGC2139,"{Tails: 3, Streams: 4, No: 1}",1,4,3,0,0,0,0,0,Streams,0.5,,90.28334111244168,-23.672548424986722
NGC2146,"{Tails: 3, No: 1, Streams: 3, Disturbed: 1}",1,3,3,0,0,1,0,0,Streams,0.38,,94.66467349284308,78.3567875958652
NGC2253,"{Tails: 1, Streams: 5, No: 1, Spiral: 1}",1,5,1,0,0,0,1,0,Streams,0.63,,100.92412193846039,65.2063293123403
NGC2289_GROUP,"{Plumes: 1, Streams: 1, No: 4, Disturbed: 1, Shells: 1}",4,1,0,1,1,1,0,0,Streams,0.12,,102.7232573856943,33.47879362617593
NGC2326,"{Streams: 3, Tails: 2, Spiral: 3}",0,3,2,0,0,0,3,0,Streams,0.38,,107.04584192422276,50.68192540408547
NGC2333,"{Shells: 2, Tails: 1, No: 2, Plumes: 1, Streams: 2}",2,2,1,1,2,0,0,0,Streams,0.25,,107.08889031966642,35.17002566081233
NGC2415_GROUP,"{Plumes: 1, No: 4, Disturbed: 1, Streams: 2}",4,2,0,1,0,1,0,0,Streams,0.25,,114.2358868301185,35.24212295417141
NGC2418,"{Shells: 4, Streams: 4, Disturbed: 1}",0,4,0,0,4,1,0,0,Streams,0.44,,114.15626936687363,17.88385563984236
NGC2507,"{Tails: 1, Streams: 6, Plumes: 1}",0,6,1,1,0,0,0,0,Streams,0.75,,120.40499364453777,15.70975691151128
NGC2508,"{Tails: 2, Streams: 3, Plumes: 1, Shells: 2, Disturbed: 1}",0,3,2,1,2,1,0,0,Streams,0.33,,120.48841148493717,8.551873117010977
NGC2523C,"{Shells: 2, Streams: 3, No: 3}",3,3,0,0,2,0,0,0,Streams,0.37,,124.43446581463849,73.31760745629994
NGC2544_GROUP,"{Shells: 2, Streams: 2, No: 2, Plumes: 1, Curiosities: 1}",2,2,0,1,2,0,0,1,Streams,0.25,,125.41803842678696,73.98836788313437
NGC2554_GROUP,"{Shells: 2, Streams: 4, No: 1, Spiral: 1}",1,4,0,0,2,0,1,0,Streams,0.5,,124.47305173831056,23.47216204565948
NGC2592_GROUP,"{Streams: 4, No: 3, Curiosities: 1}",3,4,0,0,0,0,0,1,Streams,0.5,,126.78356296325563,25.97030011907135
NGC2648_GROUP,"{Plumes: 2, No: 3, Tails: 1, Streams: 2}",3,2,1,2,0,0,0,0,Streams,0.25,,130.66588201477353,14.285621379822137
NGC2698,"{Tails: 2, Streams: 3, No: 2, Plumes: 1}",2,3,2,1,0,0,0,0,Streams,0.38,,133.9020570971244,-3.183993566065457
NGC2699,"{Shells: 3, Streams: 3, No: 1, Tails: 1}",1,3,1,0,3,0,0,0,Streams,0.38,,133.95328007183923,-3.127672314390093
NGC2708,"{Streams: 5, No: 1, Shells: 1, Tails: 2}",1,5,2,0,1,0,0,0,Streams,0.56,,134.03341810209906,-3.3601619541880914
NGC2715,"{No: 2, Spiral: 1, Streams: 3, Plumes: 1, Tails: 1}",2,3,1,1,0,0,1,0,Streams,0.38,,137.0268543750545,78.08545624421893
NGC2738,"{Streams: 2, Tails: 2, Plumes: 1, No: 2, Spiral: 1}",2,2,2,1,0,0,1,0,Streams,0.25,,136.00184480801917,21.967720294123207
NGC2744,"{Streams: 4, Tails: 3, Disturbed: 1}",0,4,3,0,0,1,0,0,Streams,0.5,,136.16281672768218,18.46424261763076
NGC2748,"{Curiosities: 1, Streams: 2, No: 3, Disturbed: 1, Plumes: 1}",3,2,0,1,0,1,0,1,Streams,0.25,,138.42898999525232,76.4756815139075
NGC2765,"{Disturbed: 1, Streams: 1, No: 4, Plumes: 1, Shells: 1}",4,1,0,1,1,1,0,0,Streams,0.12,,136.90266516818903,3.3929155416690753
NGC2769,"{Streams: 6, No: 3}",3,6,0,0,0,0,0,0,Streams,0.67,*,137.63418346321137,50.433336174603035
NGC2773,"{Shells: 1, Streams: 2, No: 3, Disturbed: 1, Tails: 1}",3,2,1,0,1,1,0,0,Streams,0.25,,137.43409995777031,7.173764533919187
NGC2782,"{Shells: 4, Streams: 4, Tails: 1}",0,4,1,0,4,0,0,0,Streams,0.44,,138.52155472956682,40.11351941145359
NGC2856,"{Streams: 7, Tails: 2}",0,7,2,0,0,0,0,0,Streams,0.78,,141.06702478788685,49.24916481332862
NGC2860,"{No: 4, Spiral: 1, Streams: 1, Shells: 1, Tails: 1}",4,1,1,0,1,0,1,0,Streams,0.12,,141.22166656972504,41.060193560459425
NGC2874_GROUP,"{Streams: 4, No: 4}",4,4,0,0,0,0,0,0,Streams,0.5,,141.44725037570626,11.424548980792506
NGC2894,"{Disturbed: 1, No: 4, Streams: 2, Spiral: 1}",4,2,0,0,0,1,1,0,Streams,0.25,,142.37637183303693,7.7186377956090615
NGC2914,"{Plumes: 3, Streams: 3, No: 1, Tails: 1}",1,3,1,3,0,0,0,0,Streams,0.38,,143.5116135319778,10.10871065343865
NGC2924_GROUP,"{Shells: 2, Streams: 3, No: 3}",3,3,0,0,2,0,0,0,Streams,0.37,,143.79507212485296,-16.39832565462199
NGC2939,"{Tails: 2, Streams: 3, No: 1, Plumes: 1, Spiral: 1}",1,3,2,1,0,0,1,0,Streams,0.38,,144.53289312462886,9.523819230531277
NGC2960,"{Streams: 6, Disturbed: 1, Tails: 1}",0,6,1,0,0,1,0,0,Streams,0.75,,145.1516916997955,3.5769310375625625
NGC2966,"{Spiral: 1, Tails: 3, Streams: 3, Plumes: 1}",0,3,3,1,0,0,1,0,Streams,0.38,,145.54787114539397,4.673173570259867
NGC2968,"{Plumes: 1, Streams: 4, No: 2, Shells: 1}",2,4,0,1,1,0,0,0,Streams,0.5,,145.8000278445419,31.92869518479101
NGC2987,"{Streams: 6, Plumes: 2}",0,6,0,2,0,0,0,0,Streams,0.75,,146.4227055752872,4.941779277405881
NGC3003_GROUP,"{Streams: 2, No: 4, Spiral: 2}",4,2,0,0,0,0,2,0,Streams,0.25,,147.1491995441422,33.42148236663757
NGC3041,"{Streams: 5, No: 2, Tails: 1}",2,5,1,0,0,0,0,0,Streams,0.62,*,148.27967161667027,16.677705752043437
NGC3075,"{Tails: 1, Streams: 4, No: 2, Spiral: 1}",2,4,1,0,0,0,1,0,Streams,0.5,,149.73434997767114,14.4188347844327
NGC3131_GROUP,"{Streams: 4, No: 1, Tails: 2, Plumes: 1}",1,4,2,1,0,0,0,0,Streams,0.5,,152.15187064363974,18.231157071908093
NGC3166_GROUP,"{Streams: 4, No: 4}",4,4,0,0,0,0,0,0,Streams,0.5,,153.44030645306543,3.42479599133786
NGC3185,"{No: 4, Streams: 2, Tails: 1, Spiral: 1}",4,2,1,0,0,0,1,0,Streams,0.25,,154.41071228841466,21.68827618254687
NGC3227_GROUP,"{Streams: 3, No: 1, Disturbed: 2, Shells: 1, Tails: 1}",1,3,1,0,1,2,0,0,Streams,0.38,,155.8776258562078,19.865345516968304
NGC3239_GROUP,"{Tails: 2, No: 1, Streams: 4, Plumes: 1}",1,4,2,1,0,0,0,0,Streams,0.5,,156.27754474220836,17.16139023103283
NGC3310,"{Streams: 4, No: 2, Disturbed: 1, Shells: 1}",2,4,0,0,1,1,0,0,Streams,0.5,,159.6909548059275,53.503129152979035
NGC3325_GROUP,"{Shells: 3, Streams: 3, No: 1, Tails: 2}",1,3,2,0,3,0,0,0,Streams,0.34,,159.83522274823306,-0.20025175837546166
NGC3335,"{No: 4, Streams: 1, Tails: 1, Spiral: 1, Shells: 1}",4,1,1,0,1,0,1,0,Streams,0.12,,159.89194531734313,-23.9226961704264
NGC3380,"{No: 4, Streams: 1, Curiosities: 1, Spiral: 1, Tails: 1}",4,1,1,0,0,0,1,1,Streams,0.12,,162.05077020501767,28.601774152767653
NGC3393,"{No: 1, Spiral: 2, Streams: 3, Tails: 2}",1,3,2,0,0,0,2,0,Streams,0.38,,162.09778746951645,-25.162076257590364
NGC3521_GROUP,"{Streams: 4, No: 3, Disturbed: 1, Spiral: 1}",3,4,0,0,0,1,1,0,Streams,0.45,,166.45400461485235,-0.03515771340966662
NGC3611,"{Streams: 7, Shells: 2}",0,7,0,0,2,0,0,0,Streams,0.78,,169.37563749118988,4.555587449852753
NGC3627_GROUP,"{Tails: 1, Streams: 3, No: 3, Curiosities: 1}",3,3,1,0,0,0,0,1,Streams,0.37,,170.06227587911883,12.991345479910496
NGC3628_GROUP,"{Streams: 3, Tails: 2, No: 3}",3,3,2,0,0,0,0,0,Streams,0.37,,170.06909514962058,13.592546940510175
NGC3639,"{No: 4, Tails: 1, Disturbed: 1, Streams: 1, Spiral: 1}",4,1,1,0,0,1,1,0,Streams,0.12,,170.3986604266831,18.458384191346102
NGC3640_GROUP,"{Streams: 4, No: 2, Disturbed: 1, Shells: 1, Tails: 1}",2,4,1,0,1,1,0,0,Streams,0.45,,170.27848825376066,3.234881384644589
NGC3642,"{Spiral: 3, Streams: 3, No: 2}",2,3,0,0,0,0,3,0,Streams,0.38,,170.57467517682198,59.07453690184779
NGC3650_GROUP,"{Streams: 5, No: 3, Tails: 1}",3,5,1,0,0,0,0,0,Streams,0.56,,170.6473115874636,20.70403167850002
NGC3689,"{Streams: 6, No: 2}",2,6,0,0,0,0,0,0,Streams,0.75,,172.04589075692613,25.66124575172943
NGC3690_GROUP,"{Streams: 5, No: 1, Tails: 2}",1,5,2,0,0,0,0,0,Streams,0.63,,172.1333063633604,58.56298924256092
NGC3759_GROUP,"{Shells: 2, Streams: 6, Tails: 1}",0,6,1,0,2,0,0,0,Streams,0.67,,174.22540453157245,54.82326209617467
NGC3768,"{No: 4, Streams: 1, Plumes: 1, Tails: 1, Shells: 1}",4,1,1,1,1,0,0,0,Streams,0.12,,174.31029445266847,17.839852532542405
NGC3788_GROUP,"{Tails: 4, Streams: 4}",0,4,4,0,0,0,0,0,Streams,0.5,,174.93598213212826,31.931167809068896
NGC3791,"{No: 4, Streams: 3, Shells: 1}",4,3,0,0,1,0,0,0,Streams,0.38,,174.9243001592889,-9.367377381046479
NGC3798_GROUP,"{Streams: 4, No: 2, Tails: 3}",2,4,3,0,0,0,0,0,Streams,0.45,,175.05806126268385,24.697022177409785
NGC3801_GROUP,"{Shells: 2, Streams: 2, No: 2, Disturbed: 2}",2,2,0,0,2,2,0,0,Streams,0.25,,175.0704751759661,17.727902463790283
NGC3816,"{Tails: 2, Streams: 5, Plumes: 1}",0,5,2,1,0,0,0,0,Streams,0.62,,175.45016128497036,20.10370120843541
NGC3854,"{No: 4, Tails: 1, Disturbed: 1, Streams: 1, Spiral: 1}",4,1,1,0,0,1,1,0,Streams,0.12,,176.2167751589391,-9.233321259052156
NGC3858,"{Streams: 5, Plumes: 3}",0,5,0,3,0,0,0,0,Streams,0.62,,176.29862065203784,-9.313993454840404
NGC3860_GROUP,"{Shells: 1, Streams: 3, No: 2, Tails: 1, Spiral: 1}",2,3,1,0,1,0,1,0,Streams,0.38,,176.20485482952424,19.795071033563264
NGC3875_GROUP,"{Shells: 1, Streams: 3, No: 4}",4,3,0,0,1,0,0,0,Streams,0.38,,176.45598118020027,19.76736208430081
NGC3886,"{Shells: 2, Streams: 4, No: 1, Disturbed: 1, Tails: 1}",1,4,1,0,2,1,0,0,Streams,0.45,,176.77333094208274,19.837186771405598
NGC3893_GROUP,"{Spiral: 2, Streams: 3, Tails: 3, No: 1}",1,3,3,0,0,0,2,0,Streams,0.34,,177.15915376978643,48.710793802989414
NGC3907B_GROUP,"{Tails: 2, Streams: 3, No: 3}",3,3,2,0,0,0,0,0,Streams,0.37,,177.34798190162488,-1.0837287462132346
NGC3921_GROUP,"{Streams: 6, Tails: 2}",0,6,2,0,0,0,0,0,Streams,0.75,,177.77852163303916,55.0788755375702
NGC3963,"{Streams: 5, Tails: 3}",0,5,3,0,0,0,0,0,Streams,0.62,,178.74480816351812,58.49360313592273
NGC3995_GROUP,"{Shells: 1, Streams: 2, Tails: 2, No: 3}",3,2,2,0,1,0,0,0,Streams,0.25,,179.43380322599828,32.29406306535072
NGC3998_GROUP,"{Curiosities: 1, Streams: 3, Shells: 1, No: 3}",3,3,0,0,1,0,0,1,Streams,0.37,,179.48386071000252,55.45364363075736
NGC4006,"{Plumes: 1, Streams: 3, No: 2, Tails: 2}",2,3,2,1,0,0,0,0,Streams,0.38,,179.52409401457226,-2.120080035249032
NGC4014,"{Shells: 3, Streams: 3, No: 2, Spiral: 1}",2,3,0,0,3,0,1,0,Streams,0.34,,179.6492292908105,16.177167606669673
NGC4023,"{Streams: 4, No: 2, Shells: 2}",2,4,0,0,2,0,0,0,Streams,0.5,,179.77278787272567,24.98894715164594
NGC4131,"{Disturbed: 1, Streams: 2, No: 3, Plumes: 1, Shells: 1}",3,2,0,1,1,1,0,0,Streams,0.25,,182.19703690489212,29.30474114229309
NGC4133,"{No: 2, Streams: 2, Tails: 2, Spiral: 2}",2,2,2,0,0,0,2,0,Streams,0.25,,182.20821915029524,74.90419783671959
NGC4196,"{Streams: 6, Disturbed: 1, Tails: 1}",0,6,1,0,0,1,0,0,Streams,0.75,,183.62393732189796,28.423454233045067
NGC4216_GROUP,"{Streams: 5, No: 4}",4,5,0,0,0,0,0,0,Streams,0.56,,183.97572691935716,13.149597155767902
NGC4239_GROUP,"{Streams: 4, Shells: 1, No: 1, Tails: 2}",1,4,2,0,1,0,0,0,Streams,0.5,,184.3122601972235,16.531305890019407
NGC4242_GROUP,"{Shells: 1, Streams: 3, No: 2, Disturbed: 1, Plumes: 1}",2,3,0,1,1,1,0,0,Streams,0.38,,184.37601027000332,45.61929909679906
NGC4247,"{Spiral: 1, No: 3, Tails: 1, Streams: 3}",3,3,1,0,0,0,1,0,Streams,0.37,,184.4919141125118,7.273962064968975
NGC4250,"{Curiosities: 3, Streams: 3, No: 2}",2,3,0,0,0,0,0,3,Streams,0.38,,184.35930226351647,70.80248528380307
NGC4256_GROUP,"{Streams: 6, No: 3}",3,6,0,0,0,0,0,0,Streams,0.67,*,184.67887363093328,65.89836316143538
NGC4261_GROUP,"{Streams: 5, No: 2, Tails: 2}",2,5,2,0,0,0,0,0,Streams,0.56,,184.84675238067862,5.8249270407018505
NGC4262,"{Plumes: 3, Streams: 3, No: 2, Tails: 1}",2,3,1,3,0,0,0,0,Streams,0.34,,184.87739865043702,14.877636537918125
NGC4293,"{Shells: 1, Streams: 3, No: 4}",4,3,0,0,1,0,0,0,Streams,0.38,,185.303340219912,18.38272994331563
NGC4300_GROUP,"{Curiosities: 1, Streams: 2, No: 4, Spiral: 1}",4,2,0,0,0,0,1,1,Streams,0.25,,185.42278829404566,5.384766570757856
NGC4305_GROUP,"{Plumes: 3, Streams: 3, No: 1, Spiral: 1}",1,3,0,3,0,0,1,0,Streams,0.38,,185.51499996363455,12.740908501046002
NGC4319,"{Streams: 6, Tails: 2}",0,6,2,0,0,0,0,0,Streams,0.75,,185.4330513632577,75.32248498812818
NGC4351,"{Tails: 2, Streams: 2, No: 2, Plumes: 1, Disturbed: 1}",2,2,2,1,0,1,0,0,Streams,0.25,,186.00613982543612,12.204609407446275
NGC4362_GROUP,"{Streams: 4, No: 2, Tails: 2}",2,4,2,0,0,0,0,0,Streams,0.5,,186.04715752895123,58.36062344776492
NGC4382_GROUP,"{Shells: 1, Streams: 5, No: 2}",2,5,0,0,1,0,0,0,Streams,0.62,,186.3502901560324,18.191202545855283
NGC4388_GROUP,"{Streams: 4, No: 3, Spiral: 1, Tails: 1}",3,4,1,0,0,0,1,0,Streams,0.45,*,186.44518376562363,12.661806507297575
NGC4403_GROUP,"{Plumes: 2, Streams: 2, No: 3, Shells: 1}",3,2,0,2,1,0,0,0,Streams,0.25,,186.55324418153575,-7.68486542644312
NGC4416,"{No: 2, Tails: 1, Streams: 3, Plumes: 1, Disturbed: 1}",2,3,1,1,0,1,0,0,Streams,0.38,,186.69481004626596,7.919050878377745
NGC4425,"{Streams: 4, No: 3, Tails: 1}",3,4,1,0,0,0,0,0,Streams,0.5,,186.8055740468959,12.734772393433447
NGC4438_GROUP,"{Tails: 2, No: 2, Streams: 2, Disturbed: 1, Curiosities: 1}",2,2,2,0,0,1,0,1,Streams,0.25,,186.94013059874123,13.008716587986962
NGC4454,"{No: 3, Streams: 2, Shells: 2, Spiral: 1}",3,2,0,0,2,0,1,0,Streams,0.25,,187.21144791896478,-1.9391927855271587
NGC4494_GROUP,"{Streams: 3, No: 4, Disturbed: 1}",4,3,0,0,0,1,0,0,Streams,0.38,,187.85018002716876,25.775010815879305
NGC4526,"{Streams: 3, No: 4, Shells: 1}",4,3,0,0,1,0,0,0,Streams,0.38,,188.51242931301545,7.699284080415375
NGC4568_GROUP,"{Plumes: 1, Tails: 2, No: 2, Streams: 2, Spiral: 1}",2,2,2,1,0,0,1,0,Streams,0.25,,189.1425823403527,11.238844569725117
NGC4580,"{No: 4, Tails: 1, Shells: 1, Spiral: 1, Streams: 1}",4,1,1,0,1,0,1,0,Streams,0.12,,189.45165693189404,5.368444704947879
NGC4632,"{Streams: 6, No: 3}",3,6,0,0,0,0,0,0,Streams,0.67,*,190.63402916714736,-0.08220573447358637
NGC4635,"{No: 3, Streams: 2, Spiral: 2, Tails: 1}",3,2,1,0,0,0,2,0,Streams,0.25,,190.66355548631654,19.945707445497067
NGC4643,"{Plumes: 1, Streams: 3, No: 2, Tails: 2}",2,3,2,1,0,0,0,0,Streams,0.38,,190.8339527142808,1.97825238504504
NGC4651,"{Shells: 2, Streams: 5, No: 1}",1,5,0,0,2,0,0,0,Streams,0.63,,190.9276134858472,16.393407321634154
NGC4669,"{No: 4, Streams: 2, Tails: 2}",4,2,2,0,0,0,0,0,Streams,0.25,,191.19500534601048,54.875737088243774
NGC4684,"{Streams: 5, No: 2, Tails: 2}",2,5,2,0,0,0,0,0,Streams,0.56,,191.82298335356106,-2.727377917817848
NGC4686,"{Streams: 6, No: 3}",3,6,0,0,0,0,0,0,Streams,0.67,*,191.66612587460963,54.53419797952648
NGC4689,"{No: 4, Tails: 1, Shells: 1, Streams: 1, Spiral: 1}",4,1,1,0,1,0,1,0,Streams,0.12,,191.94000159002474,13.762792738517632
NGC4691,"{Tails: 2, Streams: 3, Plumes: 1, Spiral: 1, Disturbed: 1}",0,3,2,1,0,1,1,0,Streams,0.38,,192.05623175797456,-3.3329174269085025
NGC4699,"{Shells: 1, Streams: 3, No: 3, Disturbed: 1}",3,3,0,0,1,1,0,0,Streams,0.37,,192.2592055923895,-8.664432813966735
NGC4736_GROUP,"{Shells: 1, Streams: 3, No: 2, Spiral: 1, Curiosities: 1}",2,3,0,0,1,0,1,1,Streams,0.38,,192.7210657688389,41.1201265940668
NGC4747,"{Tails: 3, Streams: 4, No: 1}",1,4,3,0,0,0,0,0,Streams,0.5,,192.93980068244414,25.774930995747155
NGC4761_GROUP,"{Curiosities: 1, Streams: 1, No: 4, Disturbed: 1, Shells: 1}",4,1,0,0,1,1,0,1,Streams,0.12,,193.2737424494408,-9.204010064527282
NGC4772,"{Tails: 3, Streams: 4, Curiosities: 1}",0,4,3,0,0,0,0,1,Streams,0.5,,193.37149493855262,2.168333919891185
NGC4795_GROUP,"{Disturbed: 1, Streams: 3, No: 2, Shells: 1, Spiral: 1}",2,3,0,0,1,1,1,0,Streams,0.38,,193.76191770223582,8.06554376975836
NGC4808,"{Tails: 2, Streams: 5, No: 1}",1,5,2,0,0,0,0,0,Streams,0.63,,193.95402370353187,4.30428555774461
NGC4809_GROUP,"{Plumes: 1, Streams: 3, No: 4}",4,3,0,1,0,0,0,0,Streams,0.38,,193.71350933376627,2.6531503338179148
NGC4874_GROUP,"{Disturbed: 2, Streams: 2, No: 3, Curiosities: 1}",3,2,0,0,0,2,0,1,Streams,0.25,,194.89882128082454,27.959335446614144
NGC4912,"{Shells: 3, Streams: 5, Tails: 1}",0,5,1,0,3,0,0,0,Streams,0.56,,195.17885582721956,37.31526192290319
NGC4915,"{Disturbed: 2, Streams: 3, No: 2, Shells: 1, Plumes: 1}",2,3,0,1,1,2,0,0,Streams,0.33,,195.3676585811801,-4.546504914745356
NGC4952,"{Streams: 3, No: 3, Shells: 1, Tails: 1}",3,3,1,0,1,0,0,0,Streams,0.37,,196.24328143216033,29.12221042565663
NGC5055_GROUP,"{Streams: 7, No: 2}",2,7,0,0,0,0,0,0,Streams,0.78,*,198.9551076488511,42.03037081113764
NGC5089,"{Tails: 3, Streams: 4, No: 1}",1,4,3,0,0,0,0,0,Streams,0.5,,199.91381328636265,30.256507360461445
NGC5145,"{Tails: 2, Streams: 2, No: 2, Spiral: 2}",2,2,2,0,0,0,2,0,Streams,0.25,,201.3079752373095,43.267250833973314
NGC5183,"{Tails: 2, Streams: 3, Spiral: 3}",0,3,2,0,0,0,3,0,Streams,0.38,,202.52564757930057,-1.7205545091677623
NGC5216,"{Streams: 5, No: 1, Shells: 2, Tails: 1}",1,5,1,0,2,0,0,0,Streams,0.56,,203.0288102715555,62.70065961088079
NGC5263,"{Streams: 2, No: 4, Spiral: 2, Plumes: 1}",4,2,0,1,0,0,2,0,Streams,0.22,*,204.9816288137014,28.400258615705358
NGC5283,"{Shells: 3, Streams: 3, No: 2, Tails: 1}",2,3,1,0,3,0,0,0,Streams,0.34,,205.27410679501267,67.67233310362708
NGC5297_GROUP,"{Spiral: 1, Tails: 1, Streams: 4, No: 1, Disturbed: 1}",1,4,1,0,0,1,1,0,Streams,0.5,,206.5985533769702,43.87224618304099
NGC5318_GROUP,"{Streams: 5, No: 2, Tails: 2}",2,5,2,0,0,0,0,0,Streams,0.56,,207.6500708215556,33.70488375289908
NGC5347,"{Spiral: 1, Streams: 5, No: 1, Tails: 1}",1,5,1,0,0,0,1,0,Streams,0.63,,208.32414812981511,33.49086794695471
NGC5354_GROUP,"{Streams: 3, No: 4, Tails: 1}",4,3,1,0,0,0,0,0,Streams,0.38,,208.361346095711,40.30275578059742
NGC5370,"{No: 4, Streams: 1, Disturbed: 1, Shells: 1, Curiosities: 1}",4,1,0,0,1,1,0,1,Streams,0.12,,208.53905184137645,60.6780406918184
NGC5377,"{Curiosities: 1, Streams: 2, Shells: 1, No: 2, Spiral: 2}",2,2,0,0,1,0,2,1,Streams,0.25,,209.06951226820874,47.23567899722135
NGC5382,"{Streams: 6, No: 2, Tails: 1}",2,6,1,0,0,0,0,0,Streams,0.67,,209.56206745821004,6.258674240516578
NGC5387,"{Streams: 8, No: 1}",1,8,0,0,0,0,0,0,Streams,0.89,*,209.60317765827045,6.070951486282361
NGC5411_GROUP,"{Streams: 5, Disturbed: 1, No: 1, Tails: 1}",1,5,1,0,0,1,0,0,Streams,0.63,,210.49688980406677,8.937698489839015
NGC5414,"{Shells: 3, Streams: 4, No: 1, Disturbed: 1}",1,4,0,0,3,1,0,0,Streams,0.45,,210.51466983089654,9.929377965174531
NGC5417,"{Streams: 7, No: 2}",2,7,0,0,0,0,0,0,Streams,0.78,,210.5543117100791,8.037069583278416
NGC5423_GROUP,"{Streams: 6, No: 3}",3,6,0,0,0,0,0,0,Streams,0.67,,210.70262022452522,9.341360412564345
NGC5427_GROUP,"{No: 1, Tails: 2, Streams: 2, Spiral: 2, Curiosities: 1}",1,2,2,0,0,0,2,1,Streams,0.26,,210.85852747251914,-6.030696196479071
NGC5440,"{No: 2, Spiral: 3, Streams: 3}",2,3,0,0,0,0,3,0,Streams,0.38,,210.75430837782534,34.7579296565645
NGC5472,"{Streams: 4, No: 2, Plumes: 1, Tails: 1}",2,4,1,1,0,0,0,0,Streams,0.5,,211.72917467316807,-5.460496034745921
NGC5504,"{Streams: 5, Tails: 2, Spiral: 1}",0,5,2,0,0,0,1,0,Streams,0.62,,213.06583753752093,15.842054846627065
NGC5506_GROUP,"{Tails: 3, Streams: 5, No: 1}",1,5,3,0,0,0,0,0,Streams,0.56,,213.31184046098468,-3.207545371116071
NGC5513_GROUP,"{Streams: 7, No: 1}",1,7,0,0,0,0,0,0,Streams,0.88,*,213.28597797655365,20.41625844135936
NGC5525,"{Curiosities: 1, Streams: 3, No: 4}",4,3,0,0,0,0,0,1,Streams,0.38,,213.91337315609277,14.282653684988306
NGC5533_GROUP,"{Streams: 6, No: 2, Spiral: 1}",2,6,0,0,0,0,1,0,Streams,0.67,,214.03213227447438,35.343870940264715
NGC5548,"{Tails: 3, Streams: 6}",0,6,3,0,0,0,0,0,Streams,0.67,,214.49811356714068,25.136857213156272
NGC5576_GROUP,"{Tails: 3, Streams: 4, No: 1, Plumes: 1}",1,4,3,1,0,0,0,0,Streams,0.45,,215.26535801548653,3.2709233701141263
NGC5614_GROUP,"{Shells: 1, Streams: 4, No: 1, Tails: 2}",1,4,2,0,1,0,0,0,Streams,0.5,,216.03160030764766,34.85882295586654
NGC5628,"{Plumes: 1, Streams: 4, No: 2, Tails: 2}",2,4,2,1,0,0,0,0,Streams,0.45,,217.10746226597405,17.924329992985932
NGC5635,{Streams: 8},0,8,0,0,0,0,0,0,Streams,1.0,,217.13228110525085,27.409051533017628
NGC5667,"{Curiosities: 1, Streams: 2, No: 3, Disturbed: 1, Tails: 1}",3,2,1,0,0,1,0,1,Streams,0.25,,217.59539471794048,59.47001374466238
NGC5719,"{Streams: 5, No: 2, Tails: 1}",2,5,1,0,0,0,0,0,Streams,0.62,,220.23501136154132,-0.31809664155659356
NGC5729,"{Curiosities: 1, Streams: 2, No: 4, Tails: 1}",4,2,1,0,0,0,0,1,Streams,0.25,,220.52876584214277,-9.009206341030081
NGC5740,"{Spiral: 3, Streams: 4, No: 1}",1,4,0,0,0,0,3,0,Streams,0.5,,221.10187851663616,1.6798912619329416
NGC5750,"{Shells: 1, Streams: 3, No: 2, Disturbed: 1, Spiral: 1}",2,3,0,0,1,1,1,0,Streams,0.38,,221.54633734309047,-0.22314335739150087
NGC5754_GROUP,"{Streams: 7, Tails: 2}",0,7,2,0,0,0,0,0,Streams,0.78,,221.33188145498124,38.7312293030691
NGC5775_GROUP,"{Tails: 2, No: 3, Streams: 2, Spiral: 1}",3,2,2,0,0,0,1,0,Streams,0.25,,223.48960364832948,3.5441915589429542
NGC5797,"{Shells: 3, Streams: 4, No: 1}",1,4,0,0,3,0,0,0,Streams,0.5,,224.10022722062124,49.696148924116734
NGC5806,"{Streams: 6, No: 2, Tails: 1}",2,6,1,0,0,0,0,0,Streams,0.67,,225.00156005576244,1.8913063547079214
NGC5812_GROUP,"{Streams: 6, No: 1, Tails: 2}",1,6,2,0,0,0,0,0,Streams,0.67,,225.23206934987306,-7.457421822685689
NGC5821_GROUP,"{No: 4, Streams: 2, Spiral: 2}",4,2,0,0,0,0,2,0,Streams,0.25,,224.74928189408348,53.92318582324842
NGC5829_GROUP,"{Tails: 1, Streams: 4, No: 1, Spiral: 2}",1,4,1,0,0,0,2,0,Streams,0.5,,225.67500622598874,23.33358506335099
NGC5869,"{Tails: 3, Streams: 3, No: 1, Shells: 2}",1,3,3,0,2,0,0,0,Streams,0.34,,227.45591882221245,0.470103301744833
NGC5899,"{Streams: 7, No: 2}",2,7,0,0,0,0,0,0,Streams,0.78,,228.7632273437778,42.049925398948
NGC5900,"{Disturbed: 2, Streams: 2, No: 2, Tails: 2}",2,2,2,0,0,2,0,0,Streams,0.25,,228.77116618389775,42.209582903034665
NGC5907,"{Streams: 8, No: 1}",1,8,0,0,0,0,0,0,Streams,0.89,*,228.97453539340847,56.329044531182035
NGC5914_GROUP,"{Tails: 2, Streams: 3, No: 1, Plumes: 2}",1,3,2,2,0,0,0,0,Streams,0.38,,229.68263151514165,41.865440331166816
NGC5943,"{Streams: 3, No: 4, Disturbed: 1}",4,3,0,0,0,1,0,0,Streams,0.38,,232.43380814861735,42.77795622976172
NGC5953_GROUP,"{Disturbed: 2, Streams: 4, Plumes: 1, Tails: 1}",0,4,1,1,0,2,0,0,Streams,0.5,,233.6349468192726,15.193736504425562
NGC6020,"{Streams: 5, No: 2, Tails: 2}",2,5,2,0,0,0,0,0,Streams,0.56,,239.2838924565225,22.404567942285283
NGC6154,"{Shells: 2, Tails: 1, Streams: 4, Spiral: 1}",0,4,1,0,2,0,1,0,Streams,0.5,,246.37703985285367,49.84025542723015
NGC6181,"{No: 3, Spiral: 2, Tails: 1, Streams: 2}",3,2,1,0,0,0,2,0,Streams,0.25,,248.08755991974894,19.82574494191282
NGC6187,"{Shells: 1, Streams: 2, No: 2, Plumes: 1, Spiral: 1, Curiosities: 1}",2,2,0,1,1,0,1,1,Streams,0.25,,247.90312519493995,57.70671201408753
NGC6223,"{Curiosities: 1, Tails: 1, No: 4, Disturbed: 1, Streams: 1}",4,1,1,0,0,1,0,1,Streams,0.12,,250.7681994463237,61.5788969540294
NGC6239,"{Tails: 2, Streams: 4, No: 1, Spiral: 1}",1,4,2,0,0,0,1,0,Streams,0.5,,252.52234894276054,42.739517726847254
NGC6267,"{Streams: 3, No: 2, Plumes: 1, Spiral: 1, Tails: 1}",2,3,1,1,0,0,1,0,Streams,0.38,,254.53626222586087,22.98484726882925
NGC6299,"{Shells: 1, Streams: 3, No: 3, Disturbed: 1}",3,3,0,0,1,1,0,0,Streams,0.37,,256.2684256377044,62.45781470660464
NGC6324,"{Plumes: 2, Streams: 2, No: 2, Spiral: 1, Tails: 1}",2,2,1,2,0,0,1,0,Streams,0.25,,256.3557500207295,75.40711438758734
NGC6500_GROUP,"{Plumes: 1, No: 4, Streams: 2, Tails: 1}",4,2,1,1,0,0,0,0,Streams,0.25,,268.9990695202628,18.338272826288787
NGC6667,"{Tails: 2, Streams: 3, No: 1, Disturbed: 2}",1,3,2,0,0,2,0,0,Streams,0.38,,277.66441424559827,67.98698067332339
NGC6759,"{Tails: 1, Streams: 3, Curiosities: 3, Spiral: 1}",0,3,1,0,0,0,1,3,Streams,0.38,,286.7378659622996,50.34779671163276
NGC6764_GROUP,"{Tails: 2, Streams: 3, No: 2, Spiral: 1}",2,3,2,0,0,0,1,0,Streams,0.38,,287.06782629801995,50.932994298479855
NGC6829,"{Shells: 1, Streams: 2, No: 3, Disturbed: 1, Plumes: 1}",3,2,0,1,1,1,0,0,Streams,0.25,,296.7814725972614,59.906990320282794
NGC6831,"{Curiosities: 2, Streams: 3, No: 1, Plumes: 1, Spiral: 1}",1,3,0,1,0,0,1,2,Streams,0.38,,296.98881929885056,59.89252178026372
NGC6850_GROUP,"{Streams: 6, No: 1, Disturbed: 1, Shells: 1}",1,6,0,0,1,1,0,0,Streams,0.67,,300.8755399857425,-54.84495721809099
NGC6862,"{Spiral: 3, Streams: 3, No: 1, Tails: 1}",1,3,1,0,0,0,3,0,Streams,0.38,,302.22871988319235,-56.39211418881101
NGC6962_GROUP,"{Streams: 3, No: 2, Spiral: 3}",2,3,0,0,0,0,3,0,Streams,0.38,,311.8294767404334,0.3208036383758203
NGC7047,"{Streams: 2, No: 4, Plumes: 1, Spiral: 1}",4,2,0,1,0,0,1,0,Streams,0.25,,319.11505400298955,-0.8264091883829159
NGC7066,"{Tails: 2, Streams: 3, No: 1, Shells: 1, Disturbed: 1}",1,3,2,0,1,1,0,0,Streams,0.38,,321.5573525942711,14.182991670215578
NGC7070,"{Streams: 2, No: 2, Spiral: 2, Disturbed: 1, Tails: 1}",2,2,1,0,0,1,2,0,Streams,0.25,,322.60584731538194,-43.08695502854805
NGC7126,"{Streams: 6, No: 2, Spiral: 1}",2,6,0,0,0,0,1,0,Streams,0.67,,327.3256058355867,-60.60902120648338
NGC7177,"{Curiosities: 1, Streams: 2, No: 3, Spiral: 2}",3,2,0,0,0,0,2,1,Streams,0.25,,330.17168233087114,17.738017902864446
NGC7191,"{No: 3, Streams: 2, Spiral: 2, Tails: 1}",3,2,1,0,0,0,2,0,Streams,0.25,,331.7152062386458,-64.63449408540026
NGC7196_GROUP,"{Tails: 2, Streams: 2, No: 2, Shells: 2, Plumes: 1}",2,2,2,1,2,0,0,0,Streams,0.23,,331.47835835624096,-50.11938701817733
NGC7198,"{Streams: 4, No: 2, Shells: 2, Tails: 1}",2,4,1,0,2,0,0,0,Streams,0.45,,331.309343174324,-0.6482656159875848
NGC7288,"{Streams: 7, Shells: 2}",0,7,0,0,2,0,0,0,Streams,0.78,,337.0623775387843,-2.884442416615597
NGC7316,"{Shells: 1, Streams: 3, Tails: 1, Spiral: 2, No: 1}",1,3,1,0,1,0,2,0,Streams,0.38,,338.98463746554455,20.32216708862304
NGC7364,"{Tails: 1, Streams: 4, No: 1, Spiral: 2}",1,4,1,0,0,0,2,0,Streams,0.5,,341.1015008239745,-0.16203900665926546
NGC7469_GROUP,"{Tails: 3, Streams: 4, Plumes: 1}",0,4,3,1,0,0,0,0,Streams,0.5,,345.815152005144,8.873801639621727
NGC7476,"{No: 1, Tails: 3, Streams: 3, Plumes: 1}",1,3,3,1,0,0,0,0,Streams,0.38,,346.29951498797533,-43.09919017896799
NGC7506,"{Shells: 3, Streams: 5, Disturbed: 1}",0,5,0,0,3,1,0,0,Streams,0.56,,347.92068477697796,-2.1600488416880053
NGC7509_GROUP,"{Streams: 6, No: 3}",3,6,0,0,0,0,0,0,Streams,0.67,,348.089245474755,14.609376429464444
NGC7511_GROUP,"{Streams: 6, No: 2}",2,6,0,0,0,0,0,0,Streams,0.75,,348.1096544998799,13.726620714442735
NGC7515,"{Plumes: 1, Streams: 2, No: 2, Disturbed: 1, Spiral: 1, Tails: 1}",2,2,1,1,0,1,1,0,Streams,0.25,,348.20281103510786,12.679324061245781
NGC7531,"{Plumes: 1, Streams: 3, Tails: 1, Curiosities: 1, Spiral: 1, Shells: 2}",0,3,1,1,2,0,1,1,Streams,0.33,,348.7017779513682,-43.599799440000744
NGC7570,"{Spiral: 1, Streams: 4, Tails: 3}",0,4,3,0,0,0,1,0,Streams,0.5,,349.1861454429033,13.483018948022917
NGC7576,"{No: 3, Streams: 2, Shells: 1, Spiral: 1, Tails: 1}",3,2,1,0,1,0,1,0,Streams,0.25,,349.3447581117333,-4.727844150361341
NGC7643,"{Streams: 4, No: 2, Curiosities: 1, Tails: 2}",2,4,2,0,0,0,0,1,Streams,0.45,,350.70989804448243,11.988831862469292
NGC7660_GROUP,"{Curiosities: 1, Streams: 2, No: 4, Shells: 1}",4,2,0,0,1,0,0,1,Streams,0.25,,351.4527480471311,27.02982330001328
NGC7664,"{Tails: 2, Streams: 2, No: 2, Spiral: 2}",2,2,2,0,0,0,2,0,Streams,0.25,,351.66576641785537,25.080281401439134
NGC7676,"{Streams: 6, No: 1, Tails: 2}",1,6,2,0,0,0,0,0,Streams,0.67,,352.2570762498935,-59.71667835263567
NGC7679,"{Tails: 2, Streams: 4, No: 1, Shells: 2}",1,4,2,0,2,0,0,0,Streams,0.45,,352.19438697061753,3.511423982381781
NGC7683,"{Shells: 2, Streams: 3, No: 3}",3,3,0,0,2,0,0,0,Streams,0.37,,352.26593909901976,11.44518296844882
NGC7693_GROUP,"{Disturbed: 1, No: 3, Tails: 1, Plumes: 1, Streams: 1, Spiral: 1}",3,1,1,1,0,1,1,0,Streams,0.12,,353.2938144761248,-1.2919468136005454
NGC7702,"{Curiosities: 1, Streams: 2, No: 3, Spiral: 2}",3,2,0,0,0,0,2,1,Streams,0.25,,353.87038355236393,-56.01225971649286
NGC7705,"{No: 2, Streams: 3, Disturbed: 1, Tails: 1, Plumes: 1}",2,3,1,1,0,1,0,0,Streams,0.38,,353.76051164945045,4.8037518987888035
NGC7711,"{Streams: 7, Tails: 1}",0,7,1,0,0,0,0,0,Streams,0.88,,353.9140618308116,15.301980129443956
NGC7716,"{Tails: 1, Streams: 4, No: 2, Spiral: 1}",2,4,1,0,0,0,1,0,Streams,0.5,,354.1310829690385,0.29728099760675647
NGC7721,"{Streams: 4, No: 3, Spiral: 1}",3,4,0,0,0,0,1,0,Streams,0.5,,354.70289927053943,-6.51782520673833
NGC7722,"{Shells: 3, Streams: 5, No: 1}",1,5,0,0,3,0,0,0,Streams,0.56,,354.67147299538044,15.954516234110951
NGC7727,"{Streams: 7, Disturbed: 1}",0,7,0,0,0,1,0,0,Streams,0.88,,354.97419519092426,-12.292852329164472
NGC7732_GROUP,"{Streams: 4, No: 2, Spiral: 1, Tails: 2}",2,4,2,0,0,0,1,0,Streams,0.45,,355.391404804039,3.724993876111503
NGC7743,"{Shells: 1, Streams: 3, No: 1, Tails: 3}",1,3,3,0,1,0,0,0,Streams,0.38,,356.08816432224285,9.934182152829345
NGC7751_GROUP,"{Curiosities: 1, Streams: 2, No: 2, Spiral: 2, Tails: 1}",2,2,1,0,0,0,2,1,Streams,0.25,,356.74317456099436,6.861858940478516
NGC7771_GROUP,"{Shells: 3, Streams: 3, Disturbed: 2}",0,3,0,0,3,2,0,0,Streams,0.38,,357.85361648092555,20.11208014481396
NGC7782,"{Disturbed: 1, Streams: 4, No: 2, Spiral: 2}",2,4,0,0,0,1,2,0,Streams,0.45,,358.4745772404173,7.970595869838972
NGC7798,"{Curiosities: 1, Streams: 3, No: 3, Spiral: 1}",3,3,0,0,0,0,1,1,Streams,0.37,,359.85672768401116,20.74990953781115
NGC7810,"{Streams: 5, No: 2, Disturbed: 1}",2,5,0,0,0,1,0,0,Streams,0.62,,0.5798143466175444,12.97162593836155
PGC000004,"{Curiosities: 1, Streams: 3, No: 3, Tails: 1}",3,3,1,0,0,0,0,1,Streams,0.37,,0.014239617213165466,23.087554688867435
PGC000902,"{Streams: 8, Tails: 1}",0,8,1,0,0,0,0,0,Streams,0.89,*,3.3931714423312185,-5.093062757491452
PGC001527,"{Streams: 4, No: 2, Tails: 2}",2,4,2,0,0,0,0,0,Streams,0.5,,6.067493365937444,14.236849939008481
PGC001750,"{Shells: 2, No: 2, Spiral: 1, Streams: 2, Disturbed: 1}",2,2,0,0,2,1,1,0,Streams,0.25,,7.1108490138811815,5.004347716674034
PGC002029_GROUP,"{Tails: 2, Streams: 2, No: 2, Disturbed: 1, Shells: 1}",2,2,2,0,1,1,0,0,Streams,0.25,,8.488845327884672,7.268270591743624
PGC002169,"{No: 3, Streams: 2, Tails: 1, Spiral: 2}",3,2,1,0,0,0,2,0,Streams,0.25,,9.076687158629538,32.903122252399214
PGC002858_GROUP,"{Plumes: 1, No: 4, Streams: 2, Spiral: 1}",4,2,0,1,0,0,1,0,Streams,0.25,,12.214436288378952,-47.294044241027294
PGC003466,"{Plumes: 1, Streams: 2, No: 4, Disturbed: 1}",4,2,0,1,0,1,0,0,Streams,0.25,,14.505563650574937,30.70502396231406
PGC003613,"{Spiral: 3, Streams: 3, No: 1, Tails: 1}",1,3,1,0,0,0,3,0,Streams,0.38,,15.158597029287513,-7.980988479537811
PGC003735_GROUP,"{Plumes: 2, No: 4, Streams: 2}",4,2,0,2,0,0,0,0,Streams,0.25,,15.701102203028121,-6.4116898079204
PGC003741,"{Streams: 3, Shells: 3, No: 1, Disturbed: 1}",1,3,0,0,3,1,0,0,Streams,0.38,,15.718222588629969,-4.761937233965001
PGC004244,"{Shells: 2, Streams: 2, No: 2, Spiral: 1, Curiosities: 1}",2,2,0,0,2,0,1,1,Streams,0.25,,17.797250296892557,32.701815676533144
PGC004289,"{Streams: 7, No: 1}",1,7,0,0,0,0,0,0,Streams,0.88,,17.910085381206397,-3.344591835027052
PGC004352_GROUP,"{Streams: 2, No: 4, Disturbed: 1, Spiral: 1}",4,2,0,0,0,1,1,0,Streams,0.25,,18.146231860560295,-4.140122955465169
PGC004787_GROUP,"{Tails: 3, No: 1, Streams: 3, Plumes: 1}",1,3,3,1,0,0,0,0,Streams,0.38,,19.976070609804733,-34.24993746031757
PGC005097,"{Tails: 1, Streams: 4, No: 2, Curiosities: 1}",2,4,1,0,0,0,0,1,Streams,0.5,,20.9197034736103,-1.8300721968765146
PGC005236,"{Tails: 1, No: 3, Spiral: 2, Streams: 2}",3,2,1,0,0,0,2,0,Streams,0.25,,21.26111947276484,15.84878984037455
PGC005497,"{Tails: 3, Streams: 3, Disturbed: 1, Curiosities: 1}",0,3,3,0,0,1,0,1,Streams,0.38,,22.104596669001815,-52.63581248165414
PGC005571,"{Curiosities: 1, Streams: 2, No: 2, Plumes: 2, Shells: 1}",2,2,0,2,1,0,0,1,Streams,0.25,,22.416422368173226,-22.324676588410814
PGC005858,"{Tails: 2, Streams: 5, Plumes: 1}",0,5,2,1,0,0,0,0,Streams,0.62,,23.60497742284428,-15.819061821786564
PGC006198,"{No: 4, Tails: 1, Spiral: 1, Streams: 1, Shells: 1}",4,1,1,0,1,0,1,0,Streams,0.12,,25.129374996898132,-32.70148044699431
PGC006244,"{Streams: 3, No: 4, Disturbed: 1}",4,3,0,0,0,1,0,0,Streams,0.38,,25.39941150598272,-16.1473519108079
PGC006791,"{Streams: 6, No: 2, Tails: 1}",2,6,1,0,0,0,0,0,Streams,0.67,*,27.67314064422619,-3.938181856050395
PGC006839,"{Tails: 1, No: 3, Disturbed: 2, Streams: 2}",3,2,1,0,0,2,0,0,Streams,0.25,,27.795293017592137,-12.514322249383541
PGC006842,"{Shells: 1, Tails: 1, No: 3, Streams: 1, Disturbed: 1, Spiral: 1}",3,1,1,0,1,1,1,0,Streams,0.12,,27.80593069329794,-1.4091074436140252
PGC007070,"{Curiosities: 1, No: 4, Disturbed: 1, Streams: 1, Tails: 1}",4,1,1,0,0,1,0,1,Streams,0.12,,28.58996706530036,-2.6195551546751363
PGC007087,"{No: 4, Disturbed: 1, Spiral: 1, Tails: 1, Streams: 1}",4,1,1,0,0,1,1,0,Streams,0.12,,28.677091028280074,5.426150893534522
PGC007585,"{Shells: 1, Streams: 3, No: 3, Disturbed: 1}",3,3,0,0,1,1,0,0,Streams,0.37,,30.06450415864129,-6.09168506794609
PGC007586,"{Tails: 1, Streams: 3, No: 2, Shells: 1, Spiral: 1}",2,3,1,0,1,0,1,0,Streams,0.38,,30.066914682572033,32.059990259442344
PGC008358_GROUP,"{Plumes: 1, Streams: 3, No: 3, Tails: 1}",3,3,1,1,0,0,0,0,Streams,0.37,,32.78458706367825,-0.654788887866633
PGC008517,"{Streams: 3, No: 3, Shells: 1, Plumes: 1}",3,3,0,1,1,0,0,0,Streams,0.37,,33.349217743601194,-7.732122822312695
PGC008581,"{Streams: 5, No: 3, Tails: 1}",3,5,1,0,0,0,0,0,Streams,0.56,,33.60705464966087,-7.369025724559785
PGC008789,"{No: 3, Tails: 1, Streams: 3, Spiral: 1}",3,3,1,0,0,0,1,0,Streams,0.37,,34.55937121680527,-12.231823933420774
PGC009214,"{Disturbed: 1, No: 3, Spiral: 2, Streams: 2}",3,2,0,0,0,1,2,0,Streams,0.25,,36.41020496940604,23.000705595354592
PGC009279,"{Tails: 2, No: 3, Streams: 2, Spiral: 1}",3,2,2,0,0,0,1,0,Streams,0.25,,36.604432103645834,-15.225821795822636
PGC009427,"{Shells: 2, Streams: 2, No: 1, Tails: 1, Spiral: 2}",1,2,1,0,2,0,2,0,Streams,0.26,,37.17158128909997,-10.687887801420423
PGC009495,"{Disturbed: 1, Streams: 4, No: 2, Tails: 1}",2,4,1,0,0,1,0,0,Streams,0.5,,37.42323920681962,28.577132974094464
PGC009525,"{No: 3, Tails: 1, Streams: 1, Spiral: 1, Plumes: 1, Disturbed: 1}",3,1,1,1,0,1,1,0,Streams,0.12,,37.52899514306964,-10.45683050165256
PGC009861_GROUP,"{Tails: 3, Streams: 4, Spiral: 1}",0,4,3,0,0,0,1,0,Streams,0.5,,38.93580337697615,-13.654934313374065
PGC009979_GROUP,"{Plumes: 2, Streams: 3, No: 2, Tails: 1}",2,3,1,2,0,0,0,0,Streams,0.38,,39.50916429857173,-33.70440218859661
PGC010203,"{Shells: 2, Streams: 2, No: 2, Spiral: 1, Curiosities: 1}",2,2,0,0,2,0,1,1,Streams,0.25,,40.41211965073295,-12.359441558959439
PGC011744,"{Shells: 1, No: 3, Disturbed: 1, Streams: 2, Plumes: 1}",3,2,0,1,1,1,0,0,Streams,0.25,,47.07922132243632,-13.902972578741936
PGC011824,"{Curiosities: 1, No: 2, Streams: 3, Spiral: 2}",2,3,0,0,0,0,2,1,Streams,0.38,,47.46906870549325,-10.049640657131507
PGC011849,"{Tails: 2, No: 2, Plumes: 1, Streams: 3}",2,3,2,1,0,0,0,0,Streams,0.38,,47.56706768110551,-10.743356161618225
PGC011942,"{Shells: 3, Streams: 4, No: 1, Tails: 1}",1,4,1,0,3,0,0,0,Streams,0.45,,48.119893868808525,-35.58808891250935
PGC013005_GROUP,"{Shells: 2, Streams: 2, No: 2, Disturbed: 1, Spiral: 1}",2,2,0,0,2,1,1,0,Streams,0.25,,52.53964035341735,-5.521717329079814
PGC013177,"{Shells: 3, Streams: 3, No: 2}",2,3,0,0,3,0,0,0,Streams,0.38,,53.391123623626456,-33.57307350463478
PGC013229,"{Shells: 1, Streams: 4, No: 2, Tails: 1}",2,4,1,0,1,0,0,0,Streams,0.5,,53.63368743228259,-4.810678264237876
PGC013380,"{Streams: 4, No: 3, Disturbed: 1}",3,4,0,0,0,1,0,0,Streams,0.5,,54.462467044556995,-14.881654061802747
PGC013596,"{Tails: 2, Streams: 4, No: 1, Disturbed: 1}",1,4,2,0,0,1,0,0,Streams,0.5,,55.49899681911469,-9.609195341393226
PGC013830,"{Curiosities: 1, No: 4, Streams: 2, Tails: 1}",4,2,1,0,0,0,0,1,Streams,0.25,,56.7412417180642,-3.4615612371886253
PGC015662,"{Spiral: 2, Streams: 3, No: 1, Tails: 2}",1,3,2,0,0,0,2,0,Streams,0.38,,69.31947496453299,-44.51993278060091
PGC015808,"{Curiosities: 1, Streams: 2, No: 4, Plumes: 1}",4,2,0,1,0,0,0,1,Streams,0.25,,70.2429658163172,-8.711026522517564
PGC015814,"{Tails: 4, Streams: 4}",0,4,4,0,0,0,0,0,Streams,0.5,,70.35973525214516,-21.844154463758564
PGC015989,"{Curiosities: 1, Streams: 2, No: 4, Tails: 1}",4,2,1,0,0,0,0,1,Streams,0.25,,71.71349726004922,-6.241270571903936
PGC016261,"{Tails: 4, Streams: 4}",0,4,4,0,0,0,0,0,Streams,0.5,,73.3525119875878,-4.792686389346545
PGC017352,"{Curiosities: 1, Streams: 2, No: 3, Disturbed: 2}",3,2,0,0,0,2,0,1,Streams,0.25,,82.41934123780229,-24.714093736523044
PGC018992,"{Tails: 2, Streams: 4, No: 1, Curiosities: 1}",1,4,2,0,0,0,0,1,Streams,0.5,,96.22973761576488,49.508856562629056
PGC020194,"{Streams: 3, No: 2, Plumes: 1, Tails: 3}",2,3,3,1,0,0,0,0,Streams,0.34,,106.88954800482544,67.68292125762244
PGC020283,"{No: 3, Streams: 2, Shells: 2, Tails: 1}",3,2,1,0,2,0,0,0,Streams,0.25,,107.43689338849715,48.6904771709965
PGC020882,"{Plumes: 3, Streams: 3, No: 1, Tails: 1}",1,3,1,3,0,0,0,0,Streams,0.38,,110.76744849166141,58.096705599074845
PGC021008,"{Streams: 8, No: 1}",1,8,0,0,0,0,0,0,Streams,0.89,*,111.54834069242128,48.955686967760435
PGC021442,"{Shells: 2, Streams: 2, No: 2, Disturbed: 1, Tails: 1}",2,2,1,0,2,1,0,0,Streams,0.25,,114.44704351717462,28.64383396901194
PGC021553,"{Curiosities: 1, Streams: 3, No: 2, Disturbed: 1, Tails: 1}",2,3,1,0,0,1,0,1,Streams,0.38,,115.11955234651174,20.699179583489087
PGC021736,"{Tails: 3, Streams: 5}",0,5,3,0,0,0,0,0,Streams,0.62,,116.53511469637533,56.98632213230866
PGC022326,"{Plumes: 1, No: 4, Disturbed: 1, Spiral: 1, Streams: 1}",4,1,0,1,0,1,1,0,Streams,0.12,,119.52058845314625,26.57061361255225
PGC022398,"{Streams: 2, No: 4, Spiral: 2}",4,2,0,0,0,0,2,0,Streams,0.25,,119.90300792306277,71.75293243972285
PGC022530,"{Streams: 6, No: 1, Tails: 1}",1,6,1,0,0,0,0,0,Streams,0.75,,120.48118997923842,11.72033926898481
PGC022807,"{Disturbed: 2, No: 3, Streams: 3}",3,3,0,0,0,2,0,0,Streams,0.37,,121.85339545531991,6.863107864801003
PGC022959,"{Curiosities: 2, Streams: 4, No: 2}",2,4,0,0,0,0,0,2,Streams,0.5,,122.82295456452756,29.508929744249038
PGC023053,"{No: 2, Spiral: 2, Streams: 2, Tails: 2}",2,2,2,0,0,0,2,0,Streams,0.25,,123.42857452175782,60.918358787114144
PGC023546_GROUP,"{Tails: 3, Streams: 4, Plumes: 1}",0,4,3,1,0,0,0,0,Streams,0.5,,125.89258856071609,21.347668944049765
PGC023625,"{Disturbed: 2, Tails: 1, No: 2, Plumes: 1, Streams: 2}",2,2,1,1,0,2,0,0,Streams,0.25,,126.28419739519697,74.49705112669042
PGC023676_GROUP,"{Curiosities: 2, Streams: 3, No: 2, Tails: 1}",2,3,1,0,0,0,0,2,Streams,0.38,,126.58794584244664,22.899613327499917
PGC023828,"{Tails: 2, Streams: 2, Plumes: 2, Disturbed: 1, Shells: 1}",0,2,2,2,1,1,0,0,Streams,0.25,,127.38921676901978,1.2034827626669453
PGC023979,"{Streams: 4, No: 3, Spiral: 1}",3,4,0,0,0,0,1,0,Streams,0.5,,128.2431150258963,61.80410417876913
PGC024353,"{Shells: 3, Streams: 3, No: 2}",2,3,0,0,3,0,0,0,Streams,0.38,,129.94793356340605,-4.395926171133052
PGC024681,"{Streams: 6, No: 3}",3,6,0,0,0,0,0,0,Streams,0.67,,131.78939969409765,16.34497360701762
PGC024949,"{Plumes: 1, Streams: 1, No: 4, Disturbed: 1, Shells: 1}",4,1,0,1,1,1,0,0,Streams,0.12,,133.3146013776523,73.18875808498498
PGC025205,"{Tails: 2, No: 3, Streams: 2, Plumes: 1, Shells: 1}",3,2,2,1,1,0,0,0,Streams,0.22,,134.624333043885,6.321287766404319
PGC025259,"{Shells: 1, Streams: 3, No: 1, Tails: 1, Plumes: 1, Spiral: 1}",1,3,1,1,1,0,1,0,Streams,0.38,,134.95432483963987,5.060854375951432
PGC025403,"{Tails: 2, No: 4, Streams: 2}",4,2,2,0,0,0,0,0,Streams,0.25,,135.67250808844253,13.107917009458879
PGC026530,"{Spiral: 2, No: 4, Streams: 2}",4,2,0,0,0,0,2,0,Streams,0.25,,140.58498239732845,49.160095351701585
PGC027281,"{Disturbed: 2, Streams: 2, No: 2, Plumes: 1, Tails: 1}",2,2,1,1,0,2,0,0,Streams,0.25,,143.9407129126499,-4.74946126998807
PGC027552,"{Streams: 3, Tails: 2, No: 3}",3,3,2,0,0,0,0,0,Streams,0.37,,144.86937996771448,33.84896488201929
PGC027862_GROUP,"{Plumes: 2, Streams: 2, No: 2, Shells: 1, Tails: 1}",2,2,1,2,1,0,0,0,Streams,0.25,,145.99676990558766,42.43293144871663
PGC028219_GROUP,"{Tails: 4, Streams: 4, No: 1}",1,4,4,0,0,0,0,0,Streams,0.45,,147.26277999338186,-7.1559744402981105
PGC029738,"{No: 4, Streams: 2, Shells: 1, Curiosities: 1}",4,2,0,0,1,0,0,1,Streams,0.25,,153.20734392678514,30.583431662333638
PGC029832,"{Curiosities: 1, No: 4, Disturbed: 1, Streams: 1, Shells: 1}",4,1,0,0,1,1,0,1,Streams,0.12,,153.45147221999088,18.126261614498848
PGC030133,"{Tails: 3, Streams: 3, No: 1, Plumes: 1}",1,3,3,1,0,0,0,0,Streams,0.38,,154.7561361836995,21.28362952716136
PGC030432_GROUP,"{Plumes: 1, Streams: 3, No: 2, Disturbed: 1, Tails: 1}",2,3,1,1,0,1,0,0,Streams,0.38,,155.84899523877982,12.835046082565237
PGC031345,"{Curiosities: 1, No: 3, Streams: 2, Spiral: 2}",3,2,0,0,0,0,2,1,Streams,0.25,,158.82049368762523,-7.247183559409492
PGC032096,"{Shells: 1, No: 3, Disturbed: 2, Streams: 2}",3,2,0,0,1,2,0,0,Streams,0.25,,161.3210791928044,1.4675374286109257
PGC034728,"{Streams: 8, Tails: 1}",0,8,1,0,0,0,0,0,Streams,0.89,,170.15912538576586,-7.305201722679279
PGC035103,"{Shells: 1, Streams: 3, No: 3, Plumes: 1}",3,3,0,1,1,0,0,0,Streams,0.37,,171.32364243269106,17.8084394912455
PGC036396,"{Streams: 3, No: 2, Disturbed: 1, Tails: 3}",2,3,3,0,0,1,0,0,Streams,0.34,,175.76883845742728,48.398802426942346
PGC037529,"{No: 4, Tails: 1, Spiral: 1, Streams: 1, Disturbed: 1}",4,1,1,0,0,1,1,0,Streams,0.12,,179.14753939067216,28.490357590516712
PGC037702_GROUP,"{Shells: 2, Streams: 3, No: 2, Plumes: 1, Tails: 1}",2,3,1,1,2,0,0,0,Streams,0.33,,179.67752450308492,25.036590557123596
PGC037781,"{Streams: 6, No: 1, Tails: 1}",1,6,1,0,0,0,0,0,Streams,0.75,,179.8954317412659,3.3378436808351237
PGC037931,"{Shells: 1, No: 4, Plumes: 1, Disturbed: 1, Streams: 1}",4,1,0,1,1,1,0,0,Streams,0.12,,180.36464139808427,14.03446602581705
PGC037955,"{Streams: 2, No: 4, Plumes: 1, Shells: 1}",4,2,0,1,1,0,0,0,Streams,0.25,,180.42779385529687,6.449575821063145
PGC038402,"{Tails: 1, Streams: 3, No: 2, Disturbed: 2}",2,3,1,0,0,2,0,0,Streams,0.38,,181.63153486812396,1.6165885906310402
PGC038850,"{Streams: 4, No: 4}",4,4,0,0,0,0,0,0,Streams,0.5,,182.98667138783347,27.643197295479304
PGC039258,"{Streams: 7, No: 2}",2,7,0,0,0,0,0,0,Streams,0.78,*,183.99058872353734,3.3058868356337885
PGC039619_GROUP,"{Plumes: 1, Streams: 1, No: 3, Disturbed: 1, Shells: 1, Curiosities: 1}",3,1,0,1,1,1,0,1,Streams,0.12,,184.77138646053007,13.980923279983301
PGC039647_GROUP,"{Curiosities: 1, Streams: 2, No: 4, Plumes: 1}",4,2,0,1,0,0,0,1,Streams,0.25,,184.81388956644201,6.30711612873932
PGC040508_GROUP,"{Streams: 6, Disturbed: 1, Tails: 1}",0,6,1,0,0,1,0,0,Streams,0.75,,186.38122185413297,-7.236545383209848
PGC041591,"{Shells: 1, No: 4, Plumes: 1, Streams: 1, Disturbed: 1}",4,1,0,1,1,1,0,0,Streams,0.12,,188.14483832129153,45.767687255968745
PGC042409,"{Plumes: 1, No: 4, Disturbed: 1, Streams: 1, Curiosities: 1}",4,1,0,1,0,1,0,1,Streams,0.12,,190.0077316150677,-3.606847634673853
PGC043535,"{Spiral: 3, Streams: 3, No: 2}",2,3,0,0,0,0,3,0,Streams,0.38,,192.82469040006345,27.106132916710283
PGC043760,"{Plumes: 2, No: 3, Shells: 1, Streams: 2}",3,2,0,2,1,0,0,0,Streams,0.25,,193.27763602834173,-9.257671323612502
PGC044310,"{No: 4, Streams: 1, Disturbed: 1, Spiral: 1, Shells: 1}",4,1,0,0,1,1,1,0,Streams,0.12,,194.3603439212254,-3.4908815790134584
PGC045822_GROUP,"{Shells: 3, Streams: 3, No: 2}",2,3,0,0,3,0,0,0,Streams,0.38,,197.9894869130102,34.36525215989998
PGC046382,"{Tails: 1, Streams: 3, No: 2, Plumes: 1, Disturbed: 1}",2,3,1,1,0,1,0,0,Streams,0.38,,199.670818384239,-8.44550465391165
PGC046468,"{Shells: 1, Streams: 4, No: 2, Disturbed: 1}",2,4,0,0,1,1,0,0,Streams,0.5,,199.90351430553943,3.032569545644666
PGC047265,"{Plumes: 1, No: 3, Disturbed: 1, Streams: 2, Tails: 1}",3,2,1,1,0,1,0,0,Streams,0.25,,202.12028426969033,-0.11111194693316574
PGC047559,"{No: 4, Streams: 1, Plumes: 1, Spiral: 1, Curiosities: 1}",4,1,0,1,0,0,1,1,Streams,0.12,,202.9070939381573,46.150835915383546
PGC049096,"{Shells: 1, Streams: 4, No: 2, Curiosities: 1}",2,4,0,0,1,0,0,1,Streams,0.5,,207.54134256386988,38.219559875960286
PGC049168,"{Streams: 5, No: 2, Tails: 1}",2,5,1,0,0,0,0,0,Streams,0.62,,207.75095015946138,36.95439454366592
PGC050059,"{No: 4, Streams: 1, Tails: 1, Spiral: 1, Curiosities: 1}",4,1,1,0,0,0,1,1,Streams,0.12,,210.80330796919847,8.895567831946503
PGC050236_GROUP,"{Shells: 3, Streams: 4, No: 2}",2,4,0,0,3,0,0,0,Streams,0.45,,211.31886030008192,10.431034617118982
PGC050365,"{Disturbed: 1, Streams: 3, No: 2, Plumes: 2}",2,3,0,2,0,1,0,0,Streams,0.38,,211.78421194373072,12.588209791342729
PGC051103,"{Streams: 5, No: 2, Disturbed: 1}",2,5,0,0,0,1,0,0,Streams,0.62,,214.60674533300204,25.501801118023884
PGC051291,"{Tails: 2, Streams: 5, Disturbed: 1}",0,5,2,0,0,1,0,0,Streams,0.62,,215.34258628510526,-3.7588874455632215
PGC051816,"{No: 4, Streams: 2, Shells: 2}",4,2,0,0,2,0,0,0,Streams,0.25,,217.54569774649488,23.026308381504222
PGC053267,"{Tails: 3, Streams: 3, No: 1, Disturbed: 1}",1,3,3,0,0,1,0,0,Streams,0.38,,223.5495332651487,30.209391614876672
PGC054115,"{Tails: 1, No: 3, Disturbed: 1, Streams: 3, Shells: 1}",3,3,1,0,1,1,0,0,Streams,0.34,,227.41171839527158,42.71337037344104
PGC054242,"{Streams: 5, No: 3}",3,5,0,0,0,0,0,0,Streams,0.62,,227.9515698612108,46.253845041926155
PGC058615,"{Disturbed: 2, No: 4, Streams: 2}",4,2,0,0,0,2,0,0,Streams,0.25,,249.2996693110755,82.00623345295118
PGC060083_GROUP,"{Tails: 2, Streams: 2, No: 2, Disturbed: 1, Plumes: 1}",2,2,2,1,0,1,0,0,Streams,0.25,,259.9999638528739,24.927522623791376
PGC060978,"{Curiosities: 1, Streams: 1, No: 4, Disturbed: 1, Plumes: 1}",4,1,0,1,0,1,0,1,Streams,0.12,,267.6907373050933,23.138625282955406
PGC061697,"{No: 4, Streams: 1, Shells: 1, Spiral: 1, Curiosities: 1}",4,1,0,0,1,0,1,1,Streams,0.12,,274.48224542648205,41.35564454403146
PGC062382,"{Shells: 1, Streams: 2, No: 3, Disturbed: 1, Tails: 1}",3,2,1,0,1,1,0,0,Streams,0.25,,281.5921488659079,40.58212466744073
PGC064829,"{Curiosities: 1, Streams: 2, No: 2, Tails: 2, Spiral: 1}",2,2,2,0,0,0,1,1,Streams,0.25,,307.58288225237703,-7.890738102648256
PGC065752_GROUP,"{Streams: 4, No: 1, Tails: 3}",1,4,3,0,0,0,0,0,Streams,0.5,,314.15121525158327,-3.3479515807410376
PGC065819_GROUP,"{Shells: 2, Streams: 2, No: 3, Plumes: 1}",3,2,0,1,2,0,0,0,Streams,0.25,,314.63259296204933,-49.278805786697006
PGC066362,"{No: 3, Tails: 1, Spiral: 1, Streams: 2, Disturbed: 1}",3,2,1,0,0,1,1,0,Streams,0.25,,318.28375421851047,-10.826857214069703
PGC066665_GROUP,"{Shells: 1, Streams: 2, No: 3, Disturbed: 1, Tails: 1}",3,2,1,0,1,1,0,0,Streams,0.25,,320.7764567817997,-47.65477282569803
PGC066699,"{Tails: 2, No: 3, Disturbed: 1, Streams: 2}",3,2,2,0,0,1,0,0,Streams,0.25,,321.14916306715673,-64.08354137842862
PGC067153,"{Curiosities: 1, No: 4, Streams: 2, Tails: 1}",4,2,1,0,0,0,0,1,Streams,0.25,,325.0869797427146,12.354924456727469
PGC067181,"{Curiosities: 1, No: 4, Disturbed: 1, Streams: 2}",4,2,0,0,0,1,0,1,Streams,0.25,,325.4223260459154,-10.635583706124036
PGC067229_GROUP,"{Tails: 2, Streams: 3, No: 2, Disturbed: 1}",2,3,2,0,0,1,0,0,Streams,0.38,,325.7559543469301,-52.68351370733242
PGC067251,"{Curiosities: 1, No: 4, Disturbed: 1, Streams: 1, Tails: 1}",4,1,1,0,0,1,0,1,Streams,0.12,,325.97274249852774,-8.12527748305515
PGC068598,"{Shells: 2, Streams: 3, No: 4}",4,3,0,0,2,0,0,0,Streams,0.34,,335.09616209120327,-48.23006628101095
PGC070194,"{Streams: 5, No: 2, Disturbed: 1}",2,5,0,0,0,1,0,0,Streams,0.62,,344.9052230107174,2.3443293459681165
PGC071036,"{Tails: 2, Streams: 4, Plumes: 1, Spiral: 1}",0,4,2,1,0,0,1,0,Streams,0.5,,349.7585381055124,2.850022633225033
PGC071162,"{Tails: 2, No: 3, Streams: 2, Disturbed: 1}",3,2,2,0,0,1,0,0,Streams,0.25,,350.27970098646546,2.8839320144992087
PGC071216,"{Streams: 4, No: 3, Spiral: 1}",3,4,0,0,0,0,1,0,Streams,0.5,,350.5006946043347,1.6921662534929336
PGC071436,"{Tails: 2, Streams: 4, No: 1, Shells: 2}",1,4,2,0,2,0,0,0,Streams,0.45,,351.61347515369783,-4.965536813656796
PGC071779,"{Plumes: 2, Streams: 3, No: 2, Tails: 1}",2,3,1,2,0,0,0,0,Streams,0.38,,353.6313161575066,-2.85428718803465
PGC074404,"{Shells: 1, No: 4, Disturbed: 1, Streams: 1, Curiosities: 1}",4,1,0,0,1,1,0,1,Streams,0.12,,51.30079921955352,-32.90253902800415
PGC085330,"{No: 4, Streams: 1, Plumes: 1, Disturbed: 1, Tails: 1}",4,1,1,1,0,1,0,0,Streams,0.12,,343.3325207117735,2.4036011150549514
PGC086392,"{Tails: 1, No: 2, Streams: 4, Disturbed: 1}",2,4,1,0,0,1,0,0,Streams,0.5,,123.87284346610222,29.821682541210837
PGC086424_GROUP,"{Streams: 4, No: 1, Plumes: 1, Tails: 3}",1,4,3,1,0,0,0,0,Streams,0.45,,190.19335092462538,27.56489486108342
PGC087414,"{No: 4, Shells: 1, Streams: 3}",4,3,0,0,1,0,0,0,Streams,0.38,,319.89396879441455,-45.384757397453164
PGC090149,"{Shells: 1, Streams: 3, No: 2, Tails: 3}",2,3,3,0,1,0,0,0,Streams,0.34,,173.12929143408664,74.3783085203632
PGC1001085,"{Streams: 7, No: 1, Tails: 1}",1,7,1,0,0,0,0,0,Streams,0.78,*,187.18912786844186,-8.642419994553633
PGC1007925,"{Shells: 1, Streams: 2, No: 2, Curiosities: 2, Spiral: 1}",2,2,0,0,1,0,1,2,Streams,0.25,,194.00795803993546,-8.128703738691796
PGC1012324,"{Streams: 5, No: 2, Tails: 2}",2,5,2,0,0,0,0,0,Streams,0.56,,188.59365201790231,-7.832302270841516
PGC1032257,"{Streams: 4, No: 4}",4,4,0,0,0,0,0,0,Streams,0.5,,72.08805629370255,-6.490317719903943
PGC1040901,"{Streams: 4, No: 2, Disturbed: 1, Tails: 2}",2,4,2,0,0,1,0,0,Streams,0.45,,147.5736351544775,-5.746377652751453
PGC1062626,"{Streams: 4, No: 1, Disturbed: 2, Plumes: 1}",1,4,0,1,0,2,0,0,Streams,0.5,,135.09966458476,-4.118608328740519
PGC1066346,"{Curiosities: 1, No: 4, Streams: 2, Tails: 1}",4,2,1,0,0,0,0,1,Streams,0.25,,165.22437071117403,-3.8285894078024367
PGC1072853,"{No: 4, Streams: 2, Curiosities: 2}",4,2,0,0,0,0,0,2,Streams,0.25,,65.57721618540293,-3.326566156234267
PGC1076468,"{Plumes: 1, Tails: 2, No: 3, Disturbed: 1, Streams: 2}",3,2,2,1,0,1,0,0,Streams,0.22,,329.6109444549864,-3.1024680730285765
PGC1076886,"{Plumes: 1, Streams: 2, No: 2, Disturbed: 2, Shells: 1, Tails: 1}",2,2,1,1,1,2,0,0,Streams,0.23,,72.97632017118077,-3.079172218512986
PGC1081316_GROUP,"{Shells: 2, Streams: 3, No: 3}",3,3,0,0,2,0,0,0,Streams,0.37,,8.471887259971282,-2.856085850195153
PGC1088718,"{No: 4, Streams: 1, Tails: 1, Spiral: 1, Curiosities: 1}",4,1,1,0,0,0,1,1,Streams,0.12,,64.73429645615552,-2.5561281020625466
PGC1092512,"{Streams: 7, No: 1, Tails: 1}",1,7,1,0,0,0,0,0,Streams,0.78,*,337.7921515027382,-2.4207695007587984
PGC1129746,"{Streams: 5, No: 1, Tails: 3}",1,5,3,0,0,0,0,0,Streams,0.56,,349.991702635835,-0.9855487181963657
PGC1210443,"{Tails: 1, No: 4, Streams: 2, Plumes: 1}",4,2,1,1,0,0,0,0,Streams,0.25,,45.83826302209248,1.9252862404818156
PGC1254649,"{Shells: 2, Streams: 3, No: 1, Disturbed: 1, Spiral: 1}",1,3,0,0,2,1,1,0,Streams,0.38,,352.65574544487515,3.5678801105528932
PGC1256587,"{Tails: 1, No: 3, Disturbed: 2, Streams: 2}",3,2,1,0,0,2,0,0,Streams,0.25,,128.89332577105958,3.6718694046033984
PGC128079,"{No: 4, Streams: 1, Tails: 1, Shells: 1, Curiosities: 1}",4,1,1,0,1,0,0,1,Streams,0.12,,64.1575398128798,-60.695423326746976
PGC128548,"{Curiosities: 1, Streams: 3, No: 2, Shells: 1, Plumes: 1}",2,3,0,1,1,0,0,1,Streams,0.38,,31.559650955671387,-55.45817095573628
PGC128561,"{Shells: 1, Streams: 3, No: 2, Disturbed: 1, Plumes: 1}",2,3,0,1,1,1,0,0,Streams,0.38,,29.974844887732992,-57.21731767037524
PGC128986,"{Plumes: 1, Streams: 2, No: 3, Disturbed: 1, Shells: 2}",3,2,0,1,2,1,0,0,Streams,0.22,,327.4875333551831,-52.705249233267004
PGC131397,"{Shells: 2, Streams: 2, No: 4}",4,2,0,0,2,0,0,0,Streams,0.25,,76.5578999295366,-38.054353641355576
PGC131894,"{Tails: 1, No: 4, Spiral: 1, Streams: 1, Disturbed: 1}",4,1,1,0,0,1,1,0,Streams,0.12,,13.099839387605194,-32.644560996017056
PGC133022,"{No: 1, Tails: 3, Streams: 3, Spiral: 1}",1,3,3,0,0,0,1,0,Streams,0.38,,47.421979980159435,-31.6932002561784
PGC133832,"{Plumes: 1, Streams: 3, No: 3, Shells: 1}",3,3,0,1,1,0,0,0,Streams,0.37,,28.192410236421452,-26.315165064280837
PGC135069,"{Shells: 2, Streams: 4, Disturbed: 2}",0,4,0,0,2,2,0,0,Streams,0.5,,52.29293203823471,-22.021243944971033
PGC1391875,"{Shells: 2, Tails: 1, No: 3, Streams: 2}",3,2,1,0,2,0,0,0,Streams,0.25,,120.08740074453686,11.319446598366117
PGC142495,"{Tails: 1, No: 4, Streams: 2, Disturbed: 1}",4,2,1,0,0,1,0,0,Streams,0.25,,73.36042757011157,-29.622447886638597
PGC145722_GROUP,"{Streams: 3, No: 3, Disturbed: 1, Plumes: 1}",3,3,0,1,0,1,0,0,Streams,0.37,,54.389088636359745,-6.5204653792185425
PGC145892,"{Streams: 3, No: 2, Disturbed: 1, Curiosities: 1, Tails: 1}",2,3,1,0,0,1,0,1,Streams,0.38,,58.90133319182922,-3.8420485674779177
PGC1525158,"{Tails: 1, No: 3, Disturbed: 1, Streams: 3}",3,3,1,0,0,1,0,0,Streams,0.37,,156.76575158659176,17.122896728648474
PGC158675,"{No: 4, Streams: 1, Tails: 1, Shells: 1, Curiosities: 1}",4,1,1,0,1,0,0,1,Streams,0.12,,199.39793211551432,-5.833804674271968
PGC162626_GROUP,"{No: 4, Disturbed: 2, Streams: 2}",4,2,0,0,0,2,0,0,Streams,0.25,,311.7637738886048,0.4367739423292115
PGC165864,"{Disturbed: 2, Streams: 4, No: 2}",2,4,0,0,0,2,0,0,Streams,0.5,,313.1173718210681,-3.1470337049818164
PGC1662109,"{No: 4, Streams: 3, Disturbed: 1}",4,3,0,0,0,1,0,0,Streams,0.38,,5.44888262054595,22.026521421677124
PGC169832,"{Streams: 4, Tails: 1, Shells: 1, No: 2}",2,4,1,0,1,0,0,0,Streams,0.5,,137.34865418896342,22.51391932776353
PGC170014,"{No: 4, Streams: 1, Shells: 1, Spiral: 1, Tails: 1}",4,1,1,0,1,0,1,0,Streams,0.12,,22.005984647553326,-4.128186803840453
PGC170040,"{No: 4, Streams: 1, Shells: 1, Curiosities: 1, Plumes: 1}",4,1,0,1,1,0,0,1,Streams,0.12,,46.240902525155434,-12.070415690406755
PGC1777463,"{Streams: 4, No: 4}",4,4,0,0,0,0,0,0,Streams,0.5,,116.66045004289364,26.470187889447338
PGC181110,"{Tails: 3, Streams: 4, Spiral: 1}",0,4,3,0,0,0,1,0,Streams,0.5,,131.08313280912324,-7.479138803947712
PGC183363,"{Tails: 3, No: 1, Streams: 3, Plumes: 1}",1,3,3,1,0,0,0,0,Streams,0.38,,193.0766993151251,-5.2078389100078555
PGC1931710_GROUP,"{Streams: 5, Shells: 1, Tails: 2}",0,5,2,0,1,0,0,0,Streams,0.62,,33.795334477910366,31.101766081410492
PGC1979705,"{Tails: 2, Streams: 2, Shells: 1, Plumes: 2, No: 1}",1,2,2,2,1,0,0,0,Streams,0.26,,17.072045853300235,32.090003649942275
PGC2203407,"{Tails: 2, Streams: 3, No: 3}",3,3,2,0,0,0,0,0,Streams,0.37,,137.78439734448608,42.656306056192264
PGC2203801,"{Tails: 1, No: 3, Spiral: 1, Streams: 2, Disturbed: 1}",3,2,1,0,0,1,1,0,Streams,0.25,,227.32899783489344,42.67529585251765
PGC2249241,"{Streams: 3, Tails: 1, No: 4}",4,3,1,0,0,0,0,0,Streams,0.38,,231.13453016857318,44.66157724845063
PGC2309484,"{Plumes: 1, Streams: 2, No: 4, Disturbed: 1}",4,2,0,1,0,1,0,0,Streams,0.25,,239.17907894014988,48.048066784995
PGC2800841,"{Curiosities: 1, No: 4, Tails: 1, Streams: 2}",4,2,1,0,0,0,0,1,Streams,0.25,,355.3788112136373,9.073028639577702
PGC3081541,"{Shells: 2, Streams: 4, No: 1, Tails: 1}",1,4,1,0,2,0,0,0,Streams,0.5,,136.44997854615022,-7.140368942048684
PGC3091427,"{Streams: 5, Shells: 1, No: 2}",2,5,0,0,1,0,0,0,Streams,0.62,,143.77416397587433,9.649202722234351
PGC3092153,"{Streams: 6, No: 3}",3,6,0,0,0,0,0,0,Streams,0.67,*,146.39773085936054,4.410627296862937
PGC3099270,"{Shells: 3, Streams: 4, No: 1}",1,4,0,0,3,0,0,0,Streams,0.5,,306.048223960437,-50.37752362374288
PGC3577011_GROUP,"{Tails: 3, Streams: 4, No: 1}",1,4,3,0,0,0,0,0,Streams,0.5,,139.17708853720504,59.77131280160847
PGC430221,"{Streams: 6, No: 1, Tails: 1}",1,6,1,0,0,0,0,0,Streams,0.75,*,304.7797045581617,-53.412162365162565
PGC438638,"{Plumes: 2, Streams: 2, Shells: 1, No: 2, Disturbed: 1}",2,2,0,2,1,1,0,0,Streams,0.25,,302.85957126396573,-52.78581370443443
PGC585732,"{No: 4, Streams: 2, Curiosities: 1, Tails: 1}",4,2,1,0,0,0,0,1,Streams,0.25,,320.91771080073966,-40.49603301139783
PGC658172,"{Streams: 6, No: 1, Curiosities: 1}",1,6,0,0,0,0,0,1,Streams,0.75,,14.641549021360797,-34.740510674571674
PGC706868,"{Plumes: 2, No: 3, Spiral: 1, Streams: 2}",3,2,0,2,0,0,1,0,Streams,0.25,,31.83189498483962,-31.29414614658802
PGC742741_GROUP,"{Streams: 3, No: 4, Tails: 1}",4,3,1,0,0,0,0,0,Streams,0.38,,53.00838907390759,-28.35036740201374
PGC938075,"{Streams: 5, No: 2, Disturbed: 1, Tails: 1}",2,5,1,0,0,1,0,0,Streams,0.56,*,54.349798695339025,-13.43237956743037
PGC943790_GROUP,"{Tails: 4, Streams: 4}",0,4,4,0,0,0,0,0,Streams,0.5,,328.1796203299108,-13.045500873219657
SDSSJ074913.42+124550.9,"{Tails: 1, Streams: 2, No: 4, Disturbed: 1}",4,2,1,0,0,1,0,0,Streams,0.25,,117.30595060110059,12.764303592118061
SDSSJ091808.38+473651.9,"{Streams: 4, Tails: 4}",0,4,4,0,0,0,0,0,Streams,0.5,,139.53519906318277,47.614451393618594
SDSSJ094311.53+174117.3,"{No: 4, Tails: 1, Spiral: 1, Streams: 1, Disturbed: 1}",4,1,1,0,0,1,1,0,Streams,0.12,,145.79795926894107,17.68823704612533
SDSSJ114818.33-013830.8_GROUP,"{Plumes: 2, Streams: 2, No: 2, Shells: 1, Tails: 1}",2,2,1,2,1,0,0,0,Streams,0.25,,177.07643203981786,-1.6418988647052997
SDSSJ131403.28+231842.2,"{Spiral: 2, No: 3, Streams: 2, Disturbed: 1}",3,2,0,0,0,1,2,0,Streams,0.25,,198.5137521126009,23.31179203595651
SDSSJ154317.51+094155.8,"{Plumes: 2, No: 4, Streams: 2, Tails: 1}",4,2,1,2,0,0,0,0,Streams,0.22,,235.82295642325775,9.698825010492996
SDSSJ173019.14+593608.9,"{Plumes: 1, No: 4, Streams: 1, Curiosities: 1, Tails: 1}",4,1,1,1,0,0,0,1,Streams,0.12,,262.5792451661718,59.602539875697005
UGC00088_GROUP,"{Streams: 7, Tails: 2}",0,7,2,0,0,0,0,0,Streams,0.78,,2.46631557656894,4.675069950969706
UGC00099,"{No: 3, Streams: 2, Spiral: 1, Plumes: 1, Tails: 1}",3,2,1,1,0,0,1,0,Streams,0.25,,2.669620474855072,13.70979792864707
UGC00127,"{Tails: 2, No: 3, Spiral: 1, Streams: 2}",3,2,2,0,0,0,1,0,Streams,0.25,,3.48581819369731,26.967815190042266
UGC00148,"{No: 4, Streams: 2, Disturbed: 1, Curiosities: 1}",4,2,0,0,0,1,0,1,Streams,0.25,,3.9644187696944804,16.08957287245167
UGC00232,"{Spiral: 2, Streams: 2, Plumes: 2, Tails: 2}",0,2,2,2,0,0,2,0,Streams,0.25,,6.161161678209277,33.25613555464275
UGC00287,"{No: 3, Tails: 1, Spiral: 1, Disturbed: 1, Streams: 2}",3,2,1,0,0,1,1,0,Streams,0.25,,7.227273963866598,10.174441656482822
UGC00386,"{No: 3, Streams: 2, Tails: 2, Shells: 1}",3,2,2,0,1,0,0,0,Streams,0.25,,9.598888237084997,15.039549115456698
UGC00402,"{Streams: 3, Shells: 1, Plumes: 2, Disturbed: 1, Tails: 1}",0,3,1,2,1,1,0,0,Streams,0.38,,9.82753968792562,3.9525423504485935
UGC00492,"{Disturbed: 2, Streams: 3, Shells: 2, No: 1}",1,3,0,0,2,2,0,0,Streams,0.38,,12.02128791641155,-1.5658352395098427
UGC00617,"{Spiral: 2, No: 3, Streams: 2, Tails: 1}",3,2,1,0,0,0,2,0,Streams,0.25,,14.955589854291185,18.008203413405734
UGC00892,"{No: 2, Tails: 1, Streams: 2, Shells: 1, Spiral: 2}",2,2,1,0,1,0,2,0,Streams,0.25,,20.319215174268138,-0.544470649356241
UGC01050,"{Curiosities: 1, Streams: 3, No: 3, Tails: 1}",3,3,1,0,0,0,0,1,Streams,0.37,,22.053477419316994,10.433201725497366
UGC01065_GROUP,"{Streams: 5, No: 3, Tails: 1}",3,5,1,0,0,0,0,0,Streams,0.56,,22.296217051702364,11.14068427527553
UGC01116,"{Streams: 6, No: 2, Plumes: 1}",2,6,0,1,0,0,0,0,Streams,0.67,,23.39431141657561,-1.0908519443839069
UGC01120,"{Streams: 4, No: 2, Tails: 3}",2,4,3,0,0,0,0,0,Streams,0.45,,23.51026333418212,-1.075774236514268
UGC01139,"{Spiral: 2, No: 1, Streams: 2, Tails: 2, Plumes: 1}",1,2,2,1,0,0,2,0,Streams,0.26,,23.880560709995258,11.953377302107862
UGC01245,"{Shells: 2, Streams: 3, No: 4}",4,3,0,0,2,0,0,0,Streams,0.34,*,26.711676572357504,11.401588054741566
UGC01279,"{Curiosities: 1, Streams: 3, No: 3, Tails: 1}",3,3,1,0,0,0,0,1,Streams,0.37,,27.353356314114308,13.368885791663816
UGC01329,"{Tails: 1, No: 3, Disturbed: 1, Streams: 2, Spiral: 1}",3,2,1,0,0,1,1,0,Streams,0.25,,27.947092565337602,18.18767972100641
UGC01424,"{Streams: 7, No: 2}",2,7,0,0,0,0,0,0,Streams,0.78,*,29.20793636441913,4.025645548901166
UGC01510,"{Shells: 1, Streams: 4, No: 2, Tails: 1}",2,4,1,0,1,0,0,0,Streams,0.5,,30.443295739024823,26.54659049487668
UGC01572,"{Shells: 2, Plumes: 1, No: 3, Streams: 2}",3,2,0,1,2,0,0,0,Streams,0.25,,31.182500515374294,8.543266775340618
UGC01890,"{Shells: 2, Streams: 3, No: 3}",3,3,0,0,2,0,0,0,Streams,0.37,,36.53206631673586,31.912264756503543
UGC01939,"{Curiosities: 2, Streams: 4, No: 2}",2,4,0,0,0,0,0,2,Streams,0.5,,37.073309647525576,26.312440218694586
UGC01958_GROUP,"{Tails: 3, Streams: 3, Plumes: 1, Spiral: 1}",0,3,3,1,0,0,1,0,Streams,0.38,,37.245594912043465,28.144546273253788
UGC01970,"{Streams: 5, No: 3, Tails: 1}",3,5,1,0,0,0,0,0,Streams,0.56,*,37.47546247294813,25.256633753761367
UGC02302,"{Curiosities: 1, Streams: 2, No: 2, Spiral: 2, Tails: 1}",2,2,1,0,0,0,2,1,Streams,0.25,,42.28709051805598,2.1276322224802615
UGC03031_GROUP,"{Tails: 2, Streams: 5, No: 1}",1,5,2,0,0,0,0,0,Streams,0.63,,66.08601107938122,-0.7383842880045776
UGC03070,"{Curiosities: 1, Streams: 2, No: 3, Spiral: 2}",3,2,0,0,0,0,2,1,Streams,0.25,,67.74856732232949,-2.003306998716757
UGC03414,"{Disturbed: 1, Tails: 2, No: 2, Streams: 3}",2,3,2,0,0,1,0,0,Streams,0.38,,93.06884697348191,64.26877291553001
UGC03445_GROUP,"{Plumes: 1, Streams: 4, Disturbed: 1, Tails: 2}",0,4,2,1,0,1,0,0,Streams,0.5,,95.38666452480375,59.12673285244025
UGC03448,"{Streams: 3, No: 4, Tails: 1}",4,3,1,0,0,0,0,0,Streams,0.38,,95.61783580220718,66.57851894600542
UGC03596,"{Shells: 1, Streams: 4, No: 2, Disturbed: 1}",2,4,0,0,1,1,0,0,Streams,0.5,,103.89882178844799,39.76448237905002
UGC03601,"{Shells: 1, Streams: 2, No: 3, Plumes: 1, Disturbed: 1}",3,2,0,1,1,1,0,0,Streams,0.25,,103.95635591202684,40.00028274610277
UGC03714,"{Shells: 3, Streams: 4, No: 2}",2,4,0,0,3,0,0,0,Streams,0.45,,108.13631654971196,71.75045989388644
UGC03723,"{Tails: 1, Streams: 6, No: 2}",2,6,1,0,0,0,0,0,Streams,0.67,,107.67542667722587,34.42107629693921
UGC03724,"{Tails: 3, Streams: 3, No: 1, Spiral: 1}",1,3,3,0,0,0,1,0,Streams,0.38,,107.8665000773516,48.240176713377195
UGC03789,"{Spiral: 2, Streams: 2, Shells: 1, No: 2, Tails: 1}",2,2,1,0,1,0,2,0,Streams,0.25,,109.87892658243598,59.35509910043537
UGC03836,"{Spiral: 3, No: 2, Streams: 3}",2,3,0,0,0,0,3,0,Streams,0.38,,111.68764747449245,64.80842699799729
UGC03859,"{Plumes: 3, Streams: 3, No: 2}",2,3,0,3,0,0,0,0,Streams,0.38,,112.70215330425647,73.70638178757179
UGC03897,"{Spiral: 2, Streams: 2, No: 2, Disturbed: 1, Shells: 1}",2,2,0,0,1,1,2,0,Streams,0.25,,113.3331757298577,59.62541255269955
UGC03937,"{Tails: 3, Streams: 3, Spiral: 2}",0,3,3,0,0,0,2,0,Streams,0.38,,114.3966464425937,35.60579290544351
UGC04001,"{Streams: 2, No: 4, Disturbed: 1, Plumes: 1}",4,2,0,1,0,1,0,0,Streams,0.25,,116.60382510726933,62.48592868945639
UGC04206,"{Tails: 1, Streams: 3, No: 3, Plumes: 1}",3,3,1,1,0,0,0,0,Streams,0.37,,121.66110522140906,67.04833018727531
UGC04228,"{Tails: 2, Streams: 5, Plumes: 1, Shells: 1}",0,5,2,1,1,0,0,0,Streams,0.56,,121.69993103362378,5.309395081835375
UGC04254,"{Curiosities: 2, Streams: 2, No: 3, Disturbed: 1}",3,2,0,0,0,1,0,2,Streams,0.25,,122.35038567784682,0.6095354899130194
UGC04323,"{Shells: 3, Streams: 3, No: 2, Disturbed: 1}",2,3,0,0,3,1,0,0,Streams,0.34,,125.08292257244162,66.98194803343549
UGC04346,"{Spiral: 2, Streams: 4, Tails: 2}",0,4,2,0,0,0,2,0,Streams,0.5,,125.1700154681933,25.90535435042854
UGC04386,"{Plumes: 2, Streams: 2, No: 3, Shells: 1}",3,2,0,2,1,0,0,0,Streams,0.25,,126.00672594275406,21.027242952938803
UGC04415,"{Spiral: 2, No: 2, Streams: 2, Tails: 1, Disturbed: 1}",2,2,1,0,0,1,2,0,Streams,0.25,,127.00819508073964,54.44700941456855
UGC04491,"{Curiosities: 1, Streams: 3, No: 2, Spiral: 1, Tails: 1}",2,3,1,0,0,0,1,1,Streams,0.38,,128.9521780563631,1.7217697804680616
UGC04494,"{No: 4, Tails: 1, Spiral: 1, Streams: 2}",4,2,1,0,0,0,1,0,Streams,0.25,,129.02214705063736,1.8940652634691935
UGC04568,"{Streams: 2, No: 4, Tails: 1, Disturbed: 1}",4,2,1,0,0,1,0,0,Streams,0.25,,131.1817655867854,10.47231295491456
UGC04587,"{Shells: 2, No: 2, Streams: 3, Tails: 1}",2,3,1,0,2,0,0,0,Streams,0.38,,131.8447408260254,49.55877594377023
UGC04671,"{Streams: 4, No: 2, Disturbed: 1, Shells: 1}",2,4,0,0,1,1,0,0,Streams,0.5,,134.1780224876873,52.105383345898765
UGC04809,"{No: 3, Streams: 3, Spiral: 2}",3,3,0,0,0,0,2,0,Streams,0.37,,137.33455921532794,20.69729049056858
UGC04861,"{Plumes: 1, Streams: 4, No: 1, Shells: 2}",1,4,0,1,2,0,0,0,Streams,0.5,,138.39827885335728,12.440830046412188
UGC05042,"{Curiosities: 1, No: 3, Spiral: 1, Streams: 1, Disturbed: 1, Tails: 1}",3,1,1,0,0,1,1,1,Streams,0.12,,142.27358193975707,66.45797035787477
UGC05052,"{Disturbed: 2, Tails: 2, No: 2, Streams: 2}",2,2,2,0,0,2,0,0,Streams,0.25,,142.80828606725828,73.81049143477931
UGC05342,"{Spiral: 1, No: 3, Disturbed: 1, Streams: 2, Tails: 1, Shells: 1}",3,2,1,0,1,1,1,0,Streams,0.22,,149.17743693958607,15.637756725621838
UGC05489,"{No: 2, Streams: 4, Spiral: 1, Tails: 1}",2,4,1,0,0,0,1,0,Streams,0.5,,152.66637862170526,20.070186396437023
UGC05494,"{Shells: 1, No: 4, Disturbed: 1, Streams: 1, Plumes: 1}",4,1,0,1,1,1,0,0,Streams,0.12,,153.27688198066264,67.41100822775995
UGC05551_GROUP,"{Plumes: 1, Streams: 2, No: 3, Tails: 2}",3,2,2,1,0,0,0,0,Streams,0.25,,154.2988117117584,4.331062055039713
UGC05689,"{Streams: 6, No: 2, Tails: 1}",2,6,1,0,0,0,0,0,Streams,0.67,,157.69175304657068,73.88509156186036
UGC05723_GROUP,"{Streams: 5, Tails: 3}",0,5,3,0,0,0,0,0,Streams,0.62,,158.05320830567027,-1.4934117912861233
UGC05745,"{No: 4, Streams: 1, Plumes: 1, Spiral: 1, Tails: 1}",4,1,1,1,0,0,1,0,Streams,0.12,,158.6866160176786,-1.9689977656263018
UGC05814,"{Streams: 6, No: 1, Shells: 1}",1,6,0,0,1,0,0,0,Streams,0.75,,160.65855639260445,77.49467866104425
UGC05818_GROUP,"{Streams: 5, Spiral: 2, No: 1}",1,5,0,0,0,0,2,0,Streams,0.63,,160.31538786074915,6.36142979951656
UGC06023,"{Shells: 1, Streams: 4, No: 2, Plumes: 1, Tails: 1}",2,4,1,1,1,0,0,0,Streams,0.45,,163.5871440884889,27.239636217606073
UGC06090,"{No: 2, Streams: 3, Spiral: 2, Tails: 1}",2,3,1,0,0,0,2,0,Streams,0.38,,165.46442021375623,75.2013264540051
UGC06104,"{Curiosities: 1, Streams: 4, No: 2, Tails: 2}",2,4,2,0,0,0,0,1,Streams,0.45,,165.4623542643794,16.60706063088518
UGC06362_GROUP,"{Streams: 7, No: 2}",2,7,0,0,0,0,0,0,Streams,0.78,,170.2332158504965,19.632024382979218
UGC06939,"{No: 3, Streams: 2, Disturbed: 1, Tails: 2}",3,2,2,0,0,1,0,0,Streams,0.25,,179.42872402668937,57.56580275375972
UGC07040_GROUP,"{Tails: 1, No: 4, Spiral: 1, Streams: 2}",4,2,1,0,0,0,1,0,Streams,0.25,,180.97377963231156,25.43397003723856
UGC07110,"{Streams: 5, No: 4}",4,5,0,0,0,0,0,0,Streams,0.56,,181.85876468935928,65.41238860506431
UGC07596,"{Disturbed: 1, No: 4, Plumes: 1, Streams: 1, Curiosities: 1}",4,1,0,1,0,1,0,1,Streams,0.12,,187.14094261038855,8.639929441366917
UGC08040,"{No: 4, Streams: 2, Curiosities: 1, Plumes: 1}",4,2,0,1,0,0,0,1,Streams,0.25,,193.68118015192076,58.77646673130219
UGC08101,"{Curiosities: 1, No: 4, Streams: 3}",4,3,0,0,0,0,0,1,Streams,0.38,,194.23304148895207,84.10244021120688
UGC08114,"{Tails: 2, No: 3, Streams: 2, Disturbed: 1}",3,2,2,0,0,1,0,0,Streams,0.25,,195.10415877589236,13.67044814026541
UGC08223,"{Spiral: 2, Tails: 2, Streams: 3, No: 1}",1,3,2,0,0,0,2,0,Streams,0.38,,197.18026796597596,-2.135002243476337
UGC08234_GROUP,"{Disturbed: 2, Streams: 3, No: 3}",3,3,0,0,0,2,0,0,Streams,0.37,,197.1937680196174,62.27167570855155
UGC08248,"{Curiosities: 1, No: 4, Disturbed: 1, Streams: 2}",4,2,0,0,0,1,0,1,Streams,0.25,,197.61431476852687,18.438254065333947
UGC08440,"{Streams: 6, Disturbed: 1, Tails: 1}",0,6,1,0,0,1,0,0,Streams,0.75,,201.4014845051883,36.381209132973744
UGC08630,"{Streams: 4, No: 3, Disturbed: 1}",3,4,0,0,0,1,0,0,Streams,0.5,,204.60471975642793,33.11760947076156
UGC08717,"{Streams: 6, No: 2, Tails: 1}",2,6,1,0,0,0,0,0,Streams,0.67,*,206.84248859561703,30.333506105915923
UGC08980,"{Spiral: 2, No: 2, Streams: 4}",2,4,0,0,0,0,2,0,Streams,0.5,,210.90313393348694,39.052787761799244
UGC09037,"{No: 1, Tails: 1, Streams: 3, Spiral: 3}",1,3,1,0,0,0,3,0,Streams,0.38,,212.12150902210783,7.057931410479833
UGC09081,"{Streams: 5, Shells: 1, Tails: 2}",0,5,2,0,1,0,0,0,Streams,0.62,,212.91133486701656,39.64189677698041
UGC09090,"{No: 4, Streams: 2, Shells: 1, Tails: 1}",4,2,1,0,1,0,0,0,Streams,0.25,,213.10177290770176,18.411755545192822
UGC09182,"{Streams: 4, No: 3, Tails: 1}",3,4,1,0,0,0,0,0,Streams,0.5,,215.19230891232638,21.93560301794943
UGC09203,"{Spiral: 3, Tails: 2, Streams: 3}",0,3,2,0,0,0,3,0,Streams,0.38,,215.46912601905404,39.979038247213786
UGC09239,"{Streams: 5, No: 2, Tails: 2}",2,5,2,0,0,0,0,0,Streams,0.56,*,216.3051360217943,13.744584291490533
UGC09316,"{Shells: 1, Streams: 4, No: 1, Spiral: 1, Tails: 1}",1,4,1,0,1,0,1,0,Streams,0.5,,217.57537782117663,21.746780970415593
UGC09386,"{Streams: 6, Spiral: 1, Tails: 1}",0,6,1,0,0,0,1,0,Streams,0.75,,218.7199005529245,40.74799929453291
UGC09519,"{No: 4, Streams: 3, Disturbed: 1}",4,3,0,0,0,1,0,0,Streams,0.38,,221.5879421428508,34.370581410517325
UGC09559,"{Spiral: 1, No: 4, Plumes: 1, Tails: 1, Streams: 1}",4,1,1,1,0,0,1,0,Streams,0.12,,222.66424419318457,42.740963511015096
UGC09594,"{No: 1, Tails: 2, Streams: 2, Spiral: 1, Disturbed: 1, Plumes: 1}",1,2,2,1,0,1,1,0,Streams,0.26,,223.68636767996068,24.096126748791594
UGC09763,{Streams: 8},0,8,0,0,0,0,0,0,Streams,1.0,,228.0092129817037,21.298258190603814
UGC09874,"{Shells: 4, Streams: 4, No: 1}",1,4,0,0,4,0,0,0,Streams,0.45,,231.81242690788065,77.15686497115709
UGC09927,"{No: 4, Streams: 1, Plumes: 1, Spiral: 1, Curiosities: 1}",4,1,0,1,0,0,1,1,Streams,0.12,,234.11572834167222,22.5004765331024
UGC10127,"{Disturbed: 2, Streams: 2, Tails: 1, Plumes: 1, Spiral: 2}",0,2,1,1,0,2,2,0,Streams,0.25,,240.0998507931714,20.84899231987864
UGC10331_GROUP,"{Plumes: 1, No: 2, Disturbed: 1, Tails: 2, Streams: 2}",2,2,2,1,0,1,0,0,Streams,0.25,,244.3368993473373,59.320519141043285
UGC10500,"{Tails: 3, Streams: 3, No: 2}",2,3,3,0,0,0,0,0,Streams,0.38,,249.74721392105008,57.72409341434339
UGC11206,"{Streams: 3, Spiral: 3, No: 2}",2,3,0,0,0,0,3,0,Streams,0.38,,274.9337096312804,48.561126496491966
UGC11252,"{Curiosities: 1, Streams: 2, No: 3, Spiral: 2}",3,2,0,0,0,0,2,1,Streams,0.25,,277.1749820092389,48.24322709983954
UGC11487,"{Spiral: 2, Streams: 4, Tails: 2}",0,4,2,0,0,0,2,0,Streams,0.5,,297.3535688285381,63.509133841401145
UGC11496,"{Curiosities: 1, Streams: 3, No: 4}",4,3,0,0,0,0,0,1,Streams,0.38,,298.2587667888788,67.66527300893203
UGC11622,"{Streams: 2, No: 4, Spiral: 1, Tails: 1}",4,2,1,0,0,0,1,0,Streams,0.25,,311.1556333557354,-1.720340809255383
UGC11639,"{Shells: 2, Streams: 2, No: 1, Disturbed: 1, Plumes: 1, Tails: 1}",1,2,1,1,2,1,0,0,Streams,0.26,,312.46473941585305,6.2201012001507765
UGC11827,"{Plumes: 1, No: 3, Disturbed: 2, Streams: 2}",3,2,0,1,0,2,0,0,Streams,0.25,,327.6712849941044,22.851594892618056
UGC11908,"{Disturbed: 2, Tails: 1, No: 2, Spiral: 1, Streams: 2}",2,2,1,0,0,2,1,0,Streams,0.25,,331.64619272027596,16.055012411881155
UGC12351,"{Curiosities: 1, Streams: 3, No: 4}",4,3,0,0,0,0,0,1,Streams,0.38,,346.43963171856495,18.986112904961125
UGC12427,"{Streams: 3, No: 4, Disturbed: 1}",4,3,0,0,0,1,0,0,Streams,0.38,,348.34949541578703,28.95520941473059
UGC12479,"{No: 4, Tails: 1, Spiral: 1, Streams: 1, Plumes: 1}",4,1,1,1,0,0,1,0,Streams,0.12,,349.3570384529254,-1.5862883478598333
UGC12535_GROUP,"{Streams: 4, No: 4, Tails: 1}",4,4,1,0,0,0,0,0,Streams,0.45,,350.2565926451156,8.179500249592236
UGC12633,"{Shells: 3, Streams: 3, No: 1, Disturbed: 1}",1,3,0,0,3,1,0,0,Streams,0.38,,352.55695420787424,15.761174741125155
UGC12640,"{Curiosities: 1, Streams: 3, No: 3, Tails: 1}",3,3,1,0,0,0,0,1,Streams,0.37,,352.7372185097134,15.490216951614322
UGC12641,"{Curiosities: 1, Streams: 3, No: 3, Spiral: 1}",3,3,0,0,0,0,1,1,Streams,0.37,,352.72748251906285,20.25087363182196
UGC12685,"{No: 2, Spiral: 2, Streams: 2, Tails: 2}",2,2,2,0,0,0,2,0,Streams,0.25,,353.8079023329222,0.04163701343406041
UGC12747,"{Tails: 2, Streams: 3, No: 2, Plumes: 1}",2,3,2,1,0,0,0,0,Streams,0.38,,355.7567947337176,19.424128762357956
