object_id,ra,dec,phot_z,stellar_mass,P_merge,vis_class,tidal_feature_vis,shell,stream,tail,plume,double_nucleus,vis_class_flag
37494467493649455,36.50884333894795,-5.017461892478463,0.21424511075019836,7227400192.0,0.5256896018981934,1,0,0,0,0,0,0,0
38553834062113084,35.76172014026179,-4.077294029472878,0.19097620248794556,18660999168.0,0.7601062059402466,1,0,0,0,0,0,0,0
75958957646059691,244.16524740223758,56.03700560191644,0.1989406943321228,21785999360.0,0.844653844833374,1,0,0,0,0,0,0,0
44223049158911092,150.0308137738979,3.1717841373465134,0.24117489159107208,4946999808.0,0.7989453673362732,1,0,0,0,0,0,0,1
75959498811929919,242.80867934033472,55.578848072602476,0.21010398864746094,161870004224.0,0.9826143980026245,1,1,0,0,0,1,1,0
42691992102152357,353.2456881962211,0.8358836682673996,0.13598181307315826,42025000960.0,0.6003800630569458,1,0,0,0,0,0,0,0
37489107374469337,36.238780157585964,-4.974696328977898,0.10353635251522064,22225000448.0,0.8913383483886719,1,0,0,0,0,0,0,0
75959786574739442,242.17533841605535,56.126352984189786,0.368053138256073,114819997696.0,0.8518233299255371,1,1,0,0,0,1,1,0
75338691354064267,243.33426788244944,54.27708979946408,0.20860838890075684,205659996160.0,0.9085525274276733,1,1,0,0,0,0,1,0
41624100023600224,352.0818536511902,-0.3533588345224536,0.29430869221687317,52465000448.0,0.7665838003158569,1,0,0,0,0,0,0,0
74701537250667691,243.72873373034952,53.340215172856446,0.15024106204509735,11322000384.0,0.712731122970581,1,1,0,0,0,1,0,0
38549569159599611,34.04391032259055,-4.211131959702394,0.08614013344049454,18644000768.0,0.9037171602249146,1,1,0,0,0,1,1,1
42094407532434345,150.93107846854,0.7046771212363788,0.05049819499254227,13118000128.0,0.8964054584503174,1,0,0,0,0,0,0,0
38549431720628874,34.16550410944804,-4.354714383828992,0.1270236074924469,64047001600.0,0.9706372618675232,1,0,0,0,0,0,0,0
42090297248735666,149.10812400489624,1.3032025063457475,0.1971103399991989,68224000000.0,0.876114010810852,1,0,0,0,0,0,0,0
41628635509060120,353.3606621918496,-0.3576349042441923,0.22499457001686096,5464999936.0,0.7408735752105713,1,0,0,0,0,0,0,0
41623812260783650,352.33167660509395,-0.96366834515224,0.1799466758966446,14005000192.0,0.7092418074607849,1,0,0,0,0,0,0,0
75338966231974851,242.83957198656313,54.285892228244016,0.10941936820745468,17661999104.0,0.8170331716537476,1,0,0,0,0,0,0,0
75339369958902701,241.81245918992784,53.96465281493349,0.2036578357219696,90650001408.0,0.8521286249160767,1,1,0,0,0,1,0,0
37494205500643368,36.88482966076667,-4.4853005420186545,0.1489044725894928,6979899904.0,0.6685494184494019,1,0,0,0,0,0,0,0
75339378548832147,241.93245407939258,54.300014242166576,0.36724165081977844,32244000768.0,0.7175246477127075,1,1,0,0,0,1,1,0
75343909739331263,243.94740222372815,54.10686770033702,0.17835190892219543,85677998080.0,0.8886760473251343,1,0,0,0,0,0,0,0
37489253403361230,36.09662163378362,-4.570691033208532,0.1324910968542099,17767999488.0,0.5056709051132202,1,0,0,0,0,0,0,0
42697073048451107,353.7940420766818,0.5315136658140095,0.09275903552770615,36501999616.0,0.8072666525840759,1,1,0,0,0,1,1,0
41623820850727834,352.4898634972985,-0.527364081375454,0.1879683881998062,117049999360.0,0.5487329959869385,1,0,0,0,0,0,0,0
75954688448560002,241.16740274740343,55.651135946984255,0.15907207131385803,9182300160.0,0.5570598244667053,1,0,0,0,0,0,0,0
37489098784534135,36.316149442932534,-5.39039783495259,0.20001086592674255,68620001280.0,0.8682985901832581,1,0,0,0,0,0,0,0
38548886259794505,34.92296081558414,-4.01175645828047,0.2067761868238449,35028000768.0,0.9608843326568604,1,1,0,0,0,1,1,0
37489519691325108,35.76384392039719,-5.08921322435691,0.3014233708381653,23491000320.0,0.6283929944038391,1,0,0,0,0,0,0,0
75959103674944775,243.7453015943564,56.34823456040546,0.1738843321800232,19179999232.0,0.6868671774864197,1,0,0,0,0,0,0,0
75959365667952022,243.17646863035378,55.812686447559365,0.2830383777618408,170849992704.0,0.9065086841583252,1,0,0,0,0,0,0,0
75959644840826410,242.35505002377465,56.01351891889703,0.1663803607225418,28327999488.0,0.7125824689865112,1,0,0,0,0,0,0,0
75954954736526982,240.3854839895784,55.19004871876439,0.22176745533943176,114779996160.0,0.7470946311950684,1,1,0,0,0,1,0,0
42692821030826234,352.0411768682787,0.869212417966672,0.11802121996879578,17095999488.0,0.8068237900733948,1,0,0,0,0,0,0,0
38558640130519372,36.62812314178579,-4.2151997558127325,0.13588285446166992,33679998976.0,0.8403258323669434,1,1,0,0,1,0,1,0
42697073048453824,353.65198235065,0.5610616875240958,0.2890807092189789,4869600256.0,0.8077429533004761,1,0,0,0,0,0,0,0
37489940598121561,35.09111274269442,-4.663918407244236,0.1379300206899643,27570999296.0,0.8961118459701538,1,0,0,0,0,0,0,0
38554388112888135,34.99995083477329,-3.952332942602787,0.22458605468273163,11605000192.0,0.8217442035675049,1,0,0,0,0,0,0,0
75959086495072653,243.68874632672055,55.59172655470003,0.1823628693819046,28472000512.0,0.7793123722076416,1,0,0,0,0,0,0,0
42687997782549285,351.12691693565307,0.2863298254244548,0.1425839364528656,25460000768.0,0.6285668611526489,1,0,0,0,0,0,0,0
43154323856712591,148.5958771171672,1.6638327415866745,0.18851178884506226,63947001856.0,0.6916533708572388,1,1,0,0,0,1,0,0
42093866366550211,151.68311268206628,1.0410179013089695,0.08248705416917801,6896000000.0,0.9410269260406494,1,0,0,0,0,0,0,0
75959490221996505,242.88433052364456,55.202846795407744,0.19548505544662476,19872999424.0,0.3858734965324402,1,1,0,1,0,0,1,0
42697068753474703,353.7528913441975,0.2871068466009304,0.2612139880657196,21183000576.0,0.6634989380836487,1,0,0,0,0,0,0,0
37494338644638650,36.594754292159244,-4.575025033373184,0.30767738819122314,72365998080.0,0.6150274276733398,1,0,0,0,0,0,0,0
75338558210076558,243.62961319066508,54.42986045418246,0.2168753445148468,158779998208.0,0.9517144560813904,1,0,0,0,0,0,0,0
75954563894514272,241.4894883158369,56.22170040292353,0.10931719839572906,60053999616.0,0.996829092502594,1,0,0,0,0,0,0,0
42687856048632149,351.2943648320981,0.14044088227691623,0.10429488122463226,14021999616.0,0.9255105257034302,1,0,0,0,0,0,0,0
42094686705313052,150.57503469140664,0.9193867170511545,0.12751688063144684,12974000128.0,0.582895040512085,1,0,0,0,0,0,0,0
38553567774134749,35.99103989205291,-3.802248712347351,0.11879608035087585,29049999360.0,0.8743124008178711,1,0,0,0,0,0,0,0
75959241113892048,243.57144113281237,56.28563452961297,0.24266551434993744,6091899904.0,0.5763458013534546,1,0,0,0,0,0,0,0
75338571094976659,243.7341995773281,54.97411987981781,0.12991388142108917,3228900096.0,0.5326712727546692,1,0,0,0,0,0,0,0
42094682410350307,150.640539733392,0.813778919933387,0.09709206223487854,9237999616.0,0.7056093215942383,1,0,0,0,0,0,0,0
75959644840820934,242.4727173993374,55.96113697303883,0.2872276306152344,32846999552.0,0.9449236392974854,1,0,0,0,0,0,0,0
74701812128579237,243.1150626016623,53.34829949987673,0.16741281747817993,18375999488.0,0.8762348890304565,1,1,0,0,0,1,1,0
75339223930013800,242.08561408921372,53.57041898332987,0.06952303647994995,3661100032.0,0.8741163015365601,1,0,0,0,0,0,0,0
42687456616675472,351.7774310102085,0.7394516117001484,0.26058077812194824,10865999872.0,0.909553587436676,1,0,0,0,0,0,0,0
43163412007514834,151.20015631854017,2.4614167622981644,0.19760850071907043,52110000128.0,0.5871142148971558,1,0,0,0,0,0,0,0
37493917737837787,37.11811851484746,-4.994074622790751,0.1166844367980957,4621199872.0,0.9163000583648682,1,0,0,0,0,0,0,0
44223182302902168,149.92763406026856,3.055651298383967,0.15438108146190643,26673000448.0,0.8604782819747925,1,1,0,0,0,1,1,0
41614470706908528,350.2199712333988,-0.8003711498616003,0.21553374826908112,97472004096.0,0.7135541439056396,1,0,0,0,0,0,0,1
37493922032803588,37.143074252611676,-4.851001303980333,0.1552610844373703,13873000448.0,0.9001457691192627,1,0,0,0,0,0,0,0
75338841677917029,243.26345638283334,54.78127845446761,0.18936613202095032,192269991936.0,0.6956795454025269,1,0,0,0,0,0,0,0
75338699944009329,243.60115258480562,54.722031478141616,0.3299729824066162,160089997312.0,0.601685643196106,1,0,0,0,0,0,0,0
41619006192377521,351.576788536174,-0.8355239973049706,0.2980656623840332,101640003584.0,0.953864574432373,1,0,0,0,0,0,0,0
43163261683650227,151.40458483737783,1.783220542248648,0.03925403580069542,5681600000.0,0.9565033912658691,1,1,0,0,0,1,0,0
75343656336259433,244.76114759800356,55.02896035058939,0.2951415181159973,104269996032.0,0.8777341842651367,1,0,0,0,0,0,0,0
38553838357076779,35.79134407222677,-3.9184123573997436,0.17512857913970947,11941999616.0,0.8027454614639282,1,1,0,1,0,1,0,1
42089880636904948,149.58986868292067,1.0935284371204284,0.2011009156703949,12293999616.0,0.9872037768363953,1,0,0,0,0,0,0,0
38553851241979202,35.697265615923406,-3.3431417966715133,0.24232636392116547,57979998208.0,0.7594632506370544,1,0,0,0,0,0,0,0
42691854663191780,353.25969821225044,0.7899529373656115,0.16816343367099762,72746000384.0,0.8993951678276062,1,0,0,0,0,0,0,0
37493917737831260,37.244409807362004,-5.090908821584549,0.07279015332460403,50451001344.0,0.9971486926078796,1,0,0,0,0,0,0,0
75339253994791926,242.07849584661142,54.90515918638596,0.26151415705680847,76232998912.0,0.623584508895874,1,0,0,0,0,0,0,0
44218114241481481,149.39224419794297,3.6527016260689025,0.2648110091686249,23680000000.0,0.6520333290100098,1,0,0,0,0,0,0,0
75959090790036053,243.74614378386337,55.7082705286689,0.08851061016321182,9159900160.0,0.5655921101570129,1,0,0,0,0,0,0,0
75338815908117792,243.0835663979666,53.74445151427951,0.11574892699718475,31064999936.0,0.9933744668960571,1,1,0,0,0,1,1,0
43154048978800227,148.945594375264,1.601890946713671,0.11354444921016693,45425999872.0,0.9465264081954956,1,0,0,0,0,0,0,0
38553567774134221,36.09341161881041,-3.802856060700387,0.14649583399295807,63054000128.0,0.9063647985458374,1,0,0,0,0,0,0,0
37489807454135046,35.244663233542056,-4.48169793778461,0.28179529309272766,19601999872.0,0.8365023136138916,1,0,0,0,0,0,0,0
43154212187572094,148.72549088163476,2.8515242342476532,0.3934013247489929,43232002048.0,0.7703384757041931,1,0,0,0,0,0,0,0
42093862071574638,151.61280132770804,0.9648066085510419,0.06885050237178802,11660999680.0,0.9961400032043457,1,0,0,0,0,0,0,0
38553700918122400,35.873248939995264,-3.982581757739642,0.16738231480121613,9029999616.0,0.559883177280426,1,0,0,0,0,0,0,0
75344038588349155,243.86683920212624,53.734023889305,0.12273085862398148,20930000896.0,0.9351004958152771,1,0,0,0,0,0,0,0
75954688448557698,241.25263237068842,55.61465256979651,0.28486907482147217,23253999616.0,0.8537279367446899,1,0,0,0,0,0,0,0
37489781684327906,35.243900254748695,-5.643702517088276,0.25347185134887695,9147400192.0,0.7252348065376282,1,0,0,0,0,0,0,0
75339528872692121,241.40866468930767,54.85608149874198,0.13465771079063416,21647998976.0,0.5913670063018799,1,1,0,1,0,0,1,0
75338837382959199,243.05431265097016,54.68837796389772,0.18592941761016846,105899999232.0,0.6874803900718689,1,0,0,0,0,0,0,0
37485405112659403,33.87252394710602,-4.681934020497091,0.3709303140640259,161420001280.0,0.9800428152084351,1,1,0,0,0,0,1,0
75959365667950701,243.1945858611393,55.79918673774943,0.10728559643030167,6704099840.0,0.5289455652236938,1,0,0,0,0,0,0,0
38554108940023284,35.414144036318845,-4.067551548532271,0.1092703640460968,59515998208.0,0.9467239379882812,1,0,0,0,0,0,0,0
43153937309666842,149.17123057967848,2.869884245263099,0.22861714661121368,11943000064.0,0.7585651278495789,1,1,0,0,0,1,0,1
75955087880515637,240.1639610655838,55.100531496634545,0.3666868507862091,23822000128.0,0.9716047048568726,1,0,0,0,0,0,0,1
75959490222009110,242.949467040226,55.30664573464863,0.17749330401420593,81006002176.0,0.7126906514167786,1,1,0,0,0,1,1,0
38554117529952980,35.415265665415625,-3.710850070320429,0.1395868957042694,127440003072.0,0.9550842046737671,1,0,0,0,0,0,0,0
37489803159167166,35.272200755866045,-4.6878516866429,0.29016610980033875,10618999808.0,0.6843180656433105,1,1,0,0,0,1,0,0
38558094669669847,37.32515781227558,-4.083151160097053,0.23961855471134186,8293899776.0,0.5131097435951233,1,1,0,0,0,1,0,0
41623941109807494,352.2525178215084,-1.3375715774247694,0.1944395899772644,24128999424.0,0.5861296057701111,1,0,0,0,0,0,0,0
38553980091000386,35.43725882781463,-3.673152203248683,0.1630750596523285,7012700160.0,0.861691415309906,1,0,0,0,0,0,0,0
75959245408856763,243.48056788991062,56.47044360507384,0.25991055369377136,86883999744.0,0.7359887361526489,1,0,0,0,0,0,0,0
43163287453460507,151.4067544508015,2.953176177061083,0.21393246948719025,96951001088.0,0.67803955078125,1,1,0,0,0,1,0,0
75954559599546703,241.4101418255733,56.01537465478469,0.22685043513774872,82070003712.0,0.6024556756019592,1,1,0,0,0,1,0,0
42688135221499555,351.0092860698178,0.32977571944005024,0.17445431649684906,51827998720.0,0.915825366973877,1,0,0,0,0,0,0,0
41619680502253930,350.50916454068823,-1.2106944780134536,0.2626299262046814,75985002496.0,0.8300801515579224,1,0,0,0,0,0,0,0
74701537250675161,243.6328752563042,53.44217398574274,0.29765546321868896,24497999872.0,0.35011154413223267,1,1,0,0,1,0,0,0
38558511281494555,36.85732082632745,-3.8967699761910506,0.18328149616718292,94937997312.0,0.9006545543670654,1,0,0,0,0,0,0,0
42692400124029995,352.6188761556132,0.5040157980015515,0.2102021723985672,38124998656.0,0.9932334423065186,1,0,0,0,0,0,0,0
42692808145927447,352.02124520737146,0.33560637057849524,0.13639840483665466,29280999424.0,0.725732147693634,1,0,0,0,0,0,0,0
42089747492923934,149.74481379352804,1.3352216272471398,0.182638481259346,48531001344.0,0.4000319540500641,1,1,0,1,0,0,1,0
75959099379978481,243.68396625070534,56.2102967679734,0.16191716492176056,71474003968.0,0.9341435432434082,1,0,0,0,0,0,0,0
43158605939114128,150.2625653770132,2.6708195719027357,0.31344306468963623,10305999872.0,0.5936728119850159,1,0,0,0,0,0,0,0
43158747673037813,150.151964065771,2.8601248679161464,0.18830305337905884,31018999808.0,0.38482165336608887,1,1,0,1,0,0,1,0
75954825887505626,240.89706127914047,55.52783641800228,0.15028807520866394,8622900224.0,0.7238190770149231,1,0,0,0,0,0,0,0
44223332626757230,149.60059094435502,3.613278596878077,0.3087487518787384,27097999360.0,0.6680295467376709,1,0,0,0,0,0,0,1
75334439336421344,240.7960908146696,54.72631529046178,0.25687456130981445,6439499776.0,0.7524256706237793,1,0,0,0,0,0,0,1
41623829440667486,352.3692506139931,-0.12517994984857495,0.21171580255031586,26352001024.0,0.5874948501586914,1,0,0,0,0,0,0,0
75343785185284973,244.48797178356165,54.684616214284624,0.17684602737426758,22104000512.0,0.754422664642334,1,0,0,0,0,0,0,0
42687718609692016,351.5405138866772,0.25925486552359056,0.3042779564857483,161950007296.0,0.8495439291000366,1,1,0,1,0,0,1,0
41618997602446000,351.5557165788246,-1.1807526549204455,0.14406099915504456,6454499840.0,0.5272814035415649,1,0,0,0,0,0,0,0
41619701977085579,350.4918645647879,-0.36249733207530893,0.1923607885837555,37297000448.0,0.7303204536437988,1,0,0,0,0,0,0,0
75959795164669629,242.2567943539646,56.46801568529518,0.12168688327074051,41619001344.0,0.861824631690979,1,0,0,0,0,0,0,0
38549298576651535,34.320429100588264,-4.108657114745278,0.12248164415359497,11283000320.0,0.6237764358520508,1,0,0,0,0,0,0,0
75959232523965066,243.30725038698762,55.96447904261736,0.23633751273155212,78662000640.0,0.8114684820175171,1,0,0,0,0,0,0,0
37489515396353004,35.661590776734435,-5.295826748313373,0.23366516828536987,4436700160.0,0.905563473701477,1,0,0,0,0,0,0,0
41623408533856822,352.9650469052412,-0.6391306863372429,0.3037397861480713,80201998336.0,0.5408846735954285,1,0,0,0,0,0,0,0
43163008280580158,151.77071410426785,2.7560771179261314,0.17752429842948914,57144999936.0,0.568475604057312,1,0,0,0,0,0,0,0
38557957230709574,37.489104163737025,-4.157446923511679,0.16616472601890564,66410000384.0,0.7966200113296509,1,1,0,0,0,1,0,0
42090009485933412,149.50482645399663,0.806916457871651,0.17514128983020782,4163399936.0,0.6927627325057983,1,0,0,0,0,0,0,0
41619130746436002,351.3021502722176,-1.2823842187593502,0.22261114418506622,4836199936.0,0.8612127304077148,1,1,0,0,0,1,1,0
75338974821917716,242.81527810126704,54.74504913721249,0.15984280407428741,7544300032.0,0.8250626921653748,1,0,0,0,0,0,0,0
37494325759726355,36.557282472067875,-5.239771853296286,0.21533538401126862,139499995136.0,0.7820909023284912,1,0,0,0,0,0,0,0
41619830826106481,350.4030146765085,-0.7087796061726507,0.11619717627763748,8574900224.0,0.8595498204231262,1,1,1,0,0,0,0,0
75959369962912371,243.226846615512,55.928196969185365,0.18995149433612823,24760999936.0,0.9954530000686646,1,0,0,0,0,0,0,0
38558094669666099,37.46119381808852,-4.136163992052632,0.2224925011396408,17323999232.0,0.763278603553772,1,0,0,0,0,0,0,0
75338824498053270,243.28224423171594,54.086484462498255,0.2245311588048935,31633000448.0,0.7129750847816467,1,1,0,0,0,1,0,0
42687864638574911,351.33901604315565,0.616253675888549,0.17579996585845947,12721000448.0,0.5674304962158203,1,0,0,0,0,0,0,0
37493651449869819,37.605917147544055,-4.571285371501642,0.2761339843273163,118059999232.0,0.9107917547225952,1,1,0,0,0,1,0,0
43158747673024239,150.01043981632412,2.7931135377075216,0.26083627343177795,176499998720.0,0.3451169729232788,1,1,0,0,0,1,1,0
37494342939596494,36.70156031803082,-4.464147468213631,0.3257041275501251,77110001664.0,0.7940508127212524,1,0,0,0,0,0,0,0
43158730493160765,150.08023756998384,2.064790832806928,0.3048956096172333,164449992704.0,0.47603410482406616,1,1,0,0,1,0,0,0
75339524577724856,241.3974666460228,54.6925681074714,0.21822509169578552,18125000704.0,0.947586178779602,1,0,0,0,0,0,0,0
41623279684845809,353.0912666209964,-0.1403000008455494,0.07630129903554916,8141899776.0,0.8577280044555664,1,1,0,0,1,1,1,0
38558227813651528,37.18139715840408,-4.324582422530055,0.2717709243297577,22560999424.0,0.9042676687240601,1,0,0,0,0,0,0,0
75339378548832808,241.8644103473838,54.310257405877785,0.18215227127075195,37093998592.0,0.9071466326713562,1,1,0,0,1,1,1,0
38553692328191536,35.90766573914527,-4.286862845125928,0.2444368302822113,18649999360.0,0.8003191351890564,1,0,0,0,0,0,0,0
37489777389367657,35.27765655922619,-5.697619803065518,0.22170905768871307,74192003072.0,0.5398751497268677,1,0,0,0,0,0,0,0
75339515987791352,241.46844000128974,54.362077644528384,0.19023773074150085,138099998720.0,0.5725710391998291,1,0,0,0,0,0,0,0
41619555948200266,350.80980573577136,-0.698190971664057,0.1338505744934082,29311000576.0,0.8405611515045166,1,0,0,0,0,0,0,0
42094544971389530,150.7023858566232,0.7086906914926707,0.1559842824935913,12135999488.0,0.8319408893585205,1,0,0,0,0,0,0,0
42687993487592822,351.14209888806874,0.2269891191606406,0.27791616320610046,13377999872.0,0.8586620092391968,1,0,0,0,0,0,0,0
38554242084013349,35.12511303734395,-4.2384150258836035,0.25055837631225586,27199000576.0,0.5820695757865906,1,0,0,0,0,0,0,0
41623558857715292,352.6973600912783,-0.037878980216978414,0.16410134732723236,10547000320.0,0.8785573244094849,1,0,0,0,0,0,0,0
37489648540356213,35.45278528832138,-5.3072874504142495,0.38971495628356934,32029999104.0,0.5094996094703674,1,1,0,0,0,0,1,0
75338562505051094,243.65168713011792,54.67280013060924,0.22113186120986938,10842999808.0,0.6214337944984436,1,0,0,0,0,0,0,1
37493926327772971,37.11499405793841,-4.659630132365702,0.24599233269691467,29874999296.0,0.56087327003479,1,0,0,0,0,0,0,0
38554117529958266,35.306900586701886,-3.6427025277949396,0.32948407530784607,74276003840.0,0.7306209802627563,1,0,0,0,0,0,0,0
75338961937008923,242.6688222608399,54.10846680940008,0.33593839406967163,77364002816.0,0.9609395861625671,1,1,0,0,0,1,1,0
43154074748608615,148.92448105067143,2.7686962193971305,0.33599111437797546,106580000768.0,0.7176182270050049,1,0,0,0,0,0,0,0
75958949056118891,244.27381178158424,55.58549797165674,0.27711254358291626,23320999936.0,0.8361546993255615,1,0,0,0,0,0,0,0
37493922032808147,37.24573426314043,-4.789254062999534,0.17985905706882477,15303000064.0,0.6694973707199097,1,0,0,0,0,0,0,0
76557895130454628,243.277023759136,56.591849097008534,0.19698689877986908,12392999936.0,0.7994242906570435,1,0,0,0,0,0,0,1
41619147926306540,351.2112378895175,-0.5455542030408338,0.3131598234176636,10040000512.0,0.7432875037193298,1,0,0,0,0,0,0,0
41623666231900208,352.6148273417135,-1.3299935693628064,0.23722361028194427,34532999168.0,0.6008003354072571,1,0,0,0,0,0,0,0
41624237462545371,351.8815426216546,-0.44304186351789876,0.15112589299678802,39065001984.0,0.6202961206436157,1,1,0,0,0,1,0,0
42094407532436291,150.99417543586898,0.7366228722497938,0.06480104476213455,7221700096.0,0.9471597671508789,1,0,0,0,0,0,0,0
38554121824914092,35.24648920112949,-3.621146104139418,0.21464267373085022,61439000576.0,0.9090809226036072,1,0,0,0,0,0,0,0
74696452009392847,242.7702926606576,53.37869487442594,0.1171083003282547,6532599808.0,0.5100864768028259,1,0,0,0,0,0,0,0
76552539306229802,242.7013803076967,56.70281301820636,0.10306471586227417,36198998016.0,0.7310412526130676,1,0,0,0,0,0,0,0
37493917737839585,37.12632604334809,-4.976400885766464,0.24202288687229156,58339000320.0,0.8766970634460449,1,0,0,0,0,0,0,0
42090013780892838,149.53065172179035,0.9175228029902289,0.19168855249881744,58084999168.0,0.6572129726409912,1,1,0,0,0,1,0,0
42085065978566419,148.75745658688365,0.9695217714107826,0.08682608604431152,7812899840.0,0.9595863223075867,1,1,0,0,0,1,1,0
75959073610182862,243.6800087198913,55.126605719959585,0.23382680118083954,4655600128.0,0.516024649143219,1,0,0,0,0,0,0,0
75954705628419080,241.22850085083036,56.392183999691724,0.13618382811546326,154349993984.0,0.8785039186477661,1,0,0,0,0,0,0,0
41619298250156633,351.0770126283495,-0.033011128874421085,0.30740317702293396,277310013440.0,0.9309696555137634,1,1,0,1,0,1,1,0
41618864458468458,351.7090309298888,-0.8709952570054738,0.21225418150424957,102940000256.0,0.5455875396728516,1,0,0,0,0,0,0,0
37489090194599070,36.29218561540141,-5.752113059910794,0.20749631524085999,14663000064.0,0.8406283855438232,1,1,0,0,0,1,0,0
37489657130276579,35.520970086066185,-5.093560890588172,0.21626226603984833,82267996160.0,0.7905982136726379,1,1,0,0,0,1,0,0
37488978525450551,36.412908745317544,-4.569886609087623,0.21244455873966217,50089000960.0,0.9651674032211304,1,1,0,0,1,0,0,0
37494059471756954,36.91782090520426,-4.861216465884568,0.29264435172080994,22215999488.0,0.9613757133483887,1,0,0,0,0,0,0,0
75339090786027499,242.5055817124639,53.75571860573888,0.14409251511096954,9272599552.0,0.8139081001281738,1,1,0,0,1,1,1,0
41619427099182939,350.93157893985966,-0.3073930694176388,0.29851746559143066,77090996224.0,0.7907875776290894,1,0,0,0,0,0,0,0
37494325759732928,36.56293885587407,-5.139760614688551,0.07603611797094345,5920900096.0,0.878200352191925,1,0,0,0,0,0,0,0
74701812128580938,243.1289016761075,53.36594930654837,0.37572944164276123,25578999808.0,0.8817461729049683,1,0,0,0,0,0,0,0
75338687059095911,243.59850551146246,54.064565523691904,0.11439675092697144,19261999104.0,0.6222605109214783,1,1,0,0,0,1,0,0
38553709508057763,35.81191829192825,-3.5320383492635865,0.2621043622493744,67917000704.0,0.7204676270484924,1,0,0,0,0,0,0,0
42687868933534993,351.31145869998517,0.7261325834460005,0.15021389722824097,18136999936.0,0.6600670218467712,1,0,0,0,0,0,0,0
42688002077525077,351.0899855039646,0.6030589591839703,0.2646946310997009,29009000448.0,0.8283587694168091,1,1,0,0,0,1,0,0
38558640130518373,36.650747481936264,-4.225925457131175,0.18991589546203613,61961998336.0,0.7412852048873901,1,1,0,0,0,1,0,0
42692133836064921,352.8803161521355,0.9481758731927612,0.16923058032989502,99032997888.0,0.9717260599136353,1,0,0,0,0,0,0,0
75954542419681071,241.66276111710826,55.25498653353677,0.30736568570137024,126039998464.0,0.46385735273361206,1,1,0,0,0,1,0,0
75959507401872023,242.85829886202504,55.98386253439779,0.08671688288450241,14234999808.0,0.9097648859024048,1,0,0,0,0,0,0,0
75954551009600413,241.58069846176767,55.54381264178769,0.1727665811777115,60643999744.0,0.6170123219490051,1,0,0,0,0,0,0,0
75344047178284353,243.82129157232168,54.130068229037704,0.2827383279800415,17312999424.0,0.607978880405426,1,0,0,0,0,0,0,0
37494201205674952,36.82980536911441,-4.6847025958110455,0.047094572335481644,3280600064.0,0.984648585319519,1,0,0,0,0,0,0,0
37489670015174825,35.46148843207537,-4.550112373336218,0.36766332387924194,20116000768.0,0.6099280714988708,1,0,0,0,0,0,0,0
75959241113897156,243.4591262841268,56.350498191957236,0.1519538015127182,97978998784.0,0.6837760210037231,1,0,0,0,0,0,0,0
75338687059101736,243.56558480135135,54.15012460496361,0.1694619357585907,81780998144.0,0.9709005355834961,1,0,0,0,0,0,0,0
75338953347062340,242.9454844227361,53.65868574351567,0.2172764539718628,13233000448.0,0.7420364618301392,1,0,0,0,0,0,0,1
37489382252372361,35.873475429448796,-5.060757487307024,0.12952972948551178,50868998144.0,0.8743401765823364,1,0,0,0,0,0,0,0
40550710386906078,350.9064610022281,-1.5597560400398807,0.14015156030654907,15406999552.0,0.9302794933319092,1,0,0,0,0,0,0,0
37489098784536673,36.193566019073444,-5.349900532810852,0.291253924369812,33706999808.0,0.6999626159667969,1,0,0,0,0,0,0,0
37484722212854327,34.8520608075898,-4.514183786108044,0.12493342906236649,52870000640.0,0.7629925608634949,1,0,0,0,0,0,0,0
42697219077328714,353.5175070430068,0.8541509680422396,0.14254824817180634,25326999552.0,0.8028585314750671,1,0,0,0,0,0,0,0
43158189327266275,150.79575719816938,2.3871738762167376,0.17382016777992249,16993000448.0,0.9324477910995483,1,0,0,0,0,0,0,0
37489103079505229,36.23290929373879,-5.137139403444584,0.13947676122188568,22843000832.0,0.9982055425643921,1,1,0,0,1,1,0,0
42691858958156187,353.3129034642095,0.9611749107123618,0.23538167774677277,4786999808.0,0.737373948097229,1,0,0,0,0,0,0,0
75959636250892832,242.33112463134466,55.63347052112993,0.2186334878206253,209779998720.0,0.8213678002357483,1,1,1,0,0,0,0,0
75959631955921541,242.37416494976748,55.430233189421706,0.30155661702156067,28135999488.0,0.8839579820632935,1,1,0,0,0,1,1,0
41623679116808225,352.5568181855937,-0.7100393327222566,0.1690746694803238,48719998976.0,0.6861250996589661,1,0,0,0,0,0,0,0
42692541857949395,352.4640444572113,0.6888304091192019,0.24392284452915192,142590001152.0,0.792790412902832,1,0,0,0,0,0,0,0
75959631955929105,242.4148332804042,55.4810801640292,0.12132863700389862,15205999616.0,0.7822070121765137,1,0,0,0,0,0,0,0
75959644840824761,242.41923300133425,55.98003781106595,0.25975969433784485,5696000000.0,0.8651297092437744,1,0,0,0,0,0,0,1
44227451500390054,151.60194687342104,3.315431182675995,0.28980132937431335,25046999040.0,0.5807400345802307,1,0,0,0,0,0,0,0
41619289660228072,351.0693075145565,-0.3402430207758975,0.10110879689455032,46926000128.0,0.9659026861190796,1,0,0,0,0,0,0,0
41618864458469843,351.74260634741364,-0.8673344896633247,0.124385304749012,20199000064.0,0.670924186706543,1,0,0,0,0,0,0,0
75343918329260618,244.12232416279622,54.42320544441822,0.11634131520986557,49343000576.0,0.9045281410217285,1,1,0,0,1,1,0,0
42697214782378663,353.4217523270251,0.8301275803326842,0.12456921488046646,21545000960.0,0.8669958114624023,1,0,0,0,0,0,0,0
38553696623162941,35.79913321153392,-4.0694437954012335,0.38904258608818054,27492999168.0,0.5007151961326599,1,0,0,0,0,0,0,0
42094682410342730,150.49510278773673,0.7152653635984368,0.05386325344443321,14908000256.0,0.868593692779541,1,0,0,0,0,0,0,0
75959507401866109,242.9304875978971,55.92355661757853,0.18369454145431519,38878998528.0,0.5378130674362183,1,0,0,0,0,0,0,0
41618873048390414,351.733495287799,-0.5884783640598459,0.2449926733970642,71436001280.0,0.7875823974609375,1,0,0,0,0,0,0,0
38554126119880576,35.39443888422011,-3.420487592678895,0.31272441148757935,11100000256.0,0.6432236433029175,1,0,0,0,0,0,0,0
75959365667954721,243.09005596949234,55.86212238026198,0.2460690289735794,69926002688.0,0.7215527892112732,1,0,0,0,0,0,0,0
75959365667951955,243.21834783828422,55.81372924006376,0.19779661297798157,60323999744.0,0.7848436832427979,1,0,0,0,0,0,0,0
75954426455547735,241.76453366718553,56.073841059291595,0.26298072934150696,3556600064.0,0.6979033350944519,1,1,0,0,0,1,0,0
41619568833102130,350.6898783016612,-0.12021229556657217,0.28802040219306946,112119996416.0,0.5013818144798279,1,0,0,0,0,0,0,0
75339528872699560,241.41043246118693,54.91174263358542,0.18823795020580292,3890700032.0,0.6323144435882568,1,0,0,0,0,0,0,0
38554375227999658,34.99214680073018,-4.411212349816949,0.3950932025909424,58366001152.0,0.9373642206192017,1,0,0,0,0,0,0,0
75954821592542680,240.85401008830462,55.37951273129798,0.09305906295776367,50345000960.0,0.9305663704872131,1,0,0,0,0,0,0,0
38553559184205525,36.00637891812649,-4.058857549830248,0.39620837569236755,42878001152.0,0.8577288389205933,1,0,0,0,0,0,0,0
37489111669438139,36.296154357875714,-4.787745433616659,0.3363032042980194,66067001344.0,0.5512678623199463,1,0,0,0,0,0,0,0
75954413570661932,241.78511091809395,55.647120727393684,0.23911438882350922,29109000192.0,0.7928063869476318,1,0,0,0,0,0,0,0
75343789480258897,244.25188636943275,54.9423259944177,0.13565264642238617,19452000256.0,0.7093229293823242,1,0,0,0,0,0,0,0
75958803027238603,244.45538165836507,55.296223132016735,0.14432576298713684,25479999488.0,0.7061744928359985,1,0,0,0,0,0,0,0
42089743197954908,149.76530037474663,1.146431205212158,0.09570448845624924,30350999552.0,0.9458736777305603,1,0,0,0,0,0,0,0
75955092175482055,240.06145437629377,55.23134737065197,0.3507585823535919,45937000448.0,0.7805658578872681,1,0,0,0,0,0,0,1
37484975615932659,34.4270166665257,-5.389955885027635,0.2552434802055359,15857000448.0,0.7403977513313293,1,0,0,0,0,0,0,0
37488952755638585,36.43251201261427,-5.797658335125069,0.1942208856344223,11463999488.0,0.5371681451797485,1,0,0,0,0,0,0,0
42687856048638172,351.28702789219176,0.21842370274949063,0.14211079478263855,21916999680.0,0.725603461265564,1,0,0,0,0,0,0,0
43154319561745868,148.63352299234742,1.5000404687930293,0.15193518996238708,62489001984.0,0.8767752647399902,1,1,0,0,0,1,1,0
38554375227996580,35.027882758324054,-4.460699788097725,0.12235916405916214,4804800000.0,0.7145378589630127,1,0,0,0,0,0,0,0
42094141244466940,151.31817949814823,1.0905147197252865,0.1771288514137268,33724999680.0,0.7232676148414612,1,0,0,0,0,0,0,0
37489657130285440,35.50902332081628,-4.975053577574948,0.15562568604946136,155590000640.0,0.9595123529434204,1,0,0,0,0,0,0,0
37494063766722503,37.01320217565404,-4.668232292308864,0.27345579862594604,41415000064.0,0.586243212223053,1,0,0,0,0,0,0,0
44227447205427670,151.52540380180633,3.2217063850594574,0.19737793505191803,26950000640.0,0.5996119976043701,1,1,0,0,0,1,0,0
75339112260864273,242.35387190845495,54.70397680217226,0.12964564561843872,41782001664.0,0.9371742010116577,1,0,0,0,0,0,0,0
38548894849722516,34.94559799842769,-3.639718259116922,0.210597425699234,113930002432.0,0.8340482711791992,1,0,0,0,0,0,0,0
75339090786017214,242.59617065821544,53.661263940565064,0.23180437088012695,125099999232.0,0.602022111415863,1,0,0,0,0,0,0,0
42692808145940074,351.9565266250685,0.4579261533669557,0.19833199679851532,27330000896.0,0.8307627439498901,1,0,0,0,0,0,0,0
41623528792950164,352.729187756326,-1.2360721705347704,0.201361283659935,29380999168.0,0.5938980579376221,1,0,0,0,0,0,0,0
75338837382960581,243.06555230364677,54.70128769640056,0.2326887995004654,62354001920.0,0.7153970003128052,1,0,0,0,0,0,0,0
41628502365074452,353.49398062770126,-0.18333659622639964,0.1916331648826599,26749999104.0,0.6501083374023438,1,0,0,0,0,0,0,1
44227305471501727,151.76137769210476,2.9887317790616326,0.3727637231349945,21450000384.0,0.881533682346344,1,0,0,0,0,0,0,1
41618855868521621,351.6180177491865,-1.3762700386010158,0.15745298564434052,17851000832.0,0.517068088054657,1,1,0,0,0,1,0,1
37494338644637708,36.588471228414804,-4.5815421388942275,0.07181888818740845,10462000128.0,0.9729288816452026,1,0,0,0,0,0,0,0
43163150014504312,151.5348224364574,2.9690673491525974,0.055754683911800385,7010800128.0,0.9940738677978516,1,1,0,1,0,0,0,0
75959503106899955,242.65268337497906,55.764100116185226,0.1788223832845688,160269991936.0,0.7977442145347595,1,1,0,0,1,1,0,0
38558090374698896,37.448567487478385,-4.317033569456948,0.24606944620609283,13605000192.0,0.9005602598190308,1,1,0,0,0,1,1,0
38553434630145392,36.18435882942642,-3.4903028333454698,0.20522059500217438,93064003584.0,0.8550477623939514,1,0,0,0,0,0,0,0
75959232523966503,243.4201941767057,55.98341254731305,0.1473349630832672,7415000064.0,0.6754964590072632,1,0,0,0,0,0,0,0
44218109946515755,149.23237614555487,3.4703990452136426,0.16000594198703766,16305000448.0,0.5433331727981567,1,0,0,0,0,0,0,0
38554100350085721,35.24041894546934,-4.4532981189566225,0.2577037811279297,12167999488.0,0.8037580251693726,1,0,0,0,0,0,0,0
75959623365992232,242.46523304453973,55.11874220026994,0.24126435816287994,96712998912.0,0.7579629421234131,1,1,0,0,0,1,1,0
38558365252604833,37.0817517875856,-4.344960539538741,0.22194233536720276,48931000320.0,0.6813124418258667,1,0,0,0,0,0,0,1
42692821030832548,352.0980031987866,0.9425062918215026,0.2315308004617691,15086000128.0,0.5786410570144653,1,0,0,0,0,0,0,0
75338545325178345,243.61786424846684,53.9263571862459,0.17651572823524475,29835999232.0,0.7311484813690186,1,0,0,0,0,0,0,0
42692821030833410,352.059905611616,0.9575834377389827,0.23140883445739746,58704998400.0,0.9364811182022095,1,0,0,0,0,0,0,0
37489244813420751,36.09681099633719,-5.027163854958429,0.3542731702327728,28786999296.0,0.6223597526550293,1,0,0,0,0,0,0,0
37489390842313626,35.83178289482066,-4.59510611656186,0.2951396703720093,13648000000.0,0.8015223741531372,1,1,0,0,0,1,1,0
37488952755638126,36.38944677961682,-5.8148428514523145,0.22540895640850067,7125799936.0,0.6311520338058472,1,0,0,0,0,0,0,0
42697335041459072,353.3888416161148,0.02771105344511852,0.16940826177597046,20142000128.0,0.6578722596168518,1,0,0,0,0,0,0,0
74696585153366135,242.68533498828884,53.19703035819524,0.1102624461054802,35967000576.0,0.9314295053482056,1,1,0,0,1,0,0,0
41619263890426049,351.1147459460145,-1.407989470872372,0.19623544812202454,88897003520.0,0.7916494607925415,1,0,0,0,0,0,0,0
76557899425418301,243.2295971162733,56.71997306080908,0.14795318245887756,7356400128.0,0.794913649559021,1,0,0,0,0,0,0,0
42090013780892839,149.53214590964427,0.9123536869117864,0.22334466874599457,45900001280.0,0.9533509612083435,1,0,0,0,0,0,0,0
38554388112896767,35.02085433041593,-3.827081018688143,0.0970357358455658,8868200448.0,0.8524149656295776,1,0,0,0,0,0,0,0
37489249108392068,36.04782997932144,-4.795828154479611,0.10471101850271225,11296000000.0,0.8964890241622925,1,0,0,0,0,0,0,0
42094557856301696,150.8192309662919,1.351643648916477,0.26012277603149414,50868998144.0,0.9673380851745605,1,0,0,0,0,0,0,1
41623674821834111,352.538883377005,-0.9756303717243323,0.09400515258312225,8062700032.0,0.9649043083190918,1,0,0,0,0,0,0,0
38553962911134885,35.47817438500472,-4.417128879777352,0.21749424934387207,22326999040.0,0.8333015441894531,1,1,0,0,1,0,0,0
43162982510777707,151.73593790783866,1.7176548680737385,0.09793797880411148,24566999040.0,0.9946345090866089,1,0,0,0,0,0,0,0
37489919123284558,35.19510891028044,-5.5790191807487535,0.21827389299869537,50306998272.0,0.6133716106414795,1,0,0,0,0,0,0,0
37489919123281729,35.11871556061876,-5.618052488255363,0.09029196947813034,18300999680.0,0.9447022676467896,1,1,0,0,0,1,0,0
38558511281496821,36.83571788323358,-3.8764498051758007,0.12164058536291122,12117999616.0,0.8802969455718994,1,0,0,0,0,0,0,0
38549569159597426,34.06313875181456,-4.243654524754185,0.29719406366348267,32771000320.0,0.8948113918304443,1,1,0,0,0,1,0,0
41623258209997940,353.09981901191645,-1.1997473675934764,0.2108035385608673,146179997696.0,0.8315356969833374,1,1,0,0,0,1,0,0
38558373842547467,37.0761680312336,-3.838171359694684,0.0974351167678833,38742999040.0,0.9575692415237427,1,0,0,0,0,0,0,0
38558781864433674,36.50194235368985,-4.086327359819294,0.1897294819355011,34403000320.0,0.8235741257667542,1,0,0,0,0,0,0,0
37489644245386639,35.5551544530005,-5.523234015536701,0.09100735932588577,11173000192.0,0.8684973120689392,1,1,0,1,0,0,0,0
38553709508058598,35.91593014838908,-3.5196559703651364,0.2876807749271393,53359001600.0,0.8593963384628296,1,0,0,0,0,0,0,1
75343643451366973,244.7406281437036,54.55950567133592,0.08772464096546173,33251000320.0,0.8035971522331238,1,0,0,0,0,0,0,0
38558369547580664,37.03138091707735,-4.023425759600149,0.36911097168922424,78216003584.0,0.7571032047271729,1,0,0,0,0,0,0,0
38558098964637640,37.29034233277406,-3.8918576463243157,0.17669905722141266,60885000192.0,0.8735480308532715,1,1,0,0,0,1,0,0
42090013780889106,149.44583935008845,0.8735745625314587,0.2254103571176529,71014998016.0,0.8488631844520569,1,1,0,0,0,1,1,0
38553971501068218,35.57600461302895,-4.062053234104622,0.265642374753952,33990000640.0,0.8755562901496887,1,0,0,0,0,0,0,0
41623391353993745,353.034287596402,-1.279074336990893,0.34578731656074524,101740003328.0,0.6026514768600464,1,0,0,0,0,0,0,0
44218109946525592,149.37333130659593,3.579537561243188,0.13153189420700073,35812999168.0,0.9175875782966614,1,0,0,0,0,0,0,0
38558511281496782,36.776883317416235,-3.8789182926702073,0.20113280415534973,22733000704.0,0.7145295739173889,1,0,0,0,0,0,0,0
37484851061869238,34.50744144904192,-4.8504089044743015,0.1629781723022461,42660999168.0,0.5727457404136658,1,0,0,0,0,0,0,0
75339086491059172,242.5218360379241,53.55651973384188,0.09712722897529602,17510000640.0,0.8862346410751343,1,1,0,0,0,1,0,0
75955087880516089,240.05608615207439,55.123402439133514,0.13053137063980103,10033999872.0,0.5703094005584717,1,0,0,0,0,0,0,0
38553834062110581,35.682785039930764,-4.108940231737866,0.13756196200847626,18289999872.0,0.7288770079612732,1,0,0,0,0,0,0,0
42687860343606501,351.3752825071913,0.42341375241704804,0.24559316039085388,82992996352.0,0.5581469535827637,1,1,0,0,0,1,0,0
38558373842545993,36.97434515517764,-3.8494453642086115,0.17254520952701569,11447000064.0,0.7561243772506714,1,0,0,0,0,0,0,0
75954572484432600,241.59029356528097,56.459216759119556,0.3478976786136627,108759998464.0,0.9425990581512451,1,0,0,0,0,0,0,1
38558648720440922,36.689539427752,-3.992881487608147,0.18167085945606232,45267001344.0,0.6233812570571899,1,0,0,0,0,0,0,0
38554246378967025,35.206318590433995,-4.167178265480498,0.2853601276874542,108300001280.0,0.5336166024208069,1,0,0,0,0,0,0,0
43158610234079269,150.285040976792,2.854069163353657,0.11429043859243393,54658998272.0,0.9141625165939331,1,1,1,0,0,0,1,0
75959378552853311,243.15615107860486,56.35157914300041,0.19462734460830688,34624999424.0,0.5873903036117554,1,0,0,0,0,0,0,0
43158734788118334,150.0571903406834,2.205913305932697,0.23948439955711365,22463000576.0,0.3344274163246155,1,1,0,0,0,1,1,0
43158060478256859,150.90513341844772,2.7332946347868528,0.20253582298755646,24792000512.0,0.5273473262786865,1,1,0,0,0,1,0,0
37489090194603137,36.210228352237074,-5.675528121290868,0.08326876908540726,45617999872.0,0.9927405118942261,1,1,0,0,0,1,0,0
75959636250895506,242.53680653642093,55.65189750059705,0.2148464173078537,16149000192.0,0.9193006157875061,1,0,0,0,0,0,0,0
43158056183295838,150.98782471143886,2.6103305368292613,0.2011803388595581,49626001408.0,0.7992986440658569,1,1,0,0,0,1,1,0
37489090194598342,36.312890239813036,-5.765043984164832,0.3139154613018036,56911998976.0,0.5062863826751709,1,0,0,0,0,0,0,1
44222782870946481,150.3554706723633,3.5940696079084744,0.14665409922599792,194029993984.0,0.8762693405151367,1,0,0,0,0,0,0,0
41619019077283953,351.5467953371157,-0.19681255474262835,0.1266406923532486,49012998144.0,0.9393346309661865,1,1,0,0,1,0,1,0
75959636250891981,242.40708779309534,55.626712545499814,0.2510647177696228,11025999872.0,0.7023345232009888,1,0,0,0,0,0,0,0
42692941289921938,351.8898897042686,0.2423484907912103,0.2899464964866638,152409997312.0,0.5735122561454773,1,1,0,0,0,1,1,0
75954959031503030,240.60300841670806,55.47195150751155,0.1736273318529129,18599999488.0,0.6485912203788757,1,0,0,0,0,0,0,0
75959378552855229,243.22168071798828,56.37180954648844,0.10014361888170242,5400800256.0,0.6652461290359497,1,0,0,0,0,0,0,0
37494050881818605,37.041431725713316,-5.14110663155301,0.2939406931400299,197280006144.0,0.5119766592979431,1,0,0,0,0,0,0,0
37493784593849096,37.327000132887775,-4.82943731631079,0.12373124063014984,81832001536.0,0.9674192667007446,1,0,0,0,0,0,0,0
43158867932110929,149.88018649549613,1.9879325977278937,0.2015707790851593,26261000192.0,0.9599800705909729,1,0,0,0,0,0,0,1
42697068753484492,353.75036045441584,0.415673981928838,0.21392972767353058,53944999936.0,0.7695276737213135,1,1,0,0,0,1,1,0
41618877343376970,351.72716738617714,-0.28184904389009946,0.18215157091617584,32391000064.0,0.8859882354736328,1,0,0,0,0,0,0,0
37489227633528423,36.154881028393525,-5.739879827721166,0.2889816462993622,26524999680.0,0.6510250568389893,1,0,0,0,0,0,0,0
75963892563456189,245.22826677831858,55.325362972973466,0.2573101222515106,35593998336.0,0.5321647524833679,1,0,0,0,0,0,0,0
43153937309663787,149.10862796155743,2.858749729114918,0.3209693431854248,36044001280.0,0.528467059135437,1,0,0,0,0,0,0,0
43158335356162183,150.5949911686448,2.755466874448473,0.08287933468818665,6222799872.0,0.8558559417724609,1,1,0,0,0,1,0,0
44227309766462180,151.64819193470407,3.1050249367970792,0.14083831012248993,29019000832.0,0.7147921919822693,1,0,0,0,0,0,0,0
37489244813424139,36.1093235887467,-4.988378653194558,0.19239933788776398,16295999488.0,0.6446144580841064,1,0,0,0,0,0,0,0
75959636250896387,242.5227709778634,55.66317638225541,0.2603163719177246,9417299968.0,0.7473342418670654,1,0,0,0,0,0,0,0
42090297248741046,149.14263965239175,1.3642266641211171,0.3253941833972931,120579997696.0,0.5253986120223999,1,0,0,0,0,0,0,0
37489098784534619,36.34415570043525,-5.381208503341678,0.3116532564163208,308500004864.0,0.5781577825546265,1,0,0,0,0,0,0,0
42094824144270519,150.39471814724112,0.9922511358143727,0.17282262444496155,11315999744.0,0.45192140340805054,1,1,0,1,0,0,0,0
37494330054697591,36.606774777212955,-5.010891609788021,0.186060830950737,27046000640.0,0.7733809947967529,1,0,0,0,0,0,0,0
38558373842544829,37.07918084358373,-3.8768861877803382,0.22567884624004364,47028998144.0,0.8783214092254639,1,0,0,0,0,0,0,0
43163115654769239,151.62227841570024,1.5141173326100188,0.139873668551445,89533997056.0,0.963348388671875,1,0,0,0,0,0,0,0
42094012395446446,151.5376120160897,1.4649480199283296,0.08442959189414978,4934400000.0,0.9835020303726196,1,0,0,0,0,0,0,0
41619835121067015,350.45344832523057,-0.6197083310433448,0.2939809262752533,167270006784.0,0.7736385464668274,1,1,0,0,0,1,0,0
38553709508052776,35.85325282919491,-3.599568993047369,0.20479226112365723,17050999808.0,0.6743228435516357,1,1,0,0,0,1,0,0
75334576775391937,240.4807829811991,54.720017491269864,0.2292068898677826,126970003456.0,0.8984894752502441,1,0,0,0,0,0,0,0
76552672450217084,242.5332638871647,56.53131020631553,0.24215616285800934,51484000256.0,0.7443862557411194,1,0,0,0,0,0,0,0
42692116656188492,353.0061787333593,0.10966914621713487,0.11920689046382904,58810998784.0,0.8520799875259399,1,0,0,0,0,0,0,0
42090013780892837,149.53391619297744,0.9146290954599559,0.1654977649450302,125070000128.0,0.9717272520065308,1,0,0,0,0,0,0,0
38558373842541081,37.08230075018944,-3.928064968559445,0.24141478538513184,71816003584.0,0.8356683850288391,1,0,0,0,0,0,0,0
37484851061887336,34.51799024451473,-4.7641968727857185,0.3623066842556,93406003200.0,0.7896178960800171,1,1,0,0,0,1,1,0
37489523986290125,35.78964179889031,-4.887651047464518,0.14372189342975616,19835000832.0,0.6308380961418152,1,1,0,1,0,0,0,0
75959631955927173,242.51611350393392,55.47391950384234,0.2808402180671692,342410002432.0,0.5901709794998169,1,0,0,0,0,0,0,0
43154345331545410,148.6456877639097,2.596113662531638,0.09724142402410507,13278000128.0,0.9821958541870117,1,0,0,0,0,0,0,0
37489115964395858,36.209867370102245,-4.700309378792029,0.21347135305404663,50133999616.0,0.610249400138855,1,0,0,0,0,0,0,1
75343909739337412,244.14721631218026,54.1934564297658,0.19435837864875793,151710007296.0,0.918948769569397,1,0,0,0,0,0,0,0
38558640130507370,36.64096301395456,-4.365069599201389,0.20880265533924103,55264002048.0,0.8295347690582275,1,0,0,0,0,0,0,0
75954684153597009,241.08168176582626,55.45503997779571,0.27125319838523865,51354001408.0,0.7314581871032715,1,0,0,0,0,0,0,0
75338841677922112,243.1205918383106,54.840393770026935,0.23651264607906342,92680003584.0,0.9857370853424072,1,0,0,0,0,0,0,0
42692958469787938,351.9004879168656,0.9514908089411289,0.30025777220726013,27800000512.0,0.6116787195205688,1,0,0,0,0,0,0,0
43158584464260411,150.17402364252973,1.6118875536681447,0.10907385498285294,40500998144.0,0.8377755880355835,1,1,0,1,0,1,0,0
74696731182266775,242.14310447778115,53.52671970009555,0.19302603602409363,35996000256.0,0.4163585305213928,1,1,0,0,0,1,1,0
38553984385968949,35.55678302613951,-3.462162949060179,0.23868012428283691,40513998848.0,0.6521525382995605,1,0,0,0,0,0,0,0
75334160163568069,241.2005344807946,54.50863136068607,0.2713911533355713,37105999872.0,0.5391720533370972,1,0,0,0,0,0,0,0
74696731182264052,242.21342225902333,53.50413531253795,0.20463348925113678,56631001088.0,0.9433484077453613,1,1,0,0,0,1,1,0
37485405112665618,33.75579252508266,-4.601613608188739,0.18979883193969727,40085999616.0,0.4341830015182495,1,1,0,0,0,1,0,1
75959644840826969,242.43809449907695,56.00389226394306,0.2160513550043106,21667000320.0,0.9350419044494629,1,0,0,0,0,0,0,1
37489807454132937,35.37969537919802,-4.495733229082618,0.2644537389278412,72869003264.0,0.8687235713005066,1,1,0,0,0,1,0,0
41618868753437440,351.6211093810542,-0.6881900362780464,0.10605038702487946,54989000704.0,0.954511284828186,1,0,0,0,0,0,0,0
43154044683847555,148.90982748649853,1.5740513431030787,0.17275011539459229,24142000128.0,0.5469460487365723,1,0,0,0,0,0,0,0
38558640130517776,36.71502441659942,-4.237589472115744,0.1701193004846573,128299999232.0,0.9527149200439453,1,0,0,0,0,0,0,0
42692129541102032,352.8944048270248,0.8195941943809114,0.3240496516227722,104789999616.0,0.7237336039543152,1,1,0,0,0,1,1,0
75959382847813901,243.1033304993655,56.50320034392279,0.07389728724956512,11630999552.0,0.9109544157981873,1,0,0,0,0,0,0,0
41618873048395590,351.7215810607079,-0.5739719345721015,0.3570040166378021,38294999040.0,0.5933595895767212,1,1,0,0,0,1,0,0
76552535011271365,242.80775482975662,56.592889643819966,0.14572498202323914,70975995904.0,0.5788252353668213,1,0,0,0,0,0,0,0
37489790274262503,35.258418992080955,-5.264769388755833,0.17077526450157166,39879999488.0,0.57377690076828,1,0,0,0,0,0,0,0
75959223934028338,243.32819631848025,55.64788989466948,0.3176957070827484,163770007552.0,0.7425337433815002,1,1,0,0,1,0,0,0
75959636250889136,242.59415683056181,55.59088936334888,0.09397520869970322,7690500096.0,0.8177923560142517,1,0,0,0,0,0,0,0
43163141424570388,151.49394655311804,2.577911246022749,0.17004388570785522,6529900032.0,0.981869101524353,1,0,0,0,0,0,0,0
75339223930012844,242.08845937425215,53.5567389294616,0.25553032755851746,25106999296.0,0.7999513149261475,1,0,0,0,0,0,0,0
38553834062113293,35.64598531441754,-4.082730985632258,0.13899846374988556,6818800128.0,0.8606574535369873,1,1,0,0,0,1,0,0
38553550594272032,36.16238318406825,-4.4517515677885084,0.14048424363136292,11429000192.0,0.8492587804794312,1,1,0,0,1,1,0,0
38553851241978732,35.70243241189491,-3.349178836086855,0.17779387533664703,6533700096.0,0.7719273567199707,1,1,0,0,0,1,1,0
75958944761153742,244.15866849726058,55.380154452616395,0.1798546016216278,26676000768.0,0.5821263790130615,1,0,0,0,0,0,0,0
75339253994795588,242.03931902672343,54.94521256056878,0.26260992884635925,7883599872.0,0.7919411659240723,1,1,0,0,0,1,0,0
44227730673263696,151.24194032891685,3.5236122801357053,0.11575556546449661,7264000000.0,0.9975144267082214,1,1,0,1,0,0,1,0
38553700918126894,35.94095499852619,-3.9306064788514616,0.33222901821136475,93583998976.0,0.8571665287017822,1,0,0,0,0,0,0,0
37488969935513199,36.427986343865015,-4.982634264271011,0.16850532591342926,50685001728.0,0.4124324917793274,1,1,0,1,0,0,0,0
38549161137692317,34.5357572773768,-4.174257559912182,0.27163493633270264,12629999616.0,0.5705137848854065,1,1,0,0,0,1,0,0
41623820850724024,352.4883080857504,-0.5695910876312207,0.17235568165779114,93632004096.0,0.9762353897094727,1,0,0,0,0,0,0,0
42089872046983646,149.70772506045583,0.8367146487124003,0.11258798837661743,10485999616.0,0.8913842439651489,1,0,0,0,0,0,0,0
42094282978381384,151.0188076978207,1.2132643617511782,0.1477956920862198,56660000768.0,0.89168381690979,1,0,0,0,0,0,0,0
75339107965890154,242.48856979939578,54.44471129011249,0.24678711593151093,102550003712.0,0.5460399389266968,1,0,0,0,0,0,0,0
37485542551607417,33.673561014022354,-4.5531062989151545,0.11148886382579803,52439998464.0,0.991223156452179,1,0,0,0,0,0,0,1
43158189327282593,150.7552526260887,2.4433047423647465,0.20815454423427582,27335999488.0,0.40453433990478516,1,1,0,0,1,0,1,0
37489395137268323,35.9748091062039,-4.541962275410017,0.28367704153060913,116139999232.0,0.9388235807418823,1,0,0,0,0,0,0,0
75958665588280404,244.65421907442018,55.27329084654239,0.2552025318145752,76914999296.0,0.695960521697998,1,0,0,0,0,0,0,0
37494467493651306,36.483280584962614,-4.975831247447549,0.21777883172035217,4407000064.0,0.8832936882972717,1,1,0,0,0,0,1,0
37484859651810779,34.618769164173585,-4.523769248574131,0.21865899860858917,65514999808.0,0.6044875979423523,1,0,0,0,0,0,0,0
38549564864633370,34.028938224824664,-4.3841301202911165,0.14969587326049805,3753999872.0,0.5971165299415588,1,0,0,0,0,0,0,0
42094270093488547,151.16909980401613,0.8030638776590743,0.3306547999382019,57550999552.0,0.8749189376831055,1,0,0,0,0,0,0,0
42697060163552309,353.76422357220446,0.0672082588884596,0.10332080721855164,5711200256.0,0.8615545034408569,1,0,0,0,0,0,0,0
75338833087994490,243.02508060436622,54.549214982837775,0.13837218284606934,18254999552.0,0.628108561038971,1,0,0,0,0,0,0,0
42085207712469646,148.54509828251813,1.1972572666286836,0.2734469473361969,14919000064.0,0.7576161623001099,1,0,0,0,0,0,0,0
44222649726950099,150.58985231553254,3.693464614724893,0.3792600631713867,55479001088.0,0.8670196533203125,1,0,0,0,0,0,0,0
37489257698320774,36.00105790501357,-4.474909906875987,0.18478435277938843,17923000320.0,0.5465599894523621,1,0,0,0,0,0,0,0
75339086491059589,242.49608521010703,53.56052388627011,0.11036402732133865,17888000000.0,0.7699302434921265,1,1,0,0,0,1,1,0
42692266980042685,352.7802331888771,0.6715639064096697,0.1314300000667572,21539000320.0,0.8993304967880249,1,0,0,0,0,0,0,0
38553554889240480,36.14289519669539,-4.258677683451816,0.20082619786262512,46260998144.0,0.9452942609786987,1,0,0,0,0,0,0,0
37488965640547784,36.406215238369846,-5.1654895857391185,0.19187694787979126,121079996416.0,0.6002981662750244,1,0,0,0,0,0,0,0
37484709327959371,34.78298093622262,-5.047400978062169,0.04639919847249985,47694999552.0,0.9817054271697998,1,0,0,0,0,0,0,0
38557952935752414,37.54762808127602,-4.211587562689007,0.2863515615463257,56298000384.0,0.8713085055351257,1,0,0,0,0,0,0,0
75954563894503151,241.39988799266388,56.08347740636909,0.12969525158405304,25304999936.0,0.8960446119308472,1,0,0,0,0,0,0,0
38558232108625772,37.16897622597994,-4.034834980148571,0.19322629272937775,66254000128.0,0.6844887733459473,1,0,0,0,0,0,0,0
37484722212850591,34.72718420315849,-4.551204411826882,0.18594445288181305,69056004096.0,0.6073979139328003,1,1,0,0,0,1,0,0
42691987807173906,353.19744394812443,0.5348608430800705,0.3999127149581909,204000002048.0,0.8593089580535889,1,1,0,0,0,1,0,0
38554113234989539,35.32629391010882,-3.8971468240680176,0.3480832874774933,158009999360.0,0.8333171606063843,1,0,0,0,0,0,0,0
41618718429583086,351.7811801132244,-1.2219447071844731,0.25657519698143005,234800005120.0,0.7953085899353027,1,0,0,0,0,0,0,0
42687856048634999,351.3394178791127,0.1724509914411927,0.10434743016958237,5185500160.0,0.7565907835960388,1,0,0,0,0,0,0,0
37493655744831269,37.501437681902694,-4.480584236005665,0.29474228620529175,84384997376.0,0.7707940936088562,1,0,0,0,0,0,0,0
43154341036567169,148.61449601885542,2.50987109913993,0.19735883176326752,15479000064.0,0.6553521752357483,1,0,0,0,0,0,0,0
75964030002431664,244.91985275732853,55.38454746741497,0.10381662845611572,6507899904.0,0.8173462152481079,1,0,0,0,0,0,0,0
42687589760661033,351.6121416956498,0.5042121353536086,0.2430148869752884,153719996416.0,0.9415038824081421,1,0,0,0,0,0,0,0
75954692743515343,241.04433298106795,55.70512757383978,0.3224968910217285,49784000512.0,0.8336814641952515,1,1,0,0,0,1,1,1
42093870661520710,151.60641783571313,1.232997726422146,0.15318284928798676,11345000448.0,0.9885914921760559,1,0,0,0,0,0,0,1
75344047178283947,243.83246262199452,54.11424928791821,0.22208766639232635,23060000768.0,0.8379771709442139,1,0,0,0,0,0,0,0
44223190892820063,149.88908441172296,3.2599188099809386,0.14672157168388367,19643000832.0,0.5405141711235046,1,0,0,0,0,0,0,1
42687856048638173,351.2733259796681,0.2173760606246697,0.14440660178661346,26608001024.0,0.9549678564071655,1,0,0,0,0,0,0,0
38558098964630141,37.34432269261766,-3.998597693564854,0.10455029457807541,24576999424.0,0.9449164867401123,1,1,0,1,0,0,0,0
38554259263866296,35.17336414546517,-3.5995469769580595,0.07574333250522614,6709499904.0,0.938174843788147,1,1,0,0,0,1,0,0
38558378137501843,37.02535350955783,-3.776819849499182,0.3713836371898651,24618000384.0,0.9524354934692383,1,0,0,0,0,0,0,0
75339649131758261,241.3058697846045,54.022579752615236,0.07205352187156677,24537999360.0,0.9394771456718445,1,0,0,0,0,0,0,0
75343918329266823,243.91992918292692,54.48337857845437,0.2426840215921402,67522998272.0,0.435092031955719,1,1,0,1,0,0,0,0
37493926327769703,37.22564233456079,-4.676395814037485,0.11983691900968552,88416002048.0,0.9512546062469482,1,0,0,0,0,0,0,0
75343793775206433,244.28630444469567,54.95869602318975,0.12971286475658417,33717000192.0,0.5891466736793518,1,0,0,0,0,0,0,0
43158863637143872,149.90403457609574,1.8520986552951242,0.12147928029298782,24057999360.0,0.5494534969329834,1,0,0,0,0,0,0,0
37490060857200330,35.008565537966,-5.483648330360255,0.3348067104816437,22663999488.0,0.6797553896903992,1,0,0,0,0,0,0,0
41619281070293039,351.0451565685412,-0.7549561311263742,0.2376745194196701,55621001216.0,0.6518746614456177,1,1,0,0,0,1,1,0
38553709508059883,35.889077487314346,-3.5010155821203366,0.09423496574163437,5170899968.0,0.8093717694282532,1,0,0,0,0,0,0,0
38558502691565680,36.7315262136065,-4.242252298414503,0.23184426128864288,53933998080.0,0.7689081430435181,1,0,0,0,0,0,0,0
75959498811929928,242.8078129583966,55.58030696092974,0.20308226346969604,138410000384.0,0.9832437038421631,1,1,0,0,1,0,1,0
75339232519943527,242.11758921456945,53.874003691402066,0.3241637647151947,16976000000.0,0.6096915602684021,1,1,0,0,0,1,0,0
37489382252379390,35.802595117175784,-4.971533924926392,0.14385752379894257,43162001408.0,0.6653376221656799,1,0,0,0,0,0,0,0
38553696623154466,35.97294578670955,-4.174597274085498,0.24433866143226624,7822600192.0,0.9088567495346069,1,0,0,0,0,0,0,0
37489395137268322,35.97749840259346,-4.5434069721918995,0.2551132142543793,100159995904.0,0.9939823746681213,1,0,0,0,0,0,0,0
75954426455565670,241.72925030505897,56.244525670060604,0.23991888761520386,28384000000.0,0.5301643013954163,1,0,0,0,0,0,0,0
38553554889240473,36.13018511886616,-4.245432404527094,0.2562267780303955,72814002176.0,0.6165252327919006,1,0,0,0,0,0,0,0
75338953347063800,242.8541833623388,53.6607878411696,0.3291155993938446,88877998080.0,0.5738977789878845,1,0,0,0,0,0,0,0
75954555304575090,241.6279118280379,55.814965178474026,0.24332210421562195,10558999552.0,0.9253514409065247,1,0,0,0,0,0,0,0
43158876522051338,149.8826427996428,2.44831608924014,0.3728008568286896,183479992320.0,0.5336620807647705,1,1,0,0,0,1,1,0
37485267673702190,34.109447499175005,-4.722679892377551,0.29662641882896423,30239000576.0,0.8381835222244263,1,0,0,0,0,0,0,0
74696860031264527,242.04407779647562,53.25365187838671,0.17267070710659027,20416999424.0,0.925216794013977,1,0,0,0,0,0,0,0
37489940598128404,35.15576931006492,-4.616114163897146,0.22563473880290985,14801999872.0,0.8095623254776001,1,0,0,0,0,0,0,0
37484851061869222,34.55901871459452,-4.923679292439396,0.17706677317619324,72773001216.0,0.8874940276145935,1,0,0,0,0,0,0,0
43154066158676434,148.97572165783416,2.421259056125902,0.16871492564678192,17068000256.0,0.8229445219039917,1,1,0,0,0,1,0,0
43158335356167556,150.64265052622756,2.8017656125489494,0.383539080619812,32957999104.0,0.49573978781700134,1,1,0,0,0,1,1,0
75959365667950567,243.06612529154165,55.80058437375827,0.22277992963790894,10373999616.0,0.8103433847427368,1,0,0,0,0,0,0,0
76557757691499612,243.5648436594235,56.57018542847884,0.13927464187145233,16990999552.0,0.6638104319572449,1,0,0,0,0,0,0,0
75343926919208868,243.94650175087548,54.901430050597284,0.22788284718990326,77633003520.0,0.8898723721504211,1,0,0,0,0,0,0,0
42094274388451884,151.06714301521194,0.9010056270562936,0.11408866941928864,45835001856.0,0.515701413154602,1,0,0,0,0,0,0,0
75338953347065074,242.79868147885006,53.6793084101908,0.2468249499797821,8465299968.0,0.7523573637008667,1,0,0,0,0,0,0,0
38558098964634027,37.344812592557275,-3.9426408950179077,0.18079620599746704,36133998592.0,0.8540974855422974,1,0,0,0,0,0,0,0
75339369958890943,241.86477032329907,53.83387137589549,0.11529558897018433,44076998656.0,0.912473738193512,1,0,0,0,0,0,0,0
42687735789551486,351.4141048256711,0.9725112957719062,0.20688501000404358,137289998336.0,0.9733625650405884,1,0,0,0,0,0,0,1
44218109946527995,149.39574805317994,3.594671377591335,0.12889881432056427,8502700032.0,0.7253064513206482,1,0,0,0,0,0,0,0
37484584773899949,34.8989893806708,-4.509280625844644,0.2061845362186432,25437999104.0,0.6844855546951294,1,0,0,0,0,0,0,0
38553688033230677,35.83672386170755,-4.393741911015016,0.2309878170490265,63784001536.0,0.5074425339698792,1,0,0,0,0,0,0,0
75954679858634465,241.02875325401973,55.26601533853477,0.22858840227127075,80260997120.0,0.5885022878646851,1,0,0,0,0,0,0,0
38558648720441563,36.626983141261306,-3.9705388756397264,0.3428264558315277,39146000384.0,0.5549710392951965,1,0,0,0,0,0,0,0
42688006372486717,351.1431227594846,0.8098049289379599,0.20654131472110748,23956000768.0,0.8068413734436035,1,0,0,0,0,0,0,0
75339245404852551,242.03525640479654,54.503383715685246,0.27534252405166626,7117899776.0,0.9089074730873108,1,0,0,0,0,0,0,0
44223195187794455,149.85525690562605,3.4535942891307285,0.21374398469924927,45331001344.0,0.879097580909729,1,0,0,0,0,0,0,1
75339644836795367,241.2556854393908,53.92177999176096,0.25353875756263733,38196998144.0,0.5039026141166687,1,0,0,0,0,0,0,0
37489244813423191,36.10719294884078,-4.995859286603558,0.30412670969963074,33069000704.0,0.6404708027839661,1,0,0,0,0,0,0,0
43158468500157988,150.44955802279887,2.6369271554019638,0.20523598790168762,17134999552.0,0.805730402469635,1,1,0,0,0,1,0,0
41623262504967495,353.14486474883074,-0.9989797856636009,0.11097531020641327,14849999872.0,0.8781970739364624,1,0,0,0,0,0,0,0
37493926327766997,37.11288789823878,-4.738953868061674,0.30911174416542053,16341000192.0,0.5718464851379395,1,0,0,0,0,0,0,0
37489506806425360,35.68363108051501,-5.585718160659774,0.2594441771507263,10798999552.0,0.5166320204734802,1,0,0,0,0,0,0,0
75338704238978973,243.5880912013602,54.928742269043774,0.3995143473148346,29838999552.0,0.604820728302002,1,0,0,0,0,0,0,0
41619568833094324,350.82434366005725,-0.23950241324770966,0.07137373089790344,10485999616.0,0.7067601680755615,1,1,0,0,0,1,1,0
75959374257882422,243.15653604534256,56.17895229532006,0.2936084568500519,27151998976.0,0.6249434947967529,1,0,0,0,0,0,0,0
75338691354064269,243.33848886017785,54.27187167971485,0.1564222127199173,6195100160.0,0.6569071412086487,1,0,0,0,0,0,0,0
75955092175478176,240.35013514563684,55.18579881141594,0.23523668944835663,114060001280.0,0.5080530047416687,1,1,0,0,0,1,0,0
38553984385966828,35.45770586255331,-3.4954382410021325,0.21559716761112213,5843500032.0,0.8326764106750488,1,1,0,0,0,1,0,0
37489236223493327,36.03023014984967,-5.3134319869517235,0.30488717555999756,203200004096.0,0.7868270874023438,1,0,0,0,0,0,0,0
44223057748836610,150.00271978056702,3.454985705967059,0.20323176681995392,14065000448.0,0.6349573135375977,1,0,0,0,0,0,0,0
42089335176064860,150.33916802202052,1.3333556156413946,0.22431142628192902,20337000448.0,0.45791128277778625,1,1,0,0,0,1,1,1
44223328331778610,149.62394634754142,3.2780673731083545,0.29777970910072327,11987000320.0,0.4077276885509491,1,1,0,0,0,1,0,0
38553567774135956,36.07042047246019,-3.786842760132658,0.159997820854187,9903699968.0,0.5293890833854675,1,0,0,0,0,0,0,0
41628635509056635,353.3718454259575,-0.40585720809996606,0.21941058337688446,109739999232.0,0.7958481311798096,1,0,0,0,0,0,0,0
37489657130284232,35.44533656273452,-4.994833254083328,0.1587962508201599,21713999872.0,0.511633038520813,1,0,0,0,0,0,0,0
43153920129784552,149.0531463203754,2.0234616350592183,0.31092867255210876,86828998656.0,0.7462195158004761,1,1,1,0,0,1,0,1
38558098964631327,37.376812027542115,-3.9834336960736585,0.11539194732904434,6189499904.0,0.5411958694458008,1,0,0,0,0,0,0,0
37494192615745713,36.754553011726316,-4.98657494887213,0.2413320690393448,97659002880.0,0.7996879816055298,1,0,0,0,0,0,0,0
37489107374467037,36.23249340521713,-5.00034465782089,0.08667325973510742,20857999360.0,0.9017317295074463,1,1,0,0,0,1,0,0
41623404238899873,352.95908321850436,-0.6676978790311181,0.23978891968727112,91738996736.0,0.8988543748855591,1,0,0,0,0,0,0,0
37489244813422454,36.12328495779867,-5.002767620641636,0.2650565803050995,48822001664.0,0.593413233757019,1,0,0,0,0,0,0,0
41623687706729578,352.6581631761124,-0.45387312114477313,0.12422675639390945,12186999808.0,0.8110832571983337,1,0,0,0,0,0,0,0
37488978525442746,36.40690036497827,-4.677077880936226,0.21254587173461914,50289999872.0,0.9005546569824219,1,1,0,0,0,1,0,0
38553688033231482,35.92621386805232,-4.394297743963401,0.20467069745063782,71423000576.0,0.7918803691864014,1,0,0,0,0,0,0,0
37494059471758066,37.08442343043652,-4.847941849252491,0.19090217351913452,37232001024.0,0.7386735677719116,1,1,0,0,0,1,0,0
75959103674945551,243.75133600480427,56.359099650530496,0.06426198780536652,8930199552.0,0.8837387561798096,1,0,0,0,0,0,0,0
37489523986289888,35.623615932865086,-4.887176230770322,0.06551811099052429,12407000064.0,0.893541693687439,1,0,0,0,0,0,0,0
40554970994463820,352.50473560190693,-1.5704026441805161,0.2281121164560318,73248997376.0,0.6742801070213318,1,1,1,0,0,0,0,0
42090013780890480,149.3576467786626,0.8844689246037937,0.1983143538236618,32196999168.0,0.8031121492385864,1,1,0,0,0,1,0,0
42094278683413646,151.03277387333716,1.027874008357341,0.20895615220069885,97655996416.0,0.5488243699073792,1,0,0,0,0,0,0,0
37494330054701896,36.676628775760655,-4.952762398397535,0.26263540983200073,24348000256.0,0.5874009728431702,1,0,0,0,0,0,0,0
75338553915117918,243.70941407464971,54.33663952573641,0.2843898832798004,11751999488.0,0.872367262840271,1,0,0,0,0,0,0,0
38548894849714530,34.89491439267733,-3.7710203267998406,0.1850338727235794,31434999808.0,0.7501790523529053,1,0,0,0,0,0,0,1
42094544971398358,150.80861812797573,0.8115678685332307,0.19206033647060394,29269999616.0,0.7599707245826721,1,0,0,0,0,0,0,0
42090155514813393,149.19064363107483,1.0652583785896275,0.14912231266498566,8243100160.0,0.7412904500961304,1,1,0,0,0,1,1,0
76553084767068701,241.49808564085865,56.588002475701465,0.397566020488739,57616998400.0,0.5046200156211853,1,0,0,0,0,0,0,1
75339090786028721,242.4350902749836,53.7665921959788,0.17530493438243866,17442000896.0,0.7161042094230652,1,0,0,0,0,0,0,0
41623541677858722,352.7518020115178,-0.6594729079061762,0.142070472240448,25059999744.0,0.8492147922515869,1,0,0,0,0,0,0,1
37489257698315794,36.14333918756178,-4.536318216500853,0.34892988204956055,35242000384.0,0.6941112279891968,1,0,0,0,0,0,0,0
75964167441391476,244.792838307479,55.49074720456854,0.09941235184669495,55879999488.0,0.9831676483154297,1,1,0,0,0,0,1,0
41619285365253018,351.1066337418376,-0.6286064962834883,0.31814101338386536,211310002176.0,0.6255843639373779,1,0,0,0,0,0,0,0
37489519691329509,35.69589626123402,-5.02612306830284,0.2013946920633316,47752998912.0,0.7603179216384888,1,1,0,0,0,1,1,0
42688002077525076,351.0836245842964,0.6066349369756284,0.24381674826145172,48960999424.0,0.6525875329971313,1,0,0,0,0,0,0,0
37489223338587211,36.124661013850606,-5.884913160471804,0.30706891417503357,17720999936.0,0.6487505435943604,1,0,0,0,0,0,0,0
74696589448347362,242.5354205025617,53.39252871416295,0.1377045214176178,6579800064.0,0.7962260842323303,1,0,0,0,0,0,0,0
42085074568498249,148.62313733732498,1.2169525283628313,0.2973981499671936,25492000768.0,0.9426443576812744,1,0,0,0,0,0,0,1
38558098964640051,37.36669235684296,-3.852693529729911,0.1485474407672882,13822999552.0,0.5871193408966064,1,0,0,0,0,0,0,0
75339369958892627,241.88444549368222,53.86122545965763,0.12611819803714752,41017999360.0,0.9323360323905945,1,0,0,0,0,0,0,0
38553842652042629,35.73693034193867,-3.774048807548691,0.07454749196767807,12581999616.0,0.9554822444915771,1,0,0,0,0,0,0,0
38554250673944811,35.202677006152925,-3.8309826860495706,0.2293865829706192,42658000896.0,0.8610683679580688,1,1,0,1,0,0,0,0
41623807965801850,352.3537249512889,-1.027620943014624,0.12403612583875656,9430099968.0,0.6684074401855469,1,0,0,0,0,0,0,1
44223186597873154,149.84242553789352,3.232487098180241,0.1885518878698349,13822000128.0,0.5294922590255737,1,0,0,0,0,0,0,0
43162982510778348,151.67026981829846,1.7237713143161113,0.12015280872583389,97828003840.0,0.8323854207992554,1,0,0,0,0,0,0,0
74696452009392846,242.77744458318023,53.38063032273991,0.1395987570285797,30731999232.0,0.8676531910896301,1,0,0,0,0,0,0,0
37489382252372964,35.83040325555302,-5.056933999769385,0.12189505994319916,15361000448.0,0.6191020011901855,1,0,0,0,0,0,0,0
38558648720450282,36.71020133859245,-3.85801508861466,0.19328635931015015,24352000000.0,0.7477565407752991,1,0,0,0,0,0,0,0
76552676745173176,242.61667058462078,56.62818272586504,0.26261967420578003,42432000000.0,0.8540092706680298,1,1,0,0,0,1,0,1
41623558857715291,352.69799963874516,-0.042051302128623236,0.28590503334999084,102259998720.0,0.8887926340103149,1,0,0,0,0,0,0,0
37489090194601990,36.33033080006154,-5.704187115702067,0.06936747580766678,8718399488.0,0.9564561247825623,1,0,0,0,0,0,0,0
44223182302885475,149.840119340446,3.025385982254037,0.25791990756988525,7834500096.0,0.5638467669487,1,0,0,0,0,0,0,0
41619701977090831,350.59038745534053,-0.2862407468927751,0.3318080008029938,25891000320.0,0.6647213101387024,1,0,0,0,0,0,0,1
41623417123792799,353.04484611781544,-0.23103888499158892,0.38063472509384155,61517000704.0,0.7602194547653198,1,0,0,0,0,0,0,1
41618864458459365,351.6771716522634,-1.0041152544895058,0.1922246366739273,129060003840.0,0.9076818227767944,1,0,0,0,0,0,0,0
42692528973061207,352.374787115871,0.25764826823219,0.31048423051834106,91673001984.0,0.7096875309944153,1,0,0,0,0,0,0,1
37484975615926237,34.39638621498166,-5.4516717864240904,0.15286770462989807,35982999552.0,0.8645261526107788,1,1,0,0,0,1,0,0
41628502365071207,353.5058969967729,-0.22098863927761386,0.21519112586975098,34909999104.0,0.5266602635383606,1,0,0,0,0,0,0,0
38549023698751152,34.859100426076495,-4.002938784458582,0.2606907784938812,11544999936.0,0.8080482482910156,1,0,0,0,0,0,0,0
37489090194594074,36.29256945415615,-5.828181499713395,0.1890389621257782,52748001280.0,0.7023440003395081,1,0,0,0,0,0,0,0
37489227633550642,36.16222964974743,-5.766161835333208,0.26690027117729187,73088000000.0,0.835716724395752,1,0,0,0,0,0,0,0
43158880817013339,149.93845844627447,2.6104888499805097,0.3491761386394501,74379001856.0,0.6326886415481567,1,1,0,1,0,0,0,0
41623391353998844,352.94204851347445,-1.2129557259519514,0.1286117285490036,41588998144.0,0.899003267288208,1,0,0,0,0,0,0,0
75334160163574333,241.15663693760348,54.56636258237682,0.17978239059448242,19281999872.0,0.5573745965957642,1,0,0,0,0,0,0,0
43153937309660770,149.21590252337876,2.844113552247616,0.1360064148902893,8324199936.0,0.8563210368156433,1,1,0,0,0,1,1,0
43154203597623672,148.7229341622464,2.404815710162904,0.1346653401851654,8635799552.0,0.6249184012413025,1,0,0,0,0,0,0,1
41623537382882534,352.854245837239,-0.9597045028498815,0.25454461574554443,18236999680.0,0.6493175625801086,1,0,0,0,0,0,0,0
38557948640784353,37.635563899914196,-4.432692849437815,0.2297976315021515,8133000192.0,0.8293850421905518,1,0,0,0,0,0,0,0
75958798732269111,244.36476745179613,55.08481626029606,0.11601710319519043,8940600320.0,0.8635461330413818,1,1,0,0,0,1,0,0
75959090790048571,243.7917574175992,55.83066501258816,0.3106321394443512,47300001792.0,0.9081704020500183,1,0,0,0,0,0,0,1
41619298250157732,351.02552736530725,-0.021430016063620688,0.11176823824644089,78748000256.0,0.8608938455581665,1,0,0,0,0,0,0,0
42692670706984288,352.138945748189,0.45085697489289606,0.23687078058719635,6660599808.0,0.5651529431343079,1,0,0,0,0,0,0,0
37484838176989621,34.62428284374395,-5.302599946325743,0.09905208647251129,11294000128.0,0.7094786763191223,1,0,0,0,0,0,0,0
42090155514824465,149.27838422033517,1.165907419784854,0.1315387785434723,13093999616.0,0.8735458850860596,1,1,0,0,0,1,0,0
75954271836735711,242.0660133846484,55.427479541480274,0.13991081714630127,3239200000.0,0.6844157576560974,1,0,0,0,0,0,0,0
41618864458468461,351.71296594500376,-0.8828432972439803,0.2332477867603302,21094000640.0,0.509109377861023,1,0,0,0,0,0,0,0
38558640130516601,36.54245610067749,-4.250728258253447,0.10567513853311539,33748000768.0,0.9448909759521484,1,0,0,0,0,0,0,0
43153941604620564,149.1615450029843,2.9254427509059386,0.2055063098669052,61478998016.0,0.8482714891433716,1,0,0,0,0,0,0,1
75959515991807147,242.81635761361568,56.38155249060689,0.2971186339855194,22171000832.0,0.5316413640975952,1,0,0,0,0,0,0,0
38558227813651526,37.18227623720319,-4.322014895436151,0.23191606998443604,113960001536.0,0.9249804019927979,1,0,0,0,0,0,0,0
38554104645048147,35.23672401420807,-4.333623516984392,0.08749798685312271,19542999040.0,0.8517457246780396,1,0,0,0,0,0,0,0
38553842652045974,35.75776346518707,-3.7226829555123975,0.12281563133001328,44564000768.0,0.9364296197891235,1,1,0,0,0,1,0,0
42090434687683113,148.93650494063766,1.2183124274539188,0.3670354187488556,46364000256.0,0.9398985505104065,1,0,0,0,0,0,0,0
41619285365265145,351.2029633594252,-0.49710218373599263,0.25444602966308594,197990006784.0,0.5889224410057068,1,0,0,0,0,0,0,0
38553417450279452,36.32837850837255,-4.325359918676539,0.15172438323497772,28152999936.0,0.9101800918579102,1,1,0,0,0,1,0,0
37489090194599507,36.35095544115638,-5.74554628708707,0.266227126121521,17962999808.0,0.8556256890296936,1,0,0,0,0,0,0,1
75954688448552816,241.16956190067384,55.56928217954309,0.07446698099374771,98139996160.0,0.9444584846496582,1,0,0,0,0,0,0,0
42089738902986282,149.8676927657796,0.9101160585485245,0.0567762553691864,34296000512.0,0.9641921520233154,1,1,1,1,0,0,0,0
37489940598125283,35.21616218230342,-4.6559259505112145,0.1850842833518982,136460001280.0,0.9759312272071838,1,1,0,0,0,1,0,0
75954692743515344,241.04899844656921,55.70483486052312,0.3086828291416168,25226999808.0,0.7665725946426392,1,0,0,0,0,0,0,1
38553834062105183,35.62604517453395,-4.173500887237852,0.25347939133644104,27914000384.0,0.5987300276756287,1,0,0,0,0,0,0,0
41619139336378182,351.34893794681,-0.8864876661131889,0.12676990032196045,45361000448.0,0.9639837741851807,1,0,0,0,0,0,0,0
42692821030832141,352.04353465997923,0.9404385484856432,0.1260267198085785,7279799808.0,0.7666302919387817,1,0,0,0,0,0,0,0
38553846947013370,35.76909864146074,-3.512778059443305,0.21838748455047607,26641999872.0,0.5212511420249939,1,0,0,0,0,0,0,0
43162986805734772,151.68739061208157,1.841766817576127,0.2547488808631897,16760000512.0,0.49923086166381836,1,1,0,0,1,0,0,0
37494330054690253,36.664556793608284,-5.096346963772781,0.058372799307107925,13434999808.0,0.9348345398902893,1,0,0,0,0,0,0,0
41623971174574008,352.240649109517,-0.047573078111620815,0.12980881333351135,22219999232.0,0.9567618370056152,1,0,0,0,0,0,0,1
75338549620144498,243.63872246083196,54.10000555741323,0.3078784942626953,14750000128.0,0.7257553935050964,1,0,0,0,0,0,0,0
37489519691336124,35.72941635296653,-4.942371577562347,0.19361543655395508,67590000640.0,0.7936390042304993,1,0,0,0,0,0,0,0
42692662117044766,352.2901101171393,0.05765358096412538,0.23698952794075012,169150005248.0,0.8305737972259521,1,1,0,0,1,0,0,0
37489639950409617,35.60101563561249,-5.783701481457797,0.19367468357086182,74228998144.0,0.840313196182251,1,1,0,0,0,1,1,0
43158172147408008,150.8911522822794,1.620842939950376,0.12780535221099854,46361001984.0,0.6043919920921326,1,1,1,0,0,0,0,0
75343518897305436,244.86928922487806,55.014015001137395,0.23427081108093262,86716997632.0,0.736838161945343,1,1,0,1,0,0,0,1
38553700918131242,35.974305054269905,-3.8734304787439693,0.27214106917381287,34598998016.0,0.5563904047012329,1,0,0,0,0,0,0,0
38549431720637774,34.285339452317736,-4.2975180004531195,0.16675280034542084,55856001024.0,0.7891757488250732,1,0,0,0,0,0,0,0
38553421745255683,36.31476416938604,-4.026839670957006,0.2756659984588623,21418000384.0,0.987743616104126,1,0,0,0,0,0,0,0
42687589760668062,351.577903831583,0.570110997242914,0.30528315901756287,10280999936.0,0.7975059151649475,1,0,0,0,0,0,0,0
43163145719547170,151.490370181117,2.8790659909162017,0.1337253898382187,16691999744.0,0.5422616004943848,1,1,0,0,1,0,0,0
38558086079737921,37.423848501391284,-4.428816246570208,0.16795986890792847,28658999296.0,0.7579617500305176,1,0,0,0,0,0,0,0
75339086491059588,242.49661816099749,53.56235803155097,0.12166090309619904,7901599744.0,0.8109232187271118,1,1,0,0,0,1,1,0
42687718609683554,351.4829789039377,0.16621815578629906,0.19924506545066833,25700999168.0,0.691453218460083,1,0,0,0,0,0,0,0
38554117529956127,35.40195414273528,-3.6802732511069833,0.13623718917369843,13968000000.0,0.5331242680549622,1,0,0,0,0,0,0,0
37494059471757703,37.01868922045908,-4.849873131839254,0.26462188363075256,299079991296.0,0.9294611215591431,1,1,0,0,0,1,1,0
75338949052106111,242.95486091707647,53.57853995440673,0.15524587035179138,74855997440.0,0.7291357517242432,1,1,0,0,0,1,0,0
75339090786025103,242.40360664395635,53.74055461132114,0.021729538217186928,3380900096.0,0.9904959797859192,1,0,0,0,0,0,0,0
38558644425488080,36.66809673543104,-3.9995459115930982,0.17999449372291565,9460100096.0,0.5996267199516296,1,0,0,0,0,0,0,0
74696722592318320,242.16033552880566,53.187605538181835,0.29605185985565186,12382000128.0,0.6798490285873413,1,0,0,0,0,0,0,1
75338966231970890,242.89443315839262,54.25458673119786,0.13506723940372467,14277000192.0,0.9353172779083252,1,0,0,0,0,0,0,0
75339232519943524,242.11265983714594,53.87732402073741,0.19349421560764313,135590002688.0,0.7681900858879089,1,0,0,0,0,0,0,0
75339649131761206,241.28150130424345,54.08439045599363,0.11216112971305847,18566000640.0,0.7174961566925049,1,0,0,0,0,0,0,0
41618718429577085,351.82049390143703,-1.2903205178772872,0.2476627081632614,94441996288.0,0.5494890213012695,1,0,0,0,0,0,0,0
43163145719546582,151.62093547312634,2.864477629022706,0.3052816092967987,16197999616.0,0.8433260917663574,1,0,0,0,0,0,0,0
37489657130280926,35.4823744212094,-5.03182154539493,0.267894983291626,29670000640.0,0.5859706401824951,1,0,0,0,0,0,0,0
75954422160591904,241.93194309313913,55.9615789471192,0.3454001247882843,244089995264.0,0.9424730539321899,1,1,0,0,0,1,1,0
41619126451467590,351.38683239171917,-1.4457770677877986,0.18665966391563416,25895999488.0,0.8458918333053589,1,0,0,0,0,0,0,0
75963888268505226,245.39111382474164,55.21350359101232,0.24922659993171692,122369998848.0,0.8222731947898865,1,0,0,0,0,0,0,0
38553846947017006,35.63004361973208,-3.4706289590439052,0.21605023741722107,11911999488.0,0.6315776109695435,1,0,0,0,0,0,0,0
42687714314715188,351.4237642385024,0.005818403042091271,0.2773420512676239,159880003584.0,0.7112456560134888,1,0,0,0,0,0,0,0
37494205500638704,36.85846337415479,-4.537281249127606,0.28240036964416504,245259993088.0,0.9505430459976196,1,0,0,0,0,0,0,0
43158721903228627,150.0332364063473,1.7034858205959913,0.07015306502580643,30226999296.0,0.8800766468048096,1,1,0,0,0,1,0,0
37489511101388472,35.74608757001762,-5.469603097085887,0.16129262745380402,14705999872.0,0.6923975348472595,1,0,0,0,0,0,0,0
75334164458527884,241.16838271801487,54.59318747920006,0.1166539117693901,32306999296.0,0.8951268196105957,1,0,0,0,0,0,0,0
43163403417576491,151.10549804680065,2.019617554274453,0.29585760831832886,20027000832.0,0.963383674621582,1,0,0,0,0,0,0,0
75959361372978593,243.1779683439724,55.58393138130714,0.22742311656475067,139690000384.0,0.9327260851860046,1,0,0,0,0,0,0,0
44227584644382558,151.33591004892045,3.2068414199887374,0.09530078619718552,11436000256.0,0.8849349021911621,1,0,0,0,0,0,0,0
41619568833093633,350.7378425848618,-0.24554226906115384,0.3260935842990875,22233999360.0,0.7729319334030151,1,0,0,0,0,0,0,1
38553700918131241,35.97449381582791,-3.877621649315128,0.255817711353302,52785000448.0,0.5451138019561768,1,0,0,0,0,0,0,0
38549019403768721,34.81422877419976,-4.369159435784853,0.3257613182067871,65580998656.0,0.7345601320266724,1,0,0,0,0,0,0,0
43153920129784553,149.0472693893273,2.0291133623904516,0.10306397080421448,14832000000.0,0.9193361401557922,1,0,0,0,0,0,0,0
38549431720635590,34.14009434883386,-4.3085141658944535,0.15537302196025848,59293999104.0,0.9730345010757446,1,0,0,0,0,0,0,0
42692129541100762,352.9781468698249,0.8096005763926297,0.2615164518356323,74306002944.0,0.8274530172348022,1,0,0,0,0,0,0,0
41619281070296259,351.1622203866565,-0.717930502598543,0.12534277141094208,22130999296.0,0.9438562393188477,1,1,0,1,0,0,0,0
43154319561745867,148.63569392058557,1.4981976614010444,0.14182843267917633,96957997056.0,0.938636302947998,1,1,0,1,0,1,1,0
41624215987707309,351.9224502575821,-1.3625891019858587,0.06731881201267242,22830999552.0,0.9956827163696289,1,0,0,0,0,0,0,0
41623541677847902,352.7200738346638,-0.7919662721108068,0.2640063166618347,12113000448.0,0.5144737362861633,1,1,0,0,0,1,1,0
75339524577731060,241.4713032654803,54.754028216864675,0.23446480929851532,324219994112.0,0.9208345413208008,1,0,0,0,0,0,0,0
75339387138762155,241.76054915132266,54.586146293882535,0.21991828083992004,44309999616.0,0.658602237701416,1,1,0,0,0,1,0,0
41624100023590368,351.9868083335825,-0.45834686858494383,0.17429719865322113,15164999680.0,0.8549680113792419,1,0,0,0,0,0,0,0
43153920129793168,149.05844568792315,2.103575713947598,0.09894350171089172,25581000704.0,0.9330781698226929,1,0,0,0,0,0,0,0
37494063766725657,36.94096152184215,-4.6249258958427,0.07310495525598526,4717499904.0,0.8762221336364746,1,0,0,0,0,0,0,0
37494467493653935,36.49204342243988,-4.953732819324974,0.12712255120277405,44719001600.0,0.8935734033584595,1,0,0,0,0,0,0,0
75343926919207950,243.91037693491054,54.88992776671604,0.22066448628902435,98642001920.0,0.5715728402137756,1,0,0,0,0,0,0,0
37485121644829818,34.12760721096871,-4.946156276710469,0.267366498708725,60083998720.0,0.4776385426521301,1,1,0,0,0,1,1,0
75954404980724911,241.81987165521485,55.23988782329174,0.2978845238685608,12460000256.0,0.5843366980552673,1,0,0,0,0,0,0,0
38554383817927149,35.041296319930325,-4.094285455691371,0.16119153797626495,82525003776.0,0.9434139728546143,1,0,0,0,0,0,0,0
75339086491061813,242.45475078594063,53.58794205475409,0.1837005913257599,7571200000.0,0.8514924049377441,1,0,0,0,0,0,0,0
75959503106909942,242.87057011204178,55.864071425437906,0.3008877635002136,26096001024.0,0.9179163575172424,1,1,0,0,0,1,1,0
42093999510548987,151.55693491922023,1.008499272118203,0.1295977234840393,17245999104.0,0.849652111530304,1,0,0,0,0,0,0,1
44217976802533697,149.47130524158135,3.7036687016821084,0.3171115517616272,7491100160.0,0.5107694864273071,1,0,0,0,0,0,0,0
38553980090995447,35.55731497922973,-3.752153455239626,0.14854350686073303,24188000256.0,0.7656452059745789,1,0,0,0,0,0,0,0
42691850368218896,353.26578997575785,0.5243461048756723,0.2188897281885147,18595999744.0,0.6863773465156555,1,1,0,0,0,1,0,0
75338695649030866,243.4806387269304,54.45710354574131,0.2270461618900299,28582000640.0,0.8804517984390259,1,0,0,0,0,0,0,0
41623687706731495,352.55018894648623,-0.43396865398955325,0.3937724828720093,32263999488.0,0.6062291860580444,1,0,0,0,0,0,0,0
37494192615737759,36.84487096357688,-5.091028651946424,0.19942717254161835,8473800192.0,0.8590980172157288,1,1,0,0,0,1,0,0
76552539306221816,242.66145427253304,56.62739369316194,0.1860170215368271,60845998080.0,0.7077834606170654,1,1,0,0,0,1,0,0
37489657130280986,35.5205383594089,-5.032299189294161,0.2250358760356903,11201000448.0,0.8185222744941711,1,0,0,0,0,0,0,0
43158472795131131,150.3935520974284,2.8716016239923996,0.1576981097459793,9342100480.0,0.907995343208313,1,0,0,0,0,0,0,0
44218243090501524,149.07756078968183,3.2687243298616733,0.2898869812488556,260529995776.0,0.6669681668281555,1,0,0,0,0,0,0,0
75339232519952079,242.28078745751577,53.947370075715014,0.25913092494010925,9856100352.0,0.7048044204711914,1,0,0,0,0,0,0,0
75958665588285187,244.64237613120727,55.2973895344988,0.23318111896514893,316750004224.0,0.9253183007240295,1,0,0,0,0,0,0,0
43163128539659669,151.5009573059599,2.019963770893544,0.345580518245697,62011998208.0,0.8310281038284302,1,0,0,0,0,0,0,1
42094824144263768,150.4137180746257,0.9136325357917875,0.1331336349248886,10497999872.0,0.8088804483413696,1,0,0,0,0,0,0,0
44217976802535091,149.49157948133305,3.732180042114225,0.18421760201454163,6521800192.0,0.8572036027908325,1,0,0,0,0,0,0,1
42090022370834657,149.3760658733957,1.3201693004550616,0.09755292534828186,8020700160.0,0.8446688055992126,1,0,0,0,0,0,0,0
75964025707468650,245.22357953556335,55.27251371300257,0.23690098524093628,40890998784.0,0.8492743372917175,1,0,0,0,0,0,0,1
41619152221273338,351.35143383150694,-0.35267638070516744,0.20773530006408691,28476000256.0,0.9407000541687012,1,0,0,0,0,0,0,0
75338699944006037,243.4518585294149,54.68492404895953,0.260335236787796,3979300096.0,0.6437230110168457,1,1,0,0,0,1,1,0
37489231928518020,36.12190778597655,-5.6037505666301,0.31836992502212524,56456998912.0,0.7908080816268921,1,1,0,0,1,0,1,0
75959382847812174,242.96873564438945,56.4835208984954,0.3209278881549835,57410998272.0,0.7571625709533691,1,0,0,0,0,0,0,0
38554246378977448,35.111549933177805,-4.0150251076048225,0.2651214897632599,6032600064.0,0.6409216523170471,1,0,0,0,0,0,0,0
75959503106905159,242.63685360554112,55.80442233950188,0.2475256323814392,99716997120.0,0.9085258841514587,1,1,0,0,0,0,1,0
76557899425411786,243.1662683110673,56.653337845389956,0.20713327825069427,111780003840.0,0.5995736718177795,1,1,0,0,0,1,0,0
42692262685084401,352.8519714749225,0.5722111856869186,0.16018815338611603,33656999936.0,0.8450855016708374,1,0,0,0,0,0,0,0
75954426455550541,241.98764353018055,56.08748353830381,0.2318757325410843,74829996032.0,0.5086882710456848,1,0,0,0,0,0,0,0
37489644245389539,35.558474322606315,-5.49214539363483,0.21245096623897552,11884000256.0,0.43645039200782776,1,1,0,0,0,1,0,0
44218238795546708,149.20436750804933,3.1930085458297177,0.3094506859779358,33770000384.0,0.7716456651687622,1,1,0,0,1,0,1,0
43158889406936381,149.8271054448805,2.9346825321451395,0.3402029275894165,56228999168.0,0.9099295139312744,1,0,0,0,0,0,0,1
43163562331363324,151.05905136653973,2.9321083584210497,0.11439643800258636,34121000960.0,0.589485764503479,1,0,0,0,0,0,0,0
42089610053972354,150.02224684947987,1.3499561682488164,0.19646874070167542,199240007680.0,0.9669748544692993,1,0,0,0,0,0,0,0
37489657130281321,35.468401504881356,-5.028192116772551,0.2573668360710144,18186999808.0,0.8566230535507202,1,0,0,0,0,0,0,0
74696589448345909,242.57369769659093,53.38283509473152,0.12961557507514954,56279998464.0,0.9440220594406128,1,1,1,0,0,0,1,0
75339520282748077,241.66687730705655,54.390021131338564,0.25487738847732544,7665399808.0,0.9187154769897461,1,0,0,0,0,0,0,0
37489657130282319,35.491174791351675,-5.0219234484023945,0.31842339038848877,39397998592.0,0.5667730569839478,1,0,0,0,0,0,0,0
41619293955190974,351.065648327683,-0.19610593302144763,0.22638359665870667,54143000576.0,0.9948089122772217,1,0,0,0,0,0,0,0
75338949052111111,242.9683420707107,53.610980925123656,0.09821958094835281,19373000704.0,0.6446232795715332,1,0,0,0,0,0,0,0
42094549266359907,150.8121570700447,0.9207237628046152,0.29894334077835083,11968000000.0,0.8491407036781311,1,0,0,0,0,0,0,0
75959369962923646,242.98648178548189,56.02417314344218,0.20195993781089783,58560000000.0,0.5810021162033081,1,1,0,0,0,1,0,0
75338966231973212,242.87627020675683,54.27400493372768,0.30275124311447144,25408000000.0,0.8164182305335999,1,0,0,0,0,0,0,0
74696589448338891,242.43629032781485,53.29853105651992,0.13348862528800964,53458001920.0,0.9478359222412109,1,1,0,0,0,0,1,0
37484851061869242,34.49729591252065,-4.865469516686177,0.2834461033344269,30468999168.0,0.8480632305145264,1,0,0,0,0,0,0,0
38553975796038155,35.59139270108395,-3.8168028976997648,0.27879461646080017,15372000256.0,0.8634845018386841,1,0,0,0,0,0,0,0
38553550594278568,36.00258839789786,-4.383129471670711,0.1274302899837494,54747000832.0,0.7886309623718262,1,0,0,0,0,0,0,0
42692129541094175,352.87705591207805,0.734666262952533,0.12067996710538864,30934999040.0,0.8826770782470703,1,0,0,0,0,0,0,0
44218238795551065,149.06519264287016,3.230574606159224,0.2843460440635681,22919999488.0,0.9677544832229614,1,0,0,0,0,0,0,0
37485400817701305,33.88684843430864,-4.768504847751678,0.045929934829473495,15450999808.0,0.9959444999694824,1,0,0,0,0,0,0,0
41623541677849752,352.7483007869886,-0.762313682535518,0.30710187554359436,72769003520.0,0.5101141333580017,1,0,0,0,0,0,0,0
42085070273542421,148.78538254514604,1.1750513090863213,0.21017281711101532,10517000192.0,0.5035657286643982,1,0,0,0,0,0,0,0
75964030002437601,245.16100755109176,55.450692689267456,0.24924637377262115,52866998272.0,0.5302737355232239,1,0,0,0,0,0,0,0
75338824498051768,243.2463465422685,54.07369269340141,0.20211821794509888,4591000064.0,0.9460157155990601,1,0,0,0,0,0,0,0
38554113234985915,35.40339203568071,-3.936316816050866,0.21101462841033936,6672399872.0,0.8514003753662109,1,0,0,0,0,0,0,0
38549298576645084,34.426411987939304,-4.182507569723519,0.18783867359161377,218330005504.0,0.7496762275695801,1,0,0,0,0,0,0,0
74696589448349739,242.61245348824397,53.42231474790441,0.12817680835723877,9729500160.0,0.8581292033195496,1,0,0,0,0,0,0,0
75959090790049046,243.7124399116658,55.839483495627725,0.3719778060913086,204329992192.0,0.8219572305679321,1,0,0,0,0,0,0,0
43158580169308853,150.1573546754339,1.567011887700538,0.16221566498279572,194350006272.0,0.8347090482711792,1,0,0,0,0,0,0,0
38553971501067932,35.42562674204139,-4.067282315722964,0.12845544517040253,68124000256.0,0.989067554473877,1,0,0,0,0,0,0,0
75343639156391370,244.63416049154358,54.36081877240054,0.3985361158847809,37482000384.0,0.8736915588378906,1,0,0,0,0,0,0,0
41619293955190986,351.0697791611042,-0.1900902738550894,0.28197363018989563,25273999360.0,0.7874187231063843,1,0,0,0,0,0,0,0
43154323856709277,148.51143537489173,1.6399233369189419,0.23624056577682495,9210999808.0,0.9098520278930664,1,0,0,0,0,0,0,0
38558090374702260,37.34892474769049,-4.274247903391843,0.29178979992866516,13155000320.0,0.5284697413444519,1,0,0,0,0,0,0,0
44223470065702176,149.55735804722613,3.495481996448481,0.14679080247879028,28597000192.0,0.7496013641357422,1,0,0,0,0,0,0,0
38558502691559219,36.84718786563893,-4.32983965047622,0.2747967839241028,13548999680.0,0.5640218257904053,1,0,0,0,0,0,0,0
75959498811934290,242.84588032030013,55.59609713716502,0.2208014726638794,91714002944.0,0.6845390796661377,1,0,0,0,0,0,0,0
42691983512214603,353.09997052489655,0.43388594898097793,0.16311927139759064,25045999616.0,0.5422964692115784,1,0,0,0,0,0,0,0
75959498811943684,242.81022626924198,55.679577335857296,0.16172172129154205,17461000192.0,0.9471011161804199,1,0,0,0,0,0,0,0
44227593234318481,151.43926595483887,3.605006439804152,0.2931271493434906,9167500288.0,0.5078436732292175,1,0,0,0,0,0,0,1
44227314061421772,151.68982363907654,3.314994525279376,0.2923899292945862,39694000128.0,0.8568121194839478,1,0,0,0,0,0,0,1
75338691354062233,243.55359433774112,54.24853202490292,0.07110805809497833,25627000832.0,0.5846912860870361,1,0,0,0,0,0,0,0
41619543063301720,350.7066359581059,-1.220217833909478,0.23602163791656494,57636999168.0,0.5135214924812317,1,0,0,0,0,0,0,0
37484559004098541,34.94647896006412,-5.528265534913944,0.1730242371559143,56932999168.0,0.5314527153968811,1,0,0,0,0,0,0,0
42691974922278800,353.22666962746996,0.03898790872304679,0.30944958329200745,114160001024.0,0.5608021020889282,1,0,0,0,0,0,0,0
43158331061199328,150.5503219196382,2.6288372895459924,0.08901873975992203,37276000256.0,0.9889169931411743,1,0,0,0,0,0,0,0
75959485927038916,242.6756995182932,55.11414321422012,0.10142035782337189,17472000000.0,0.9539432525634766,1,0,0,0,0,0,0,0
43163420597457113,151.1293131987,2.870531487331019,0.2988843023777008,34561998848.0,0.6410748958587646,1,0,0,0,0,0,0,0
75958940466195364,243.9977280787899,55.29477470607207,0.24136212468147278,62241001472.0,0.5724769234657288,1,0,0,0,0,0,0,0
41619401329374266,351.0057801082597,-1.4620735470992594,0.21176549792289734,13505000448.0,0.8131088018417358,1,0,0,0,0,0,0,0
74696722592320996,242.1138017581409,53.24298158764183,0.13173224031925201,149049999360.0,0.9936686158180237,1,0,0,0,0,0,0,0
75339666311649546,241.29975382328064,54.89011642597752,0.24131587147712708,7959799808.0,0.7196710109710693,1,0,0,0,0,0,0,0
75339524577724854,241.40946939012613,54.69241791563803,0.2232164442539215,192840007680.0,0.8919775485992432,1,1,0,0,0,1,0,0
75339249699824665,242.20813744080567,54.741289644924656,0.3196791410446167,15271999488.0,0.751394510269165,1,0,0,0,0,0,0,0
37494342939593212,36.63145282904165,-4.507603888140469,0.290596604347229,92392996864.0,0.6364263296127319,1,0,0,0,0,0,0,0
38558506986533934,36.757156497483464,-4.039914861019364,0.21001741290092468,29318000640.0,0.7904093861579895,1,0,0,0,0,0,0,0
37493793183782351,37.28704840076355,-4.5182730890067795,0.35928741097450256,22005000192.0,0.8998948335647583,1,0,0,0,0,0,0,1
37488948460662561,36.380263378062395,-5.8791291269392225,0.33729201555252075,77189996544.0,0.6337167024612427,1,0,0,0,0,0,0,1
42696931314530228,353.7995073820115,0.4591494048882135,0.21331267058849335,24906999808.0,0.832859992980957,1,0,0,0,0,0,0,0
37489085899624427,36.1750178485753,-5.9475923946980105,0.20416571199893951,142640005120.0,0.8782301545143127,1,0,0,0,0,0,0,0
37489231928518215,36.0966041303295,-5.605020198931828,0.2622675895690918,80100999168.0,0.8544391393661499,1,0,0,0,0,0,0,0
37489249108381978,36.03506162362395,-4.919014743695052,0.30172157287597656,147140001792.0,0.7748979330062866,1,0,0,0,0,0,0,0
38553838357079483,35.70621484811994,-3.880643709622533,0.2528863847255707,81267998720.0,0.6269511580467224,1,0,0,0,0,0,0,0
75338545325178522,243.73859290980835,53.92998391894218,0.18679243326187134,155550007296.0,0.6212595105171204,1,0,0,0,0,0,0,0
43158739083101260,150.02317951809033,2.497128359617407,0.09214676171541214,47757000704.0,0.857921302318573,1,0,0,0,0,0,0,0
74696722592318319,242.16896713468242,53.1897496656828,0.20053701102733612,34631000064.0,0.5673149228096008,1,0,0,0,0,0,0,1
42687589760658777,351.58306946981935,0.4860113485808047,0.24524466693401337,17287999488.0,0.8757115006446838,1,0,0,0,0,0,0,0
42688130926532975,350.98905197091676,0.1490662624597859,0.20027151703834534,36982001664.0,0.5290938019752502,1,1,0,0,0,1,0,0
42697219077330680,353.5113030905788,0.88232728550374,0.10263863950967789,27598000128.0,0.9176073670387268,1,0,0,0,0,0,0,0
40555245872371831,352.10607510617297,-1.5516131189454438,0.10642857849597931,15374999552.0,0.751097559928894,1,0,0,0,0,0,0,0
75958803027239965,244.59812057060583,55.30191062109385,0.22125793993473053,47054999552.0,0.8598605394363403,1,0,0,0,0,0,0,0
37494201205678177,36.9090304493795,-4.659442881558274,0.2253723293542862,60829999104.0,0.7568367123603821,1,0,0,0,0,0,0,0
43158447025306882,150.34545506685552,1.621845809988371,0.203438401222229,133810003968.0,0.8134492635726929,1,1,0,0,0,1,1,0
43158455615244772,150.48212459574398,2.0385416379153662,0.26613160967826843,8271499776.0,0.42142346501350403,1,1,0,0,0,1,1,0
38554121824918901,35.399759781364814,-3.5563184565615202,0.1472814679145813,23305000960.0,0.9037169218063354,1,0,0,0,0,0,0,0
74701812128581648,242.99819269731776,53.380397482197665,0.1304367482662201,4800900096.0,0.928735077381134,1,0,0,0,0,0,0,0
41623528792943829,352.72550532310527,-1.3074330692413385,0.3084162473678589,19250999296.0,0.7364510297775269,1,1,0,0,0,1,1,0
37484846766914877,34.67415320687192,-5.02471683800566,0.27308177947998047,149739995136.0,0.5628212094306946,1,0,0,0,0,0,0,0
75959498811935856,242.71334597612486,55.609626753526726,0.21860294044017792,33212000256.0,0.853024423122406,1,0,0,0,0,0,0,0
38549023698748267,34.74894625120436,-4.043649463961137,0.27157285809516907,36260999168.0,0.6446397304534912,1,0,0,0,0,0,0,0
42093999510539925,151.41120434614982,0.8521159659786806,0.28196313977241516,9978099712.0,0.8792622089385986,1,1,0,0,0,1,0,0
37489648540354448,35.47881017747126,-5.323038771463672,0.25126466155052185,34956001280.0,0.5992807745933533,1,0,0,0,0,0,0,0
41628498070104269,353.47875717872546,-0.4136933392328633,0.20254100859165192,63671001088.0,0.9776677489280701,1,0,0,0,0,0,0,0
75954963326461839,240.57382308746895,55.58744093772319,0.2049741894006729,46322999296.0,0.9124993085861206,1,0,0,0,0,0,0,0
76557899425417272,243.28450853259852,56.71074362268296,0.15185564756393433,93098000384.0,0.9735256433486938,1,1,1,0,1,0,0,0
38558369547573844,36.97753602909864,-4.112940051904168,0.3168759047985077,19043999744.0,0.8657654523849487,1,0,0,0,0,0,0,0
38558369547575805,37.04760815197542,-4.081360864859947,0.17850445210933685,36595998720.0,0.8610420227050781,1,0,0,0,0,0,0,0
37493926327776511,37.13800158566735,-4.617892395133777,0.3668596148490906,42418999296.0,0.5826678276062012,1,0,0,0,0,0,0,0
75954950441566221,240.43726480740713,55.057102109587795,0.19136741757392883,50502000640.0,0.8959331512451172,1,1,1,0,0,0,0,0
37489236223488860,36.13872181306022,-5.368530690505328,0.3365411162376404,75529003008.0,0.8759074807167053,1,0,0,0,0,0,0,0
43158584464267264,150.33862083858324,1.6310985341594957,0.2340555042028427,52905000960.0,0.351662278175354,1,1,0,1,0,0,1,0
42691992102139497,353.2041362456472,0.6962379055142218,0.20912699401378632,27552000000.0,0.8807116150856018,1,0,0,0,0,0,0,0
38553838357077233,35.63480482466048,-3.908946380933369,0.26142850518226624,10385000448.0,0.7740465998649597,1,0,0,0,0,0,0,0
75338833087979578,243.02133845718095,54.415641532500075,0.3257801830768585,67512000512.0,0.8660820722579956,1,0,0,0,0,0,0,1
38557948640783668,37.626012113521526,-4.4337351932751625,0.2713964581489563,80951001088.0,0.530394971370697,1,0,0,0,0,0,0,0
37489803159162553,35.396928229485006,-4.737209081830224,0.28357404470443726,38350999552.0,0.7830266952514648,1,0,0,0,0,0,0,0
44227730673272828,151.12415550499833,3.619481269214483,0.2676038444042206,36976001024.0,0.8742057085037231,1,1,0,0,0,1,1,0
42692670706975791,352.30065917079554,0.36989375729081,0.3361837565898895,58828001280.0,0.5791412591934204,1,1,0,0,0,1,0,0
75339507397850351,241.57853404800585,53.922399099828056,0.07259955257177353,14506000384.0,0.9564638137817383,1,0,0,0,0,0,0,0
75339503102882232,241.58788460208655,53.72672388987637,0.15677092969417572,17272000512.0,0.596017599105835,1,0,0,0,0,0,0,0
75343506012410378,245.04275529308293,54.52579930802227,0.11396809667348862,34673999872.0,0.8256936073303223,1,1,0,0,0,1,0,0
75338961937006488,242.84986012451301,54.06977974692253,0.3132794499397278,84524998656.0,0.6419074535369873,1,1,0,0,0,1,0,0
75959099379981177,243.64717627245858,56.243705505291295,0.1478874683380127,66182000640.0,0.9768311977386475,1,0,0,0,0,0,0,0
41624104318566278,351.96070383904197,-0.1527192800927453,0.31085288524627686,63183998976.0,0.5843016505241394,1,0,0,0,0,0,0,0
38554113234989311,35.39608352725457,-3.896215852418866,0.12123657017946243,37944000512.0,0.9365509748458862,1,1,0,0,1,0,0,0
37494201205680601,36.853019364655886,-4.6054426928243775,0.2847130596637726,33777999872.0,0.8887113928794861,1,0,0,0,0,0,0,0
42094141244464999,151.34827732899953,1.0710215735157906,0.14138975739479065,131620003840.0,0.9603809118270874,1,0,0,0,0,0,0,0
75959378552857423,242.9553671493114,56.402787103409956,0.12513549625873566,22610999296.0,0.9352293014526367,1,1,0,0,0,1,0,0
75954825887513045,240.89050114810416,55.62695086156225,0.34302818775177,23762999296.0,0.6413472890853882,1,0,0,0,0,0,0,0
75334439336450996,240.5931246750804,54.72933677776582,0.2179010957479477,187989999616.0,0.9576077461242676,1,0,0,0,0,0,0,0
37494330054694645,36.62448479090995,-5.043814489293563,0.1904475837945938,18737000448.0,0.5173712968826294,1,0,0,0,0,0,0,0
42687856048641880,351.27047877703865,0.2615592038310531,0.26969292759895325,85133000704.0,0.8383365869522095,1,1,0,0,0,0,1,0
37489094489559725,36.32656272073998,-5.660841511707055,0.28574714064598083,100390002688.0,0.5413581132888794,1,0,0,0,0,0,0,0
42687856048631515,351.25969659848994,0.1295254772128461,0.15915100276470184,37281001472.0,0.7676785588264465,1,1,0,0,0,1,0,0
75339258289747995,242.18628292619152,54.99110053269295,0.11780253052711487,42497998848.0,0.9166940450668335,1,0,0,0,0,0,0,0
42094544971396317,150.6486628303611,0.789388851130827,0.23969587683677673,9106299904.0,0.5870817303657532,1,0,0,0,0,0,0,0
37488969935510467,36.41094073595296,-4.998485915390891,0.3207184076309204,11091000320.0,0.6327084898948669,1,0,0,0,0,0,0,0
38553280011321421,36.40123542884273,-4.362029373914942,0.08582885563373566,10883999744.0,0.8259961605072021,1,0,0,0,0,0,0,0
38553988680929865,35.43663640804184,-3.380546118630764,0.17197570204734802,14055000064.0,0.7387658953666687,1,1,0,0,0,1,0,0
38558498396601535,36.90067688315642,-4.382648736390626,0.3293771743774414,37107998720.0,0.5745842456817627,1,0,0,0,0,0,0,0
37484833882008012,34.5731563330485,-5.569561478657416,0.1762198954820633,94736998400.0,0.9302027225494385,1,1,0,0,0,1,1,0
43163145719535047,151.48070923664295,2.727848455522185,0.22124087810516357,134499999744.0,0.4217979609966278,1,1,0,0,0,1,0,0
42692541857947428,352.39810729525664,0.6596280152964689,0.2881474196910858,35915001856.0,0.8033851981163025,1,0,0,0,0,0,0,0
75338979116882011,242.77304090950506,54.92345507358276,0.2599501609802246,196299997184.0,0.5342146754264832,1,0,0,0,0,0,0,0
42094003805520663,151.50884632877353,1.2011551472782294,0.09930842369794846,60843999232.0,0.9814952611923218,1,1,0,0,1,1,1,0
75339391433746703,241.8991864947736,54.9027133174583,0.18139326572418213,119220002816.0,0.7162213921546936,1,0,0,0,0,0,0,0
37489373662434928,35.83548312309242,-5.452637527070594,0.22300918400287628,66254999552.0,0.9935522079467773,1,1,0,0,0,1,1,0
43154048978800229,148.93942553405628,1.6063606074377248,0.14653998613357544,23708000256.0,0.5232587456703186,1,1,0,0,0,1,0,0
75959374257884655,243.06205318181588,56.17070307935089,0.09990022331476212,8926100480.0,0.8763052225112915,1,0,0,0,0,0,0,0
74701812128580649,243.0701624368803,53.36500372573606,0.11716373264789581,55141998592.0,0.743558406829834,1,0,0,0,0,0,0,0
43153928719726749,149.19095667710312,2.4846969085925594,0.1914476901292801,4192999936.0,0.9630147814750671,1,0,0,0,0,0,0,0
75958803027228243,244.58762393424047,55.20635310633236,0.19736342132091522,22382000128.0,0.8664222955703735,1,1,0,0,0,1,1,1
75339090786026158,242.6221741114123,53.741149030788186,0.18222227692604065,13875999744.0,0.5977176427841187,1,0,0,0,0,0,0,0
75959219639065946,243.54516066459246,55.45107535388739,0.3070632219314575,218190004224.0,0.7369127869606018,1,0,0,0,0,0,0,0
37489940598124872,35.231942331711295,-4.664415387226291,0.1372983455657959,25255000064.0,0.562901496887207,1,0,0,0,0,0,0,0
75959090790042834,243.7152858935376,55.8043760036552,0.09853366762399673,6492000256.0,0.7391644716262817,1,0,0,0,0,0,0,0
41623945404772513,352.21952714877034,-1.1607430523719515,0.25326454639434814,35233001472.0,0.5750972032546997,1,0,0,0,0,0,0,1
38558098964632703,37.3835860506323,-3.960415355052798,0.1947002410888672,13804000256.0,0.8887647390365601,1,0,0,0,0,0,0,0
75339232519939108,242.11866813316834,53.830355928570974,0.19709710776805878,79205998592.0,0.7180008888244629,1,1,0,0,0,1,0,0
41623262504965924,353.13823698693454,-1.0233741147938138,0.08072327822446823,11000000512.0,0.9040076732635498,1,0,0,0,0,0,0,0
38553696623161637,35.912653363667175,-4.081831078732055,0.10866571217775345,56667000832.0,0.9555656909942627,1,0,0,0,0,0,0,0
43154207892590841,148.8431114738677,2.537589227541698,0.2831580936908722,38974001152.0,0.5506727695465088,1,0,0,0,0,0,0,0
42090426097759730,148.95942682816735,0.9892802462300644,0.18719078600406647,70874996736.0,0.5279945135116577,1,0,0,0,0,0,0,0
75959236818929070,243.61068006176941,56.12734196637696,0.13328294456005096,7111699968.0,0.7776082754135132,1,1,0,0,0,1,0,0
75958944761150513,244.03777546921305,55.355532040248086,0.32368203997612,257670004736.0,0.586206316947937,1,1,0,0,0,1,0,0
37489365072507395,35.92726104505402,-5.726681754166427,0.29372796416282654,48448999424.0,0.558610200881958,1,0,0,0,0,0,0,0
75958669883252276,244.6072003548024,55.476530888018104,0.11115404963493347,9276600320.0,0.7839945554733276,1,0,0,0,0,0,0,0
75344034293381869,243.81716686732187,53.573488834032666,0.23238635063171387,14437999616.0,0.5371607542037964,1,0,0,0,0,0,0,0
75343780890310533,244.4969832256109,54.45408725381838,0.22282691299915314,9413000192.0,0.5254563093185425,1,0,0,0,0,0,0,0
41624095728622908,351.99220547955713,-0.6378180098922801,0.292834997177124,124440002560.0,0.7380598187446594,1,0,0,0,0,0,0,0
74701678984586762,243.5424290016242,53.5346643249874,0.283400297164917,96208003072.0,0.9292416572570801,1,0,0,0,0,0,0,0
38553417450276621,36.20614493468078,-4.3523603150120955,0.2493397742509842,30421000192.0,0.9038784503936768,1,0,0,0,0,0,0,0
41623262504972038,353.172548281716,-0.9310742353708816,0.268270879983902,129090002944.0,0.5188561081886292,1,1,0,0,0,1,0,0
75959627660957813,242.46619962995408,55.287868728287094,0.3063460886478424,12325999616.0,0.7686356902122498,1,0,0,0,0,0,0,0
41619156516236379,351.32964379317974,-0.2341565356004958,0.31339597702026367,70354001920.0,0.5409049391746521,1,0,0,0,0,0,0,0
42094416122375258,150.96741865253247,1.0903554569423013,0.2796197831630707,15889000448.0,0.874981164932251,1,0,0,0,0,0,0,0
44222645431995957,150.68071727100383,3.596413902611902,0.30187392234802246,170410000384.0,0.5173149108886719,1,0,0,0,0,0,0,0
75334722804269183,240.15848198258487,55.00162533592785,0.33333832025527954,49097998336.0,0.5652468204498291,1,0,0,0,0,0,0,0
37489919123279262,35.11042415468266,-5.659007483639894,0.14963330328464508,12131999744.0,0.6519395112991333,1,0,0,0,0,0,0,0
42691841778287303,353.26740344761583,0.19971628577793518,0.3043055832386017,17774999552.0,0.6024224162101746,1,0,0,0,0,0,0,0
75334581070361731,240.35278669883647,54.88394395337315,0.25171995162963867,24060999680.0,0.7991228103637695,1,0,0,0,0,0,0,0
37494192615740925,36.76608813193082,-5.046122148813575,0.135224848985672,51271000064.0,0.940567135810852,1,0,0,0,0,0,0,0
41623550267787076,352.87220681378324,-0.353145444778813,0.24921269714832306,12794000384.0,0.7044758796691895,1,1,0,0,0,1,1,0
38558373842543871,36.91244943774748,-3.8852740218315076,0.10250741988420486,61666000896.0,0.9576510190963745,1,0,0,0,0,0,0,0
75338828793013643,243.2098237343311,54.253888351626195,0.10652702301740646,8833099776.0,0.7178950905799866,1,0,0,0,0,0,0,0
38558227813655570,37.1907057341746,-4.276569903195909,0.24950100481510162,36644999168.0,0.7329367995262146,1,0,0,0,0,0,0,0
38553700918129984,35.900521424798995,-3.88958434058648,0.2812323570251465,7022000128.0,0.5541220307350159,1,0,0,0,0,0,0,0
42697206192444870,353.58644901144675,0.44812485549917913,0.2582164406776428,15100999680.0,0.6201844811439514,1,0,0,0,0,0,0,0
37493647154899039,37.53378876571092,-4.777794878429937,0.365253746509552,40995000320.0,0.860681414604187,1,0,0,0,0,0,0,0
37484838176982284,34.503377393685525,-5.372356621178563,0.22917160391807556,88275001344.0,0.6240384578704834,1,0,0,0,0,0,0,0
37493917737837134,37.148634568339894,-5.013855417784636,0.22244411706924438,79445999616.0,0.8088552951812744,1,1,0,0,0,1,0,0
75959228228985196,243.54486184473566,55.69664747897531,0.28140175342559814,12604000256.0,0.6337506771087646,1,0,0,0,0,0,0,0
41618731314471325,351.83937254685424,-0.7874075980286912,0.3302948772907257,21478000640.0,0.7875233888626099,1,0,0,0,0,0,0,0
42692262685087428,352.820647120592,0.5977690230063126,0.29259178042411804,37324001280.0,0.7165886163711548,1,0,0,0,0,0,0,0
42090297248731246,149.03766887000526,1.2536053342456437,0.16990520060062408,30603999232.0,0.9254108667373657,1,1,0,0,1,0,0,0
43163412007514833,151.20341551004083,2.4471374422297765,0.23901675641536713,99782000640.0,0.9607878923416138,1,1,0,0,0,1,0,1
43154212187570992,148.81224403691834,2.837868083178345,0.24999010562896729,14023000064.0,0.7546640038490295,1,0,0,0,0,0,0,0
75339236814917364,242.2520866792269,54.11958824606555,0.10244181752204895,21467000832.0,0.8318591117858887,1,0,0,0,0,0,0,0
42692670706984464,352.2404150539579,0.45486816111375267,0.29543715715408325,67513999360.0,0.8396432399749756,1,1,0,0,0,1,1,0
37493926327769009,37.1288752904278,-4.7117531233966075,0.2655925154685974,94155997184.0,0.6334165334701538,1,0,0,0,0,0,0,0
38553825472186648,35.737960262801074,-4.378800688784076,0.2936914563179016,38030000128.0,0.8263994455337524,1,0,0,0,0,0,0,0
42692254095146970,352.7287565136412,0.16178459473547002,0.21217018365859985,22203000832.0,0.37669673562049866,1,1,0,0,0,1,0,0
75954417865614227,241.7242986571163,55.69684001294162,0.18937157094478607,39971999744.0,0.9142398834228516,1,0,0,0,0,0,0,0
41619293955191413,351.1195021957112,-0.1971388743522164,0.1379881501197815,7438600192.0,0.5797391533851624,1,0,0,0,0,0,0,0
42697077343411991,353.6307657507172,0.6594065108219097,0.24867326021194458,171749998592.0,0.6384481191635132,1,0,0,0,0,0,0,0
38554113234991153,35.24422424991026,-3.8671237781497836,0.2281109243631363,40685998080.0,0.8549937605857849,1,0,0,0,0,0,0,0
37493784593856568,37.36018729322769,-4.745045683553667,0.260509192943573,58369998848.0,0.882552444934845,1,0,0,0,0,0,0,0
75958665588280400,244.65944639456885,55.28713703945749,0.2605517506599426,339589988352.0,0.8927985429763794,1,0,0,0,0,0,0,0
38553962911137770,35.45915467322267,-4.384062104437069,0.24681907892227173,55421001728.0,0.8942965269088745,1,0,0,0,0,0,0,0
38553971501065504,35.53470396310691,-4.096244124317452,0.07269975543022156,3457999872.0,0.8534715175628662,1,0,0,0,0,0,0,0
75343918329234191,243.94068545031234,54.398773217258366,0.36667636036872864,12140000256.0,0.9248543977737427,1,0,0,0,0,0,0,1
41619156516238221,351.3322163453666,-0.20434333887656456,0.17366601526737213,5733100032.0,0.9341862797737122,1,0,0,0,0,0,0,0
42687997782554095,351.0296275762993,0.36082968274992944,0.15262965857982635,23661000704.0,0.9184518456459045,1,0,0,0,0,0,0,0
74701670394645577,243.4751144536108,53.25204137168331,0.2125217765569687,43520000000.0,0.7053235769271851,1,0,0,0,0,0,0,1
43154190712719055,148.82157974732075,1.7666560625035026,0.09964390099048615,11242000384.0,0.8744338750839233,1,1,0,0,1,0,1,0
75343652041284933,244.74450861398992,54.87433247410253,0.15930920839309692,125359996928.0,0.6787042617797852,1,0,0,0,0,0,0,0
75339657721712874,241.30941919285672,54.552081146477505,0.23776209354400635,210039996416.0,0.8974361419677734,1,0,0,0,0,0,0,0
75959245408858800,243.32595320554594,56.4952895993351,0.22308535873889923,28085999616.0,0.8994245529174805,1,0,0,0,0,0,0,0
75334435041476514,240.7679889580785,54.52808043651582,0.14773061871528625,7446700032.0,0.5830478072166443,1,0,0,0,0,0,0,0
42687868933542683,351.2801283139963,0.8298690354101825,0.16983948647975922,15034000384.0,0.5091270804405212,1,0,0,0,0,0,0,0
43163145719547879,151.63711962412728,2.88258470641743,0.10205136984586716,19798999040.0,0.6163074970245361,1,0,0,0,0,0,0,0
37493655744828567,37.53041963876798,-4.523808161031829,0.16060200333595276,11516999680.0,0.8609227538108826,1,0,0,0,0,0,0,0
38553838357073638,35.73182129389989,-3.954168908258856,0.3037177622318268,128620003328.0,0.7462098002433777,1,1,0,0,0,1,0,0
75343652041284977,244.73421735677712,54.807605681968695,0.1894311010837555,20018999296.0,0.7427158355712891,1,1,0,0,0,1,0,1
41619422804213963,350.97175432944823,-0.5425377096323502,0.21170851588249207,184519999488.0,0.5291888117790222,1,0,0,0,0,0,0,0
43158060478253375,150.93574778896945,2.7003278925562575,0.15436866879463196,139430002688.0,0.9800823330879211,1,0,0,0,0,0,0,0
74701674689622582,243.31377544310527,53.339604548542255,0.11253836750984192,25734000640.0,0.7160450220108032,1,0,0,0,0,0,0,0
37489807454131180,35.41318183873112,-4.51659932376778,0.2238224744796753,39658000384.0,0.9052369594573975,1,0,0,0,0,0,0,0
75959369962920871,243.03319222213847,56.006298702815855,0.33012956380844116,29667999744.0,0.8970410823822021,1,1,0,0,0,1,1,0
75339223930017124,242.04367028289684,53.59982561721448,0.2927602529525757,21479000064.0,0.6692671179771423,1,0,0,0,0,0,0,0
75334439336450997,240.58884887681236,54.72620255275766,0.32469671964645386,23605999616.0,0.8156307935714722,1,1,1,0,0,0,1,0
38549298576651675,34.33119035801535,-4.106488186266991,0.12163475155830383,33826000896.0,0.8687847852706909,1,0,0,0,0,0,0,0
41618860163497468,351.6958684523136,-1.0949852050678441,0.09455326944589615,18446000128.0,0.9527534246444702,1,0,0,0,0,0,0,0
37494330054694035,36.65022412505665,-5.042157140586098,0.2125091850757599,4840900096.0,0.6349648237228394,1,0,0,0,0,0,0,1
38553842652043704,35.62330471900587,-3.758064311566322,0.3039768636226654,16835999744.0,0.5208954215049744,1,0,0,0,0,0,0,0
42692262685088534,352.8710212008114,0.6169294420152851,0.3107667565345764,26570000384.0,0.8334352970123291,1,0,0,0,0,0,0,0
44222916014901733,150.33092260975613,3.311150481204566,0.26302361488342285,19836000256.0,0.9005833864212036,1,0,0,0,0,0,0,1
38558506986530422,36.81062542656043,-4.086345309095688,0.340589314699173,32985999360.0,0.40287473797798157,1,1,0,0,0,1,1,0
44218109946527752,149.3706895611404,3.592644823277126,0.136437326669693,32728000512.0,0.5269989371299744,1,0,0,0,0,0,0,0
37488965640541529,36.40814242401246,-5.2473496804079245,0.29606321454048157,100630003712.0,0.7102867364883423,1,1,0,0,0,1,0,0
75339378548832810,241.8681006178203,54.31368724094281,0.335927814245224,12017999872.0,0.9039493799209595,1,0,0,0,0,0,0,0
38554100350087337,35.29331375550762,-4.434095157306813,0.10179055482149124,22064001024.0,0.837203860282898,1,1,0,0,0,1,0,0
37484567594032683,34.884967846416664,-5.282769849060351,0.24194426834583282,22521999360.0,0.5170464515686035,1,0,0,0,0,0,0,0
43153782690820543,149.28447616820347,1.9645040850006854,0.23754334449768066,48015998976.0,0.9075629711151123,1,0,0,0,0,0,0,0
37489377957410051,35.85729779700742,-5.166644995274072,0.184251070022583,138309992448.0,0.9225344657897949,1,0,0,0,0,0,0,0
41628635509062788,353.3461812036818,-0.3286310540071073,0.16212822496891022,5098599936.0,0.9337921142578125,1,0,0,0,0,0,0,0
38549702303579590,33.822590475600094,-4.462458045794473,0.07881157845258713,46670000128.0,0.9018862843513489,1,0,0,0,0,0,0,0
75338549620140464,243.7266785697007,54.06267229401318,0.2213989496231079,116439998464.0,0.9321354627609253,1,0,0,0,0,0,0,0
41619568833102422,350.6879046282252,-0.11623212521422409,0.27266761660575867,14407000064.0,0.5086491107940674,1,0,0,0,0,0,0,0
37494338644631273,36.62388919015607,-4.652660516731334,0.23820173740386963,77165002752.0,0.56194007396698,1,0,0,0,0,0,0,0
43158464205186326,150.37771855930532,2.440051191692659,0.10181297361850739,28918999040.0,0.6272374987602234,1,0,0,0,0,0,0,0
42687735789547023,351.4452926056893,0.9068766512210124,0.13232359290122986,28672999424.0,0.9192222356796265,1,0,0,0,0,0,0,0
42692958469786002,351.87614537585137,0.9465770082562867,0.2931097447872162,34973999104.0,0.8601504564285278,1,1,0,0,0,0,1,0
75959631955928623,242.4983719428172,55.48513972576371,0.12782958149909973,15264000000.0,0.7572290897369385,1,0,0,0,0,0,0,0
44223465770749650,149.55605071025133,3.4302546620924015,0.16019020974636078,23655999488.0,0.8484598398208618,1,0,0,0,0,0,0,0
43158889406936372,149.86796303524244,2.94036491193749,0.2259095162153244,7207399936.0,0.8644678592681885,1,0,0,0,0,0,0,1
38554259263867272,35.19195378892253,-3.5977761784308453,0.19551032781600952,12053999616.0,0.6158124804496765,1,0,0,0,0,0,0,0
38553834062108471,35.64983339582771,-4.1346830855661505,0.11550255119800568,20803999744.0,0.8601897954940796,1,0,0,0,0,0,0,0
42687456616680650,351.7670189072407,0.7830430388513392,0.16362673044204712,16483999744.0,0.8376469016075134,1,0,0,0,0,0,0,0
37489365072500402,35.97658603399512,-5.823240071405708,0.25433725118637085,14908999680.0,0.8332780599594116,1,0,0,0,0,0,0,0
38553967206103015,35.545669820537846,-4.247522288939658,0.21025922894477844,20320999424.0,0.8203737735748291,1,0,0,0,0,0,0,0
75338820203093431,243.16727907511688,53.96160587082516,0.1676119565963745,17312999424.0,0.7906222343444824,1,0,0,0,0,0,0,0
42697197602504888,353.59104561445304,0.02253546243067232,0.15366476774215698,31839000576.0,0.6634214520454407,1,0,0,0,0,0,0,0
37484717917910410,34.78271735176242,-4.55600199901325,0.114095538854599,39137001472.0,0.7966686487197876,1,1,0,0,0,1,0,0
38553713803017394,35.923215192583385,-3.391158719081316,0.2801123559474945,11973999616.0,0.9998133778572083,1,0,0,0,0,0,0,1
38554121824919045,35.396910656352304,-3.546368250993731,0.15170665085315704,72642002944.0,0.971960186958313,1,0,0,0,0,0,0,0
43158610234072745,150.33807189619262,2.7901779249610095,0.3013654053211212,14069999616.0,0.5927115678787231,1,0,0,0,0,0,0,0
41623262504973607,353.14410721920507,-0.9029845642253121,0.2783781588077545,123900002304.0,0.8555207252502441,1,1,0,0,0,1,0,0
75959503106894702,242.77029975963134,55.71470358971779,0.2497922033071518,102740000768.0,0.8543681502342224,1,0,0,0,0,0,0,0
38558086079738772,37.303669283863286,-4.420015606316387,0.311537504196167,124259999744.0,0.8754847049713135,1,0,0,0,0,0,0,0
75343905444359161,244.04483741687798,53.850790835894024,0.1621559113264084,14430999552.0,0.6082717776298523,1,1,0,0,0,1,0,0
42687868933530909,351.24469944700246,0.6719588988354973,0.21035173535346985,43396001792.0,0.41498011350631714,1,1,0,0,0,1,0,0
37489648540341912,35.444737081220794,-5.479202545022957,0.30614712834358215,31335999488.0,0.8946000337600708,1,1,0,0,0,1,0,0
37489111669436484,36.34220469246344,-4.799668650946587,0.33129066228866577,81373003776.0,0.7575724720954895,1,1,0,0,0,1,1,0
42090013780886174,149.4052275673703,0.8552970645326137,0.2975253462791443,27463000064.0,0.8882535696029663,1,0,0,0,0,0,0,1
38553563479166534,36.012027249595924,-3.987091629646828,0.10849319398403168,59833999360.0,0.9124859571456909,1,0,0,0,0,0,0,0
41623674821843841,352.57002812787863,-0.8726198618445696,0.3095574676990509,24921999360.0,0.5341341495513916,1,0,0,0,0,0,0,0
75959077905141107,243.86470054383244,55.22992414016279,0.15967348217964172,70379003904.0,0.8590081930160522,1,0,0,0,0,0,0,0
42692387239130351,352.6004981305027,0.01798905720065913,0.10685552656650543,74378002432.0,0.9643350839614868,1,0,0,0,0,0,0,0
75958798732266306,244.28650382577763,55.0705171214483,0.21399079263210297,51397001216.0,0.5877292156219482,1,0,0,0,0,0,0,0
41623953994722358,352.1811314679492,-0.6641385430380549,0.19690559804439545,42960998400.0,0.6206598281860352,1,0,0,0,0,0,0,0
75338824498056341,242.9814929687425,54.11816643135823,0.15870961546897888,24777000960.0,0.6791762709617615,1,0,0,0,0,0,0,0
44222911719957326,150.210882676706,3.1400307940304497,0.13798895478248596,13856000000.0,0.9595011472702026,1,0,0,0,0,0,0,0
37494059471756837,36.943130940931425,-4.855316362025472,0.23707817494869232,4396700160.0,0.8690018653869629,1,0,0,0,0,0,0,0
37494458903721590,36.49568896059701,-5.313377499349555,0.23786401748657227,6245899776.0,0.6283266544342041,1,0,0,0,0,0,0,0
44227447205426467,151.61283085817132,3.204787696121385,0.11023735255002975,21692000256.0,0.7733266353607178,1,1,0,0,0,1,0,0
75958674178204922,244.6541995166188,55.51376768205776,0.1387861669063568,48385998848.0,0.5684810280799866,1,0,0,0,0,0,0,0
38558098964631746,37.31084794748678,-3.972991869850311,0.37620824575424194,21322000384.0,0.5487329363822937,1,0,0,0,0,0,0,0
75343918329263138,243.96533611629195,54.44253183538104,0.328511118888855,18367000576.0,0.9142886400222778,1,0,0,0,0,0,0,0
42697201897469120,353.5900912895188,0.1932175632151853,0.32423681020736694,20237000704.0,0.8188806772232056,1,0,0,0,0,0,0,1
75954559599537579,241.47104986915673,56.01438854135029,0.2178557813167572,28871000064.0,0.5155641436576843,1,0,0,0,0,0,0,0
75959631955919273,242.58096215229867,55.39982367758426,0.372161865234375,50177998848.0,0.42286238074302673,1,1,0,0,0,1,1,0
41619826531134230,350.378792862091,-0.9551755366529115,0.23341114819049835,92815998976.0,0.8674343824386597,1,0,0,0,0,0,0,0
37493651449869824,37.605077198615994,-4.576835818304502,0.2689918279647827,35768000512.0,0.8809553384780884,1,0,0,0,0,0,0,0
37489094489564492,36.302789296727795,-5.593902696594447,0.27304381132125854,46428000256.0,0.9227229356765747,1,0,0,0,0,0,0,0
44223332626759567,149.75497734291616,3.6168498849388033,0.1384449154138565,27210000384.0,0.9587757587432861,1,0,0,0,0,0,0,0
42697073048450880,353.7303485482645,0.5264686916784893,0.19446973502635956,28994000896.0,0.5787588953971863,1,0,0,0,0,0,0,0
38553842652042544,35.712904329217906,-3.770449157600887,0.2645987570285797,12689000448.0,0.8537758588790894,1,0,0,0,0,0,0,0
38553851241974978,35.70777320113156,-3.405932150752629,0.38983798027038574,43673001984.0,0.8782273530960083,1,0,0,0,0,0,0,0
76557620252548809,243.63224680918333,56.587190636400976,0.12289132177829742,61804998656.0,0.9604698419570923,1,0,0,0,0,0,0,0
75954417865620192,241.9593414869057,55.763837818715174,0.22178103029727936,36999000064.0,0.8860305547714233,1,0,0,0,0,0,0,0
43158326766220077,150.53908176259011,2.3477307580843965,0.12971962988376617,49230999552.0,0.5003188848495483,1,0,0,0,0,0,0,0
37494055176795167,37.01414642343502,-4.928556792184564,0.2465432733297348,85945999360.0,0.7131812572479248,1,0,0,0,0,0,0,0
37493926327772052,37.23215973471461,-4.657664001374994,0.22159399092197418,52069998592.0,0.41609472036361694,1,1,0,0,1,0,1,0
43154216482528801,148.72496350357613,2.9479818452187594,0.36965906620025635,31495000064.0,0.557001531124115,1,0,0,0,0,0,0,0
75338961937002683,242.80091292342087,54.03848204775408,0.16990618407726288,9033600000.0,0.5953289866447449,1,0,0,0,0,0,0,0
42692120951169946,352.8746730173941,0.4242767453222351,0.28233247995376587,18588000256.0,0.7889075875282288,1,0,0,0,0,0,0,0
75339653426748234,241.30802626844138,54.367508369467366,0.18488925695419312,62442000384.0,0.7810256481170654,1,0,0,0,0,0,0,0
75334301897483442,240.90339654669694,54.579480761117765,0.25747841596603394,4567099904.0,0.6166373491287231,1,0,0,0,0,0,0,0
42089880636907294,149.6220389688381,1.1373433001774895,0.21681182086467743,173239992320.0,0.6836907267570496,1,0,0,0,0,0,0,0
38554100350090410,35.25647742557009,-4.397283958811939,0.2680816054344177,9867200512.0,0.9214032888412476,1,1,0,0,0,0,1,0
42089601464029922,149.94064926787593,0.9053381694496287,0.18673314154148102,133230002176.0,0.7938170433044434,1,0,0,0,0,0,0,0
43153786985803363,149.24283403927151,2.2854429787549138,0.1643146574497223,64035999744.0,0.5594515800476074,1,0,0,0,0,0,0,0
42692533268025242,352.448690813879,0.41218437534682456,0.3030974864959717,45897998336.0,0.6004791855812073,1,1,0,0,0,1,1,0
38554108940018968,35.3614944685577,-4.118010635413531,0.29983752965927124,94049001472.0,0.594948410987854,1,0,0,0,0,0,0,0
37494330054691915,36.67225011944196,-5.074707962004699,0.2533493638038635,119159996416.0,0.6983697414398193,1,0,0,0,0,0,0,0
41623137950915657,353.29176163093484,-0.4480590033334207,0.11340629309415817,12227000320.0,0.7206105589866638,1,0,0,0,0,0,0,0
41623825145700950,352.3182956953548,-0.27801085314240515,0.35117071866989136,165379997696.0,0.8935624361038208,1,1,0,1,0,0,1,0
37484576183980444,34.887505591971326,-4.773950149352192,0.14406432211399078,10017000448.0,0.7598600387573242,1,0,0,0,0,0,0,0
41623545972817204,352.79839773574713,-0.5553903368080098,0.2147328108549118,34379001856.0,0.3677299916744232,1,1,0,0,0,1,1,0
76553084767067980,241.4892634362326,56.57994002952057,0.36279916763305664,318529994752.0,0.8131905794143677,1,1,0,0,0,0,1,0
75964025707472116,245.1594317181287,55.309673148557955,0.21537651121616364,34929999872.0,0.559654712677002,1,0,0,0,0,0,0,0
37489532576225426,35.69885409048807,-4.505375590806368,0.1290523111820221,20654000128.0,0.9494439363479614,1,1,0,0,0,1,0,0
41624091433668985,352.1242157579419,-0.7118015533337796,0.2075091153383255,30268000256.0,0.9549347162246704,1,1,0,0,0,1,1,0
44227730673262101,151.21026231968364,3.498528032787751,0.39130693674087524,18115999744.0,0.9093582034111023,1,0,0,0,0,0,0,0
42697068753481914,353.7317173986843,0.37718201846580285,0.3120820224285126,35783000064.0,0.5377438068389893,1,0,0,0,0,0,0,0
41623262504973606,353.14078591455575,-0.905589530047083,0.28114327788352966,90879000576.0,0.657907247543335,1,0,0,0,0,0,0,0
75343901149399691,243.99716864937346,53.75358973802781,0.1693958342075348,21208000512.0,0.5313676595687866,1,0,0,0,0,0,0,0
41623683411767889,352.5099660292201,-0.6046507088270326,0.1352953165769577,54777999360.0,0.9265906810760498,1,1,0,1,0,1,1,0
75339095080989568,242.3941770531211,53.87260496195503,0.14132407307624817,40113000448.0,0.7821370363235474,1,1,0,0,0,1,0,0
75343793775211545,244.30241052741053,55.005780026202295,0.23982657492160797,139949998080.0,0.8737305402755737,1,0,0,0,0,0,0,0
75959090790048639,243.84300582368894,55.83394948991764,0.24397991597652435,18367000576.0,0.8126587867736816,1,0,0,0,0,0,0,0
75338966231974637,242.9313240026322,54.27459958867333,0.299564927816391,67122999296.0,0.4777415990829468,1,1,0,0,0,1,0,0
37493917737831972,37.16040158094149,-5.086907589681027,0.31736212968826294,139680006144.0,0.865877628326416,1,0,0,0,0,0,0,0
74696589448349740,242.59553464344384,53.431165022809964,0.22535265982151031,16551000064.0,0.9725726842880249,1,0,0,0,0,0,0,0
37493651449864459,37.55466091879362,-4.65905205009183,0.25373736023902893,101049999360.0,0.5614458918571472,1,0,0,0,0,0,0,0
75959374257873444,242.9751843398538,56.06778360486,0.2902405560016632,7436499968.0,0.7748903036117554,1,0,0,0,0,0,0,0
43162982510777710,151.71813559110444,1.7185657864900525,0.12454573810100555,14588000256.0,0.9483764171600342,1,1,0,0,0,1,0,0
41623807965834871,352.3587302632069,-1.0612195294392837,0.2678253948688507,21443999744.0,0.646762490272522,1,0,0,0,0,0,0,1
42085065978569493,148.7154608679024,1.014453229926516,0.135523721575737,4011599872.0,0.5550053715705872,1,0,0,0,0,0,0,0
75339507397858670,241.46210173386532,54.008168008307734,0.07785194367170334,6138100224.0,0.7174972295761108,1,0,0,0,0,0,0,0
37484975615927948,34.33596754261767,-5.4298220464555165,0.10871545970439911,148360003584.0,0.9467730522155762,1,1,0,0,0,1,0,0
42085074568498286,148.7562090604382,1.2292767068515076,0.18390856683254242,104239996928.0,0.49050647020339966,1,1,0,0,0,1,1,0
75339524577721569,241.44913600653982,54.65352192200856,0.1466412991285324,80943996928.0,0.8317930698394775,1,0,0,0,0,0,0,0
41623266799937925,353.22425153762475,-0.7290387015505433,0.20200985670089722,124670001152.0,0.9776902198791504,1,0,0,0,0,0,0,0
41618873048393061,351.6085542487952,-0.6068826857851527,0.22006142139434814,105210003456.0,0.5279183387756348,1,0,0,0,0,0,0,0
42687722904649041,351.50930535345003,0.33572874816689663,0.2254101186990738,23129999360.0,0.8825873136520386,1,0,0,0,0,0,0,0
42697210487410597,353.49298120546837,0.6482233282702636,0.09553249925374985,40843001856.0,0.9949415922164917,1,1,0,0,1,0,0,0
42093866366555126,151.59191641255063,1.1590460629447068,0.118181511759758,31168999424.0,0.8889694213867188,1,0,0,0,0,0,0,0
37489919123281838,35.16144305166945,-5.614105591666915,0.26837560534477234,38839001088.0,0.7965272665023804,1,0,0,0,0,0,0,0
42692262685086966,352.8369335060574,0.5958697771753555,0.2751789093017578,56428998656.0,0.5351151823997498,1,0,0,0,0,0,0,0
37490060857202410,34.999293674310586,-5.461252961630897,0.2571098208427429,55687000064.0,0.7834010124206543,1,0,0,0,0,0,0,0
38553280011330150,36.37922449875318,-4.244836966674677,0.3763423562049866,34490998784.0,0.9738293886184692,1,0,0,0,0,0,0,0
38553426040204778,36.31311987769808,-3.9620104199326,0.23923656344413757,14773000192.0,0.5361085534095764,1,0,0,0,0,0,0,0
37485113054886332,34.12925049094474,-5.381472797542846,0.12283141911029816,27211999232.0,0.5346071720123291,1,0,0,0,0,0,0,0
75954542419677510,241.5221030726327,55.22721481537356,0.2908143401145935,465620008960.0,0.7300013303756714,1,1,0,0,0,1,0,0
37489094489560016,36.2485309405035,-5.657301581066923,0.2043018341064453,28896000000.0,0.8913825750350952,1,0,0,0,0,0,0,0
41623966879610633,352.1879226657645,-0.19740159834866272,0.3186681270599365,78266998784.0,0.7928433418273926,1,1,0,0,0,1,1,0
75339232519941871,242.22164873529317,53.85550743456061,0.09573253244161606,16362000384.0,0.624508261680603,1,0,0,0,0,0,0,0
75959511696837920,242.89566418367258,56.17892890184238,0.3211491107940674,66405998592.0,0.5491053462028503,1,1,0,0,0,1,0,0
38558098964632705,37.38070894011439,-3.95705148043337,0.10818041115999222,5701499904.0,0.8987042903900146,1,0,0,0,0,0,0,0
75338837382950410,243.09368277192056,54.603316936145255,0.3795594871044159,24152999936.0,0.5350944995880127,1,0,0,0,0,0,0,0
44223044863948443,149.99261162132933,3.042447656735134,0.06914579123258591,15472000000.0,0.9770779013633728,1,1,0,0,1,0,1,0
37488948460662736,36.40684534796132,-5.873580765418407,0.23140472173690796,27416999936.0,0.9386128187179565,1,0,0,0,0,0,0,0
75339107965893151,242.45590632570224,54.463323483032546,0.1269170492887497,58972000256.0,0.7332080602645874,1,1,0,0,1,1,0,0
42692116656201111,353.0354568443441,0.24222658893088603,0.30282825231552124,87909998592.0,0.6026962399482727,1,0,0,0,0,0,0,0
75343905444370039,243.97643285175263,53.986378892458404,0.10848607867956161,15536000000.0,0.8854168653488159,1,0,0,0,0,0,0,0
75343377163378785,245.31332903081602,54.7980274228331,0.2183619886636734,28864999424.0,0.8140918016433716,1,1,0,1,0,0,0,1
37489111669439543,36.29825837636224,-4.761361561646026,0.16817958652973175,17358999552.0,0.950251579284668,1,0,0,0,0,0,0,1
75959082200116152,243.72793056716796,55.50056221372914,0.2560596168041229,14346000384.0,0.9315295815467834,1,0,0,0,0,0,0,0
41619693387148827,350.51887435364705,-0.7774788971534368,0.3528811037540436,73807003648.0,0.8010475039482117,1,1,0,0,1,0,1,0
75964167441391381,244.80005994329406,55.483148190387034,0.11697529256343842,6387100160.0,0.7698255777359009,1,0,0,0,0,0,0,0
43163287453460508,151.40497125083235,2.9509097145827607,0.23287510871887207,66061000704.0,0.8121789693832397,1,0,0,0,0,0,0,0
43154328151655776,148.5393112589708,1.7984847524652612,0.26232901215553284,12993999872.0,0.9582497477531433,1,0,0,0,0,0,0,1
75959653430752287,242.3166742280075,56.281810949333355,0.21461930871009827,127379996672.0,0.6138741374015808,1,0,0,0,0,0,0,0
37494467493649017,36.49524105981439,-5.01512928206117,0.13498489558696747,58977001472.0,0.7259021997451782,1,1,0,0,0,1,0,1
37489665720219283,35.44387290064186,-4.606038148633534,0.16588710248470306,21258000384.0,0.9350324869155884,1,0,0,0,0,0,0,0
37489253403350110,36.01790917534808,-4.7002255465172285,0.31089726090431213,86855999488.0,0.9332187175750732,1,0,0,0,0,0,0,0
75339378548824829,241.86976249265422,54.22822738741551,0.1825333535671234,31337000960.0,0.8328940868377686,1,0,0,0,0,0,0,0
43163003985607358,151.6519830321479,2.695300076158806,0.13134357333183289,21187000320.0,0.9271002411842346,1,0,0,0,0,0,0,0
42691996397105858,353.2049013271915,0.8861637341264466,0.16309504210948944,16938999808.0,0.6222805380821228,1,0,0,0,0,0,0,0
75959215344098161,243.3794329696773,55.28924068119905,0.12510503828525543,15024000000.0,0.9056329727172852,1,0,0,0,0,0,0,0
75959498811929930,242.8385611732897,55.55584319534598,0.21553868055343628,44328001536.0,0.9274252653121948,1,0,0,0,0,0,0,0
42697206192445367,353.5590238771552,0.435976666769633,0.25311100482940674,27655999488.0,0.9249044060707092,1,0,0,0,0,0,0,0
42687989192621962,351.1011415203722,0.06156056634874582,0.250060111284256,34981998592.0,0.6520953178405762,1,0,0,0,0,0,0,1
38558232108625774,37.1675743233899,-4.030205735222119,0.2780296504497528,45708001280.0,0.8603357076644897,1,0,0,0,0,0,0,0
37489090194599069,36.29526110318727,-5.749569878251724,0.19308017194271088,32920000512.0,0.8727114200592041,1,0,0,0,0,0,0,0
41619006192387256,351.4344245613039,-0.7164456043701053,0.23431681096553802,23136999424.0,0.5283230543136597,1,0,0,0,0,0,0,0
38549706598533866,33.84718343520268,-4.338545917935317,0.2568095922470093,6409600000.0,0.5160384178161621,1,0,0,0,0,0,0,0
43158588759229898,150.20933805321596,1.79158670055251,0.37098339200019836,31131000832.0,0.5734914541244507,1,0,0,0,0,0,0,0
75338558210076563,243.646258593524,54.42847266116369,0.28766554594039917,219130003456.0,0.9867361783981323,1,0,0,0,0,0,0,0
43159142810023918,149.50466333297857,2.125062102970226,0.10028208047151566,19306999808.0,0.8347119688987732,1,0,0,0,0,0,0,0
75343510307383208,245.09424772372725,54.7464327182194,0.10671281069517136,25002999808.0,0.9072327613830566,1,1,0,0,1,0,1,0
43158859342171672,149.93062658888093,1.5955467888098722,0.29127177596092224,117700001792.0,0.892326831817627,1,0,0,0,0,0,0,1
42094136949505814,151.34380684984473,1.0010366446198635,0.14608098566532135,42409000960.0,0.5726284384727478,1,0,0,0,0,0,0,0
43163265978622872,151.4435597628333,2.0761503811058133,0.17200671136379242,40760999936.0,0.7640067338943481,1,0,0,0,0,0,0,1
37493917737841689,37.10064878274447,-4.9404095326865365,0.08626828342676163,23055998976.0,0.977308988571167,1,0,0,0,0,0,0,0
41623262504969060,353.1031532671947,-0.972271800018783,0.22983714938163757,118450003968.0,0.7975505590438843,1,0,0,0,0,0,0,0
74701537250665385,243.6522347444681,53.39608796182529,0.21339218318462372,38079000576.0,0.8181610107421875,1,0,0,0,0,0,0,0
41623966879603295,352.1559446719626,-0.27693355304756867,0.0964943990111351,32905000960.0,0.9063781499862671,1,0,0,0,0,0,0,0
75954559599541882,241.67237212624886,55.95597322878801,0.30457988381385803,32379000832.0,0.8041810989379883,1,0,0,0,0,0,0,0
38553550594276927,36.135087518418274,-4.394923770702465,0.2762376070022583,9948699648.0,0.8245301246643066,1,0,0,0,0,0,0,0
41623541677847395,352.70348434817265,-0.7999455576874129,0.13491375744342804,5194699776.0,0.700873851776123,1,0,0,0,0,0,0,0
37494334349664772,36.62865093129559,-4.816487274976784,0.2917068600654602,118359998464.0,0.7033835053443909,1,0,0,0,0,0,0,0
75343372868411320,245.17691175583363,54.620105017573266,0.09960572421550751,63926001664.0,0.8627864718437195,1,1,0,0,0,1,0,0
42093999510541010,151.54559581040786,0.8712240974726954,0.1578216254711151,5338999808.0,0.6482136249542236,1,0,0,0,0,0,0,0
41619281070298088,351.1986381151998,-0.7021246421044789,0.2522694170475006,63860998144.0,0.8682425022125244,1,1,0,0,0,1,0,0
37494055176790083,37.020025231117394,-5.010127513728388,0.13985499739646912,21336999936.0,0.8813433647155762,1,0,0,0,0,0,0,0
44223186597863120,149.88995089871074,3.1282404266469714,0.12154490500688553,34622001152.0,0.6955873370170593,1,0,0,0,0,0,0,0
42692395829068199,352.6424759843102,0.3507044332919443,0.11081673204898834,23413999616.0,0.8835985660552979,1,0,0,0,0,0,0,0
43154207892596025,148.84728173724392,2.583038243996362,0.1063109040260315,142489993216.0,0.9922842979431152,1,0,0,0,0,0,0,0
37493651449869821,37.61140114637397,-4.567906575753028,0.26514774560928345,44388999168.0,0.8245816230773926,1,0,0,0,0,0,0,0
75954426455550525,242.01101353371646,56.11483749651848,0.3357929587364197,115850002432.0,0.5768036842346191,1,0,0,0,0,0,0,0
37484709327955350,34.80417262702144,-5.079528851657021,0.1318303495645523,6862799872.0,0.9325944781303406,1,0,0,0,0,0,0,0
38553975796030346,35.51205026184216,-3.9251164238986678,0.10127831995487213,20344000512.0,0.8857803344726562,1,0,0,0,0,0,0,0
43153778395870144,149.23912920875108,1.891705431142288,0.1593128889799118,160130007040.0,0.91970294713974,1,0,0,0,0,0,0,0
41623412828833769,352.8866670059369,-0.32406358354006115,0.11454252153635025,7861400064.0,0.5404503345489502,1,0,0,0,0,0,0,0
38553829767149608,35.73300378317441,-4.275064519671846,0.2854725420475006,180730003456.0,0.9537414908409119,1,1,0,0,1,0,1,0
38558369547574933,37.01284578891553,-4.093403213293933,0.18302308022975922,91325997056.0,0.9315710663795471,1,0,0,0,0,0,0,0
38558506986526629,36.756121958698095,-4.130907806449563,0.14087001979351044,15992999936.0,0.4767521023750305,1,1,0,0,0,1,1,0
75958807322193023,244.41113236858791,55.345333194755995,0.3065926134586334,31431999488.0,0.6226216554641724,1,0,0,0,0,0,0,0
40554833555512376,352.67490826610435,-1.562103780808596,0.305612176656723,186999996416.0,0.7377322316169739,1,1,0,0,0,1,1,0
43153658136778797,149.4221523216217,2.5684314727261324,0.10487382858991623,11192999936.0,0.8977566957473755,1,0,0,0,0,0,0,0
37494188320775391,36.821666566527504,-5.12578475888281,0.0679737776517868,13957000192.0,0.9009232521057129,1,0,0,0,0,0,0,0
75338541030204973,243.73253311678943,53.67639205271156,0.18505704402923584,23769999360.0,0.8881843090057373,1,1,0,0,0,1,0,0
41623275389878992,353.17606651868454,-0.3278387368606762,0.19979609549045563,15168000000.0,0.5144506692886353,1,0,0,0,0,0,0,0
44217972507561791,149.45527256714803,3.469315515894333,0.1729404330253601,31913000960.0,0.7898294925689697,1,0,0,0,0,0,0,0
38553692328187485,35.90068820164691,-4.3431236653521825,0.32438814640045166,20430000128.0,0.8458589315414429,1,0,0,0,0,0,0,0
42090288658795974,148.98983755909333,0.8630989807043394,0.24648630619049072,58774999040.0,0.6068295836448669,1,0,0,0,0,0,0,1
75334297602529268,241.11195884052862,54.55613003935097,0.24295395612716675,98385002496.0,0.8954200744628906,1,0,0,0,0,0,0,1
37489244813422455,36.12473075455745,-5.005029932078097,0.281671941280365,116539998208.0,0.5931224822998047,1,0,0,0,0,0,0,0
37494458903717342,36.50551924272095,-5.3886245877521946,0.0645349994301796,13445000192.0,0.9651944041252136,1,0,0,0,0,0,0,0
38558227813656504,37.139638144097816,-4.261023029824075,0.2819038927555084,139800002560.0,0.7382425665855408,1,0,0,0,0,0,0,0
75955092175476382,240.30733608806446,55.16185118862194,0.3313371539115906,19886000128.0,0.6321429014205933,1,0,0,0,0,0,0,0
44227730673258814,151.2488481938979,3.450344577828513,0.16639737784862518,23408001024.0,0.6255033612251282,1,0,0,0,0,0,0,0
75339511692815468,241.51234376508427,54.103351357960456,0.3407589793205261,37079998464.0,0.61415696144104,1,0,0,0,0,0,0,0
42692541857950032,352.36640907307907,0.689065004529164,0.21091212332248688,36147998720.0,0.5825644731521606,1,0,0,0,0,0,0,0
75959077905144668,243.90394370894978,55.2612393682939,0.3472431004047394,15640000512.0,0.5257107019424438,1,0,0,0,0,0,0,0
41618873048398183,351.65687683667767,-0.5487230554782827,0.3171057105064392,65377001472.0,0.5356293320655823,1,0,0,0,0,0,0,0
41623275389872337,353.14700358965877,-0.41374942522192715,0.06598253548145294,24483999744.0,0.9637254476547241,1,0,0,0,0,0,0,0
41618873048396810,351.71711988607973,-0.5601774153225679,0.18387115001678467,68773003264.0,0.6706826686859131,1,1,0,0,0,1,0,0
43158605939110817,150.21529824365987,2.6018959776563437,0.39866599440574646,118140002304.0,0.8612931966781616,1,1,0,0,0,1,0,1
41623524497982731,352.7865277495839,-1.4089881721435653,0.1717650145292282,4481600000.0,0.765367865562439,1,0,0,0,0,0,0,0
75339374253862091,241.97426853640485,54.073611324029976,0.28366634249687195,23175999488.0,0.7823562622070312,1,1,0,0,0,1,1,0
37494192615749267,36.80661411374733,-4.929126934326127,0.3878325819969177,74584997888.0,0.7124996185302734,1,0,0,0,0,0,0,0
38553572069114361,36.11427507207675,-3.4483025755931775,0.3924376666545868,156180004864.0,0.6797232031822205,1,0,0,0,0,0,0,1
37494188320773513,36.86811179608582,-5.148080253770658,0.19406478106975555,119609999360.0,0.8556205034255981,1,0,0,0,0,0,0,0
37489652835320172,35.563269444444046,-5.147142225773972,0.11796414107084274,17309999104.0,0.7643692493438721,1,0,0,0,0,0,0,0
75343652041302399,244.69035700868017,54.91105554921102,0.20686596632003784,23676000256.0,0.571804940700531,1,0,0,0,0,0,0,0
75343793775207843,244.29575272622554,54.973613217897665,0.12726810574531555,24523999232.0,0.8662006258964539,1,0,0,0,0,0,0,0
37489519691324942,35.61251189483799,-5.089776970449633,0.14516021311283112,3468699904.0,0.669486939907074,1,0,0,0,0,0,0,0
37484984205866949,34.4713498323559,-5.045155948148189,0.09828747063875198,15980000256.0,0.8102908134460449,1,1,0,0,0,1,0,0
42089476909976721,150.134673220015,1.449967994597475,0.3731249272823334,19968000000.0,0.5421574115753174,1,0,0,0,0,0,0,0
44218109946527666,149.33839501239385,3.5943835391975605,0.1693127453327179,17350000640.0,0.5867851376533508,1,0,0,0,0,0,0,0
75959365667939127,243.0286376457861,55.695361376405,0.21827378869056702,40027000832.0,0.4938657879829407,1,1,0,0,0,1,1,0
38553988680931660,35.51840593339929,-3.36498368120717,0.2795945107936859,52144001024.0,0.607948899269104,1,0,0,0,0,0,0,0
42697068753482226,353.7344079500852,0.3884430527085308,0.23622477054595947,281149997056.0,0.9819331169128418,1,0,0,0,0,0,0,0
75954404980714298,241.80250420934567,55.14385623780125,0.2277429848909378,44795998208.0,0.6794523596763611,1,0,0,0,0,0,0,0
38549431720637876,34.219392225408264,-4.290616302418835,0.11657236516475677,92180996096.0,0.990224301815033,1,0,0,0,0,0,0,0
41623953994714746,352.1873196474033,-0.7403795590848625,0.269962877035141,81707999232.0,0.7070189714431763,1,0,0,0,0,0,0,0
75338949052110864,242.69332010115932,53.6157438591175,0.14741067588329315,29097000960.0,0.5694661736488342,1,0,0,0,0,0,0,0
75959365667952023,243.17999909869775,55.8100448315862,0.15410175919532776,6766499840.0,0.891116738319397,1,0,0,0,0,0,0,0
37489253403359428,36.144671897316336,-4.593773165798828,0.14866819977760315,9361200128.0,0.6424865126609802,1,0,0,0,0,0,0,0
75338687059092412,243.39911965677288,54.03577704597917,0.1455746293067932,16595999744.0,0.5523966550827026,1,0,0,0,0,0,0,0
43154353921484164,148.64328127099,2.9748593732245636,0.3421550989151001,68893999104.0,0.7358876466751099,1,1,0,0,0,1,1,0
75343918329262603,243.9065073743281,54.441374980162,0.28811168670654297,47032000512.0,0.6569585800170898,1,0,0,0,0,0,0,0
75339662016680373,241.33585122905822,54.69261316512981,0.2669356167316437,5477700096.0,0.8701506853103638,1,0,0,0,0,0,0,0
75959241113864225,243.52858908438958,56.281568567560974,0.23121672868728638,5395500032.0,0.9342104196548462,1,0,0,0,0,0,0,0
43158601644140341,150.25398448825388,2.403924897709271,0.34150755405426025,93634002944.0,0.6975709199905396,1,0,0,0,0,0,0,1
43163412007514835,151.2025025526233,2.4500570459008353,0.22062897682189941,32105000960.0,0.8887202739715576,1,1,0,0,0,1,1,0
42697077343415449,353.74962330977064,0.7042092853127484,0.2334609031677246,249170001920.0,0.9023599624633789,1,0,0,0,0,0,0,0
43158739083080427,150.0314813691505,2.3745020760834996,0.302890807390213,30269999104.0,0.976773202419281,1,0,0,0,0,0,0,0
41623816555747772,352.3933063425198,-0.8365164667783458,0.09294339269399643,3605700096.0,0.5553914308547974,1,0,0,0,0,0,0,0
75959090790038834,243.85010231444693,55.735358180316446,0.2530849277973175,71862001664.0,0.7710986733436584,1,1,0,0,0,1,0,0
37489098784530544,36.21223211439553,-5.43184229118864,0.2231488823890686,71628996608.0,0.5684146285057068,1,0,0,0,0,0,0,0
43163265978624287,151.4112881216029,2.077464042385009,0.17028291523456573,78232002560.0,0.878838062286377,1,0,0,0,0,0,0,0
74696726887298202,242.30411060689863,53.32781539767302,0.15282344818115234,14430000128.0,0.7240097522735596,1,0,0,0,0,0,0,0
75339090786016307,242.59496816345023,53.64902623120934,0.12917490303516388,7441800192.0,0.8527477979660034,1,1,0,0,0,1,0,0
75339528872685528,241.62261694875727,54.80393826581577,0.3322332501411438,54441000960.0,0.44321149587631226,1,1,0,0,0,1,0,0
38553851241977510,35.71100276055432,-3.36667442322347,0.3632025420665741,158389993472.0,0.793526828289032,1,0,0,0,0,0,0,0
37493651449859922,37.493259623889806,-4.72540616765497,0.23709316551685333,224459997184.0,0.7732155919075012,1,0,0,0,0,0,0,0
41623533087917347,352.86174168955307,-1.099370639101189,0.3103869557380676,105989996544.0,0.5073519945144653,1,0,0,0,0,0,0,0
41618731314477903,351.78697850472213,-0.6983569996187513,0.14910051226615906,12001999872.0,0.9019110202789307,1,0,0,0,0,0,0,0
42093870661523471,151.6294996708007,1.2730276442964428,0.07170196622610092,8364599808.0,0.9113181233406067,1,0,0,0,0,0,0,0
75958936171219005,244.19798177010705,55.05323002426258,0.18650595843791962,24674000896.0,0.7935431003570557,1,1,0,0,0,1,0,0
41618860163502271,351.69357179434655,-1.0409626892884363,0.08832018077373505,9266599936.0,0.8792762756347656,1,0,0,0,0,0,0,0
42687735789546896,351.5410390876938,0.903518213436126,0.21048428118228912,4773499904.0,0.8616856336593628,1,0,0,0,0,0,0,0
75959090790045627,243.8993590004136,55.79300222139378,0.18384845554828644,35536998400.0,0.7571698427200317,1,0,0,0,0,0,0,0
38558094669669183,37.45532850428851,-4.090091277480337,0.20957474410533905,273869996032.0,0.7845771312713623,1,0,0,0,0,0,0,0
37489927713220091,35.206317986310545,-5.250344551965974,0.2052973359823227,102180003840.0,0.7698369026184082,1,0,0,0,0,0,0,0
42692266980052654,352.7682362930285,0.7893328291042327,0.1830569952726364,46385000448.0,0.7604349851608276,1,1,0,0,0,1,1,0
75954675563659296,241.06818836709385,55.046721824291154,0.2589353322982788,48668000256.0,0.8818997144699097,1,0,0,0,0,0,0,0
37484584773900955,34.90352535101738,-4.496324784678839,0.14846171438694,157589995520.0,0.9932628870010376,1,0,0,0,0,0,0,0
38553851241972516,35.72408539831102,-3.412767707960586,0.10610636323690414,9553800192.0,0.8820790648460388,1,0,0,0,0,0,0,0
75343514602328584,244.90075939819036,54.83606771356381,0.18947510421276093,37491998720.0,0.8557262420654297,1,0,0,0,0,0,0,1
75338695649030868,243.47551794641575,54.460127526839464,0.31184303760528564,59350999040.0,0.9609750509262085,1,0,0,0,0,0,0,0
37493788888826114,37.283702391843555,-4.566021249478536,0.17550167441368103,18278000640.0,0.7290757894515991,1,0,0,0,0,0,0,0
38554254968911648,35.12356717462679,-3.637031637497699,0.287467896938324,22144999424.0,0.5563188791275024,1,0,0,0,0,0,0,0
37485396522730220,33.83523578452144,-4.972703146765974,0.13292086124420166,3485499904.0,0.8984621167182922,1,0,0,0,0,0,0,0
75339507397852057,241.5864518039776,53.9384180282478,0.19511672854423523,51384000512.0,0.6631801724433899,1,1,0,0,0,1,0,0
42687997782547289,351.0861618788582,0.3260654671581234,0.1236456036567688,29034000384.0,0.8605073690414429,1,1,0,0,0,1,1,1
37494192615738236,36.813271948331796,-5.075644794592462,0.07599562406539917,71433003008.0,0.9980188012123108,1,1,0,0,0,1,0,0
42692803850965214,352.0626475937986,0.20367606780097589,0.23402732610702515,29745999872.0,0.5312765836715698,1,0,0,0,0,0,0,0
41619135041404076,351.3608017458191,-1.132548319227525,0.3137080669403076,56655998976.0,0.8501531481742859,1,1,0,0,0,1,1,0
43158580169305292,150.26523613163698,1.5151504084037128,0.19712373614311218,19403999232.0,0.9094451665878296,1,0,0,0,0,0,0,0
38558644425483847,36.552891350165275,-4.055400535861431,0.32960402965545654,85043003392.0,0.5389742851257324,1,1,0,0,0,1,1,0
75343909739328790,243.96183565522674,54.083628352643885,0.20935507118701935,10053999616.0,0.9966577887535095,1,0,0,0,0,0,0,0
38557952935744610,37.645917596078085,-4.323258939846902,0.22681871056556702,35456999424.0,0.6591275930404663,1,0,0,0,0,0,0,0
75959631955929249,242.32953090968851,55.48327840308606,0.12716172635555267,6409699840.0,0.515387237071991,1,0,0,0,0,0,0,0
37489094489565222,36.338852300595924,-5.584448570255834,0.22756320238113403,13617000448.0,0.6118722558021545,1,1,0,0,0,1,0,0
38558232108616997,37.25452397485152,-4.148990471586552,0.1827985942363739,117479997440.0,0.939577043056488,1,0,0,0,0,0,0,0
41623275389874902,353.2238728394425,-0.37738822003915107,0.1264095902442932,30198999040.0,0.7426134943962097,1,0,0,0,0,0,0,0
43153920129783826,149.0724447421615,2.017469275694298,0.22203288972377777,12650999808.0,0.8043910264968872,1,0,0,0,0,0,0,0
37488952755638802,36.42262873779537,-5.794342774071272,0.166314035654068,9185300480.0,0.6014746427536011,1,0,0,0,0,0,0,0
38554117529955219,35.252329768446415,-3.6838059339031792,0.30202123522758484,154810007552.0,0.6748408079147339,1,0,0,0,0,0,0,0
75958803027228250,244.57539106149306,55.20451244474197,0.2735210359096527,6241200128.0,0.9655042886734009,1,0,0,0,0,0,0,0
38553692328187638,35.960939152162005,-4.336983826130858,0.2435668706893921,109939998720.0,0.8188085556030273,1,0,0,0,0,0,0,0
37494480378551019,36.52533390183469,-4.46384979872115,0.06235654279589653,6731299840.0,0.8152656555175781,1,0,0,0,0,0,0,0
75959507401873971,242.90823130427162,55.99904102826631,0.2876260578632355,140430000128.0,0.7465928792953491,1,1,0,0,0,1,0,0
38558373842540632,37.00709310344666,-3.937202423493009,0.2874285876750946,13242999808.0,0.5725467801094055,1,0,0,0,0,0,0,0
38553842652051361,35.65256248151997,-3.658462044442664,0.20290668308734894,51067998208.0,0.501290500164032,1,0,0,0,0,0,0,0
43158064773221218,150.9405231016577,2.9027737340620607,0.3293319046497345,18215000064.0,0.9516932964324951,1,0,0,0,0,0,0,0
38558640130511991,36.71816047380365,-4.304260892727484,0.06647122651338577,10355000320.0,0.944071888923645,1,0,0,0,0,0,0,0
37484713622929125,34.80914839598401,-4.845430700111165,0.28240078687667847,269429997568.0,0.6965657472610474,1,0,0,0,0,0,0,0
37493922032807857,37.224407518649706,-4.794108268040542,0.3604474663734436,22122999808.0,0.6623762845993042,1,0,0,0,0,0,0,0
38553838357074415,35.67452440324969,-3.95190087129982,0.24877741932868958,18606999552.0,0.8221970796585083,1,0,0,0,0,0,0,0
43162982510774353,151.66068308566642,1.634813014654779,0.11906731128692627,23426000896.0,0.5140936970710754,1,0,0,0,0,0,0,0
75954813002616324,240.75534131443158,55.06944830310791,0.294070303440094,193190002688.0,0.7202361226081848,1,1,0,0,0,1,1,0
75954430750522797,241.8860787379151,56.35967941790008,0.2295493185520172,81617002496.0,0.9249769449234009,1,0,0,0,0,0,0,0
76552951623082217,241.79355476631397,56.694978937412515,0.19761864840984344,16570999808.0,0.6671997904777527,1,0,0,0,0,0,0,0
44223182302885050,149.8304115567161,2.9998233106051324,0.06672484427690506,4991799808.0,0.8904415369033813,1,0,0,0,0,0,0,1
43154186417762631,148.7628614341665,1.753919881806393,0.18634462356567383,20646000640.0,0.56937575340271,1,0,0,0,0,0,0,1
37489365072507688,35.82569854128948,-5.708808542413884,0.3310147225856781,26819999744.0,0.8497589826583862,1,0,0,0,0,0,0,0
42697206192431951,353.5763116778832,0.2777568421796786,0.39600101113319397,92262998016.0,0.8902663588523865,1,0,0,0,0,0,0,0
75954417865627885,241.86007362528042,55.84456991059977,0.23363833129405975,51712999424.0,0.6724922060966492,1,0,0,0,0,0,0,0
38558365252603544,37.00016074697788,-4.358431177766328,0.22283679246902466,108559998976.0,0.5555978417396545,1,0,0,0,0,0,0,0
38558365252615125,37.02510045794417,-4.205542616763639,0.10652019083499908,9294000128.0,0.8683144450187683,1,0,0,0,0,0,0,0
75959361372988287,243.22095525344176,55.651620570296814,0.2523558735847473,96525000704.0,0.7467224597930908,1,1,0,0,0,1,1,0
37489665720210378,35.477810707243414,-4.712327438630166,0.28036272525787354,109490003968.0,0.6724504232406616,1,0,0,0,0,0,0,0
75343909739330465,244.03498779937442,54.0990581231109,0.16459235548973083,63319998464.0,0.6493381261825562,1,0,0,0,0,0,0,0
75339361368966729,241.83851951930896,53.589514149648686,0.13725627958774567,16497999872.0,0.6469846963882446,1,0,0,0,0,0,0,0
41623408533858569,352.9662561916416,-0.6132578979804807,0.279987096786499,142659993600.0,0.6639277338981628,1,1,0,0,0,1,0,0
44223465770750057,149.5254049123889,3.4320460677445594,0.1511630117893219,30719000576.0,0.6268815994262695,1,0,0,0,0,0,0,0
37489506806419152,35.74651749139944,-5.6555313512779755,0.18838797509670258,9292600320.0,0.7655321955680847,1,0,0,0,0,0,0,0
75959090790046474,243.74435204361373,55.807380225174704,0.2210976779460907,15351000064.0,0.6243752837181091,1,0,0,0,0,0,0,1
36429603367052370,35.879503494629645,-5.980457457330287,0.16874010860919952,12771999744.0,0.652886152267456,1,1,0,0,0,1,0,1
75343909739328882,243.9458314582842,54.07597849818524,0.2676162123680115,13843999744.0,0.8424400091171265,1,0,0,0,0,0,0,0
38558648720446596,36.69230463963814,-3.9207104844563236,0.08853359520435333,13697000448.0,0.7334683537483215,1,0,0,0,0,0,0,0
41619006192377872,351.41757544118286,-0.8259283299733458,0.07922086119651794,11070000128.0,0.764816164970398,1,0,0,0,0,0,0,0
38553284306295973,36.4237712727374,-4.0814459874202,0.21377964317798615,39635001344.0,0.5821280479431152,1,0,0,0,0,0,0,0
37489085899628262,36.299814497186205,-5.8737580197973065,0.06379571557044983,10078999552.0,0.9674426317214966,1,0,0,0,0,0,0,0
41623966879603079,352.23781434528814,-0.27635115218882345,0.25471967458724976,52351000576.0,0.6702741980552673,1,0,0,0,0,0,0,0
42094695295243814,150.54660720790469,1.2407336326144782,0.12044178694486618,25750999040.0,0.5607912540435791,1,1,0,0,1,0,0,0
38553559184196390,36.15693446169065,-4.1701298676546,0.26561108231544495,62877999104.0,0.9050439596176147,1,0,0,0,0,0,0,0
38553984385960572,35.45078270806709,-3.5762982830070897,0.38774344325065613,93521002496.0,0.49279022216796875,1,1,0,0,0,1,0,1
37493651449867604,37.62866225271265,-4.612896812245571,0.26475319266319275,57810001920.0,0.8761017322540283,1,0,0,0,0,0,0,0
43154186417766257,148.67056182176626,1.7634306552177628,0.1747274547815323,6788299776.0,0.784699022769928,1,0,0,0,0,0,0,0
75338833087986409,243.20985284215888,54.47926218711738,0.21709828078746796,14961000448.0,0.9935047030448914,1,0,0,0,0,0,0,0
74696585153369160,242.4446469677621,53.232857789243575,0.33513665199279785,50891001856.0,0.880942165851593,1,1,0,0,0,0,1,0
43158889406936239,149.90350387775916,2.939697257974657,0.05666481330990791,17105999872.0,0.9652068614959717,1,0,0,0,0,0,0,0
37489090194602262,36.35379886401799,-5.69429391996475,0.16283448040485382,11507000320.0,0.5333070158958435,1,0,0,0,0,0,0,0
42692528973058862,352.39846984941005,0.24748891861654423,0.19044876098632812,60800000000.0,0.556146502494812,1,0,0,0,0,0,0,0
42089738902992739,149.73933264748482,1.001699384181019,0.14542949199676514,9236500480.0,0.9244909882545471,1,1,0,0,0,1,0,0
75959640545857450,242.51084666734667,55.77965596884479,0.1075931116938591,3883300096.0,0.9050572514533997,1,0,0,0,0,0,0,0
37494463198685528,36.50898593924246,-5.165524994298011,0.3272416889667511,72102002688.0,0.8229044079780579,1,0,0,0,0,0,0,0
41624095728622828,351.9600045298293,-0.642536254165515,0.18283122777938843,108540002304.0,0.7862403392791748,1,1,0,0,0,1,0,0
37489515396353098,35.645714090843256,-5.299268096819095,0.09546739608049393,9630300160.0,0.942192554473877,1,0,0,0,0,0,0,1
38553696623158253,35.86101790421738,-4.122818527046788,0.20396241545677185,9361699840.0,0.5280722379684448,1,0,0,0,0,0,0,0
37494188320770911,36.778820183161116,-5.1902330250106745,0.32244229316711426,25831999488.0,0.5939092040061951,1,0,0,0,0,0,0,0
75343793775211073,244.24353294010734,54.999060086307146,0.257828950881958,20100999168.0,0.7935380339622498,1,0,0,0,0,0,0,0
42692821030825564,351.96956276882656,0.8619171383557466,0.314219206571579,44880998400.0,0.6857700347900391,1,0,0,0,0,0,0,0
42094270093481446,151.0360258441739,0.7074540247932883,0.3360729217529297,4338500096.0,0.7513911724090576,1,0,0,0,0,0,0,0
44227717788364731,151.1867530103264,2.99056043978775,0.20848022401332855,35783999488.0,0.8323987722396851,1,0,0,0,0,0,0,0
74701537250671244,243.7701661383894,53.45672826382686,0.11348221451044083,19380000768.0,0.8780456781387329,1,1,0,0,1,0,0,0
37493917737835747,37.16685881976374,-5.032489811244648,0.11487387865781784,13829999616.0,0.899260401725769,1,1,0,0,0,1,0,0
75959082200107961,243.82059427982443,55.416023367844375,0.24954695999622345,38955999232.0,0.6778970956802368,1,0,0,0,0,0,0,0
38554250673937788,35.16055929083373,-3.9202235050412972,0.20230692625045776,32739000320.0,0.7530443668365479,1,0,0,0,0,0,0,0
37485254788808646,34.084058478799626,-5.165493943715491,0.14209413528442383,24838000640.0,0.7601865530014038,1,0,0,0,0,0,0,0
42692803850963039,352.04292473548156,0.18349396601060158,0.2978171706199646,30485999616.0,0.9193084836006165,1,0,0,0,0,0,0,0
37494192615744562,36.771031435141545,-5.002423427579382,0.2084580808877945,19089000448.0,0.7035244703292847,1,0,0,0,0,0,0,0
44217972507566616,149.4316965901625,3.5165435510771212,0.17186924815177917,12017999872.0,0.6177957653999329,1,0,0,0,0,0,0,0
37489657130288056,35.48006052054827,-4.941905979376688,0.17877857387065887,4879200256.0,0.6689028739929199,1,0,0,0,0,0,0,0
75339524577716901,241.57281109722004,54.61284931842091,0.27401280403137207,11059999744.0,0.9004237055778503,1,0,0,0,0,0,0,0
37485263378738779,34.09875443806954,-4.884833189554984,0.18208034336566925,5372400128.0,0.8356889486312866,1,0,0,0,0,0,0,0
42090009485923737,149.43024811692743,0.68994268581128,0.05850546061992645,26907000832.0,0.9855803847312927,1,0,0,0,0,0,0,0
75334160163570108,241.17391472744214,54.52700342882064,0.2743527293205261,34183000064.0,0.9085593223571777,1,0,0,0,0,0,0,0
42697197602507655,353.42720546113486,0.0602369377052713,0.14702139794826508,20246999040.0,0.9804807901382446,1,0,0,0,0,0,0,0
75338549620145733,243.69123301187267,54.11577463436131,0.2522296905517578,74326999040.0,0.6133063435554504,1,0,0,0,0,0,0,0
42687594055639361,351.7248872554522,0.8022388048383389,0.1475544273853302,16504000512.0,0.6291983127593994,1,1,0,0,0,1,0,0
38553971501069029,35.44570083490101,-4.053532797212268,0.14696750044822693,16092000256.0,0.8766328692436218,1,0,0,0,0,0,0,0
43154203597623863,148.741245710252,2.4077224615818804,0.23061609268188477,302829993984.0,0.7732341885566711,1,0,0,0,0,0,0,1
75959498811937445,242.8367741030085,55.62034005017023,0.3492923080921173,11576000512.0,0.5503650903701782,1,0,0,0,0,0,0,0
42090146924884740,149.29907201062568,0.7966056610465124,0.27854204177856445,15848999936.0,0.3444986343383789,1,1,0,0,0,1,0,0
75334310487423062,240.9443449601519,55.025181845892845,0.23314812779426575,233449996288.0,0.8778930902481079,1,1,1,0,0,1,0,0
37494201205680309,36.865607679368864,-4.6176746745102895,0.28017622232437134,43178999808.0,0.5433772802352905,1,0,0,0,0,0,0,0
43158605939094741,150.22480275750303,2.6496473953308683,0.3173529803752899,24607000576.0,0.7573330402374268,1,0,0,0,0,0,0,1
38554100350085785,35.39595481064534,-4.449858380265579,0.26875609159469604,14826999808.0,0.60404372215271,1,0,0,0,0,0,0,0
41623266799934377,353.181356818445,-0.7893065814963909,0.3982020616531372,365069991936.0,0.9122684597969055,1,0,0,0,0,0,0,1
38549015108815583,34.783218943669816,-4.3829714030470495,0.3471675217151642,132609998848.0,0.8965315222740173,1,0,0,0,0,0,0,0
75339223930015800,242.05864942928406,53.587510652892924,0.16189631819725037,15918000128.0,0.7693092823028564,1,0,0,0,0,0,0,0
75958803027223058,244.3427127837624,55.13350655102614,0.1827729493379593,49189998592.0,0.9079546928405762,1,0,0,0,0,0,0,0
37489382252376129,35.918140466568346,-5.012468275543366,0.15964390337467194,14531999744.0,0.9793151617050171,1,0,0,0,0,0,0,0
38558640130507371,36.63749665807353,-4.363991984159045,0.22253426909446716,79638003712.0,0.6584959030151367,1,0,0,0,0,0,0,0
38554117529956712,35.27854030069089,-3.669477670188329,0.12311196327209473,24818999296.0,0.7099400758743286,1,0,0,0,0,0,0,0
37493926327772051,37.231773816874245,-4.6507210772338,0.31998181343078613,36672000000.0,0.8838876485824585,1,0,0,0,0,0,0,0
37488969935506918,36.42244376948912,-5.059764031962787,0.21360448002815247,230330007552.0,0.7504552006721497,1,0,0,0,0,0,0,0
41623670526871089,352.6834131954434,-1.1112705720429434,0.13650023937225342,6137699840.0,0.5920324325561523,1,0,0,0,0,0,0,0
75959082200100598,243.92647358864946,55.34240990826803,0.1844400018453598,21979000832.0,0.5810630321502686,1,0,0,0,0,0,0,0
37489661425245175,35.50431188398185,-4.876906768490718,0.15147952735424042,25418999808.0,0.9019052982330322,1,0,0,0,0,0,0,0
43158610234082901,150.2050304517309,2.8813491484965565,0.10554049909114838,17369999360.0,0.5186706185340881,1,0,0,0,0,0,0,0
75339365663926546,241.90953063267744,53.684210983701234,0.14447371661663055,15125000192.0,0.7111249566078186,1,0,0,0,0,0,0,0
37485121644829819,34.12474270040899,-4.946779256600388,0.2507055997848511,15219000320.0,0.4966033399105072,1,1,0,0,0,1,1,0
38553838357071797,35.65587682315804,-3.9886872899788464,0.185762420296669,123979997184.0,0.9415192604064941,1,0,0,0,0,0,0,0
42089605758994666,149.9948709942568,1.054991186033066,0.0562552735209465,17858000896.0,0.9856529831886292,1,0,0,0,0,0,0,0
75343510307370832,244.96060654506775,54.620959596230115,0.11232998967170715,45213999104.0,0.8252412676811218,1,0,0,0,0,0,0,0
42093866366554536,151.64521634359102,1.139988408012943,0.23360539972782135,5056900096.0,0.7345025539398193,1,0,0,0,0,0,0,1
37485267673709299,33.959975975652846,-4.644480396696458,0.0991508960723877,42837000192.0,0.9739927649497986,1,0,0,0,0,0,0,0
38554108940024372,35.29605370593972,-4.041155194363928,0.13190610706806183,8769099776.0,0.88434237241745,1,0,0,0,0,0,0,0
38558236403586274,37.1161445173317,-3.96069624504809,0.19738519191741943,53710000128.0,0.7697271704673767,1,0,0,0,0,0,0,0
42692821030825363,352.0127124307766,0.8670509149741886,0.16799618303775787,33127999488.0,0.9660468101501465,1,0,0,0,0,0,0,0
75959232523961833,243.47808074718276,55.94213685951873,0.11907939612865448,10407000064.0,0.5019176006317139,1,0,0,0,0,0,0,0
75955092175481137,240.29699560176914,55.22624833124004,0.21595828235149384,44616998912.0,0.5218733549118042,1,0,0,0,0,0,0,0
38554259263870383,35.206051390818025,-3.554369447181117,0.2749132215976715,43413999616.0,0.5896024703979492,1,0,0,0,0,0,0,0
75959653430766243,242.5264184561908,56.417096564613644,0.10430996865034103,26436999168.0,0.9738401770591736,1,0,0,0,0,0,0,0
37485121644830632,34.26991125240041,-4.939647152120202,0.1221575140953064,9486900224.0,0.5544919371604919,1,0,0,0,0,0,0,0
75958966235988400,244.02521871291165,56.40261454405943,0.13470834493637085,25909000192.0,0.5960736274719238,1,0,0,0,0,0,0,1
75339232519943398,242.04566935266706,53.87837686313934,0.3103955090045929,15486999552.0,0.714729905128479,1,0,0,0,0,0,0,0
75343914034300501,243.99565776383824,54.3041126895028,0.34443166851997375,98051997696.0,0.5206497311592102,1,0,0,0,0,0,0,0
75338553915114817,243.70453600770247,54.32282494312075,0.20592187345027924,48400998400.0,0.9154618978500366,1,0,0,0,0,0,0,0
43162986805734721,151.66987697206153,1.8396934006435317,0.1331341564655304,21083000832.0,0.7680954933166504,1,0,0,0,0,0,0,0
74696589448345048,242.52068078130594,53.37128132041863,0.14701926708221436,25987000320.0,0.8751100301742554,1,0,0,0,0,0,0,0
42692958469787939,351.89897146569996,0.9535111483333487,0.28462404012680054,27644000256.0,0.560051441192627,1,0,0,0,0,0,0,0
41628635509062784,353.34797983387455,-0.32712827603699085,0.2939644753932953,30780000256.0,0.9298676252365112,1,0,0,0,0,0,0,0
41624087138700228,352.0537560305652,-0.9146248224545946,0.14659318327903748,9796599808.0,0.898779034614563,1,0,0,0,0,0,0,0
41619427099183663,350.96412534826936,-0.29757746223960635,0.26549890637397766,51769999360.0,0.9271867275238037,1,1,0,0,0,1,1,0
43163407712546473,151.15976292782426,2.244656716624964,0.25336962938308716,24740999168.0,0.9855118989944458,1,1,0,0,0,1,1,0
42691837483323151,353.2974233650403,0.05378105953327661,0.2574496567249298,11973999616.0,0.6406492590904236,1,0,0,0,0,0,0,0
74701678984585314,243.40996304915063,53.48510048780414,0.26078692078590393,65785999360.0,0.6579697132110596,1,1,0,0,0,1,1,0
38553434630142816,36.20844718252541,-3.601727659598654,0.26092129945755005,11870000128.0,0.5394148230552673,1,0,0,0,0,0,0,0
37489639950409473,35.604289089525764,-5.781029465473063,0.2326975166797638,14766000128.0,0.8525782227516174,1,0,0,0,0,0,0,0
75959369962920874,243.03637595876233,56.00443564026598,0.23366950452327728,8246300160.0,0.8544484972953796,1,0,0,0,0,0,0,0
38558648720440965,36.55727251038659,-3.991062567191011,0.22918124496936798,29105000448.0,0.590753436088562,1,0,0,0,0,0,0,0
75959241113900357,243.36061736704204,56.38657778249301,0.16926570236682892,42426998784.0,0.8311211466789246,1,1,0,0,0,1,0,0
42692391534095149,352.6377679367668,0.1448137595961973,0.22164161503314972,7670499840.0,0.9722172021865845,1,0,0,0,0,0,0,1
75954409275693349,241.9386477314639,55.457757276447424,0.23800550401210785,66176000000.0,0.559748113155365,1,0,0,0,0,0,0,0
41623533087913816,352.8465635725145,-1.1454891765202457,0.15956968069076538,57321000960.0,0.5760409235954285,1,0,0,0,0,0,0,0
75955087880511913,240.26075273153208,55.04335827986201,0.2658347487449646,7951900160.0,0.5183066129684448,1,0,0,0,0,0,0,0
41623816555753185,352.3754881140678,-0.7629202900877179,0.3676392734050751,23630999552.0,0.6257601380348206,1,0,0,0,0,0,0,0
43154323856713695,148.5641249994828,1.6979028491450838,0.13412822782993317,28611999744.0,0.8146466016769409,1,1,0,1,0,1,0,0
42697077343420327,353.62816426514536,0.7658418282856836,0.1323883980512619,42894000128.0,0.783927321434021,1,0,0,0,0,0,0,0
75339090786015204,242.65317977414992,53.64625108688163,0.2445308119058609,58559000576.0,0.6778825521469116,1,0,0,0,0,0,0,0
37489257698315615,36.15675579970519,-4.530755564892997,0.2448461800813675,130419998720.0,0.6534379720687866,1,0,0,0,0,0,0,0
75339090786021169,242.40437191933233,53.6977638164669,0.19450786709785461,45568999424.0,0.4045283794403076,1,1,0,0,0,1,0,0
41623391353987061,352.9538942553363,-1.3697074176863855,0.1880015730857849,60856000512.0,0.7545375823974609,1,1,0,0,0,1,1,0
75343652041284966,244.78350232288355,54.858358648737344,0.16650718450546265,21930999808.0,0.7939838767051697,1,0,0,0,0,0,0,0
40555108433419295,352.3566459830061,-1.536107273161426,0.13185040652751923,5262000128.0,0.6504648923873901,1,0,0,0,0,0,0,0
44222916014918296,150.20693562583273,3.252642522114868,0.23856882750988007,29863000064.0,0.5559266209602356,1,0,0,0,0,0,0,0
42692958469783623,351.9171391541822,0.9064446716813324,0.19051459431648254,89006997504.0,0.70643150806427,1,0,0,0,0,0,0,0
37488982820408630,36.366662178191625,-4.52102823854475,0.149821937084198,18594000896.0,0.6548988223075867,1,0,0,0,0,0,0,0
75339511692816091,241.4692191607196,54.08264429814736,0.2607152462005615,15457000448.0,0.8237218856811523,1,0,0,0,0,0,0,0
38554250673937358,35.223795383142715,-3.9271364097065766,0.24265262484550476,135299997696.0,0.9219324588775635,1,0,0,0,0,0,0,0
37484576183970674,34.922934491001264,-4.875216623904878,0.3066489100456238,255050006528.0,0.5809021592140198,1,0,0,0,0,0,0,0
38558236403592834,37.19049624351389,-3.8688744565387854,0.27211660146713257,104819998720.0,0.502856969833374,1,0,0,0,0,0,0,0
76552947328126435,241.88538499727207,56.61093034344042,0.2694431245326996,353550008320.0,0.8205357193946838,1,0,0,0,0,0,0,0
38549431720641991,34.27040908832348,-4.25458544925529,0.2984906733036041,60771000320.0,0.5778174996376038,1,0,0,0,0,0,0,0
37489111669441179,36.25726451697866,-4.757906722508063,0.29711347818374634,54585999360.0,0.916951060295105,1,0,0,0,0,0,0,0
42093999510543150,151.54376441396718,0.9050208826761031,0.32441890239715576,16122999808.0,0.6943466067314148,1,0,0,0,0,0,0,1
37485405112654890,33.91134945679528,-4.715262714041268,0.3838317394256592,20736000000.0,0.7333104610443115,1,0,0,0,0,0,0,0
37489670015178147,35.44825903113225,-4.497583542573514,0.2824559807777405,22264999936.0,0.5499258637428284,1,0,0,0,0,0,0,0
43158464205172462,150.4174075761262,2.4312571684122433,0.202366441488266,16469000192.0,0.9996352195739746,1,0,0,0,0,0,0,1
37488969935511490,36.379186511842946,-5.003739749176357,0.14186497032642365,12110999552.0,0.557216227054596,1,0,0,0,0,0,0,0
37493788888814751,37.40345090381404,-4.708695923464385,0.14956426620483398,19537999872.0,0.5461162328720093,1,0,0,0,0,0,0,0
75343518897300262,244.9796728844432,54.95511309236715,0.24397480487823486,156490006528.0,0.9822693467140198,1,0,0,0,0,0,0,1
42687731494591706,351.4335358483326,0.799325651396325,0.21806076169013977,7579599872.0,0.8301727771759033,1,0,0,0,0,0,0,0
38554117529958753,35.36627814135271,-3.645646305572925,0.15549136698246002,7202400256.0,0.6634218096733093,1,0,0,0,0,0,0,0
75339361368968706,241.72074119111062,53.59555446292311,0.22228582203388214,41322999808.0,0.5662466287612915,1,0,0,0,0,0,0,0
41618873048390417,351.71839764539476,-0.6173592900839485,0.24189189076423645,61255999488.0,0.5422958135604858,1,0,0,0,0,0,0,1
38554121824918902,35.402321705103176,-3.551536038992184,0.23817424476146698,26702000128.0,0.8347864151000977,1,0,0,0,0,0,0,0
43158880817012174,149.91907466872883,2.600950721831891,0.20267461240291595,136020000768.0,0.7568203210830688,1,1,1,0,0,0,1,0
75959503106906939,242.9166880223383,55.822126669304055,0.2074829488992691,26032001024.0,0.8332558870315552,1,0,0,0,0,0,0,0
37489511101393927,35.66544238222267,-5.399463056391359,0.12274602800607681,10734000128.0,0.8910936117172241,1,0,0,0,0,0,0,0
38553967206099990,35.473784557108715,-4.274923339113535,0.19778938591480255,41143001088.0,0.7416877746582031,1,0,0,0,0,0,0,0
42094682410350308,150.64296598605827,0.812620695096541,0.24299356341362,11722000384.0,0.7094911336898804,1,0,0,0,0,0,0,0
38553705213092889,35.9741479622928,-3.7212859659905235,0.11549410223960876,12965999616.0,0.8789972066879272,1,0,0,0,0,0,0,0
37489111669435027,36.24121231123009,-4.8235658017570655,0.2533791959285736,12391999488.0,0.6648046970367432,1,0,0,0,0,0,0,0
74696722592318751,242.3216044189119,53.195095964051,0.13663369417190552,28874000384.0,0.7659808397293091,1,0,0,0,0,0,0,0
42089614348926497,150.08589662489504,1.412576635116784,0.13408350944519043,43180998656.0,0.7293303608894348,1,1,0,0,0,1,1,0
44223465770745655,149.5266264676734,3.390536155628277,0.18938201665878296,4322299904.0,0.8038510084152222,1,0,0,0,0,0,0,0
75954825887517648,240.94185976785027,55.69104900592727,0.0952334925532341,11909999616.0,0.878800094127655,1,0,0,0,0,0,0,1
41619139336374907,351.38705136294965,-0.9251757699849253,0.32020115852355957,17739999232.0,0.6093649864196777,1,0,0,0,0,0,0,0
75343905444368526,244.16808651070346,53.97214939311352,0.19581107795238495,30791000064.0,0.7808429002761841,1,0,0,0,0,0,0,0
37493922032802857,37.12220184124713,-4.856515871391352,0.08101321011781693,56952999936.0,0.9985474944114685,1,0,0,0,0,0,0,0
75339662016681199,241.30941923746383,54.701978734495704,0.20438288152217865,4056699904.0,0.8650124073028564,1,0,0,0,0,0,0,0
75343909739328787,243.9639609582859,54.0839613086965,0.18404565751552582,100099997696.0,0.9952083826065063,1,1,0,0,0,1,1,0
42687997782554504,351.13945461831213,0.36900116739164673,0.19450123608112335,20543000576.0,0.680648684501648,1,0,0,0,0,0,0,0
44222916014924778,150.2884074234903,3.335706482489327,0.10765262693166733,8403599872.0,0.8395272493362427,1,0,0,0,0,0,0,0
42697352221331796,353.40302886646316,0.811825666212393,0.23010307550430298,16304000000.0,0.6844590306282043,1,0,0,0,0,0,0,0
38553846947005037,35.74672017476013,-3.6207628520732484,0.12305032461881638,20071000064.0,0.8683890700340271,1,0,0,0,0,0,0,0
38558227813649044,37.11217379461191,-4.358891221391278,0.23225189745426178,6141599744.0,0.7624638676643372,1,0,0,0,0,0,0,0
75344060063191750,243.76291441630983,54.692710790228006,0.10721943527460098,48486998016.0,0.9419363737106323,1,0,0,0,0,0,0,0
42692266980045624,352.80761158348764,0.7083320486208011,0.294757217168808,109790003200.0,0.6761682629585266,1,0,0,0,0,0,0,0
42687731494589280,351.41082952964416,0.7753189359358801,0.31838059425354004,237629997056.0,0.6444634795188904,1,1,0,0,0,1,1,0
38553567774134222,36.093861271944924,-3.80500081397121,0.2193513959646225,20272001024.0,0.8878331780433655,1,0,0,0,0,0,0,0
38553842652042260,35.6310537950812,-3.77659040156142,0.21165908873081207,33517000704.0,0.744752049446106,1,0,0,0,0,0,0,0
41623408533863183,352.90031504006436,-0.5508270002617475,0.2834312617778778,36849999872.0,0.7072214484214783,1,0,0,0,0,0,0,0
37494050881819829,37.026235697428696,-5.122140094249341,0.2788485288619995,82164998144.0,0.5792529582977295,1,0,0,0,0,0,0,0
41623399943923602,352.89897908273593,-0.9839969379571116,0.2398630827665329,4559000064.0,0.923371434211731,1,0,0,0,0,0,0,1
41623679116810881,352.50188297365276,-0.6750885909829376,0.13628637790679932,165319999488.0,0.9962648153305054,1,0,0,0,0,0,0,0
37484992795814733,34.42202154677164,-4.57531839437217,0.24358241260051727,149049999360.0,0.8852657079696655,1,0,0,0,0,0,0,0
43162978215815177,151.73374816254696,1.5506562796104975,0.22011487185955048,52167999488.0,0.6031448841094971,1,0,0,0,0,0,0,0
41623949699744080,352.2990711526564,-0.9526558596489384,0.19058986008167267,52636999680.0,0.5784428119659424,1,0,0,0,0,0,0,0
37489120259368660,36.184569317324986,-4.4793187049657215,0.11981715261936188,7381300224.0,0.840061604976654,1,0,0,0,0,0,0,0
41623258209998096,353.1121646280509,-1.2016645637348324,0.07088721543550491,24534999040.0,0.9866735935211182,1,1,0,0,0,1,0,0
42692391534101238,352.6580007047102,0.19970041654091114,0.14365258812904358,68209999872.0,0.9176667928695679,1,1,1,0,0,0,0,0
75338953347071263,242.8555545951047,53.74686616091424,0.16050854325294495,27554000896.0,0.857682466506958,1,1,0,0,0,1,1,0
41618731314477596,351.7906024170989,-0.7193779634623931,0.11444253474473953,22912999424.0,0.6250953674316406,1,0,0,0,0,0,0,0
37493784593844498,37.31383442430981,-4.917033708950959,0.3296951651573181,31721000960.0,0.678291916847229,1,0,0,0,0,0,0,0
75338704238971701,243.33408876731608,54.86220445887053,0.2100263386964798,34774999040.0,0.9156422019004822,1,0,0,0,0,0,0,0
37489249108391302,36.01722407153688,-4.803350734980238,0.059179000556468964,6676899840.0,0.9670197367668152,1,0,0,0,0,0,0,0
43158459910204981,150.4991733107496,2.1473654721284876,0.22156217694282532,36880998400.0,0.6984212398529053,1,1,0,1,0,1,1,0
38553709508051830,35.815915765104506,-3.6141502845076903,0.09863494336605072,6887799808.0,0.6910892724990845,1,1,0,0,0,1,0,0
42692541857949394,352.46642878666296,0.678998979550171,0.15433423221111298,41139998720.0,0.8661450147628784,1,1,0,0,0,1,0,0
75959365667946355,243.00570939864286,55.76393039409135,0.1393488347530365,17061999616.0,0.8817908763885498,1,0,0,0,0,0,0,0
42089468320041795,150.25606796439305,1.0479182584266107,0.19218647480010986,10332000256.0,0.7112559676170349,1,0,0,0,0,0,0,0
38558498396602063,36.76868986139498,-4.37872015858749,0.2097296416759491,71177003008.0,0.7345954179763794,1,0,0,0,0,0,0,0
75334581070356980,240.35139979274146,54.814323866080876,0.3348648250102997,46308999168.0,0.6214871406555176,1,0,0,0,0,0,0,0
37494330054693423,36.712370219550756,-5.056956330613941,0.3768027424812317,55905001472.0,0.5004034042358398,1,0,0,0,0,0,0,0
42692528973049550,352.32898846680166,0.13476592728273276,0.3838740289211273,181780004864.0,0.6942163705825806,1,0,0,0,0,0,0,0
38553988680930994,35.428363758864464,-3.3743463854412354,0.15984025597572327,19061999616.0,0.6563202142715454,1,0,0,0,0,0,0,0
42692541857950030,352.36173066209005,0.6812110494497585,0.14658351242542267,42644000768.0,0.7942970991134644,1,0,0,0,0,0,0,0
37484833882008218,34.65712381078948,-5.569963768589752,0.13472294807434082,27680999424.0,0.6867416501045227,1,0,0,0,0,0,0,0
75959503106907220,242.8432502773088,55.824290054134345,0.2428688257932663,25376000000.0,0.7556023597717285,1,1,0,0,0,1,1,1
38558648720451910,36.67609757513191,-3.8362815436740574,0.20837806165218353,35343998976.0,0.5001351833343506,1,0,0,0,0,0,0,0
75954551009607583,241.48776337997927,55.61811876031759,0.17975768446922302,64705998848.0,0.6156556606292725,1,1,0,0,0,1,0,0
43154066158674688,149.01168944763353,2.408084652039792,0.04083871841430664,21219999744.0,0.9914107322692871,1,0,0,0,0,0,0,0
41619272480369038,351.1824636704794,-1.0335513999640578,0.18881279230117798,69344002048.0,0.9197299480438232,1,1,0,0,0,1,1,0
37489249108393152,36.02333161999577,-4.777059358639523,0.2720644176006317,19812999168.0,0.88322913646698,1,0,0,0,0,0,0,0
75344047178278603,243.75017225826588,54.058124458184764,0.11162415891885757,19733000192.0,0.7534026503562927,1,1,0,0,0,1,0,0
42687997782554096,351.02872096429934,0.3639106634234758,0.2729431688785553,108880003072.0,0.9227607250213623,1,0,0,0,0,0,0,0
41623262504969334,353.20105511864483,-0.9706276156708261,0.26300927996635437,49099001856.0,0.6254017949104309,1,0,0,0,0,0,0,1
38558640130511598,36.59040552275559,-4.310292468224361,0.15312720835208893,117249998848.0,0.919736385345459,1,0,0,0,0,0,0,0
37484696443052607,34.76244414182653,-5.586620885265499,0.1865644007921219,130170003456.0,0.9894764423370361,1,1,0,0,0,1,1,0
38558098964636529,37.32639131658494,-3.9117809421453864,0.23744520545005798,18396999680.0,0.5141538977622986,1,0,0,0,0,0,0,0
74701678984586287,243.31402015485975,53.49390549452574,0.17471222579479218,38724001792.0,0.6185411810874939,1,0,0,0,0,0,0,0
41619023372254047,351.4004241006721,-0.01451433939033088,0.2090166211128235,19306000384.0,0.7457747459411621,1,0,0,0,0,0,0,0
75343780890320602,244.21169957195843,54.54875102750468,0.16699127852916718,69154996224.0,0.7955314517021179,1,0,0,0,0,0,0,0
38557952935748950,37.564478338509005,-4.261683220820069,0.2220633327960968,23261999104.0,0.6883384585380554,1,0,0,0,0,0,0,0
75954413570661933,241.79049900888617,55.64688998015679,0.11879993975162506,28111998976.0,0.7288180589675903,1,0,0,0,0,0,0,0
38553851241977576,35.742570739666775,-3.3693879860574634,0.3565342426300049,31803000832.0,0.7319531440734863,1,0,0,0,0,0,0,0
38558511281496567,36.80907962092423,-3.877154814691889,0.07998811453580856,21691000832.0,0.9670473337173462,1,0,0,0,0,0,0,0
74696589448350837,242.67771769809156,53.43763453767269,0.10295180231332779,12650999808.0,0.9560191035270691,1,1,0,0,0,1,0,0
75954417865615245,241.73729109529276,55.707376917751866,0.33603519201278687,30965999616.0,0.8785603642463684,1,0,0,0,0,0,0,0
41623679116808123,352.5142385954763,-0.7031415642728871,0.15573370456695557,132650000384.0,0.9521067142486572,1,0,0,0,0,0,0,0
38558515576453286,36.729721903601146,-3.790733642448561,0.05442679300904274,3462299904.0,0.8320096731185913,1,0,0,0,0,0,0,0
42697077343418516,353.65354988546386,0.7403035300600009,0.18165120482444763,4200100096.0,0.9165397882461548,1,0,0,0,0,0,0,0
75338682764139730,243.34658142464426,53.971219626111335,0.07385290414094925,18745999360.0,0.6578999757766724,1,0,0,0,0,0,0,0
37494458903721588,36.49760051270379,-5.312532942132154,0.12869471311569214,5059999744.0,0.6766344308853149,1,0,0,0,0,0,0,1
43153799870698520,149.40500527688943,2.7248203970413774,0.18016131222248077,8170100224.0,0.825676679611206,1,1,0,0,0,1,1,0
75339528872684714,241.4358925187109,54.79534712158074,0.23655425012111664,57598001152.0,0.719186007976532,1,0,0,0,0,0,0,0
38554108940018947,35.32240697125996,-4.1236532069753755,0.2705109715461731,53451001856.0,0.5105370283126831,1,0,0,0,0,0,0,0
38558511281498596,36.80546026524965,-3.853737556436056,0.36629873514175415,27474999296.0,0.5785908699035645,1,0,0,0,0,0,0,0
38558511281497216,36.88293000190152,-3.8722735942539868,0.183166041970253,215570006016.0,0.960393488407135,1,0,0,0,0,0,0,0
75338841677928360,242.99096304871307,54.89179175898048,0.129572793841362,28814000128.0,0.8369258642196655,1,0,0,0,0,0,0,0
75339099375956511,242.57889496392954,54.052741647201444,0.24857506155967712,130430001152.0,0.7407638430595398,1,1,0,0,1,1,1,0
41623953994723434,352.15415363059356,-0.6543867174738113,0.15873983502388,49109000192.0,0.6774629354476929,1,0,0,0,0,0,0,0
44223195187794271,149.84129476383342,3.4412909374550185,0.24532611668109894,56518000640.0,0.9062942266464233,1,0,0,0,0,0,0,0
74701670394644103,243.44144590205562,53.244236351217374,0.28023040294647217,13157999616.0,0.5442537069320679,1,0,0,0,0,0,0,1
75338837382947924,243.0178793542892,54.58398923809315,0.27636435627937317,11233000448.0,0.5741198062896729,1,0,0,0,0,0,0,0
41619560243158393,350.72628145820653,-0.6227480604974597,0.0912957638502121,7790799872.0,0.9181824922561646,1,0,0,0,0,0,0,0
41623271094907528,353.1630321894692,-0.5926239564422222,0.22687380015850067,89671000064.0,0.6373923420906067,1,1,0,0,0,1,1,0
75959777984806831,242.1828408995762,55.760335545096844,0.2433341145515442,181690007552.0,0.847644567489624,1,0,0,0,0,0,0,0
75959241113897623,243.40941491675517,56.35691385012927,0.2425464242696762,50028998656.0,0.5417900085449219,1,0,0,0,0,0,0,0
37485405112670479,33.781862369123246,-4.5629385557574835,0.18875758349895477,63445000192.0,0.89000403881073,1,0,0,0,0,0,0,0
75343905444368731,244.14777771805288,53.9755218173623,0.2100929170846939,186629996544.0,0.8797490000724792,1,0,0,0,0,0,0,0
37494201205672377,36.73697343515802,-4.72114800038925,0.1505967527627945,106520002560.0,0.9912609457969666,1,0,0,0,0,0,0,0
74701674689619661,243.2698768911282,53.306730971709264,0.11460721492767334,15457000448.0,0.7129502892494202,1,1,1,0,0,1,0,0
75339524577724855,241.3926175337571,54.69363448547356,0.1463451385498047,81626996736.0,0.9457322359085083,1,0,0,0,0,0,0,0
43163403417578579,151.14690555709572,2.0359103089622437,0.06746289879083633,22827999232.0,0.9320935010910034,1,0,0,0,0,0,0,0
75958803027225028,244.48997912363907,55.16671402914515,0.2862659990787506,44039999488.0,0.6907973289489746,1,0,0,0,0,0,0,0
38558378137501137,37.09505388836291,-3.786868586920985,0.15222197771072388,14140999680.0,0.7477675676345825,1,0,0,0,0,0,0,0
38558232108625424,37.133233925079544,-4.041375196683398,0.22417263686656952,63843999744.0,0.6517248153686523,1,0,0,0,0,0,0,0
75339528872682762,241.4419420947562,54.768591494380004,0.26346996426582336,4968000000.0,0.5304610729217529,1,0,0,0,0,0,0,0
42090301543699644,148.99921027789512,1.4432731524722628,0.21225886046886444,28728000512.0,0.579474687576294,1,0,0,0,0,0,0,0
43153782690820514,149.28388863213544,1.9626723616335613,0.11337347328662872,40342999040.0,0.9179003238677979,1,0,0,0,0,0,0,0
75959490221997493,242.8351284058109,55.19888450327337,0.21040809154510498,41742000128.0,0.5468941926956177,1,0,0,0,0,0,0,0
36429465928094801,36.09332915645651,-5.999939375860676,0.2868862748146057,78775001088.0,0.6616256833076477,1,0,0,0,0,0,0,0
42692675001950936,352.27338452606494,0.6293409290993237,0.13223102688789368,31743000576.0,0.878384530544281,1,1,0,0,0,1,0,0
75954817297587906,240.97353560876178,55.30859789448545,0.2525571584701538,17173999616.0,0.5794492363929749,1,0,0,0,0,0,0,0
44223186597873155,149.84423079214224,3.2359260064575843,0.24584941565990448,22066999296.0,0.5452046990394592,1,0,0,0,0,0,0,0
75338957642049910,242.67994846056217,53.99224776258199,0.2068406045436859,16744999936.0,0.6778182983398438,1,0,0,0,0,0,0,0
76557620252549137,243.77193028622267,56.586410341274345,0.19811946153640747,136339996672.0,0.5607346296310425,1,0,0,0,0,0,0,0
75959228228993233,243.29435415825392,55.76204807130949,0.2628191113471985,79520997376.0,0.6487001776695251,1,0,0,0,0,0,0,0
44222649726946742,150.5560800876351,3.6531906295704304,0.2244492918252945,8609800192.0,0.7817354798316956,1,0,0,0,0,0,0,1
75339666311653887,241.34411733578895,54.92722401751241,0.21756316721439362,33266999296.0,0.6951249837875366,1,0,0,0,0,0,0,0
75954422160599320,241.9655271875208,56.041092377204144,0.11903206259012222,30695000064.0,0.8937511444091797,1,0,0,0,0,0,0,0
37484717917891613,34.744224163296174,-4.70362783849993,0.23040038347244263,13214000128.0,0.554847776889801,1,0,0,0,0,0,0,0
38558227813659316,37.150007295464896,-4.225283249144827,0.2644520103931427,8570399744.0,0.5616797804832458,1,0,0,0,0,0,0,0
74696868621219377,242.0597482390666,53.53006385503642,0.10552825778722763,25230000128.0,0.6748145818710327,1,0,0,0,0,0,0,0
75338828793018839,243.2847138057674,54.27702289631146,0.3087381422519684,4747299840.0,0.6815171241760254,1,0,0,0,0,0,0,0
41619680502243797,350.5370611248491,-1.349056260441154,0.36089709401130676,213860007936.0,0.5980861186981201,1,0,0,0,0,0,0,0
75338841677919420,243.11146682065072,54.80679234535146,0.30930188298225403,191450005504.0,0.7067087888717651,1,1,0,0,0,1,1,0
42691858958148723,353.2727495449233,0.8629910040452603,0.11364959180355072,16983000064.0,0.8308203220367432,1,0,0,0,0,0,0,0
44217972507561788,149.45151563790702,3.4703680639216437,0.14980049431324005,58038001664.0,0.9264995455741882,1,0,0,0,0,0,0,0
44218243090513262,149.19604998602932,3.3846850026699515,0.3152906894683838,11397000192.0,0.9560420513153076,1,0,0,0,0,0,0,0
75343909739331027,244.03205877429875,54.102433456606,0.31689879298210144,35286999040.0,0.6886774301528931,1,0,0,0,0,0,0,0
43163257388688055,151.315187131703,1.6451080301368028,0.14896400272846222,20426999808.0,0.594819188117981,1,1,0,0,0,1,0,0
41619143631339549,351.2558962361001,-0.7464041682804402,0.11841652542352676,10432000000.0,0.6952304840087891,1,0,0,0,0,0,0,0
43158060478268443,150.9079452790009,2.8529895369243525,0.34554386138916016,18627999744.0,0.5921331644058228,1,0,0,0,0,0,0,0
42089476909975562,150.15907956179748,1.4403510847495975,0.39826151728630066,109929996288.0,0.9305140972137451,1,1,0,0,1,0,0,0
37485134529714062,34.13501988449651,-4.543706579101052,0.08605701476335526,52712001536.0,0.968686580657959,1,0,0,0,0,0,0,0
37489390842308901,35.98128476427061,-4.608848336663629,0.1593126356601715,28585000960.0,0.8893650770187378,1,1,0,0,0,1,0,0
74696864326242531,241.9939928745257,53.300332142984615,0.1514393389225006,24316999680.0,0.8160642385482788,1,0,0,0,0,0,0,0
76552947328122096,241.72689909968665,56.55707819793255,0.08334136754274368,21095999488.0,0.9839513301849365,1,1,0,1,0,0,1,0
38553559184210161,36.04740940204325,-3.99995299033186,0.11245191097259521,28750000128.0,0.8687871694564819,1,0,0,0,0,0,0,0
75959369962909465,243.01742120976058,55.898969700337844,0.2670023441314697,254260002816.0,0.842787504196167,1,1,1,1,0,0,0,0
75334576775388837,240.45752768858088,54.65812864953171,0.38149264454841614,29934999552.0,0.8675259947776794,1,0,0,0,0,0,0,0
37489373662446911,35.98280055418938,-5.303088146880616,0.26519858837127686,10394999808.0,0.6334261298179626,1,0,0,0,0,0,0,0
37488965640541349,36.442502282321314,-5.256895509094584,0.33946430683135986,28594999296.0,0.6419192552566528,1,0,0,0,0,0,0,0
42094553561330070,150.7502009926349,1.1329772089259933,0.11076091974973679,31342999552.0,0.744114875793457,1,0,0,0,0,0,0,0
37484722212854328,34.855417785292346,-4.51641537581583,0.34555357694625854,44301000704.0,0.882706880569458,1,0,0,0,0,0,0,0
41619706272041343,350.6132240839539,-0.27432126899588555,0.3191930055618286,62577999872.0,0.6870232224464417,1,0,0,0,0,0,0,1
42089601464029931,149.930652797695,0.9011552495088413,0.11183434724807739,28687998976.0,0.6764949560165405,1,0,0,0,0,0,0,0
42697060163550905,353.6803911138381,0.05574912633002295,0.326730340719223,25802000384.0,0.794994592666626,1,0,0,0,0,0,0,0
41623953994719724,352.2613375119322,-0.6917036102476034,0.2387838512659073,61229998080.0,0.7604559659957886,1,1,0,0,0,1,1,0
75338687059100653,243.47242224722555,54.114530658282874,0.19628708064556122,21479999488.0,0.6729975342750549,1,0,0,0,0,0,0,0
75338824498060368,243.06836886737375,54.15037657542028,0.16820578277111053,4692599808.0,0.6224083304405212,1,0,0,0,0,0,0,0
38554121824918641,35.3917757393357,-3.558421303962795,0.16511833667755127,16476000256.0,0.5902342796325684,1,0,0,0,0,0,0,0
38554259263870470,35.10851424915205,-3.5495677427107015,0.21887671947479248,31631998976.0,0.7750223278999329,1,0,0,0,0,0,0,1
37489506806426191,35.671448227786556,-5.531265062476244,0.37128689885139465,34885001216.0,0.8729643225669861,1,0,0,0,0,0,0,1
42691992102141776,353.20759287568,0.7205689890259761,0.2768780589103699,16520999936.0,0.627345085144043,1,0,0,0,0,0,0,0
41623399943928336,352.9777566101683,-0.9310328616358401,0.37057438492774963,41237999616.0,0.5410313606262207,1,0,0,0,0,0,0,0
44222916014918498,150.1904468111242,3.2681624349635428,0.235072061419487,5424999936.0,0.9674059152603149,1,0,0,0,0,0,0,0
43153786985800142,149.26972407865546,2.2108058556224464,0.2364170402288437,23775000576.0,0.8951292634010315,1,0,0,0,0,0,0,0
42094416122387851,151.01661240660087,1.2083525119693412,0.22662566602230072,114239995904.0,0.8266304731369019,1,0,0,0,0,0,0,0
37489244813417016,36.11257997789546,-5.0731404044726816,0.25505897402763367,57536000000.0,0.7371537089347839,1,0,0,0,0,0,0,0
38553967206093497,35.47029513011632,-4.344654484213352,0.11265375465154648,17894000640.0,0.8830947875976562,1,0,0,0,0,0,0,0
42692129541097588,352.90851751050866,0.7698382266458765,0.1601134091615677,47530999808.0,0.8475596308708191,1,0,0,0,0,0,0,0
37489515396353003,35.65865334085344,-5.294388863123687,0.12499883770942688,43796000768.0,0.9210765361785889,1,0,0,0,0,0,0,0
38553975796034815,35.48261178249237,-3.8669867474112545,0.166653573513031,4795100160.0,0.8519854545593262,1,0,0,0,0,0,0,0
41623545972817203,352.7965522019066,-0.5552486268643386,0.21921159327030182,25255000064.0,0.5403494238853455,1,1,0,0,0,0,1,0
41623966879615020,352.18360150611556,-0.15601013811954323,0.24989235401153564,136069996544.0,0.8217147588729858,1,1,0,0,0,1,1,0
41623829440661139,352.4709480282168,-0.18288822289709064,0.13295772671699524,15438999552.0,0.8087049722671509,1,0,0,0,0,0,0,0
37489365072510833,35.8366222384897,-5.675018897819787,0.13692216575145721,14661999616.0,0.8772999048233032,1,1,0,0,0,1,0,0
38553975796032012,35.497587032337336,-3.893654870010302,0.23028364777565002,9050600448.0,0.5410169363021851,1,0,0,0,0,0,0,0
37488969935510462,36.41588295330432,-5.005269016483241,0.16579723358154297,207150006272.0,0.9930737018585205,1,0,0,0,0,0,0,0
37493651449864938,37.6484049422776,-4.652340451691794,0.23132936656475067,17238999040.0,0.6558994054794312,1,0,0,0,0,0,0,1
38558236403586387,37.119737345689806,-3.9463288303270074,0.03256603330373764,6440099840.0,0.9969377517700195,1,1,0,0,0,1,1,0
37489085899625502,36.27597417493087,-5.93114996414809,0.24643029272556305,17677000704.0,0.6293748617172241,1,0,0,0,0,0,0,0
75959369962914946,242.9927757035111,55.968341004509206,0.2410707026720047,20668999680.0,0.8796974420547485,1,0,0,0,0,0,0,0
41618989012513731,351.5512328273227,-1.4046889161335634,0.10406102240085602,40091000832.0,0.757246732711792,1,1,0,0,0,1,1,0
42692129541090847,352.99735262820803,0.6926449766831343,0.12300248444080353,20848001024.0,0.9393513202667236,1,0,0,0,0,0,0,0
37494342939596697,36.588891319914794,-4.463935507931929,0.16911883652210236,23662000128.0,0.6037627458572388,1,1,0,0,0,1,0,1
37489665720221450,35.509322414921215,-4.582681304992245,0.3646351099014282,30645999616.0,0.8764788508415222,1,0,0,0,0,0,0,0
37489244813421201,36.01931163474659,-5.015758318137859,0.2978777289390564,178469994496.0,0.6290763020515442,1,0,0,0,0,0,0,0
42697201897467371,353.4810912324378,0.14471625562286322,0.23007741570472717,67250999296.0,0.8649319410324097,1,1,0,0,1,1,1,0
75343905444362580,243.9206830168655,53.8887889140805,0.2546502351760864,102889996288.0,0.6853011250495911,1,0,0,0,0,0,0,0
41619547358273673,350.64605841328483,-1.0277494766021609,0.2871147394180298,124470001664.0,0.5410005450248718,1,0,0,0,0,0,0,0
75954413570652010,242.009046045836,55.557692605707835,0.16603071987628937,81662001152.0,0.8810396194458008,1,0,0,0,0,0,0,0
75955087880517269,240.21071076836984,55.12085973325918,0.13040567934513092,6422000128.0,0.8676605224609375,1,0,0,0,0,0,0,0
43158597349174732,150.28464444780096,2.2788166294008287,0.09237121045589447,36779999232.0,0.9834966063499451,1,1,0,0,0,1,1,0
38558227813655572,37.2007869326674,-4.270544578518576,0.23172102868556976,17741000704.0,0.7364180088043213,1,0,0,0,0,0,0,0
44223328331781943,149.6791687909994,3.313818784759535,0.2061256468296051,27751999488.0,0.5883678197860718,1,1,0,0,0,1,1,0
44218101356590938,149.35057333839703,3.183700789719412,0.09502682834863663,22442000384.0,0.8157494068145752,1,0,0,0,0,0,0,0
75954959031495758,240.43729108608062,55.42286761134577,0.09963687509298325,29475999744.0,0.7396546602249146,1,0,0,0,0,0,0,1
75954422160593846,241.85111943659967,55.988587714974294,0.2949700653553009,80036003840.0,0.950225830078125,1,0,0,0,0,0,0,1
43158872227068260,149.85991059339648,2.1487519444409893,0.10518140345811844,23480999936.0,0.5729310512542725,1,0,0,0,0,0,0,0
37488952755644017,36.400751108812756,-5.677041073764797,0.09186970442533493,21151000576.0,0.9897778034210205,1,0,0,0,0,0,0,0
41624082843724287,351.9631940847575,-1.1746923469036787,0.17698892951011658,57514999808.0,0.6926451325416565,1,0,0,0,0,0,0,0
75334297602529269,241.10556718834795,54.55288191225901,0.2481141835451126,42827001856.0,0.8904743194580078,1,0,0,0,0,0,0,0
37484713622927904,34.826635420329914,-4.859488246282963,0.16307803988456726,30858000384.0,0.7304877638816833,1,1,0,0,0,1,0,0
42697068753482145,353.7368203954419,0.3811252132572335,0.2741301953792572,46363000832.0,0.7263264656066895,1,0,0,0,0,0,0,0
38558369547575175,36.99775454547998,-4.0949596483638695,0.23034803569316864,3799399936.0,0.8555547595024109,1,0,0,0,0,0,0,0
38558236403594927,37.14768276709097,-3.8260285965108785,0.26131731271743774,56378998784.0,0.8159698247909546,1,1,0,0,0,1,1,0
41623825145686454,352.4194927936781,-0.4359466230396827,0.260600745677948,70326001664.0,0.6024526953697205,1,0,0,0,0,0,0,0
75339090786024262,242.36855164677627,53.7195571837421,0.10390609502792358,36404998144.0,0.897270679473877,1,0,0,0,0,0,0,0
42089747492913174,149.8727526270059,1.220419973940126,0.19943219423294067,110679998464.0,0.5664343237876892,1,0,0,0,0,0,0,0
43158734788112271,150.03699873211295,2.1661098973620447,0.1765085905790329,16323000320.0,0.856864333152771,1,1,0,1,0,1,0,0
75343656336259288,244.71366608799866,55.02269080216052,0.09167873114347458,15696000000.0,0.5977563858032227,1,0,0,0,0,0,0,0
75343647746333012,244.52709396471576,54.697817661328216,0.2589479684829712,6745500160.0,0.46745765209198,1,1,0,0,1,0,1,0
42089884931888743,149.63387732572824,1.3964017995677833,0.21601144969463348,25998000128.0,0.5037659406661987,1,0,0,0,0,0,0,0
43158326766243776,150.69655031083147,2.488247071844505,0.3704851567745209,38874001408.0,0.9461197257041931,1,0,0,0,0,0,0,1
42089747492913876,149.85281348017705,1.2509150758341248,0.3607860505580902,168890007552.0,0.9461126327514648,1,1,0,0,0,1,1,0
37484700738030649,34.705218919981,-5.365232268192525,0.16058075428009033,3611099904.0,0.5313365459442139,1,0,0,0,0,0,0,0
75334585365326900,240.43962835841182,55.022047244596955,0.38148751854896545,162100002816.0,0.7119611501693726,1,0,0,0,0,0,0,0
37489670015173689,35.479154028420666,-4.544444575942396,0.3178853392601013,65605001216.0,0.7472974061965942,1,0,0,0,0,0,0,0
42089472615013006,150.14173566444822,1.2897507119958322,0.19516876339912415,52009000960.0,0.5302854776382446,1,0,0,0,0,0,0,0
40550572947958147,351.1049907977028,-1.5016182941436393,0.14444196224212646,13816999936.0,0.9123729467391968,1,0,0,0,0,0,0,0
41624237462554346,351.9342068085778,-0.34658719669267096,0.2995621860027313,119159996416.0,0.557147741317749,1,0,0,0,0,0,0,0
44223195187806094,149.7970445248174,3.6020973134120884,0.26148244738578796,52578000896.0,0.8465607166290283,1,0,0,0,0,0,0,0
43158056183292229,150.91291287600356,2.576694466157904,0.3027804493904114,72504000512.0,0.6371208429336548,1,0,0,0,0,0,0,0
41619822236168363,350.44751177553144,-1.0998286905754904,0.13111937046051025,4352600064.0,0.7365365624427795,1,0,0,0,0,0,0,0
75338682764137002,243.50125180172594,53.95839686056577,0.31342893838882446,71072997376.0,0.5349741578102112,1,0,0,0,0,0,0,0
37494192615737758,36.84252575397998,-5.091474203215061,0.1613055169582367,18542999552.0,0.7644448280334473,1,0,0,0,0,0,0,0
38549431720633515,34.1468465292934,-4.324844126882156,0.1360243856906891,124210003968.0,0.961331307888031,1,0,0,0,0,0,0,0
44218097061631543,149.32322498564562,3.062408159413667,0.29147201776504517,13973999616.0,0.5082587003707886,1,0,0,0,0,0,0,0
41618873048393581,351.6632726544951,-0.5939823327634864,0.19551479816436768,33027999744.0,0.9948155879974365,1,0,0,0,0,0,0,0
38554104645056380,35.33017312319622,-4.253611901129086,0.11628131568431854,19274999808.0,0.8749127388000488,1,1,0,1,0,0,0,0
38553709508054381,35.81611017740316,-3.551086227748826,0.2037501335144043,23324000256.0,0.8328734636306763,1,0,0,0,0,0,0,0
40555108433419296,352.3571538947588,-1.531409138127984,0.2574975788593292,12289000448.0,0.5553109645843506,1,0,0,0,0,0,0,0
75343931214165401,244.09862055280522,54.982953461219104,0.10941429436206818,14200999936.0,0.582341194152832,1,0,0,0,0,0,0,0
75343909739327976,243.95339879702505,54.07022354083664,0.2109196037054062,22640001024.0,0.5716337561607361,1,0,0,0,0,0,0,0
38548881964808936,34.929587516496966,-4.250932542003579,0.18198131024837494,105410002944.0,0.8036907911300659,1,0,0,0,0,0,0,0
44222920309889565,150.21907513151396,3.4879867997706087,0.13894054293632507,92727001088.0,0.9513468146324158,1,1,0,0,0,1,0,0
75339528872696558,241.60289439552875,54.944351102900114,0.26226845383644104,12275000320.0,0.5177929997444153,1,0,0,0,0,0,0,0
42692949879844522,351.88353525464373,0.4824388672121179,0.17498739063739777,54387998720.0,0.7085334062576294,1,0,0,0,0,0,0,0
38553846947004608,35.67952906398527,-3.623338526525046,0.1014447808265686,30744000512.0,0.950830340385437,1,0,0,0,0,0,0,0
37489236223484760,36.137426339323184,-5.418171573715613,0.1324053704738617,39552000000.0,0.7806049585342407,1,1,0,0,0,1,0,0
44227580349419294,151.39571661086475,3.0536236779024493,0.07119428366422653,6621400064.0,0.9708836674690247,1,0,0,0,0,0,0,0
76552809889172803,241.98005939006146,56.5625836268756,0.2309771627187729,9793500160.0,0.585230827331543,1,0,0,0,0,0,0,0
75954825887513815,240.890328403372,55.638691643927515,0.19189845025539398,37545000960.0,0.5244969129562378,1,0,0,0,0,0,0,0
44223332626751955,149.76955282128858,3.5233233768197287,0.19385918974876404,115049996288.0,0.6752219200134277,1,1,0,0,0,1,0,0
43153924424754181,149.15601655291917,2.223864949974657,0.08114171028137207,3615300096.0,0.60703045129776,1,1,0,0,0,1,0,0
75959773689844777,242.28431439512855,55.62557479846565,0.23793770372867584,93076996096.0,0.553855299949646,1,0,0,0,0,0,0,0
42692541857949138,352.38564000995757,0.6766060305343821,0.27564793825149536,181580005376.0,0.8792123794555664,1,0,0,0,0,0,0,1
38554117529955528,35.24176667251797,-3.6865111803172463,0.29001736640930176,27711000576.0,0.7297185659408569,1,0,0,0,0,0,0,0
41618744199384483,351.8298474485222,-0.1538759004435654,0.22240200638771057,26165999616.0,0.5379805564880371,1,0,0,0,0,0,0,0
38558506986526573,36.77534608232818,-4.126339201513273,0.21048323810100555,44677001216.0,0.744515061378479,1,0,0,0,0,0,0,0
42090284363833077,149.0174931815354,0.7391253177199536,0.13224132359027863,69902000128.0,0.8449726700782776,1,0,0,0,0,0,0,0
42090434687696350,148.90674061708785,1.3616398048767588,0.12236925959587097,23090999296.0,0.8514562249183655,1,1,0,0,0,1,0,0
37489519691330222,35.68334981938336,-5.016925440360252,0.18174943327903748,38664998912.0,0.6846597790718079,1,0,0,0,0,0,0,0
75343914034292858,244.11221837527523,54.23869780722482,0.11826794594526291,54793998336.0,0.9043556451797485,1,0,0,0,0,0,0,0
75343639156392766,244.74080436507126,54.37028733088281,0.08338996767997742,21073999872.0,0.8883663415908813,1,0,0,0,0,0,0,0
38554246378972330,35.068998425749555,-4.076652214346933,0.26549580693244934,27395000320.0,0.995249330997467,1,1,0,1,0,0,1,0
42090159809790450,149.18024925573118,1.3731450886058694,0.257742702960968,16750000128.0,0.9005459547042847,1,0,0,0,0,0,0,1
74696864326246572,241.9504603094868,53.382966074878,0.1643613874912262,4108000000.0,0.854008674621582,1,0,0,0,0,0,0,0
37485405112665617,33.75573376040492,-4.606080059161733,0.36083200573921204,24508999680.0,0.6046187281608582,1,0,0,0,0,0,0,1
42687993487595995,351.08797921447245,0.26912225287420943,0.1670941263437271,13228999680.0,0.8931549787521362,1,1,0,0,0,1,1,1
43158451320275874,150.48318467295493,1.778184880187762,0.13463960587978363,55568998400.0,0.5476688742637634,1,0,0,0,0,0,0,0
75954271836732261,242.15088792645685,55.41981623225718,0.27642038464546204,20736000000.0,0.6142960786819458,1,0,0,0,0,0,0,0
43158064773221220,150.940425798256,2.9046076859021603,0.3967304229736328,62017998848.0,0.897205114364624,1,0,0,0,0,0,0,0
38558773274505598,36.47888288883511,-4.37494939624596,0.1648568958044052,69962997760.0,0.8826795816421509,1,0,0,0,0,0,0,1
38553563479176498,36.04682580385167,-3.8710063249504065,0.25820744037628174,80484999168.0,0.6336978673934937,1,0,0,0,0,0,0,0
75958940466185491,244.1057257120293,55.195827495471576,0.14562982320785522,16912000000.0,0.5274050831794739,1,1,0,0,1,1,1,0
37489257698321046,36.02186990587043,-4.479668079473878,0.22448229789733887,28480000000.0,0.8458901643753052,1,0,0,0,0,0,0,0
75338820203096991,243.04371927804476,53.9954889145709,0.21920573711395264,18481000448.0,0.6740450859069824,1,1,0,0,0,1,1,0
41619551653235319,350.7126678545225,-0.8836816129999053,0.162354975938797,24675000320.0,0.8161798715591431,1,0,0,0,0,0,0,0
44227442910453658,151.58054340548293,3.052731297914998,0.10573620349168777,24028999680.0,0.9197549819946289,1,0,0,0,0,0,0,1
38554246378966757,35.09296211210608,-4.1654943993547136,0.14991667866706848,20074000384.0,0.8612743020057678,1,0,0,0,0,0,0,0
75334581070362627,240.17091158137373,54.88898448366161,0.3508733808994293,75300003840.0,0.5664317607879639,1,0,0,0,0,0,0,0
75959095085013447,243.92881619146124,56.0241187776926,0.12018255144357681,13699000320.0,0.8370267748832703,1,0,0,0,0,0,0,0
75954422160583893,242.0132277680419,55.89093490031621,0.1633404791355133,153639993344.0,0.9162308573722839,1,0,0,0,0,0,0,0
42692958469791030,351.89778565594906,0.9908174765894225,0.19204507768154144,38408998912.0,0.8557718992233276,1,0,0,0,0,0,0,0
37489395137268324,35.97856238179997,-4.537241519584402,0.27994340658187866,43342999552.0,0.9094128608703613,1,0,0,0,0,0,0,0
75343652041291813,244.62351642980622,54.801340400322395,0.126560777425766,25532999680.0,0.5192643404006958,1,0,0,0,0,0,0,0
75959236818939162,243.55667312775972,56.227383973793295,0.12710554897785187,31441999872.0,0.5472530722618103,1,0,0,0,0,0,0,0
42692404418998450,352.5899463633165,0.6971174871376473,0.28984302282333374,114200002560.0,0.7747286558151245,1,0,0,0,0,0,0,0
42692936994956107,351.9104728305056,0.05489871971070206,0.19105717539787292,22936000512.0,0.5139776468276978,1,0,0,0,0,0,0,0
37494334349656493,36.65767420691544,-4.903686109922766,0.28293702006340027,91424997376.0,0.833946943283081,1,1,0,0,0,1,0,0
37489227633546577,35.99499469632782,-5.837341335560909,0.2173425853252411,37053001728.0,0.6805449724197388,1,0,0,0,0,0,0,0
42089597169047416,149.95558934441635,0.8341576820216957,0.2419898808002472,15738999808.0,0.8399069309234619,1,0,0,0,0,0,0,0
43158867932112666,149.86494517744248,2.0291315487072104,0.33152052760124207,106869997568.0,0.888347864151001,1,0,0,0,0,0,0,1
75339086491057783,242.59826446252526,53.556059426736844,0.1388605386018753,23075000320.0,0.7630881071090698,1,0,0,0,0,0,0,1
75343656336256044,244.5236926398029,54.988384658455224,0.14053520560264587,25326000128.0,0.6552447080612183,1,0,0,0,0,0,0,0
42697201897470978,353.5686768395654,0.17880517100879306,0.1625949740409851,30585999360.0,0.8914611339569092,1,0,0,0,0,0,0,0
76557757691502024,243.37830875691034,56.59704423371,0.24041996896266937,92401999872.0,0.6408184170722961,1,0,0,0,0,0,0,0
43163278863523297,151.38135384248562,2.5884454964759582,0.3362646698951721,313879986176.0,0.9403328895568848,1,1,0,0,0,0,1,1
38549027993699827,34.84026665304813,-3.9478504517015,0.3132665157318115,83191996416.0,0.8715680241584778,1,0,0,0,0,0,0,1
75958811617168161,244.2896626426588,55.61890273059993,0.11587559431791306,49249001472.0,0.8844777345657349,1,0,0,0,0,0,0,0
75339520282765215,241.65834593026926,54.57397690148223,0.22862781584262848,22225000448.0,0.5353855490684509,1,0,0,0,0,0,0,0
38558365252609787,37.07265394163577,-4.271411787117706,0.18591627478599548,291799990272.0,0.9917975068092346,1,1,0,1,0,0,0,0
38558644425486577,36.61483219060849,-4.018581750137625,0.22216063737869263,21728000000.0,0.9024439454078674,1,0,0,0,0,0,0,0
44217972507567090,149.41986833386872,3.523928905227547,0.13437291979789734,27587999744.0,0.5609368681907654,1,0,0,0,0,0,0,0
38553834062106668,35.659136449537556,-4.154084404129015,0.19672223925590515,14872999936.0,0.6341890692710876,1,0,0,0,0,0,0,0
44227584644379859,151.34198062928397,3.1901631494074154,0.26693713665008545,177140006912.0,0.906645655632019,1,0,0,0,0,0,0,0
44223057748838079,150.00082376656073,3.476011567620003,0.10396187007427216,25454999552.0,0.8763841390609741,1,0,0,0,0,0,0,0
42687589760671619,351.59099026006743,0.6071683463482981,0.16010993719100952,82606997504.0,0.5891733169555664,1,0,0,0,0,0,0,0
43158726198184774,149.9855772431429,1.8298979325348097,0.21537013351917267,150029991936.0,0.6893939971923828,1,1,0,0,1,0,0,1
75334301897498010,240.96006373487998,54.722377172517234,0.23683950304985046,71185997824.0,0.5472435355186462,1,0,0,0,0,0,0,0
38558227813661770,37.10157407614448,-4.1905444226698325,0.1586826592683792,23307999232.0,0.6705546975135803,1,1,0,0,0,1,0,0
42687868933534258,351.2768941627347,0.7161688900371047,0.28404250741004944,40813998080.0,0.5341540575027466,1,0,0,0,0,0,0,0
38553971501058785,35.6075948629907,-4.17318946034252,0.06475823372602463,22979000320.0,0.930543065071106,1,0,0,0,0,0,0,0
75343926919196953,244.01296169254837,54.79277992099878,0.15158356726169586,52776001536.0,0.9690940380096436,1,1,0,0,0,0,1,0
42692662117041698,352.19982603229994,0.026172842300214442,0.26604700088500977,213569994752.0,0.6227308511734009,1,1,0,0,0,1,0,0
42692541857954442,352.4119559338306,0.7365391793529956,0.28509172797203064,117120000000.0,0.5982760787010193,1,0,0,0,0,0,0,0
38558094669675054,37.32400126043138,-4.005644771765102,0.28635430335998535,119259996160.0,0.656694769859314,1,0,0,0,0,0,0,0
38558635835548053,36.641098997758526,-4.429707580466929,0.132684126496315,35522998272.0,0.6898850202560425,1,0,0,0,0,0,0,0
37489395137274410,35.94219558269035,-4.476523987004878,0.11574611067771912,7698899968.0,0.5009156465530396,1,0,0,0,0,0,0,0
37489365072500401,35.97884297151312,-5.824208611923682,0.330668568611145,37837000704.0,0.8191202282905579,1,0,0,0,0,0,0,0
42094149834395769,151.21135447850727,1.4046232496994784,0.08985567837953568,27171999744.0,0.5513291954994202,1,0,0,0,0,0,0,0
41618860163499529,351.66922807374647,-1.0733000079017514,0.25950172543525696,118599999488.0,0.5242987275123596,1,0,0,0,0,0,0,0
38554108940024450,35.340695559201485,-4.037077683806591,0.2847316861152649,75684003840.0,0.5813772678375244,1,0,0,0,0,0,0,0
38558369547577381,36.9337086543612,-4.0577118276238435,0.27676644921302795,119420002304.0,0.718461811542511,1,1,0,0,0,1,0,0
41623692001699877,352.5869317384019,-0.24498679318733801,0.3165941536426544,20568000512.0,0.5798208713531494,1,0,0,0,0,0,0,0
38554375227999656,34.994382833855795,-4.4078079041828895,0.18270456790924072,78963998720.0,0.9138971567153931,1,0,0,0,0,0,0,0
41619422804207736,350.97518203030535,-0.6205973262592883,0.10145334154367447,10650999808.0,0.6614733338356018,1,0,0,0,0,0,0,0
37489090194598463,36.30600366875675,-5.764004111908468,0.240431010723114,136449998848.0,0.7720742225646973,1,0,0,0,0,0,0,0
38558506986525773,36.76545471990361,-4.141507517320621,0.1980254054069519,87466999808.0,0.8408371806144714,1,0,0,0,0,0,0,0
75338558210076559,243.65234846460947,54.430733444842076,0.22655333578586578,125769998336.0,0.9676214456558228,1,1,0,0,0,0,1,0
75964025707470456,245.1743906426966,55.303893047517214,0.23099936544895172,7197899776.0,0.6769729256629944,1,0,0,0,0,0,0,0
42094278683418047,151.1929970089062,1.070456899720418,0.11644957214593887,13642000384.0,0.373235285282135,1,1,0,0,0,1,0,0
37494334349664773,36.63268382200072,-4.817870198034828,0.24937157332897186,13022000128.0,0.7343548536300659,1,1,0,0,0,1,0,0
75338833087986407,243.2155442827469,54.47672233381249,0.09745652228593826,17997000704.0,0.997150182723999,1,1,0,0,1,0,0,0
42687589760671749,351.60653362299195,0.6101281080727504,0.21474650502204895,99317997568.0,0.8556379079818726,1,0,0,0,0,0,0,0
41618868753439101,351.5998844292032,-0.6774740788758545,0.19275009632110596,18788999168.0,0.5308600068092346,1,0,0,0,0,0,0,0
75959498811929920,242.80490566444044,55.56663392917681,0.2234615981578827,178749997056.0,0.9870500564575195,1,1,0,0,0,1,1,0
44223465770750056,149.5281305272102,3.431333527048045,0.20266693830490112,29193000960.0,0.5938833951950073,1,0,0,0,0,0,0,0
41623266799934391,353.18727766947205,-0.7894026870793999,0.2520752549171448,11605000192.0,0.6273142695426941,1,0,0,0,0,0,0,1
42697068753478684,353.76940330918484,0.33615589987773736,0.2451982945203781,98347999232.0,0.5123741030693054,1,0,0,0,0,0,0,0
75339103670920566,242.61437213257182,54.212890418025914,0.23335225880146027,234019995648.0,0.8236943483352661,1,1,0,0,0,1,0,0
38553692328187303,35.944732086202244,-4.341037327747188,0.21750755608081818,166560006144.0,0.9068770408630371,1,1,1,0,1,0,0,0
43158455615247420,150.4257156922861,2.060914215713959,0.18664027750492096,27929999360.0,0.674859344959259,1,0,0,0,0,0,0,1
41623949699743151,352.1911978059553,-0.9625637240338021,0.22969067096710205,45930000384.0,0.7749769687652588,1,0,0,0,0,0,0,0
38554117529946298,35.265773671646706,-3.8000756919539485,0.19565623998641968,18656000000.0,0.6988942623138428,1,0,0,0,0,0,0,0
37494334349658557,36.62632838468156,-4.913039529546643,0.22703851759433746,61042999296.0,0.7149689197540283,1,0,0,0,0,0,0,0
38549015108815572,34.78485963566674,-4.379444386545353,0.15231561660766602,57144999936.0,0.9182412624359131,1,0,0,0,0,0,0,1
38553280011330153,36.37585375081399,-4.2384555555641,0.29959726333618164,18936000512.0,0.997744083404541,1,0,0,0,0,0,0,0
37494330054698597,36.61713901112183,-4.997715298555325,0.3801121711730957,156879994880.0,0.8145102858543396,1,0,0,0,0,0,0,0
75344055768220969,243.75176998966248,54.46254687259184,0.10504150390625,16782999552.0,0.781938910484314,1,0,0,0,0,0,0,0
41624087138699865,352.07324669298123,-0.9180925375441886,0.22720162570476532,15084000256.0,0.5033866167068481,1,0,0,0,0,0,0,0
43158455615247341,150.4249257216087,2.066171938459948,0.07151159644126892,67240001536.0,0.9612809419631958,1,0,0,0,0,0,0,0
75339507397847110,241.6375853405297,53.89963817310535,0.33861491084098816,365090013184.0,0.7635272145271301,1,1,0,0,0,1,1,0
75959631955922486,242.52825473965606,55.428749255281694,0.08435741066932678,11079999488.0,0.835699200630188,1,0,0,0,0,0,0,0
38558781864430399,36.47416217967608,-4.113914241102798,0.19355455040931702,32163999744.0,0.6193625926971436,1,0,0,0,0,0,0,0
44222649726946711,150.57553051372633,3.694681335427786,0.2016315758228302,54721998848.0,0.947256863117218,1,1,0,0,0,1,0,1
42094274388450846,151.12789473819612,0.8894253018742633,0.0633322149515152,3280399872.0,0.766829788684845,1,0,0,0,0,0,0,0
42691992102139189,353.23202672241297,0.6962729694095543,0.26753905415534973,160480002048.0,0.8557347059249878,1,1,0,0,0,1,1,0
75334439336441543,240.57652894040575,54.631500875960356,0.20424982905387878,13372000256.0,0.6342360377311707,1,0,0,0,0,0,0,0
75959490221999202,242.75153543129434,55.21932381670786,0.17817972600460052,23129999360.0,0.822343111038208,1,0,0,0,0,0,0,0
75338970526934153,242.96784419837226,54.41653659719567,0.26856327056884766,67112001536.0,0.6687327027320862,1,0,0,0,0,0,0,1
41623550267786554,352.70644956734844,-0.35613429190897095,0.28201451897621155,116039999488.0,0.7080246210098267,1,0,0,0,0,0,0,0
37494059471756830,36.9400340363127,-4.85674891295008,0.36760029196739197,246270001152.0,0.9465542435646057,1,0,0,0,0,0,0,0
38553567774145101,36.079028947886336,-3.673426747308388,0.2722230851650238,33230000128.0,0.5404195785522461,1,0,0,0,0,0,0,0
43158992486166962,149.70954011185339,1.5252267901937997,0.09344519674777985,9678600192.0,0.5640887022018433,1,1,0,1,0,1,0,0
43163412007507208,151.10746633541916,2.3557233296248916,0.29597175121307373,121989996544.0,0.8895086050033569,1,0,0,0,0,0,0,1
75339228224979933,242.27942982525204,53.73756062627228,0.11016738414764404,89358999552.0,0.8824852705001831,1,0,0,0,0,0,0,0
43158455615240796,150.36524267534796,1.9871275344078725,0.3994675576686859,55373000704.0,0.9238545298576355,1,0,0,0,0,0,0,0
42687993487594395,351.16204157446407,0.2391301972729834,0.1733412891626358,69236998144.0,0.6158345341682434,1,0,0,0,0,0,0,0
42089610053964210,150.0093249469,1.3101803680147266,0.2244560867547989,21525999616.0,0.5665854215621948,1,0,0,0,0,0,0,0
75959090790042062,243.83514331449936,55.763799245706636,0.32570695877075195,46845001728.0,0.6321166753768921,1,0,0,0,0,0,0,0
37489103079505222,36.23395826894547,-5.133187452173581,0.052338991314172745,46364000256.0,0.9992411136627197,1,1,0,0,1,0,0,0
37489515396358121,35.795329818058185,-5.216884202091634,0.08590961992740631,8271300096.0,0.9154188632965088,1,0,0,0,0,0,0,0
37489382252376517,35.796390000712954,-5.009442387728896,0.12114715576171875,18538000384.0,0.6848100423812866,1,0,0,0,0,0,0,0
41623399943924655,352.93212434313256,-0.9741239416482365,0.23332546651363373,199450001408.0,0.8920003175735474,1,1,0,0,0,1,0,0
37489657130287573,35.488020958699856,-4.947055894711505,0.3419099450111389,14074999808.0,0.6696552038192749,1,0,0,0,0,0,0,0
43163141424570383,151.4906432022825,2.5832465176948016,0.06049753352999687,11160999936.0,0.9910904765129089,1,0,0,0,0,0,0,0
44223182302885090,149.9307715962237,3.0274284902130706,0.12831661105155945,7619400192.0,0.9654027223587036,1,0,0,0,0,0,0,0
42696939904438716,353.8016299333683,0.6663246984165192,0.26669612526893616,14808999936.0,0.5399690866470337,1,0,0,0,0,0,0,1
37489090194601991,36.327526098086324,-5.706839142710224,0.36599624156951904,135609999360.0,0.9113080501556396,1,0,0,0,0,0,0,0
74696722592324524,242.378869053247,53.26795322609822,0.1856359839439392,37050998784.0,0.8191244006156921,1,0,0,0,0,0,0,0
41623528792942437,352.8694894426733,-1.3264307360044056,0.2940114140510559,26944999424.0,0.6700348854064941,1,0,0,0,0,0,0,0
38558223518693312,37.103821014422365,-4.388205097437457,0.20581971108913422,18271000576.0,0.5600877404212952,1,0,0,0,0,0,0,0
75959494516966717,242.75669608655124,55.40388253282172,0.08742180466651917,4925000192.0,0.6735529899597168,1,0,0,0,0,0,0,0
75338970526942880,242.8623898852657,54.49438504992272,0.23856604099273682,88973000704.0,0.8323059678077698,1,1,0,0,0,1,0,0
75334572480418397,240.22441825257275,54.56107008335059,0.3202309310436249,11852999680.0,0.6950762867927551,1,0,0,0,0,0,0,1
38553696623169261,35.8509529053694,-3.9994820081354385,0.29625895619392395,28664000512.0,0.8501238822937012,1,0,0,0,0,0,0,0
44222649726949961,150.58486797043057,3.693079428916119,0.1387566775083542,30592000000.0,0.9413593411445618,1,0,0,0,0,0,0,0
38553980091002163,35.43689384824443,-3.6614471908754576,0.15255799889564514,22954999808.0,0.5853835940361023,1,0,0,0,0,0,0,0
41623679116810732,352.51496980210806,-0.6810623844308468,0.16454671323299408,67439001600.0,0.9143253564834595,1,0,0,0,0,0,0,0
38558232108619792,37.201052252371696,-4.116080470098715,0.2527886629104614,21397000192.0,0.5977455377578735,1,0,0,0,0,0,0,0
37489085899628416,36.29131085189853,-5.868112086491072,0.06107243895530701,10677999616.0,0.9430171251296997,1,0,0,0,0,0,0,0
75339099375954913,242.38837268712467,54.02898575433825,0.18953821063041687,29098999808.0,0.33829617500305176,1,1,0,0,0,1,1,0
75343514602328591,244.86482212993943,54.81232787634972,0.29515698552131653,42319998976.0,0.9447075128555298,1,0,0,0,0,0,0,1
37494192615737391,36.802289565063866,-5.101227386979224,0.07513950765132904,6296099840.0,0.7954059839248657,1,0,0,0,0,0,0,0
75338708533935437,243.37708826764003,55.02660536896618,0.18038395047187805,21649999872.0,0.54765385389328,1,0,0,0,0,0,0,0
37484713622929126,34.81328107127453,-4.846628558468128,0.32015737891197205,84880998400.0,0.782158613204956,1,0,0,0,0,0,0,0
43163141424566230,151.55145379295215,2.5239091639892943,0.05527256056666374,52580999168.0,0.9462052583694458,1,0,0,0,0,0,0,0
38553700918122069,35.81419935446393,-3.9900490966119815,0.1170908734202385,18605000704.0,0.8916043043136597,1,0,0,0,0,0,0,0
44222920309887776,150.18859179828542,3.4629016021538925,0.07058882713317871,35476000768.0,0.9382497072219849,1,0,0,0,0,0,0,0
41619822236164519,350.4144964116091,-1.1485443948385756,0.14365939795970917,3977400064.0,0.9869966506958008,1,0,0,0,0,0,0,1
41619431394139775,350.9201069102589,-0.2569660578480825,0.09536091238260269,20750000128.0,0.8998640775680542,1,0,0,0,0,0,0,0
42692812440895150,352.0253350375665,0.5278146416553037,0.20189101994037628,49107001344.0,0.7403373718261719,1,0,0,0,0,0,0,0
37488957050607781,36.36941930799376,-5.639679122039292,0.09988216310739517,9991999488.0,0.8498894572257996,1,1,0,0,0,1,0,0
74697006060168731,241.72406998670783,53.505777274987686,0.19281944632530212,102149996544.0,0.8765625953674316,1,0,0,0,0,0,0,1
37489790274271183,35.41950854663865,-5.168880645165776,0.244041308760643,9026100224.0,0.6587796211242676,1,0,0,0,0,0,0,0
75343643451365052,244.63344249129324,54.560344009066824,0.38850894570350647,168279998464.0,0.35137391090393066,1,1,0,0,0,1,0,0
37489098784529160,36.2947094524007,-5.4484960802503615,0.09695158898830414,7936799744.0,0.9543228149414062,1,1,0,0,0,1,0,0
38558515576452841,36.74794383707038,-3.8049763459737616,0.20892077684402466,36480000000.0,0.6778493523597717,1,0,0,0,0,0,0,0
40554833555516396,352.70637935883354,-1.500968657082668,0.34324076771736145,23562999808.0,0.878637433052063,1,0,0,0,0,0,0,0
37494338644635291,36.547461601607885,-4.605580943031793,0.05212375894188881,19869999104.0,0.950141191482544,1,0,0,0,0,0,0,0
42697073048453944,353.7221257454308,0.5613308654750633,0.31141701340675354,41699000320.0,0.8434771299362183,1,0,0,0,0,0,0,0
75338949052106911,242.8148082337924,53.56988543677423,0.12946784496307373,19451000832.0,0.5654377937316895,1,0,0,0,0,0,0,0
37489532576229485,35.61205563026638,-4.468163297239465,0.14809252321720123,25716000768.0,0.890550971031189,1,0,0,0,0,0,0,0
75338974821900901,242.83465764731375,54.58535236423365,0.096058689057827,49837998080.0,0.7876355648040771,1,0,0,0,0,0,0,0
44227726378296781,151.15807891864745,3.3274484395200403,0.17955833673477173,56467001344.0,0.9525045156478882,1,1,0,0,0,1,1,0
42691996397102210,353.2402711202362,0.8463532751511165,0.07267041504383087,11731999744.0,0.8828896880149841,1,0,0,0,0,0,0,0
37494205500638703,36.8584136196196,-4.544783641116164,0.2965325713157654,69402001408.0,0.9211905598640442,1,0,0,0,0,0,0,0
43163124244701740,151.4941900794971,1.8417638320928484,0.1332089602947235,71372996608.0,0.9418384432792664,1,0,0,0,0,0,0,0
42687860343608172,351.38829112938174,0.43084159824955764,0.17509199678897858,41083998208.0,0.8602495789527893,1,1,0,0,0,1,1,0
42697343631400547,353.40408567944854,0.4510498180511923,0.20259122550487518,14853000192.0,0.4256296157836914,1,1,0,0,0,1,0,0
38557957230709225,37.493011267205276,-4.1617464434313245,0.2803921699523926,39843999744.0,0.6562375426292419,1,0,0,0,0,0,0,0
40550710386906077,350.90446441929214,-1.5615841107482797,0.2536652088165283,19707000832.0,0.9942020177841187,1,0,0,0,0,0,0,0
75339365663922334,241.78265752054762,53.64437668639635,0.21069924533367157,57550000128.0,0.5432747006416321,1,0,0,0,0,0,0,0
75338966231973196,242.8786971606359,54.276212633420556,0.33841460943222046,116329996288.0,0.5249959826469421,1,0,0,0,0,0,0,0
37493647154894617,37.47337327513627,-4.8538162977086055,0.38885071873664856,32096000000.0,0.5307531356811523,1,0,0,0,0,0,0,1
42692816735871533,352.03536664527843,0.8355107037908672,0.14785726368427277,30208000000.0,0.5915658473968506,1,0,0,0,0,0,0,0
38554263558829593,35.21136050481518,-3.4253902735050437,0.3368154764175415,56233000960.0,0.5483556389808655,1,0,0,0,0,0,0,0
42688139516465207,351.0049346673126,0.5534649604789468,0.16858801245689392,5030300160.0,0.5528378486633301,1,0,0,0,0,0,0,0
41623275389877140,353.1935976905764,-0.34275171198325355,0.14276978373527527,102840000512.0,0.994968056678772,1,0,0,0,0,0,0,0
42089335176070049,150.36058829931582,1.3616544574518483,0.0875096544623375,27079000064.0,0.9679615497589111,1,1,0,0,0,1,1,0
74701812128579794,243.0455054942139,53.36141071002218,0.36351752281188965,24541999104.0,0.8345067501068115,1,0,0,0,0,0,0,0
75338815908111485,243.09134139414394,53.68208573228443,0.24515634775161743,72517001216.0,0.6807544231414795,1,0,0,0,0,0,0,0
37489506806429731,35.659210907355444,-5.529842424393834,0.31856802105903625,116590002176.0,0.839218020439148,1,0,0,0,0,0,0,0
37494201205679618,36.898894102437815,-4.6281041118015445,0.268716037273407,206500003840.0,0.7423073649406433,1,0,0,0,0,0,0,0
38549019403772497,34.8232244397946,-4.361723855759124,0.11913377791643143,45866999808.0,0.894794225692749,1,0,0,0,0,0,0,0
41623271094915700,353.16095198838485,-0.47966909592312956,0.2506614029407501,47514001408.0,0.3509916067123413,1,1,0,0,0,1,0,1
42089464025078523,150.28241548655117,1.016473064831074,0.16378803551197052,34240000000.0,0.5996383428573608,1,0,0,0,0,0,0,0
41623962584640384,352.2502791514131,-0.43364539575494215,0.34061527252197266,30432000000.0,0.9077136516571045,1,0,0,0,0,0,0,1
37493917737841688,37.102149018307706,-4.944963141162594,0.07043175399303436,27190999040.0,0.9753178954124451,1,1,0,0,1,0,0,0
43162982510779318,151.68335761958764,1.7542113595324649,0.1543036699295044,92019998720.0,0.38066187500953674,1,1,0,1,0,0,0,0
37489781684335754,35.40199353737285,-5.52124180512553,0.06265852600336075,19844999168.0,0.9999803304672241,1,0,0,0,0,0,0,0
41619431394145936,350.99502330972575,-0.18278376747701552,0.21850933134555817,10154999808.0,0.526012122631073,1,0,0,0,0,0,0,0
43154053273775139,148.99319896889733,1.866556136989024,0.15973931550979614,5337900032.0,0.5479283928871155,1,1,0,0,0,1,1,0
42692391534095143,352.63932985453823,0.12950597134432618,0.24733099341392517,102599999488.0,0.7286406755447388,1,1,0,0,0,1,0,0
75959107969908427,243.75436386654025,56.48746697652376,0.09496711939573288,3600499968.0,0.7858440279960632,1,0,0,0,0,0,0,0
38554113234985914,35.40907538489543,-3.932549800013388,0.1384451538324356,34325000192.0,0.8825012445449829,1,0,0,0,0,0,0,0
75339382843799709,241.7993511746992,54.45794725133007,0.24552415311336517,26733000704.0,0.8313300013542175,1,0,0,0,0,0,0,0
43154070453638879,148.97382785732773,2.546673417078581,0.2086605280637741,4893199872.0,0.5567477941513062,1,0,0,0,0,0,0,0
41628498070106998,353.46266755600186,-0.3928093379950785,0.23720000684261322,77440000000.0,0.8121696710586548,1,0,0,0,0,0,0,0
38558086079740454,37.40248479496372,-4.407687104192785,0.23292826116085052,36024000512.0,0.6220579147338867,1,0,0,0,0,0,0,0
42094416122387770,150.91995910920474,1.2096331790105972,0.08614836633205414,43420999680.0,0.7232802510261536,1,0,0,0,0,0,0,0
38553851241976411,35.73359712513094,-3.3803423134913935,0.23709458112716675,3989900032.0,0.8060010671615601,1,0,0,0,0,0,0,0
37489927713230045,35.202088348656034,-5.157938891907998,0.32105496525764465,370179997696.0,0.9267221689224243,1,0,0,0,0,0,0,0
38558227813656332,37.226046589109366,-4.2608222796459545,0.249628946185112,43555999744.0,0.5576370358467102,1,0,0,0,0,0,0,0
75954821592549444,240.98975284244,55.45891314192192,0.24058941006660461,3421100032.0,0.8932343125343323,1,1,0,0,1,0,0,0
42692541857958975,352.31709747504,0.7953960309661294,0.12189551442861557,53440999424.0,0.9304376840591431,1,0,0,0,0,0,0,0
41623271094909102,353.1023816960323,-0.5689080705228231,0.18325579166412354,18997999616.0,0.6483919024467468,1,0,0,0,0,0,0,0
75343914034293306,243.953343236697,54.23926224573661,0.11385902762413025,6789600256.0,0.5924859642982483,1,0,0,0,0,0,0,0
37489803159178169,35.35718214538216,-4.565103079960511,0.2864432632923126,21034000384.0,0.5824476480484009,1,0,0,0,0,0,0,0
75959236818935379,243.55511791127697,56.19130604326233,0.22373734414577484,15251999744.0,0.611160933971405,1,0,0,0,0,0,0,0
74696731182268328,242.11014454903454,53.54523999869821,0.13201093673706055,14209000448.0,0.8600614070892334,1,1,0,0,1,0,0,0
37489648540353948,35.57102078271089,-5.33239233083232,0.1302540898323059,24280999936.0,0.6975535154342651,1,1,0,0,0,1,0,0
75343647746336604,244.5228484792408,54.72133258330066,0.3386649787425995,215069999104.0,0.5415626764297485,1,0,0,0,0,0,0,0
38553554889243835,36.14524143981519,-4.212022493789009,0.25987932085990906,41477001216.0,0.7179878354072571,1,0,0,0,0,0,0,0
43154057568742386,149.03038349572603,2.059931456847081,0.07548926770687103,13244999680.0,0.8480526208877563,1,0,0,0,0,0,0,0
75954413570648862,241.99701465734998,55.52285236668516,0.19960442185401917,25812000768.0,0.5332163572311401,1,0,0,0,0,0,0,0
75338815908118425,243.04804737305926,53.74360018259475,0.07970021665096283,20405000192.0,0.9556171894073486,1,0,0,0,0,0,0,0
38558232108627036,37.20499833558867,-4.02213025006678,0.28125426173210144,40519000064.0,0.9722827672958374,1,0,0,0,0,0,0,0
38553434630141700,36.23264895236451,-3.62327057385461,0.1931813359260559,57970999296.0,0.7904045581817627,1,0,0,0,0,0,0,0
38553421745246496,36.195906954324535,-4.147544354486657,0.09370662271976471,83228999680.0,0.9428150653839111,1,1,0,0,0,1,0,0
38549023698751151,34.86158990014598,-4.006805376840925,0.08530046045780182,24450000896.0,0.8125560283660889,1,0,0,0,0,0,0,0
42090297248729613,149.0115296730184,1.2403803597062664,0.22127185761928558,173080002560.0,0.8465271592140198,1,1,0,0,1,1,1,0
41619551653229010,350.6812003294941,-0.9317556812046272,0.3801669180393219,99396001792.0,0.847604513168335,1,1,0,0,0,1,1,0
38553688033226439,35.85409770699362,-4.449841782925956,0.1767309159040451,20252000256.0,0.5587975382804871,1,0,0,0,0,0,0,0
43154328151671795,148.5735268754411,1.7991621696262814,0.15424604713916779,3608800000.0,0.9415118098258972,1,0,0,0,0,0,0,0
41618860163490114,351.5840029646044,-1.1791767999199587,0.10861781239509583,31547000832.0,0.915276825428009,1,0,0,0,0,0,0,0
41619409919308823,350.84755106678676,-1.1100643585495544,0.23797523975372314,71634001920.0,0.6491749882698059,1,0,0,0,0,0,0,0
44222645431991998,150.6619997014691,3.5571129012546807,0.20911170542240143,183449993216.0,0.6830861568450928,1,1,0,0,0,1,0,0
42691992102149626,353.1573776021046,0.7999312469393747,0.23656584322452545,134689996800.0,0.6863957047462463,1,0,0,0,0,0,0,0
43162978215813762,151.64834962956306,1.5273990561442115,0.23366306722164154,104120000512.0,0.683734655380249,1,0,0,0,0,0,0,0
38554108940014845,35.4019829138825,-4.161885971514186,0.2968946099281311,145490001920.0,0.9134873151779175,1,1,0,0,0,1,1,0
37489231928519021,36.11417505819741,-5.579263938290031,0.3720926344394684,120269996032.0,0.5955472588539124,1,0,0,0,0,0,0,0
42089738902995418,149.90404609757385,0.9999193274744216,0.21072325110435486,37714001920.0,0.6363911032676697,1,0,0,0,0,0,0,0
38558369547577929,37.09431256750543,-4.04916315410258,0.3311820924282074,84397998080.0,0.7495222091674805,1,0,0,0,0,0,0,0
42089747492923575,149.80936221328162,1.3313706225885584,0.10410278290510178,18628999168.0,0.9114495515823364,1,0,0,0,0,0,0,0
37485263378745927,34.018120571420745,-4.80039439505145,0.17402639985084534,75548999680.0,0.7478193640708923,1,0,0,0,0,0,0,0
75958807322196733,244.4584273108125,55.37848905455402,0.2899612784385681,6596299776.0,0.8553860187530518,1,0,0,0,0,0,0,1
43163412007505614,151.20369195383756,2.3479666874763967,0.16966240108013153,17378000896.0,0.8991578817367554,1,0,0,0,0,0,0,0
75339653426744130,241.3512854657756,54.32742432656732,0.12804751098155975,42064998400.0,0.7932929992675781,1,0,0,0,0,0,0,0
41623533087908355,352.70392068151534,-1.2075005431280739,0.23815874755382538,20437999616.0,0.5298250317573547,1,0,0,0,0,0,0,0
42687576875768553,351.5826447799083,0.05481496587457139,0.2058982104063034,42908999680.0,0.4287329614162445,1,1,0,0,0,1,0,0
75338820203098113,243.16583712432578,54.003020583771935,0.20547154545783997,26090999808.0,0.6534916162490845,1,0,0,0,0,0,0,0
42089751787890582,149.88761072654626,1.4844949675164183,0.15823866426944733,142279999488.0,0.5545769929885864,1,1,0,1,0,0,1,0
38558640130517446,36.56860577712706,-4.241567914960551,0.17545990645885468,98117001216.0,0.8448139429092407,1,0,0,0,0,0,0,0
44223186597864252,149.81259316022735,3.143760901773901,0.1767510622739792,38141001728.0,0.7436310052871704,1,0,0,0,0,0,0,0
38553967206103016,35.5448127514843,-4.246221516797164,0.26294028759002686,19288999936.0,0.8807873129844666,1,0,0,0,0,0,0,0
37489657130288722,35.492687980643,-4.928652632663168,0.22471420466899872,96466001920.0,0.8624400496482849,1,1,0,0,1,1,1,0
37494201205683796,36.75490193745527,-4.5579945174029115,0.2540687024593353,35795001344.0,0.5272558927536011,1,0,0,0,0,0,0,0
44223324036820988,149.7493249809859,3.1902269961804803,0.3819035291671753,29315999744.0,0.9726381301879883,1,1,0,0,0,0,1,0
44223044863946660,150.033855439258,3.027839763062046,0.18044304847717285,93515997184.0,0.7057955861091614,1,0,0,0,0,0,0,0
44218238795542936,149.13733955857174,3.164567975892169,0.1969870626926422,48663998464.0,0.7119981646537781,1,0,0,0,0,0,0,0
41619414214290400,350.99936811811483,-0.8379968630075745,0.1894894391298294,64652001280.0,0.5637965798377991,1,0,0,0,0,0,0,0
38553413155318213,36.262986925856765,-4.45677841515397,0.2697815001010895,4176199936.0,0.856596827507019,1,0,0,0,0,0,0,0
75339382843794063,241.71142017549303,54.419490449356566,0.11682327091693878,71839997952.0,0.9084538221359253,1,0,0,0,0,0,0,0
43163278863526060,151.28019682487684,2.6041403181540956,0.3834947645664215,36366999552.0,0.6171038150787354,1,0,0,0,0,0,0,0
43154323856709267,148.48536986025974,1.6108259359463952,0.09511107206344604,21351000064.0,0.7370827794075012,1,0,0,0,0,0,0,1
37488978525443329,36.44348622113912,-4.669499518095889,0.19638533890247345,147360006144.0,0.9400041103363037,1,1,0,0,0,1,0,0
43163128539658164,151.46798551186657,1.9865789732808,0.33131635189056396,28336001024.0,0.8614386916160583,1,0,0,0,0,0,0,0
75959107969911543,243.6569225883972,56.521402896524705,0.320875883102417,146570002432.0,0.6356915831565857,1,0,0,0,0,0,0,0
38558236403595101,37.169031719256715,-3.8331506190070512,0.143958181142807,82136997888.0,0.9759819507598877,1,0,0,0,0,0,0,0
41619564538134047,350.8123330032887,-0.3371101671078037,0.12712545692920685,3439600128.0,0.9235968589782715,1,0,0,0,0,0,0,0
37494325759728332,36.66481239429778,-5.203644275267281,0.20971310138702393,127079997440.0,0.8612103462219238,1,1,0,0,0,1,1,0
75959095085012636,243.63690152713045,56.00734671497958,0.24925395846366882,88784003072.0,0.6403704881668091,1,0,0,0,0,0,0,0
37494055176787730,36.93181809268815,-5.054085461765661,0.3699061870574951,30550999040.0,0.6216569542884827,1,0,0,0,0,0,0,0
37494467493643975,36.45495731224686,-5.077945486907401,0.17053738236427307,53453000704.0,0.9484329223632812,1,1,0,0,0,1,0,0
38553417450284449,36.341760196141756,-4.261077705694676,0.16880550980567932,73028001792.0,0.97007155418396,1,0,0,0,0,0,0,0
43158601644133274,150.2927348569177,2.426675143622179,0.27164265513420105,12764000256.0,0.6985949873924255,1,0,0,0,0,0,0,1
38558232108617862,37.12213773640143,-4.1465698520168965,0.18122419714927673,149789999104.0,0.9332209825515747,1,1,0,0,0,1,0,0
41623541677847054,352.79006176159913,-0.7930209926836733,0.2946016192436218,23089999872.0,0.550068199634552,1,0,0,0,0,0,0,0
42687851753670260,351.3447460917261,0.04739076942814193,0.28232210874557495,113499996160.0,0.524953305721283,1,0,0,0,0,0,0,0
42090009485932551,149.45509922623083,0.7998319534093374,0.08569218963384628,30168999936.0,0.9812473058700562,1,0,0,0,0,0,0,0
42697064458517635,353.69643980145497,0.20570656781927527,0.2846527099609375,156909993984.0,0.4095959961414337,1,1,0,0,0,1,0,0
75954551009599885,241.52006167762738,55.537606990873506,0.22069598734378815,34672001024.0,0.6603295207023621,1,1,0,0,0,1,0,0
76552539306231952,242.689255323391,56.729038621287955,0.2550130784511566,217170001920.0,0.5845419764518738,1,1,0,0,1,1,1,0
75954546714639891,241.40971138550145,55.39714093427718,0.25158271193504333,38862999552.0,0.6663336157798767,1,0,0,0,0,0,0,0
43163141424567519,151.4695154416649,2.5317469231546377,0.2529047727584839,14444000256.0,0.6947149634361267,1,0,0,0,0,0,0,0
37485396522731218,33.87059067576267,-4.963071696051676,0.09710336476564407,56014999552.0,0.9961189031600952,1,1,0,1,0,0,1,0
75959777984808323,242.1743141265713,55.8426991456571,0.3057934641838074,11153000448.0,0.8319872617721558,1,0,0,0,0,0,0,1
75959515991810352,242.8297440625283,56.413079330469024,0.3484291732311249,52871000064.0,0.49045437574386597,1,1,0,0,1,0,0,0
75343647746322875,244.75729878957438,54.60190825134634,0.14447961747646332,18091999232.0,0.5002579689025879,1,0,0,0,0,0,0,0
43154353921484166,148.64221437706507,2.973550372581864,0.3277122676372528,62831001600.0,0.7235575318336487,1,1,0,0,0,1,1,0
43154061863709000,149.04019715305003,2.2467871234687427,0.07013984769582748,16156999680.0,0.8230781555175781,1,0,0,0,0,0,0,0
38554237789041575,35.23120071215061,-4.451358944566284,0.20921044051647186,75851997184.0,0.9131467938423157,1,1,0,0,0,1,0,0
38554259263874890,35.19254906191226,-3.4873557481947692,0.2625519037246704,256149995520.0,0.650642454624176,1,0,0,0,0,0,0,1
42687452321721717,351.7646431146426,0.6445441661921002,0.21173056960105896,18197000192.0,0.715150773525238,1,0,0,0,0,0,0,0
43158601644141332,150.28877509557557,2.473149101266203,0.11285871267318726,34522001408.0,0.8254358768463135,1,0,0,0,0,0,0,0
38558515576454579,36.823119010644355,-3.7759229911393764,0.22317783534526825,51247001600.0,0.6946953535079956,1,0,0,0,0,0,0,0
75338695649030864,243.44113009645466,54.4506232719233,0.10528375953435898,15208999936.0,0.8697351217269897,1,0,0,0,0,0,0,0
75338695649037872,243.49545009996245,54.50521508218093,0.11526308208703995,27570999296.0,0.7511526346206665,1,0,0,0,0,0,0,0
42697335041461506,353.418456910798,0.052411514809974066,0.11582441627979279,44093001728.0,0.7486186623573303,1,0,0,0,0,0,0,0
37494063766724011,36.929729770600446,-4.6471889486844695,0.24931195378303528,5134300160.0,0.5705984830856323,1,0,0,0,0,0,0,0
41619147926297523,351.26728246623463,-0.641267457092539,0.342782199382782,85744001024.0,0.7756703495979309,1,0,0,0,0,0,0,0
42094411827400380,150.88276934705337,0.8473205167559127,0.09184163808822632,27300999168.0,0.6258673071861267,1,0,0,0,0,0,0,0
75958811617162354,244.39331003838674,55.55811468251267,0.33979350328445435,28333000704.0,0.823768138885498,1,0,0,0,0,0,0,0
38558378137503719,36.9331570480567,-3.7474404030847537,0.06157917529344559,42318000128.0,0.9861478805541992,1,0,0,0,0,0,0,0
37494192615740927,36.762960538630004,-5.040913178709148,0.27086421847343445,35461001216.0,0.6512536406517029,1,1,0,0,0,1,0,0
38553984385957653,35.525909484338314,-3.618527761871646,0.16758200526237488,41422999552.0,0.9023102521896362,1,0,0,0,0,0,0,0
44223049158909393,150.12604801861244,3.141550546443016,0.2775033414363861,12856999936.0,0.9453883171081543,1,0,0,0,0,0,0,1
75959503106909945,242.84983770286448,55.85936140030951,0.2867943048477173,11310999552.0,0.7252172231674194,1,0,0,0,0,0,0,0
37490060857200988,34.98276635939639,-5.467564739850247,0.236265167593956,111349997568.0,0.978529155254364,1,1,0,0,0,0,1,0
44223328331791238,149.6285526095597,3.4045081956743664,0.22627943754196167,13205000192.0,0.7495938539505005,1,0,0,0,0,0,0,0
75959095085018203,243.64614963343993,56.05926278993419,0.20277978479862213,18087999488.0,0.712083101272583,1,0,0,0,0,0,0,0
40555245872373653,352.09874457820774,-1.5318494267267901,0.09233001619577408,13292999680.0,0.8757902383804321,1,1,0,1,0,0,0,0
44223336921718497,149.6508708061633,3.7294520929820196,0.32522523403167725,30989000704.0,0.6983255743980408,1,0,0,0,0,0,0,1
42692391534103049,352.65302712509913,0.2190291928656869,0.18275119364261627,34446000128.0,0.6964998841285706,1,0,0,0,0,0,0,0
38554108940024445,35.3353534468309,-4.038317740871645,0.30943214893341064,152940003328.0,0.7154677510261536,1,0,0,0,0,0,0,0
37494192615738430,36.73558369548115,-5.091510697036806,0.31508374214172363,25181999104.0,0.5762755870819092,1,0,0,0,0,0,0,0
37489936303166816,35.12338706863058,-4.779324174140143,0.22445659339427948,21461000192.0,0.6081483960151672,1,0,0,0,0,0,0,0
75339528872684824,241.3730377334174,54.79971399562157,0.3117920458316803,79912001536.0,0.8173205852508545,1,0,0,0,0,0,0,0
43163412007505615,151.2047452996751,2.3457070339571673,0.3817991018295288,34333999104.0,0.8687922954559326,1,1,0,0,0,0,1,0
42691979217234625,353.13657168336914,0.0926333597866546,0.21056903898715973,28178999296.0,0.892696738243103,1,0,0,0,0,0,0,0
38553421745251355,36.34242513956218,-4.092974058743093,0.29455795884132385,32696999936.0,0.5139610171318054,1,0,0,0,0,0,0,0
37494467493644725,36.4860317033255,-5.070158351921947,0.16016638278961182,6051700224.0,0.6748854517936707,1,0,0,0,0,0,0,0
38553426040214531,36.326331101474274,-3.977557705238707,0.20438966155052185,5290999808.0,0.6173484325408936,1,0,0,0,0,0,0,0
38549436015602130,34.14335985757278,-4.139065434494174,0.19646631181240082,75666997248.0,0.5880478024482727,1,0,0,0,0,0,0,0
42090146924885869,149.19459075631792,0.8165803102336101,0.0697011798620224,14945999872.0,0.8407616019248962,1,0,0,0,0,0,0,0
42687735789542623,351.5029102618155,0.8421320324062266,0.15112987160682678,99049996288.0,0.8610779047012329,1,0,0,0,0,0,0,0
75955087880517271,240.21625436948102,55.12416907774274,0.20824040472507477,79747997696.0,0.8754211664199829,1,0,0,0,0,0,0,0
37489111669436483,36.34097072186625,-4.8035951916548365,0.18210341036319733,64248000512.0,0.8601504564285278,1,0,0,0,0,0,0,0
41619427099182111,351.0045358096508,-0.31791310995694755,0.25139692425727844,16906999808.0,0.7314248085021973,1,0,0,0,0,0,0,0
74701807833599161,243.10831269270136,53.180847891753984,0.24873892962932587,91549999104.0,0.8873605728149414,1,0,0,0,0,0,0,1
38558644425479500,36.595305873222955,-4.112534276073446,0.2505665421485901,94406000640.0,0.5533532500267029,1,0,0,0,0,0,0,1
75954559599546702,241.41891820695395,56.013650913901934,0.197580948472023,66240999424.0,0.9006435871124268,1,0,0,0,0,0,0,0
38558369547571797,36.9917290378983,-4.131147143544606,0.1847594529390335,18965999616.0,0.9131549000740051,1,1,0,0,1,0,0,0
42697060163550899,353.67492848842954,0.052162919362761774,0.08263562619686127,19153000448.0,0.9695572853088379,1,0,0,0,0,0,0,0
37489657130285077,35.55761309831691,-4.9823336491689,0.17849677801132202,28352999424.0,0.8131331205368042,1,0,0,0,0,0,0,0
43158331061200453,150.63898711399477,2.6424660731093534,0.06800572574138641,43377000448.0,0.7817255258560181,1,1,0,0,0,1,0,0
74701812128582393,243.04590112208626,53.38220202970356,0.1659514456987381,20068999168.0,0.8892669081687927,1,0,0,0,0,0,0,0
75338695649028333,243.37071410397652,54.419676937065525,0.20430722832679749,15761999872.0,0.6290542483329773,1,1,0,0,0,1,0,0
41623404238899874,352.95986217350145,-0.6625962169009154,0.16619239747524261,41187999744.0,0.8980869054794312,1,0,0,0,0,0,0,0
75959511696837105,242.8959436793105,56.16399117822924,0.3534393310546875,19914000384.0,0.5683236718177795,1,0,0,0,0,0,0,0
41623275389874686,353.1308594999696,-0.37373183045551267,0.06239151582121849,19382999040.0,0.9924997091293335,1,0,0,0,0,0,0,0
43154079043574976,149.013505200872,2.9417051103173137,0.24945788085460663,45165998080.0,0.9504121541976929,1,0,0,0,0,0,0,0
75959090790051548,243.85392822765868,55.86348360786357,0.33846455812454224,47796998144.0,0.5670291781425476,1,1,0,0,1,0,0,0
42692129541088950,352.99417885351176,0.67143124755953,0.2529112696647644,18833999872.0,0.5369752049446106,1,0,0,0,0,0,0,0
75338824498045258,242.9797044736144,54.01785900566595,0.18711255490779877,102729998336.0,0.7617319226264954,1,0,0,0,0,0,0,0
38558502691561452,36.824693842509724,-4.302835432654008,0.18789252638816833,64909000704.0,0.6046320199966431,1,0,0,0,0,0,0,0
41624087138697481,352.1235299731264,-0.9388165584576409,0.2720019221305847,19522000896.0,0.5137530565261841,1,0,0,0,0,0,0,0
75338558210082072,243.70690082464722,54.47826116727851,0.33359643816947937,58327998464.0,0.9574593305587769,1,1,0,0,0,1,0,0
42687581170731321,351.6063643358335,0.17461710516337844,0.2129770666360855,5506299904.0,0.648455023765564,1,0,0,0,0,0,0,0
75958811617162353,244.39247105143,55.55545183750669,0.19312015175819397,65059000320.0,0.8674128651618958,1,1,0,0,0,1,0,0
38558373842545992,36.968704621268905,-3.855253572497157,0.11530283838510513,74737999872.0,0.9809501767158508,1,0,0,0,0,0,0,0
38554121824915207,35.28067082779658,-3.6021660799101207,0.3206121623516083,196880007168.0,0.5227217674255371,1,0,0,0,0,0,0,0
38553975796036754,35.46831376434991,-3.8315644984684174,0.15050941705703735,18496999424.0,0.8014063835144043,1,0,0,0,0,0,0,0
38558369547575174,36.99740673531047,-4.091381456793037,0.3006996810436249,239369994240.0,0.8271219730377197,1,0,0,0,0,0,0,0
75954422160595380,241.90318399167035,56.00429591419599,0.20916737616062164,136530001920.0,0.8746047019958496,1,0,0,0,0,0,0,0
42697210487405666,353.5188880589326,0.5581337931576945,0.22887110710144043,30211000320.0,0.3967074751853943,1,1,0,0,1,0,0,1
38553967206106661,35.59189852098463,-4.207667753716557,0.25804683566093445,102719995904.0,0.8544023036956787,1,1,0,0,0,1,1,0
37485121644812001,34.13274564136663,-5.107207590077254,0.13993285596370697,18271000576.0,0.5202459692955017,1,0,0,0,0,0,0,0
42085070273534821,148.69237598465563,1.0759845349865644,0.09315229207277298,26301999104.0,0.7411761283874512,1,0,0,0,0,0,0,0
38549569159590484,34.00789686872872,-4.331206943789353,0.11965599656105042,31051999232.0,0.8522692918777466,1,1,0,1,0,0,1,0
42089747492924472,149.7535836996353,1.355026075710349,0.21688510477542877,21977999360.0,0.8103716373443604,1,0,0,0,0,0,0,0
37493780298883108,37.31096565523747,-5.021745900549865,0.12638835608959198,93640998912.0,0.9151772260665894,1,0,0,0,0,0,0,0
38553967206104349,35.48902274472852,-4.233431251426744,0.2445712387561798,25739999232.0,0.5850471258163452,1,0,0,0,0,0,0,0
41623962584643055,352.27993966094016,-0.39778633090515697,0.2925789952278137,32664000512.0,0.8933799266815186,1,0,0,0,0,0,0,0
75339365663924511,241.73973741635967,53.66631825036892,0.19702187180519104,34229999616.0,0.8422081470489502,1,1,0,0,1,0,1,0
37489373662434423,35.819585902254595,-5.462958296067332,0.2188843935728073,25198999552.0,0.7622246146202087,1,0,0,0,0,0,0,0
37485405112659402,33.79974493848166,-4.67449278013634,0.22654570639133453,272640000000.0,0.6656549572944641,1,1,0,0,0,1,0,0
41623395648952222,352.88245385438734,-1.0277349614632565,0.10906081646680832,8305699840.0,0.7221561074256897,1,0,0,0,0,0,0,0
37488965640543767,36.434072159670755,-5.214862484312213,0.11371112614870071,14311000064.0,0.8876290321350098,1,1,0,0,1,0,0,0
75959241113897024,243.57357694144525,56.35384297308098,0.12293297797441483,5288500224.0,0.9536155462265015,1,0,0,0,0,0,0,0
42687585465698228,351.64361546984503,0.35804191494897364,0.3111197352409363,241009999872.0,0.7472242116928101,1,0,0,0,0,0,0,0
41623661936930044,352.621276526862,-1.4821390348249401,0.3298719823360443,69183995904.0,0.8013361692428589,1,0,0,0,0,0,0,0
75339090786024852,242.5590348027918,53.73185943566599,0.2806536555290222,218610008064.0,0.783888578414917,1,1,0,0,1,1,0,0
42692941289913702,351.86689726391063,0.16173624113564478,0.26148277521133423,30670999552.0,0.5747969746589661,1,0,0,0,0,0,0,0
37488957050610781,36.3848872196896,-5.587131121527593,0.23434263467788696,94100996096.0,0.5381832122802734,1,0,0,0,0,0,0,0
75338691354059020,243.3009348329354,54.22762597588021,0.13278739154338837,35723001856.0,0.8821674585342407,1,0,0,0,0,0,0,0
75339657721700641,241.31429476422989,54.39995869444325,0.3755373954772949,37816000512.0,0.7302597165107727,1,0,0,0,0,0,0,0
43158060478272103,150.90523042607273,2.882458407293842,0.2162066549062729,30317000704.0,0.8379432559013367,1,0,0,0,0,0,0,0
75343780890312365,244.26971006361336,54.474003371532454,0.06890109926462173,10234000384.0,0.9888904094696045,1,1,1,0,0,0,0,0
38558498396600673,36.88458138444679,-4.391715831327593,0.36309272050857544,142160003072.0,0.7852268218994141,1,1,0,1,0,0,0,0
42089884931870641,149.62139153792546,1.2288279273881921,0.1514836996793747,14718999552.0,0.5010049343109131,1,0,0,0,0,0,0,0
38549431720641682,34.179268717531336,-4.266735999281018,0.2505474388599396,114009997312.0,0.5682453513145447,1,0,0,0,0,0,0,0
38558506986523554,36.84010977421009,-4.165006456912536,0.10453062504529953,19896999936.0,0.8898524045944214,1,0,0,0,0,0,0,0
75958661293315351,244.73656736308016,55.10402123864723,0.12903903424739838,14003000320.0,0.8172124624252319,1,0,0,0,0,0,0,0
75954688448558388,241.24176382960042,55.6345008496105,0.2496766597032547,85494996992.0,0.9243086576461792,1,0,0,0,0,0,0,0
44223195187804955,149.9026729313791,3.578480269135289,0.22048848867416382,113830002688.0,0.8609846830368042,1,0,0,0,0,0,0,0
75959644840820933,242.46703532813217,55.965626734011906,0.20006290078163147,19840000000.0,0.925560474395752,1,0,0,0,0,0,0,0
42089876341943808,149.7221265345295,1.0130786386810005,0.19082634150981903,15868000256.0,0.9402254819869995,1,0,0,0,0,0,0,1
75338691354069268,243.45644633625088,54.32800486782862,0.25218358635902405,7081399808.0,0.9214074611663818,1,0,0,0,0,0,0,0
38558090374698894,37.45000561869826,-4.316965015583911,0.20119085907936096,59556999168.0,0.9091839790344238,1,1,0,0,0,1,1,0
38553967206090974,35.48134471494353,-4.367861176190115,0.12075991183519363,8000500224.0,0.7957872152328491,1,0,0,0,0,0,0,0
38553280011335178,36.368617434721266,-4.1913484388985465,0.19793429970741272,12010000384.0,0.8065344095230103,1,0,0,0,0,0,0,0
42692533268021215,352.3983810370943,0.36712290733724917,0.1271103322505951,43616002048.0,0.8999857306480408,1,0,0,0,0,0,0,0
43154332446628489,148.60837829387333,2.0014858679342638,0.16102324426174164,54333001728.0,0.8052266836166382,1,1,0,0,0,1,0,0
43158326766220052,150.61337916259407,2.41652339118684,0.16199620068073273,116429996032.0,0.9086220264434814,1,1,0,1,0,0,1,0
75338691354066527,243.37491399358595,54.30580871810671,0.22386221587657928,151419994112.0,0.5988730788230896,1,1,0,0,1,0,1,0
44227593234306158,151.27244075050564,3.465001521584267,0.0875789150595665,44643000320.0,0.9870653748512268,1,0,0,0,0,0,0,0
41623253915020636,353.09473081158035,-1.3426690003303667,0.06174864247441292,30300000256.0,0.967877984046936,1,0,0,0,0,0,0,1
75338966231973201,242.89174510479776,54.27639847212511,0.3392969071865082,54706999296.0,0.6673705577850342,1,0,0,0,0,0,0,0
37489090194598643,36.31441799300162,-5.757030964250565,0.16170112788677216,7302099968.0,0.8628888130187988,1,0,0,0,0,0,0,0
37489098784538298,36.23342173317421,-5.321533257293855,0.08059271425008774,3795300096.0,0.9346259832382202,1,0,0,0,0,0,0,0
42692387239136468,352.6469710802604,0.07017922354849476,0.2378348708152771,64151998464.0,0.543508768081665,1,1,0,0,0,1,1,0
37484851061882998,34.50387126145326,-4.793041167520053,0.19694606959819794,5062799872.0,0.8118074536323547,1,0,0,0,0,0,0,0
44227584644383621,151.3724695914446,3.225883188011972,0.34832534193992615,32700999680.0,0.42298299074172974,1,1,0,0,0,1,0,0
41618860163501829,351.6946854957233,-1.0454630147628252,0.3402996063232422,85762998272.0,0.8876898288726807,1,0,0,0,0,0,0,0
42085065978564458,148.75432870747147,0.9142958688825406,0.19067668914794922,25781000192.0,0.7311645746231079,1,0,0,0,0,0,0,1
76552809889177343,242.048551788854,56.61391956062969,0.20220795273780823,121640001536.0,0.8519657850265503,1,0,0,0,0,0,0,0
38558506986526202,36.84691166731864,-4.132546179099602,0.29934024810791016,40322998272.0,0.5900208950042725,1,0,0,0,0,0,0,0
40550710386906751,350.94626163409276,-1.5583446560222272,0.22518885135650635,54684999680.0,0.6722439527511597,1,1,0,0,1,0,0,0
38558090374707433,37.287531506240626,-4.201511046881082,0.1570253074169159,89975996416.0,0.7312027812004089,1,0,0,0,0,0,0,0
38553984385969194,35.53213227344539,-3.464168292998583,0.24029256403446198,55621001216.0,0.8129090070724487,1,0,0,0,0,0,0,0
38549431720641032,34.24559400857372,-4.2662289518025025,0.09889943152666092,9869700096.0,0.690371036529541,1,1,0,0,0,1,0,0
37489944893088194,35.22960512365005,-4.474668012840995,0.16572315990924835,26756999168.0,0.9629016518592834,1,1,0,0,0,1,1,1
38558502691562252,36.832415464815355,-4.298662168796022,0.19307765364646912,43620999168.0,0.7370508313179016,1,0,0,0,0,0,0,0
42692112361232106,352.94277429151964,0.0637620591273019,0.2929534316062927,203889999872.0,0.5782041549682617,1,0,0,0,0,0,0,0
42089330881092011,150.2890290405654,1.0923459031897738,0.11536901444196701,13365000192.0,0.5654781460762024,1,0,0,0,0,0,0,0
37493788888821695,37.45608253553365,-4.613828106411088,0.21771126985549927,10012000256.0,0.7111352682113647,1,0,0,0,0,0,0,0
38558240698545842,37.12958760837962,-3.7973896690562174,0.26514923572540283,15697999872.0,0.7101622819900513,1,0,0,0,0,0,0,0
75343652041284963,244.72749771293402,54.803900614398614,0.22092418372631073,28589000704.0,0.5452808737754822,1,0,0,0,0,0,0,1
42094416122376188,150.85436293101688,1.1085735328012742,0.2655031085014343,19068999680.0,0.6659022569656372,1,0,0,0,0,0,0,0
76552809889173794,242.08022775424735,56.58112209880809,0.039811234921216965,4670900224.0,0.9973230957984924,1,0,0,0,0,0,0,0
37489803159178163,35.35898407611502,-4.573117373407947,0.13568924367427826,36908998656.0,0.9103143215179443,1,1,0,0,0,1,0,0
76552539306231953,242.68808146657406,56.73149128643913,0.25838202238082886,65230000128.0,0.6568347215652466,1,1,0,0,0,1,1,0
37489094489563758,36.268099167394006,-5.608011941097442,0.22731506824493408,71182999552.0,0.6714571118354797,1,0,0,0,0,0,0,0
38553559184199582,36.12388470732297,-4.135560750104795,0.22999583184719086,71292002304.0,0.8711049556732178,1,0,0,0,0,0,0,0
37489940598133642,35.1387956372972,-4.582221392995054,0.049676574766635895,3792199936.0,0.9104551076889038,1,0,0,0,0,0,0,0
74696585153368782,242.5098194159258,53.22502726648984,0.1690267026424408,9992099840.0,0.5392906665802002,1,0,0,0,0,0,0,0
38553417450279431,36.27829232348637,-4.323304098724622,0.2986019253730774,16894999552.0,0.5831395387649536,1,0,0,0,0,0,0,0
43158721903217448,150.12508525354016,1.616903514933414,0.1512758880853653,76060999680.0,0.6227968335151672,1,0,0,0,0,0,0,0
75958966235978916,243.9824111747028,56.26859947369467,0.2095489352941513,101940002816.0,0.9611078500747681,1,0,0,0,0,0,0,0
42089601464034210,149.97912331756726,0.9578570490957788,0.12673817574977875,7437499904.0,0.5788506865501404,1,0,0,0,0,0,0,0
75338541030207847,243.62297475804894,53.712604371999554,0.04960925877094269,46366998528.0,0.977071225643158,1,0,0,0,0,0,0,0
42692266980053051,352.7014582777837,0.7887850205376975,0.31121671199798584,192229998592.0,0.6681069731712341,1,0,0,0,0,0,0,0
43153645251885758,149.47822317992777,2.119803504093449,0.10700596123933792,24679999488.0,0.7529873847961426,1,0,0,0,0,0,0,0
75954413570648863,242.01261664689477,55.52496859441936,0.18377147614955902,6337800192.0,0.567228376865387,1,0,0,0,0,0,0,0
75339378548830428,241.86303128432823,54.270504076691864,0.28892776370048523,9249899520.0,0.7501295804977417,1,0,0,0,0,0,0,0
42089601464036431,150.03288913292928,0.9826297525697835,0.33229121565818787,15265000448.0,0.9654983282089233,1,0,0,0,0,0,0,1
75343793775211552,244.3032410721814,55.00739963953068,0.2551008462905884,8818799616.0,0.9289392232894897,1,0,0,0,0,0,0,0
44222649726944946,150.59584749429985,3.6275268671749608,0.20046502351760864,28369999872.0,0.8640058040618896,1,0,0,0,0,0,0,0
38558506986523643,36.81182715360416,-4.1711593407953425,0.22917374968528748,33140000768.0,0.6304084658622742,1,0,0,0,0,0,0,0
38553846947011529,35.74483597859374,-3.5234361659681617,0.2188001275062561,27989999616.0,0.6514554023742676,1,0,0,0,0,0,0,0
37489382252372926,35.825103455114835,-5.053981977829253,0.10961879044771194,31097999360.0,0.9080594778060913,1,0,0,0,0,0,0,0
74696589448339701,242.52425393913697,53.305336366591405,0.20068755745887756,38352998400.0,0.8831943869590759,1,0,0,0,0,0,0,0
75339253994795586,242.04138461254874,54.94067877991237,0.20233206450939178,19889999872.0,0.8334698677062988,1,0,0,0,0,0,0,0
38558511281496822,36.83293203047827,-3.8756450129256774,0.2769167125225067,6971599872.0,0.8994408845901489,1,0,0,0,0,0,0,0
75959773689834986,242.22322928367646,55.55024177798592,0.3928939700126648,24809000960.0,0.8245478868484497,1,0,0,0,0,0,0,0
75959498811937409,242.84287412645944,55.62364531649535,0.21577714383602142,46022000640.0,0.6456181406974792,1,0,0,0,0,0,0,0
41623674821842012,352.6297039079973,-0.894920217162687,0.23368869721889496,36302999552.0,0.9289190769195557,1,0,0,0,0,0,0,0
38558506986533816,36.89341163914566,-4.034242420097547,0.18207453191280365,134740000768.0,0.9503978490829468,1,0,0,0,0,0,0,0
37490060857208429,34.99189269437963,-5.4001605963271455,0.242359921336174,15297999872.0,0.9304221868515015,1,0,0,0,0,0,0,0
42692391534108616,352.5949106404934,0.2731743035935889,0.1931408792734146,54968000512.0,0.7992700338363647,1,0,0,0,0,0,0,0
37489502511463429,35.64542986985322,-5.703875786855536,0.29037100076675415,202520002560.0,0.870022177696228,1,1,0,0,0,1,0,0
75343905444358767,243.91291988803428,53.84513309032346,0.21884484589099884,39508000768.0,0.5476971864700317,1,0,0,0,0,0,0,0
43153799870701941,149.376479523182,2.7643769491649124,0.22842250764369965,93265002496.0,0.8029537200927734,1,0,0,0,0,0,0,0
75339378548832809,241.86564737148126,54.31225128822257,0.2920771837234497,97326997504.0,0.906222939491272,1,1,0,0,0,1,1,0
42692537562994396,352.3951535700682,0.6017730808178029,0.1990918219089508,28131999744.0,0.4800550937652588,1,1,0,0,0,1,0,0
38553688033230118,35.935439472760336,-4.407301306157657,0.296273797750473,67036000256.0,0.6582859754562378,1,0,0,0,0,0,0,0
75339382843792096,241.9454594531964,54.39306253045437,0.21607144176959991,73645998080.0,0.7227324843406677,1,0,0,0,0,0,0,0
37494196910714256,36.742186649234355,-4.790547643207996,0.05508407577872276,8877899776.0,0.9696822166442871,1,1,0,1,0,0,0,0
41619418509250509,350.9939442279626,-0.7112994665475134,0.14888305962085724,35346001920.0,0.9076499938964844,1,1,0,1,0,0,0,0
76553084767069073,241.50597542012758,56.598778732774065,0.35240867733955383,46542000128.0,0.963000476360321,1,0,0,0,0,0,0,1
43153915834820977,149.09931497181327,1.8565351148058862,0.1857006996870041,92928999424.0,0.9081405997276306,1,0,0,0,0,0,0,0
37489519691333548,35.678599121712274,-4.976526140912283,0.3415990173816681,34190000128.0,0.5331246256828308,1,0,0,0,0,0,0,0
38549569159596591,34.019865750714025,-4.249398919113758,0.16815166175365448,18546999296.0,0.5080846548080444,1,0,0,0,0,0,0,0
41623137950917092,353.2968695140574,-0.42510189548513033,0.32933932542800903,280029986816.0,0.7088245749473572,1,0,0,0,0,0,0,0
43158189327270788,150.7524337297822,2.3585346818811526,0.3042601943016052,57184002048.0,0.5549145340919495,1,0,0,0,0,0,0,0
37489377957403720,35.86630467739411,-5.250092300086688,0.32677406072616577,94896996352.0,0.5039039850234985,1,0,0,0,0,0,0,0
75959245408854690,243.44043734365567,56.44347019851971,0.24894015491008759,4471199744.0,0.7554812431335449,1,0,0,0,0,0,0,0
43163403417576489,151.10826400111037,2.015667758526635,0.09480065107345581,23943000064.0,0.9949725866317749,1,1,0,0,0,1,1,0
41619139336380604,351.3326485756855,-0.8651179820152225,0.2206786423921585,63791001600.0,0.9844711422920227,1,0,0,0,0,0,0,0
75334443631408976,240.7696754205146,54.81946870188095,0.2769274413585663,71139000320.0,0.6376378536224365,1,0,0,0,0,0,0,0
38553838357076357,35.71664430029742,-3.931481475842118,0.3125310242176056,68493000704.0,0.8702999353408813,1,0,0,0,0,0,0,0
75338691354057593,243.40917564264575,54.21658680444232,0.2642635703086853,5888600064.0,0.70107501745224,1,0,0,0,0,0,0,0
43162982510774880,151.71103600665361,1.6400236112820825,0.1457527130842209,33912000512.0,0.5102933645248413,1,0,0,0,0,0,0,0
75343377163381213,245.26139495640774,54.79875776044616,0.1800975650548935,82328002560.0,0.7485404014587402,1,0,0,0,0,0,0,0
75343922624242712,244.15347957020873,54.73549319158084,0.17492946982383728,20418000896.0,0.5514647364616394,1,0,0,0,0,0,0,0
75338815908114974,243.16557754279495,53.71037502168215,0.3353436291217804,7352800256.0,0.9825572967529297,1,0,0,0,0,0,0,1
75338820203089998,243.1220715094588,53.93775444387646,0.16974608600139618,21706000384.0,0.7087641954421997,1,0,0,0,0,0,0,0
42692821030824974,351.95847572740905,0.8545809746153006,0.24776361882686615,97820000256.0,0.8387038707733154,1,1,0,0,0,1,0,0
44223336921718127,149.71706717522105,3.721300101697493,0.15254005789756775,15559999488.0,0.5263156294822693,1,0,0,0,0,0,0,0
41618727019517658,351.82445326473845,-0.8707049673989968,0.2608753740787506,99612000256.0,0.7649478316307068,1,1,0,0,1,0,1,0
75954679858622662,241.17555434830007,55.15861468909049,0.1717711091041565,59519000576.0,0.9749093055725098,1,0,0,0,0,0,0,0
41623833735620498,352.4684717141238,-0.07013401511345381,0.19219240546226501,29883000832.0,0.9028609395027161,1,0,0,0,0,0,0,0
38554375227990522,35.011538104461636,-4.429696425182585,0.056826766580343246,4476599808.0,0.9528202414512634,1,0,0,0,0,0,0,0
37493926327774711,37.15737440552709,-4.632442271709776,0.3609298765659332,61184000000.0,0.8236622214317322,1,0,0,0,0,0,0,0
75338820203094263,243.27628010918787,53.970260364438815,0.0937955304980278,7425900032.0,0.5221240520477295,1,0,0,0,0,0,0,0
42697210487405429,353.57633652496406,0.5517634924512269,0.17934931814670563,18235000832.0,0.6895049214363098,1,0,0,0,0,0,0,0
38553967206092809,35.58206920391919,-4.352087991104258,0.24249638617038727,62028001280.0,0.5973237156867981,1,1,0,0,1,0,0,0
42691983512199310,353.11150721839005,0.29222677829911176,0.23543374240398407,311149985792.0,0.8541498184204102,1,0,0,0,0,0,0,1
43154203597623864,148.740149763407,2.409527441671317,0.24408361315727234,8664899584.0,0.6369608640670776,1,0,0,0,0,0,0,0
43158730493150013,150.1122837381983,2.005250783082736,0.14433038234710693,21184000000.0,0.7609447240829468,1,1,0,0,0,1,0,0
75338553915114821,243.70049388270968,54.31998221568908,0.3054409921169281,82156003328.0,0.7745350003242493,1,1,0,0,0,1,0,0
75339120850793983,242.62583597207566,55.02618890751589,0.1265287697315216,30364999680.0,0.7997835874557495,1,0,0,0,0,0,0,0
42692129541090848,352.9988622657018,0.6927995425588211,0.22427594661712646,42327998464.0,0.9360036849975586,1,0,0,0,0,0,0,0
37484584773900958,34.90766013343426,-4.493758568823389,0.15940186381340027,13633999872.0,0.9697315692901611,1,0,0,0,0,0,0,0
75959769394875580,242.2138604008037,55.43714875218398,0.30490005016326904,123120001024.0,0.8859701156616211,1,1,0,0,0,1,0,1
75339236814923472,242.2394007829979,54.174469071226675,0.2533239424228668,179689996288.0,0.4057442545890808,1,1,0,0,1,0,0,0
37484567594032682,34.884557941132904,-5.284667016203506,0.16800159215927124,19691999232.0,0.6311931610107422,1,1,0,0,0,1,1,0
43158455615247378,150.4279048644482,2.0674999779982013,0.14697663486003876,9229200384.0,0.957992672920227,1,0,0,0,0,0,0,1
75343639156388184,244.58059396983435,54.3164551253886,0.09863734245300293,53125001216.0,0.9987505674362183,1,0,0,0,0,0,0,0
75954546714641196,241.41389882230504,55.42312763951262,0.25611209869384766,9346899968.0,0.6716894507408142,1,0,0,0,0,0,0,0
41618868753432346,351.763397203095,-0.7382617341212426,0.08340904861688614,6109499904.0,0.981937050819397,1,1,1,0,0,0,0,0
43158176442383807,150.80633115848585,1.8953571918867458,0.0855497494339943,11626000384.0,0.9650387763977051,1,0,0,0,0,0,0,0
37489103079502201,36.26446046273218,-5.1765932620832436,0.1756252944469452,14737999872.0,0.8304621577262878,1,0,0,0,0,0,0,0
38554113234988179,35.411959085580534,-3.9125414490725117,0.24819067120552063,24312000512.0,0.944784939289093,1,0,0,0,0,0,0,0
75958961941017083,244.09743188101586,56.107637201813354,0.11674022674560547,14033000448.0,0.909458577632904,1,0,0,0,0,0,0,0
75959498811929923,242.82669265134638,55.56209777600258,0.18172509968280792,146200002560.0,0.9798275232315063,1,0,0,0,0,0,0,0
75343793775210364,244.48192966598623,54.99112322879519,0.1390269249677658,12632999936.0,0.7568729519844055,1,0,0,0,0,0,0,0
76557757691502864,243.51328188181,56.61261815730761,0.12132487446069717,11544000512.0,0.895922064781189,1,0,0,0,0,0,0,0
75343652041293672,244.6166848455528,54.84753956178568,0.2513584494590759,14782000128.0,0.9277009963989258,1,0,0,0,0,0,0,0
42687731494591716,351.50569299719876,0.8045991985663646,0.15815864503383636,82280996864.0,0.9038437604904175,1,0,0,0,0,0,0,0
43154207892593987,148.66894363143152,2.545922893061484,0.145541250705719,107060002816.0,0.8988819122314453,1,1,0,0,0,1,0,0
37489657130280985,35.51753219729978,-5.035110051773424,0.18648512661457062,23698999296.0,0.8541921377182007,1,1,0,0,0,1,0,0
38553984385967773,35.45398561529592,-3.4853394841763823,0.13727648556232452,5479600128.0,0.5542081594467163,1,0,0,0,0,0,0,0
38553421745245396,36.301587165366996,-4.154094739441236,0.057247694581747055,4827400192.0,0.9256702065467834,1,0,0,0,0,0,0,0
75959232523971491,243.33845872639827,56.030410179722885,0.1271701455116272,24145000448.0,0.7160223722457886,1,0,0,0,0,0,0,0
75958811617160876,244.51488250471823,55.53440866329306,0.2485591471195221,25148000256.0,0.7989861369132996,1,0,0,0,0,0,0,0
38553705213089938,35.973654835953816,-3.771233733760102,0.2314765304327011,101889998848.0,0.5874211192131042,1,0,0,0,0,0,0,0
42697068753478769,353.6443384669823,0.33623100832132186,0.27235811948776245,40418000896.0,0.7933722734451294,1,0,0,0,0,0,0,0
75338983411842612,242.97885040509902,55.01876904701349,0.20711487531661987,131750002688.0,0.6456407904624939,1,0,0,0,0,0,0,0
44223328331779339,149.61261370372983,3.2978984661547837,0.3538772761821747,22013999104.0,0.6669849753379822,1,0,0,0,0,0,0,0
37489103079495625,36.24183548200614,-5.263783241435175,0.19848085939884186,183600005120.0,0.8738486766815186,1,0,0,0,0,0,0,0
75339387138763716,241.998334442454,54.60566235460823,0.36485546827316284,29609000960.0,0.6072192788124084,1,0,0,0,0,0,0,0
44223182302899331,149.80780739179733,3.0018459408627622,0.32927608489990234,64695001088.0,0.7770339846611023,1,1,0,0,0,1,0,0
74701674689625484,243.55362179802876,53.3715650342635,0.2469235062599182,104009998336.0,0.9029461145401001,1,0,0,0,0,0,0,0
42687997782551740,351.029555136365,0.325895278042975,0.2853887379169464,93471997952.0,0.6222374439239502,1,0,0,0,0,0,0,1
38553984385968181,35.58121541062219,-3.4841782115521847,0.1429489403963089,16220999680.0,0.8057234883308411,1,0,0,0,0,0,0,0
37493651449862886,37.504852827145335,-4.683542035576097,0.130858913064003,20444000256.0,0.7845779657363892,1,0,0,0,0,0,0,0
75339378548836513,241.74970114577167,54.336870304402304,0.29692476987838745,32127000576.0,0.7204865217208862,1,0,0,0,0,0,0,0
37489670015178389,35.52510566510189,-4.4952249379051485,0.3075317144393921,59693998080.0,0.8641074895858765,1,1,0,0,0,1,0,0
37489377957403954,35.94017927606168,-5.248050316707774,0.10417677462100983,30435999744.0,0.872208833694458,1,0,0,0,0,0,0,0
37494055176792822,37.0559813470102,-4.960935325813611,0.13718920946121216,13985999872.0,0.9663996696472168,1,0,0,0,0,0,0,0
75343518897303531,244.89363531211893,54.982552580238824,0.3063358664512634,69774999552.0,0.937999963760376,1,0,0,0,0,0,0,1
75339378548824830,241.87623701018953,54.23165040263986,0.1629679799079895,4495799808.0,0.7530593276023865,1,0,0,0,0,0,0,0
41619684797209731,350.5978891621055,-1.210181668268288,0.20595863461494446,83829997568.0,0.7106491327285767,1,0,0,0,0,0,0,0
76557624547488956,243.85508862826887,56.638520578303066,0.28591108322143555,34233999360.0,0.7010895013809204,1,1,0,0,0,1,0,1
42093737517521825,151.8044621129241,1.437145864195389,0.3143191635608673,74893000704.0,0.501788318157196,1,0,0,0,0,0,0,0
75338953347070947,242.83625889702603,53.75971970081352,0.28562745451927185,125250002944.0,0.8489629030227661,1,1,0,0,0,1,0,0
41623945404771320,352.2997308192638,-1.1774433061848555,0.11241931468248367,30070999040.0,0.6506718397140503,1,0,0,0,0,0,0,0
38553280011333708,36.432694896035386,-4.2001777121368145,0.14507414400577545,19401000960.0,0.8939518332481384,1,0,0,0,0,0,0,0
43163119949744379,151.5663535126049,1.7600559860454645,0.1268550604581833,3195200000.0,0.3661334216594696,1,1,0,0,1,0,1,0
43163420597457116,151.13212738739566,2.881236701656296,0.36544376611709595,134010003456.0,0.7873392105102539,1,0,0,0,0,0,0,0
37489369367477156,35.925164274495174,-5.52045800434241,0.2368418574333191,57104998400.0,0.8350781202316284,1,0,0,0,0,0,0,0
42692936994950568,351.8781236702879,0.004348946681489865,0.39144471287727356,187479998464.0,0.7590078115463257,1,1,0,0,0,0,1,0
38554113234988391,35.29293474121846,-3.903493990029843,0.08363740891218185,3181799936.0,0.9364032745361328,1,0,0,0,0,0,0,0
38553688033231378,35.913057314113416,-4.390009706184856,0.29163938760757446,51874000896.0,0.6179764270782471,1,0,0,0,0,0,0,0
75959369962910684,243.1148983562722,55.91300750133846,0.27049311995506287,13217999872.0,0.5280840992927551,1,0,0,0,0,0,0,0
41623550267782345,352.84046094360605,-0.3854716918117965,0.12828099727630615,9143000064.0,0.7008517980575562,1,0,0,0,0,0,0,1
44222920309892833,150.2508447394441,3.53158093755633,0.18828843533992767,117540003840.0,0.5891392230987549,1,0,0,0,0,0,0,0
37489657130286257,35.4436688425148,-4.967654867985037,0.3527470827102661,31146000384.0,0.5603709816932678,1,1,0,0,0,1,0,0
44223319741857535,149.62791322807553,3.0641155143486447,0.28789547085762024,31089000448.0,0.9161269068717957,1,0,0,0,0,0,0,0
37489652835313275,35.4487916435087,-5.237826334977096,0.23219668865203857,48605999104.0,0.6460573673248291,1,0,0,0,0,0,0,0
38553984385960097,35.56533283358472,-3.5826768290652535,0.19037945568561554,68138999808.0,0.8622483015060425,1,0,0,0,0,0,0,0
41619281070286918,351.110050391096,-0.8020834890526365,0.3121151924133301,11719000064.0,0.6584270000457764,1,0,0,0,0,0,0,0
75339378548840252,241.99152567051402,54.389529161487054,0.23046310245990753,29556000768.0,0.5961981415748596,1,0,0,0,0,0,0,0
38553967206105042,35.49464567262987,-4.228020184971936,0.1900181621313095,61118001152.0,0.6897093653678894,1,0,0,0,0,0,0,0
38554113234989308,35.379962410407124,-3.890035956032994,0.10584349185228348,8349599744.0,0.9509612917900085,1,1,0,0,0,1,0,0
37485405112670726,33.80592140187715,-4.5585708847192965,0.13694903254508972,22379999232.0,0.7943155765533447,1,0,0,0,0,0,0,0
37484988500837285,34.465746058210875,-4.824776688582716,0.08604646474123001,9341100032.0,0.7765666842460632,1,0,0,0,0,0,0,0
74701949567526149,242.86323898480606,53.300637173213595,0.25516483187675476,96045998080.0,0.7985066175460815,1,0,0,0,0,0,0,0
75958957646054801,243.9720106327964,55.969946391241436,0.16548563539981842,15351000064.0,0.6778243780136108,1,0,0,0,0,0,0,0
41623958289675006,352.2574891786805,-0.5911572711941794,0.14152932167053223,26396999680.0,0.8237630128860474,1,1,0,1,0,0,1,0
38553967206103769,35.55502185219836,-4.238296156967154,0.2600202262401581,53499998208.0,0.9048800468444824,1,0,0,0,0,0,0,0
75959241113892256,243.46202181503537,56.28925516361475,0.23251549899578094,11614999552.0,0.635770320892334,1,0,0,0,0,0,0,1
38549298576652140,34.48222372195201,-4.1014435125917625,0.11980783194303513,10369999872.0,0.7506647109985352,1,0,0,0,0,0,0,0
37493784593844306,37.284565948808314,-4.918073778683695,0.16751942038536072,19861999616.0,0.6725561618804932,1,0,0,0,0,0,0,0
44223461475782119,149.51144681385742,3.220564444193648,0.379011332988739,102550003712.0,0.6235837340354919,1,0,0,0,0,0,0,0
75338949052107915,242.9630881967123,53.58045529822572,0.24320313334465027,82668003328.0,0.7390031814575195,1,0,0,0,0,0,0,0
38554250673937789,35.158320113428246,-3.9207564361857328,0.26045650243759155,7169099776.0,0.7049447298049927,1,0,0,0,0,0,0,0
75338979116867712,242.8415057057153,54.768681778972585,0.29020944237709045,15783000064.0,0.5224311351776123,1,0,0,0,0,0,0,0
75338820203096368,243.209425189206,54.00435722823297,0.11582015454769135,27263000576.0,0.9873888492584229,1,0,0,0,0,0,0,0
75959095084999875,243.72897955688285,55.881354144055216,0.3251871168613434,55186001920.0,0.7525209188461304,1,0,0,0,0,0,0,0
75959369962911084,243.07486276111678,55.92199962909145,0.2464112788438797,100550000640.0,0.8401093482971191,1,1,0,0,0,1,0,0
74701541545629654,243.74116247205274,53.46463062209067,0.20660939812660217,176339992576.0,0.40716850757598877,1,1,0,0,0,1,0,0
75339528872700086,241.41637095074356,54.91890864113548,0.19388149678707123,39671001088.0,0.8387973308563232,1,0,0,0,0,0,0,1
43163261683660135,151.32078871997024,1.888018122758385,0.15972702205181122,95744999424.0,0.7526034712791443,1,1,0,0,0,1,1,0
41619147926301403,351.30887352659914,-0.605664288039716,0.39653295278549194,150569992192.0,0.5222216248512268,1,0,0,0,0,0,0,0
38558644425482767,36.571310678360724,-4.070399982776375,0.20499606430530548,40836001792.0,0.6637564301490784,1,0,0,0,0,0,0,0
37494192615738309,36.78580327883904,-5.0743119872443385,0.11945736408233643,26026000384.0,0.9022377729415894,1,0,0,0,0,0,0,0
37489090194599134,36.324395589338465,-5.732723222379091,0.12512098252773285,18802999296.0,0.923970103263855,1,0,0,0,0,0,0,0
75339232519939111,242.12492457117534,53.83605580874793,0.22815768420696259,26858999808.0,0.5801060795783997,1,0,0,0,0,0,0,0
37489094489564491,36.300384785864225,-5.592714857884331,0.16748416423797607,73539002368.0,0.9165667295455933,1,0,0,0,0,0,0,0
74696452009393388,242.81768815357316,53.38300245832352,0.16093114018440247,18471999488.0,0.8823788166046143,1,0,0,0,0,0,0,0
37489098784538618,36.18715859519778,-5.311233416029539,0.25865253806114197,15713999872.0,0.9121923446655273,1,0,0,0,0,0,0,0
38557952935743614,37.65690740918494,-4.335897545803079,0.24776771664619446,32867000320.0,0.7645258903503418,1,0,0,0,0,0,0,0
37493655744831830,37.55710897904426,-4.480665865689969,0.2355881631374359,139520000000.0,0.7404439449310303,1,0,0,0,0,0,0,0
41623661936930376,352.5665019216863,-1.4780799276907348,0.1615140736103058,18011000832.0,0.5903062224388123,1,0,0,0,0,0,0,0
75959640545844102,242.32395888465982,55.70317876068461,0.2342578023672104,26255998976.0,0.6372836828231812,1,0,0,0,0,0,0,0
38553688033226283,35.941676764416314,-4.450226786884033,0.2764895260334015,17763000320.0,0.7604904174804688,1,1,0,0,0,1,0,0
43158601644141316,150.2822232580744,2.460200905821636,0.15630917251110077,5673099776.0,0.7227201461791992,1,0,0,0,0,0,0,1
75343909739334044,244.09420924680575,54.14012113465047,0.34835734963417053,29853999104.0,0.5376076102256775,1,0,0,0,0,0,0,0
37485113054881114,34.187904285780185,-5.418916002660943,0.24752238392829895,13930999808.0,0.8530898094177246,1,1,0,0,0,1,0,1
43159138515037153,149.55466222258045,1.818746175497312,0.07867035269737244,3280100096.0,0.8386240601539612,1,1,0,0,0,1,0,0
75338949052109491,242.94315897657157,53.598977202883084,0.14831110835075378,18427000832.0,0.8002634048461914,1,0,0,0,0,0,0,0
75959228228998369,243.38344006642745,55.812771414791946,0.13569216430187225,65620000768.0,0.843458890914917,1,1,0,0,0,1,0,1
37489231928517273,36.11227952077959,-5.608962672868778,0.19941623508930206,76699000832.0,0.9023587703704834,1,0,0,0,0,0,0,0
42697073048459207,353.69921019640776,0.6262908192360422,0.2712155282497406,33101000704.0,0.5764720439910889,1,0,0,0,0,0,0,0
38549569159599053,34.02918347697969,-4.216293209148362,0.15253201127052307,110709997568.0,0.9106881618499756,1,0,0,0,0,0,0,0
38548886259792655,34.937626475242986,-4.019917500616365,0.210066556930542,134810001408.0,0.894115686416626,1,0,0,0,0,0,0,1
38553709508057902,35.908617633673,-3.5347591789975406,0.25623637437820435,28476999680.0,0.5242707133293152,1,0,0,0,0,0,0,0
75339670606605146,241.34291149204876,54.99250014967434,0.24324437975883484,4576699904.0,0.955133318901062,1,0,0,0,0,0,0,1
38558373842545104,36.942471073507086,-3.8692409602531335,0.05763598158955574,25540999168.0,0.9175872802734375,1,0,0,0,0,0,0,0
37489244813422052,36.10546676213886,-5.012173637543183,0.2869289815425873,149930000384.0,0.8636237382888794,1,1,0,0,0,1,0,0
37489661425254509,35.44611667195614,-4.752190978017117,0.13982945680618286,14689999872.0,0.8824778199195862,1,0,0,0,0,0,0,0
44222778575973045,150.37213384785383,3.3283782844699985,0.24812185764312744,7278300160.0,0.6666557788848877,1,0,0,0,0,0,0,0
37493917737836766,37.276579084924585,-5.01585580516849,0.2432202845811844,16142000128.0,0.6483451724052429,1,0,0,0,0,0,0,0
43158197917219753,150.85494192334474,2.8424491769313334,0.14222586154937744,38144000000.0,0.7779766321182251,1,1,0,0,1,0,1,0
41614466411939973,350.23552014305386,-0.9230987447193774,0.0779237374663353,25629999104.0,0.8778560161590576,1,0,0,0,0,0,0,0
76552401867272336,243.10326441809883,56.660389340940185,0.10491616278886795,21831000064.0,0.879105269908905,1,0,0,0,0,0,0,0
75338678469165952,243.57074307917856,53.75345026425411,0.12057147920131683,26218000384.0,0.5747964382171631,1,0,0,0,0,0,0,0
44223324036820974,149.7606374568042,3.1726972661417534,0.22685930132865906,3475800064.0,0.8901772499084473,1,0,0,0,0,0,0,0
41623966879608704,352.2399752910535,-0.22345866585850996,0.0849955826997757,7614600192.0,0.908964991569519,1,1,0,0,0,1,1,0
75343639156386796,244.62623386624844,54.29370001020206,0.27091309428215027,88083996672.0,0.8808530569076538,1,1,0,0,0,0,1,0
74701812128582394,243.0439778340434,53.38450876025674,0.17737211287021637,12426999808.0,0.8854149580001831,1,0,0,0,0,0,0,0
41623945404769985,352.26260903809606,-1.194534776916977,0.24242301285266876,20106999808.0,0.8800609111785889,1,0,0,0,0,0,0,0
75959769394877857,242.2357164183906,55.45915809789585,0.06953900307416916,9715699712.0,0.9096084833145142,1,0,0,0,0,0,0,0
42692112361228572,352.9001001487797,0.020295336405997434,0.39629220962524414,84270997504.0,0.4096238613128662,1,1,0,0,0,1,0,0
37494476083585723,36.46044837006695,-4.616958374130564,0.23213422298431396,19431000064.0,0.6713494062423706,1,0,0,0,0,0,0,0
76557761986461476,243.33028431348936,56.703753849994904,0.25293636322021484,42323001344.0,0.5625429153442383,1,0,0,0,0,0,0,0
38553829767154528,35.71086309714894,-4.215347997530543,0.25219157338142395,45911998464.0,0.7083908319473267,1,0,0,0,0,0,0,0
75959099379969656,243.84274415845786,56.11769463543777,0.2698681056499481,28841000960.0,0.6399532556533813,1,1,0,1,0,0,1,0
42089468320050703,150.26459565379773,1.1186255480102296,0.09075003862380981,12542999552.0,0.7654964923858643,1,1,0,0,0,1,1,0
75954692743519013,241.32778523928823,55.739174309850874,0.34876203536987305,29119000576.0,0.7138048410415649,1,1,0,0,0,1,0,1
75338687059091358,243.4100399009529,54.02454504153029,0.13946282863616943,28166000640.0,0.971399188041687,1,0,0,0,0,0,0,0
43158751967982637,150.05918028941934,2.8905059981967436,0.17010580003261566,6227899904.0,0.8737008571624756,1,0,0,0,0,0,0,0
42692679296911849,352.1347248903059,0.7790437794704728,0.2996184229850769,60051001344.0,0.7228859066963196,1,0,0,0,0,0,0,0
41623683411775884,352.5730851390174,-0.5100837100379981,0.2039305418729782,32319000576.0,0.7707239389419556,1,0,0,0,0,0,0,0
37489094489560257,36.28649242770432,-5.657947631784919,0.2726081609725952,54919000064.0,0.8482153415679932,1,1,0,1,0,0,0,0
42697210487410595,353.4932520965927,0.6446414895168681,0.08473839610815048,49829998592.0,0.9974907636642456,1,0,0,0,0,0,0,0
44223049158902179,150.0023821865182,3.086995963816872,0.1958485096693039,104049999872.0,0.9636925458908081,1,1,0,0,0,1,1,0
37488969935508735,36.42391879450374,-5.03368310592385,0.18530744314193726,82803998720.0,0.8425089120864868,1,0,0,0,0,0,0,0
43154207892604394,148.85207262568596,2.6726365969268056,0.18436144292354584,5573600256.0,0.5506834387779236,1,0,0,0,0,0,0,0
75339095081000919,242.55787371368655,53.972488837029715,0.1685326099395752,27335999488.0,0.6335585117340088,1,0,0,0,0,0,0,0
43163145719540186,151.5993730216794,2.7848930800379215,0.2611543834209442,19317999616.0,0.6400925517082214,1,1,0,0,0,1,0,0
41618989012509875,351.479195875975,-1.459413855727264,0.25922730565071106,115459997696.0,0.7271559238433838,1,0,0,0,0,0,0,0
43163424892409463,151.11805739331436,2.9301966776843678,0.09742770344018936,17506000896.0,0.5437394976615906,1,0,0,0,0,0,0,0
38554117529956938,35.379263848452815,-3.668081036272808,0.2682749330997467,13217000448.0,0.5349159240722656,1,0,0,0,0,0,0,0
75339666311649547,241.29536188650422,54.88846380087665,0.3183099925518036,104479997952.0,0.5736594200134277,1,1,0,0,0,1,0,0
37494063766723337,37.016460326710856,-4.65957297731745,0.17733940482139587,96371998720.0,0.949260413646698,1,1,0,0,0,1,0,0
37485405112665615,33.75910041031416,-4.608642048998712,0.17390714585781097,60304998400.0,0.9092146754264832,1,1,1,0,0,0,0,0
37489798864209643,35.286790542515504,-4.761190615841095,0.09321115911006927,10796999680.0,0.7442221641540527,1,1,0,0,0,1,0,0
75959236818924761,243.40713613422474,56.094361054799386,0.18109340965747833,77371998208.0,0.8732098340988159,1,0,0,0,0,0,0,1
75959507401879753,242.7919220016231,56.03694344897942,0.2246250957250595,14917000192.0,0.6512788534164429,1,0,0,0,0,0,0,0
42688006372482145,351.1234848073095,0.695725443661704,0.34180134534835815,188780003328.0,0.6947321891784668,1,0,0,0,0,0,0,1
38553572069114360,36.11515132743502,-3.4466114184246326,0.3909311294555664,173840007168.0,0.6312018632888794,1,0,0,0,0,0,0,1
41623399943934423,353.0545232963416,-0.8567416566374983,0.3516365885734558,214260006912.0,0.6726106405258179,1,0,0,0,0,0,0,0
75338811613155749,243.18264088730365,53.593002215528635,0.15189173817634583,20640000000.0,0.5424249172210693,1,0,0,0,0,0,0,0
75334310487424131,241.10334870089736,55.03699558996445,0.09227082133293152,18261999616.0,0.9000905752182007,1,0,0,0,0,0,0,1
42094008100478852,151.567955952373,1.2692550144990404,0.08662242442369461,50821001216.0,0.7148420214653015,1,0,0,0,0,0,0,0
38553709508054385,35.81663872410286,-3.5536660544850402,0.2783270478248596,25213999104.0,0.8472331762313843,1,0,0,0,0,0,0,0
43153804165667822,149.2276978155845,2.925116262102675,0.23916728794574738,4752200192.0,0.850537896156311,1,0,0,0,0,0,0,1
37489090194593116,36.31690581965949,-5.84568871810666,0.18369613587856293,6356199936.0,0.5207497477531433,1,0,0,0,0,0,0,0
43162978215815056,151.79531872367644,1.5495875019821912,0.21203185617923737,94961999872.0,0.6423571109771729,1,0,0,0,0,0,0,0
75338541030208155,243.6776925939024,53.71390243630751,0.3812018930912018,19953000448.0,0.8323726654052734,1,0,0,0,0,0,0,0
37485130234753686,34.23221751861524,-4.6753604671492015,0.13029147684574127,10405999616.0,0.8842706680297852,1,0,0,0,0,0,0,0
42691974922279532,353.0822400617569,0.043425615017776385,0.3675452768802643,126770003968.0,0.9205179214477539,1,0,0,0,0,0,0,0
43163145719542167,151.52672114555705,2.80918634467623,0.09415135532617569,6086499840.0,0.9033999443054199,1,1,0,0,1,0,1,0
42090284363834647,149.0092385185969,0.7766104904697887,0.3322282135486603,39144001536.0,0.7364832758903503,1,0,0,0,0,0,0,0
75954417865622569,241.94624263447372,55.780095882325504,0.22570601105690002,103550001152.0,0.7006441950798035,1,0,0,0,0,0,0,0
38554254968901396,35.16959460295918,-3.7840015462598573,0.2631407380104065,23274999808.0,0.5821948051452637,1,0,0,0,0,0,0,0
42697210487400189,353.57707294996965,0.4878290072627795,0.13463722169399261,5328300032.0,0.7402017116546631,1,1,0,0,0,1,0,0
37489519691324776,35.778166635212365,-5.091427905085977,0.3752589523792267,74453000192.0,0.6780443787574768,1,0,0,0,0,0,0,0
75343909739327238,243.94412111021757,54.05899701247163,0.15861737728118896,91578998784.0,0.9025397300720215,1,0,0,0,0,0,0,0
75954555304571849,241.56045577125474,55.764400988985486,0.10876090079545975,7328099840.0,0.877424418926239,1,1,0,0,0,1,1,0
75334173048469963,241.1875069530701,55.00644602750421,0.20602218806743622,33387999232.0,0.5261611342430115,1,0,0,0,0,0,0,0
37494330054701614,36.70469647456996,-4.95939908220543,0.22737212479114532,5737299968.0,0.6202073097229004,1,0,0,0,0,0,0,0
75954679858624554,241.09611894153142,55.176958327706224,0.2809811234474182,7317799936.0,0.6667752265930176,1,0,0,0,0,0,0,0
42692395829068272,352.62230255497474,0.3505590651727655,0.21234674751758575,20447000576.0,0.6365749835968018,1,0,0,0,0,0,0,0
75954963326460875,240.64830172870523,55.57158515110099,0.38195493817329407,26645999616.0,0.760112464427948,1,0,0,0,0,0,0,1
75954276131692050,242.15316296995044,55.51991590588573,0.2912040650844574,34041999360.0,0.5520955324172974,1,0,0,0,0,0,0,0
41623137950916455,353.26942272731026,-0.4260078178251859,0.10432329028844833,15667000320.0,0.9892508387565613,1,0,0,0,0,0,0,0
42089326586131849,150.35740188541018,0.9999401504153761,0.113807313144207,15514000384.0,0.9800828695297241,1,0,0,0,0,0,0,1
38558653015407315,36.71842072421979,-3.802796522055993,0.1295335441827774,121189998592.0,0.9916342496871948,1,1,0,0,0,1,0,0
37489927713227916,35.168163028932064,-5.179331759434099,0.3355919420719147,140420005888.0,0.8069727420806885,1,0,0,0,0,0,0,0
42089743197956077,149.82107810546083,1.1534758098006295,0.12245219200849533,11614000128.0,0.6015963554382324,1,1,0,0,0,1,0,0
37485400817695680,33.793318500180156,-4.84123222332699,0.21918345987796783,19242999808.0,0.5351391434669495,1,0,0,0,0,0,0,0
75339103670924277,242.39905877372996,54.25073093201344,0.39513492584228516,222060003328.0,0.6971483826637268,1,1,0,0,0,1,1,0
38553967206105378,35.42670485058338,-4.224361147121065,0.2982918918132782,10392000512.0,0.638814389705658,1,0,0,0,0,0,0,0
42687868933532420,351.3229464053346,0.6953812478351539,0.1414763182401657,17109999616.0,0.8691216707229614,1,0,0,0,0,0,0,0
42687731494591988,351.4356475935845,0.8037430622663114,0.1411275714635849,35670999040.0,0.7408517599105835,1,0,0,0,0,0,0,0
75959490221998433,242.71751462026282,55.214302395125415,0.26790785789489746,14035000320.0,0.5004910230636597,1,0,0,0,0,0,0,0
42089326586131850,150.36242438186886,1.0010994526003645,0.23138074576854706,11178999808.0,0.8836898803710938,1,0,0,0,0,0,0,0
75959769394869815,242.2447515475758,55.37588414589624,0.1692938506603241,20653000704.0,0.5608652234077454,1,0,0,0,0,0,0,0
75959503106894703,242.77266402745744,55.71102082154747,0.14761483669281006,35205001216.0,0.8937275409698486,1,0,0,0,0,0,0,0
38554250673934776,35.15686657966266,-3.970513043237549,0.1694842129945755,9553600512.0,0.759282112121582,1,0,0,0,0,0,0,0
37489940598128727,35.105907509246684,-4.625928510126326,0.13237212598323822,46560002048.0,0.9256819486618042,1,1,0,0,0,0,1,0
75338953347066788,242.88470756163161,53.70818245353731,0.16856412589550018,18087999488.0,0.9116257429122925,1,0,0,0,0,0,0,0
37489940598135631,35.18282297219051,-4.571158013254482,0.19154971837997437,34554998784.0,0.9110387563705444,1,0,0,0,0,0,0,0
41619560243163806,350.6735613345283,-0.5670133105471459,0.09562481939792633,35632001024.0,0.9355535507202148,1,0,0,0,0,0,0,0
75959503106902994,242.76293095947398,55.79785864393744,0.26663124561309814,39044001792.0,0.6354200839996338,1,1,0,0,0,1,1,0
37494467493650358,36.53095244955801,-4.9979200701489965,0.24876578152179718,18495000576.0,0.6085631251335144,1,0,0,0,0,0,0,0
38558511281493731,36.76371923922845,-3.915140011559574,0.16263149678707123,47694000128.0,0.8695892691612244,1,1,0,1,0,0,0,0
42687997782554094,351.02304230330077,0.35983533257386896,0.28875482082366943,69841002496.0,0.7632198929786682,1,0,0,0,0,0,0,0
38554113234988169,35.41215936134177,-3.9124859812575625,0.2047566920518875,36095000576.0,0.945614218711853,1,0,0,0,0,0,0,0
44218238795554319,149.10340728644212,3.2520197743026023,0.3112761378288269,38868000768.0,0.5089209079742432,1,0,0,0,0,0,0,0
75959103674944472,243.63137697681185,56.34894731571087,0.21913228929042816,21326000128.0,0.7560930252075195,1,0,0,0,0,0,0,0
44227722083328606,151.146324306809,3.2252485019593347,0.22391094267368317,6628899840.0,0.4476274847984314,1,1,0,0,0,1,0,0
43153795575730508,149.38135910998145,2.5587043985688016,0.21714664995670319,120439996416.0,0.8950622081756592,1,0,0,0,0,0,0,0
41618868753426086,351.687050099379,-0.8127255504788784,0.24402625858783722,13363999744.0,0.44640591740608215,1,1,0,0,0,1,0,0
42687727199617878,351.5757553264449,0.569290576370404,0.1932479590177536,82117001216.0,0.8772735595703125,1,0,0,0,0,0,0,0
37494463198685048,36.44641902629105,-5.174235559918806,0.09984377026557922,82462998528.0,0.915490984916687,1,0,0,0,0,0,0,0
75338957642039554,242.80571988085524,53.89331093769737,0.3148537874221802,176010002432.0,0.540454626083374,1,0,0,0,0,0,0,0
75338983411838039,242.67148305171133,54.97957257164205,0.31319138407707214,81202003968.0,0.7139089703559875,1,1,0,0,0,1,0,0
43163545151496079,151.01149163704554,2.185368165859852,0.31794315576553345,83868999680.0,0.8905129432678223,1,0,0,0,0,0,0,0
41623941109805497,352.14435626103153,-1.3664222473148708,0.2152465581893921,58913001472.0,0.831741452217102,1,0,0,0,0,0,0,0
37489257698320734,36.09353534493412,-4.477944881123195,0.3650048077106476,132069998592.0,0.7067500948905945,1,0,0,0,0,0,0,0
42687598350597106,351.74686324575055,0.9369236046673988,0.20023712515830994,230149996544.0,0.9922124743461609,1,1,0,0,0,1,1,0
75338687059104960,243.54906230336485,54.1599970653079,0.3506762981414795,29760999424.0,0.9872280359268188,1,0,0,0,0,0,0,0
44223186597867880,149.8740075523154,3.186561926135553,0.11169161647558212,5968500224.0,0.9882290363311768,1,1,0,0,0,1,1,0
44227730673266885,151.21546744522877,3.5566581950567393,0.121613509953022,34390999040.0,0.9408537149429321,1,0,0,0,0,0,0,0
41619130746429659,351.2408467212613,-1.3837205231177288,0.255339652299881,70887997440.0,0.43640071153640747,1,1,0,0,0,1,0,0
43158060478260874,150.9413916181083,2.7717143405429274,0.20089085400104523,24948000768.0,0.8006324768066406,1,1,0,0,0,1,1,0
41623941109805263,352.1822795051155,-1.3595265788683302,0.085091233253479,6561699840.0,0.9355640411376953,1,0,0,0,0,0,0,0
75959241113894198,243.5109207331072,56.31863173220679,0.14571809768676758,16547999744.0,0.9447247982025146,1,0,0,0,0,0,0,1
75344051473257831,243.8511389140408,54.33521765995146,0.15921494364738464,11624999936.0,0.3894214928150177,1,1,0,0,0,1,0,0
37489665720220707,35.47659649264313,-4.595115913677551,0.16829587519168854,66642001920.0,0.6352074146270752,1,0,0,0,0,0,0,0
43153791280775702,149.30452120932878,2.4770223435425316,0.15359258651733398,9978099712.0,0.856928288936615,1,0,0,0,0,0,0,1
75343639156389832,244.59527988668327,54.336684192473875,0.139360710978508,9440400384.0,0.6497434377670288,1,1,0,0,0,1,0,0
37489919123279634,35.116267042066376,-5.652982055437181,0.07125402241945267,29041000448.0,0.9180561304092407,1,0,0,0,0,0,0,0
43158335356157023,150.69472986217755,2.7076616331214263,0.13392683863639832,21602000896.0,0.791817307472229,1,0,0,0,0,0,0,0
37484992795814732,34.42397553886242,-4.576391149623855,0.24356946349143982,89963003904.0,0.798995852470398,1,1,0,0,0,1,1,0
41628635509057667,353.3915842979711,-0.3924942535562814,0.23878882825374603,32233000960.0,0.5204333066940308,1,0,0,0,0,0,0,0
38554254968903930,35.19551578177937,-3.7568301047128605,0.2440633326768875,151170007040.0,0.5514153838157654,1,0,0,0,0,0,0,0
75959498811929922,242.7907280751491,55.554354521604864,0.21918292343616486,117670002688.0,0.8810951709747314,1,0,0,0,0,0,0,0
75959232523972785,243.58912368103964,56.03938302690061,0.11342044919729233,28121999360.0,0.7217203974723816,1,0,0,0,0,0,0,0
38558786159407520,36.4487564989383,-3.8506389215392134,0.14261043071746826,5245799936.0,0.8675436973571777,1,0,0,0,0,0,0,0
42697064458510131,353.67556160921447,0.10553677910625885,0.17024792730808258,53930000384.0,0.8185518980026245,1,0,0,0,0,0,0,0
38558511281496710,36.83095229357297,-3.8839447416990507,0.14436864852905273,52225998848.0,0.8973015546798706,1,0,0,0,0,0,0,0
37490073742111791,35.02393564265379,-4.867327886712229,0.1882944107055664,31363999744.0,0.6350269317626953,1,0,0,0,0,0,0,0
44223474360671517,149.58208069551347,3.698435891602366,0.17615637183189392,88641003520.0,0.6620439291000366,1,0,0,0,0,0,0,0
37493647154897782,37.5153263696293,-4.8050929670916505,0.18017356097698212,19780999168.0,0.8088703155517578,1,0,0,0,0,0,0,0
38553554889230099,36.084069759961764,-4.367162260754505,0.25925758481025696,36435001344.0,0.7865005135536194,1,1,0,0,0,1,1,0
75959378552844737,243.0635514110591,56.27311744125608,0.1783805936574936,111959998464.0,0.9447598457336426,1,0,0,0,0,0,0,0
37493788888812463,37.3571755511999,-4.7357490176096,0.3471461832523346,58152001536.0,0.7711207866668701,1,0,0,0,0,0,0,0
41623825145697080,352.3524455287355,-0.3205617377665672,0.2756875157356262,73309003776.0,0.6389455795288086,1,0,0,0,0,0,0,0
42692400124038140,352.64758609727875,0.6094340990424612,0.263016015291214,104840003584.0,0.5399054288864136,1,0,0,0,0,0,0,0
42697347926367971,353.41371653852684,0.6399335521060323,0.1481771320104599,81064001536.0,0.9278234243392944,1,0,0,0,0,0,0,0
43158605939114126,150.26333524651585,2.6719188567850507,0.2508355677127838,159050006528.0,0.5451780557632446,1,1,0,0,0,1,1,0
37489111669440321,36.32860817206716,-4.772778006696713,0.2616313397884369,34430001152.0,0.7456055283546448,1,0,0,0,0,0,0,0
41623528792951380,352.75743028010066,-1.2190391814694441,0.09730277955532074,18358999040.0,0.6008685231208801,1,0,0,0,0,0,0,0
42688135221502135,350.97563657653103,0.3997513714446306,0.10066178441047668,18407999488.0,0.909517228603363,1,0,0,0,0,0,0,0
75954542419676291,241.54004940560864,55.21179952915016,0.20703719556331635,48753000448.0,0.6833045482635498,1,0,0,0,0,0,0,0
43158726198190319,150.034860856433,1.8409679295700092,0.3387503921985626,37490999296.0,0.9487869143486023,1,0,0,0,0,0,0,1
38549569159593094,33.98765928841301,-4.289606528647979,0.19792474806308746,45951000576.0,0.9034440517425537,1,0,0,0,0,0,0,0
75964171736346195,244.78229726029372,55.53808254380682,0.31509849429130554,24383000576.0,0.3867785334587097,1,1,0,0,0,1,0,0
37489511101389145,35.625596534819024,-5.45873993209652,0.38353443145751953,180309999616.0,0.5319269299507141,1,0,0,0,0,0,0,0
37494201205679159,36.79329445382262,-4.637083642402248,0.20882031321525574,17575000064.0,0.7181339859962463,1,0,0,0,0,0,0,0
38553838357079482,35.70106763422353,-3.874822004886237,0.0823153406381607,12362000384.0,0.9574108123779297,1,0,0,0,0,0,0,0
41623279684845074,353.0852905085902,-0.15276322556139862,0.16212427616119385,37901000704.0,0.8144116401672363,1,1,0,1,0,0,0,0
37484833882003661,34.50542778021033,-5.621497867361145,0.10715331137180328,47582998528.0,0.8798153400421143,1,0,0,0,0,0,0,0
37489227633552302,36.10724568351668,-5.740029776603259,0.22729365527629852,72397996032.0,0.8493790626525879,1,0,0,0,0,0,0,0
38558223518691627,37.12503046390062,-4.412179571094101,0.26645416021347046,11672999936.0,0.5179435014724731,1,0,0,0,0,0,0,0
38553988680929582,35.478161634555356,-3.391245676906747,0.14676125347614288,8950200320.0,0.8786664009094238,1,0,0,0,0,0,0,0
43158880817015172,149.81440611298754,2.6112619506814485,0.19022026658058167,20558000128.0,0.5374228954315186,1,0,0,0,0,0,0,0
75339524577727352,241.44869456252286,54.7171469814317,0.2579158842563629,10081999872.0,0.898401141166687,1,0,0,0,0,0,0,0
37489940598116361,35.19437885319577,-4.737494344551021,0.23083092272281647,17713000448.0,0.745684027671814,1,0,0,0,0,0,0,0
75958936171224693,244.25338168582147,55.08620398860538,0.220846027135849,118059999232.0,0.6590838432312012,1,0,0,0,0,0,0,0
38558236403593662,37.20904209364341,-3.8574792064255634,0.06113407388329506,27419000832.0,0.9921618700027466,1,0,0,0,0,0,0,0
75958811617174516,244.4408447931291,55.6874531606592,0.3655988872051239,302209990656.0,0.6999667882919312,1,1,0,0,0,1,0,1
38554117529951800,35.389501171064225,-3.7360918843066533,0.2477497011423111,10753999872.0,0.8684288263320923,1,0,0,0,0,0,0,0
41623253915023857,353.0997922251161,-1.2400599178848477,0.09707511961460114,10798999552.0,0.5863728523254395,1,0,0,0,0,0,0,0
41618739904410238,351.81031014153143,-0.39199941638529856,0.2971518933773041,183019995136.0,0.8909115791320801,1,1,0,0,0,1,1,0
75954404980714296,241.7985542221121,55.14163117037342,0.29285499453544617,269069991936.0,0.5587008595466614,1,0,0,0,0,0,0,0
75959511696842105,242.9462538745179,56.21349662429045,0.2869441509246826,30044000256.0,0.766842782497406,1,0,0,0,0,0,0,0
41619147926299862,351.3228783278575,-0.6198409885439687,0.25948581099510193,197729992704.0,0.8054225444793701,1,1,0,0,0,1,1,0
75338824498046638,243.06163436282276,54.0324736349923,0.10948294401168823,38343999488.0,0.9275354146957397,1,0,0,0,0,0,0,0
75344055768231927,243.8159317938755,54.57122899398167,0.28246596455574036,184800002048.0,0.41863149404525757,1,1,0,0,0,1,0,0
41623825145700951,352.3161960534982,-0.2778663507097958,0.3419363498687744,187640004608.0,0.7829809188842773,1,1,0,0,0,1,1,0
75339107965902961,242.65810798726363,54.55997723418885,0.128261536359787,46791999488.0,0.9492619037628174,1,0,0,0,0,0,0,0
42688135221503123,350.9979205773414,0.413664923236137,0.2127344012260437,17244999680.0,0.6584277153015137,1,0,0,0,0,0,0,0
38553988680929584,35.47987816939313,-3.394018005179,0.224312424659729,65789001728.0,0.8811293840408325,1,0,0,0,0,0,0,0
38553829767148664,35.713811026320094,-4.271688162460685,0.16624949872493744,79968002048.0,0.935997724533081,1,0,0,0,0,0,0,0
75959232523962758,243.43907771889627,55.95112799912849,0.22031906247138977,118820003840.0,0.5581566095352173,1,0,0,0,0,0,0,0
75338966231966449,242.82218921704967,54.225146173947365,0.2650739848613739,16922999808.0,0.3898351788520813,1,1,0,0,0,1,1,0
75954413570663890,241.90477161859803,55.67028697924173,0.21414829790592194,35477999616.0,0.8408253192901611,1,0,0,0,0,0,0,0
38558232108625766,37.17675076488385,-4.034720764776975,0.14403082430362701,13642000384.0,0.9387869238853455,1,0,0,0,0,0,0,0
75954559599538602,241.67698222406602,55.91953646161379,0.19362038373947144,129169997824.0,0.8752454519271851,1,1,0,0,0,1,0,0
42093866366553658,151.63629145132535,1.1237256726575446,0.1189473569393158,24916000768.0,0.6062142252922058,1,0,0,0,0,0,0,0
42687997782549385,351.2002955519352,0.28790478958954785,0.14908096194267273,22819000320.0,0.7634182572364807,1,0,0,0,0,0,0,0
41618877343362233,351.72901104498465,-0.43322444458246506,0.26438048481941223,252040003584.0,0.8725045919418335,1,0,0,0,0,0,0,0
43153915834818598,149.12983204943336,1.851537516968073,0.2995900511741638,79103000576.0,0.784579873085022,1,0,0,0,0,0,0,1
37489094489569232,36.30552925937479,-5.526379050805644,0.2599807679653168,98139996160.0,0.839963972568512,1,0,0,0,0,0,0,0
41619152221264917,351.32155697723863,-0.4503214765627512,0.09748589247465134,31548999680.0,0.9648590087890625,1,0,0,0,0,0,0,0
38558781864437128,36.464676768376336,-4.03404852605814,0.161363884806633,15722000384.0,0.5550199151039124,1,0,0,0,0,0,0,0
43153915834820992,149.0993026643088,1.8560460343607021,0.2367546558380127,16846000128.0,0.8495181798934937,1,0,0,0,0,0,0,0
42692803850957800,352.01932610046504,0.12278134736329635,0.3324336111545563,51344998400.0,0.7107412815093994,1,0,0,0,0,0,0,0
75338837382948447,242.99730329454513,54.592708040731914,0.10992396622896194,9791399936.0,0.9172526597976685,1,0,0,0,0,0,0,0
38553962911137820,35.4469988748993,-4.381876894371914,0.23978349566459656,105340002304.0,0.5780254602432251,1,0,0,0,0,0,0,0
44223044863948195,150.12307801885268,3.0445578379859386,0.28508585691452026,34481000448.0,0.9845203757286072,1,1,0,0,0,1,1,0
37494196910713628,36.89700665818945,-4.801221951161839,0.2656523287296295,142539997184.0,0.6245550513267517,1,0,0,0,0,0,0,0
41623962584655202,352.2427151406471,-0.2784534649691698,0.2062094360589981,125650001920.0,0.9213346242904663,1,1,0,0,0,1,0,0
37484997090763744,34.359552197933574,-4.541922545609098,0.16937872767448425,76455002112.0,0.7090076208114624,1,0,0,0,0,0,0,0
75339253994794217,242.05109987240033,54.92381004923193,0.2103421539068222,106750001152.0,0.8066495656967163,1,1,0,0,1,0,0,0
37489807454127507,35.279712574406226,-4.521330557319401,0.19646872580051422,51963998208.0,0.8291842937469482,1,1,0,0,0,1,1,0
42090151219857687,149.31743038142258,1.0203716570301784,0.18938645720481873,4123099904.0,0.7282684445381165,1,1,0,0,1,0,1,0
75954688448554843,241.07118368926385,55.578786646914836,0.1960650533437729,63817998336.0,0.34507787227630615,1,1,0,0,0,1,0,0
37494467493651299,36.48357690521807,-4.974263383148348,0.18761835992336273,13767999488.0,0.8953558206558228,1,0,0,0,0,0,0,0
38553700918135929,35.98087136533554,-3.8274303763746262,0.23047487437725067,157279993856.0,0.5341803431510925,1,0,0,0,0,0,0,0
42692129541102031,352.89428477344575,0.8218175941309941,0.20621918141841888,58652999680.0,0.5572875142097473,1,0,0,0,0,0,0,0
75339374253862093,241.97217206337567,54.07055638938517,0.29796668887138367,20284000256.0,0.8662856817245483,1,1,0,0,1,0,1,0
42697073048459055,353.6593818882073,0.625822787281477,0.11694393306970596,3196499968.0,0.7982462644577026,1,1,0,0,0,1,0,0
44218114241481897,149.37012707993992,3.656970562239259,0.08361846208572388,38428999680.0,0.9695516228675842,1,1,0,0,0,1,0,0
38558511281491722,36.722523209333374,-3.95425075457131,0.29957902431488037,221469999104.0,0.5982116460800171,1,0,0,0,0,0,0,0
42094553561329151,150.68954077611087,1.119253787382847,0.38473135232925415,33997000704.0,0.7548476457595825,1,1,0,0,0,1,0,1
41619543063299617,350.6890514766108,-1.2464577727689947,0.17041319608688354,86501998592.0,0.697547435760498,1,0,0,0,0,0,0,0
42094003805516997,151.56380482022396,1.1539152163676032,0.1683749258518219,7118499840.0,0.5542855858802795,1,0,0,0,0,0,0,0
38558644425476492,36.60681386223851,-4.154690108050118,0.21140512824058533,33841000448.0,0.6797187328338623,1,1,0,0,0,1,0,0
37489094489560259,36.28558122512714,-5.653213214391785,0.22834745049476624,4381499904.0,0.7996692657470703,1,0,0,0,0,0,0,0
41619281070292495,351.159475129392,-0.7592232679703385,0.11470577120780945,26891999232.0,0.9214290380477905,1,1,0,0,1,0,0,0
44223465770737140,149.55631085717266,3.3079297777415664,0.11802077293395996,31704999936.0,0.5068180561065674,1,0,0,0,0,0,0,0
75344068653118365,243.76258651359342,55.00982161326315,0.15243811905384064,10832000000.0,0.7709894776344299,1,0,0,0,0,0,0,0
75959099379973076,243.68318185475619,56.14599722159023,0.10368600487709045,17935998976.0,0.8841593265533447,1,0,0,0,0,0,0,0
74696731182268815,242.25151625872184,53.5466717155871,0.1125856339931488,3239500032.0,0.6043544411659241,1,0,0,0,0,0,0,0
42692408713970797,352.67036888282803,0.9762040497757093,0.18489469587802887,3917499904.0,0.6342145204544067,1,0,0,0,0,0,0,1
38553563479166827,36.061687624108984,-3.9868623964895984,0.2640630900859833,82275999744.0,0.5394992232322693,1,0,0,0,0,0,0,0
75954293311575014,242.11640152374997,56.35483001373351,0.1572704315185547,69342003200.0,0.8433539867401123,1,0,0,0,0,0,0,0
41623692001706280,352.65359126077544,-0.18378176520474845,0.1627463847398758,67240001536.0,0.9423677921295166,1,1,0,0,0,1,0,0
38553971501065220,35.510810191240836,-4.102282521557831,0.128540500998497,7374900224.0,0.7636924386024475,1,1,0,0,0,1,0,0
38553967206105914,35.43042703564256,-4.208862652799121,0.22885267436504364,73596002304.0,0.7937455177307129,1,0,0,0,0,0,0,0
75958815912124872,244.3078775966207,55.78116095658315,0.2388838529586792,4365700096.0,0.8680746555328369,1,0,0,0,0,0,0,0
44222916014931908,150.27068891024285,3.4146025608833748,0.20642228424549103,10472999936.0,0.6358621120452881,1,0,0,0,0,0,0,0
75338841677920137,243.25844889527502,54.81309613242123,0.10492689162492752,24056000512.0,0.9295049905776978,1,0,0,0,0,0,0,0
41619281070291749,351.1124427184903,-0.7683861372704294,0.2991825342178345,37662998528.0,0.7932449579238892,1,0,0,0,0,0,0,0
38558369547579137,36.96703228202367,-4.039917852393269,0.1206803172826767,18763999232.0,0.8898183703422546,1,0,0,0,0,0,0,0
41619010487351869,351.50908051424545,-0.5336914603710576,0.1344471424818039,69875998720.0,0.8392388820648193,1,0,0,0,0,0,0,0
41618993307488154,351.4223320075934,-1.2139021187384162,0.37043508887290955,27434999808.0,0.7296794652938843,1,0,0,0,0,0,0,0
41618868753428669,351.65904929459236,-0.783604140008408,0.14797315001487732,72511995904.0,0.7593849897384644,1,0,0,0,0,0,0,0
74696589448342968,242.47203447142726,53.35296031665672,0.3999602794647217,68311998464.0,0.8853998184204102,1,0,0,0,0,0,0,0
38553834062117448,35.77670237645432,-4.028580624414908,0.24341437220573425,16506000384.0,0.7027683258056641,1,0,0,0,0,0,0,0
44223044863944110,150.0034098554044,2.994174036640022,0.13956229388713837,25912999936.0,0.611624538898468,1,1,0,0,0,1,1,0
41619014782314976,351.41863440936856,-0.4319653890562423,0.303168386220932,24618999808.0,0.7939726710319519,1,0,0,0,0,0,0,0
38558644425486355,36.57983899206594,-4.020029538418853,0.20848865807056427,75254996992.0,0.7719101905822754,1,0,0,0,0,0,0,0
37489639950414976,35.45674940160347,-5.712507455388258,0.312222421169281,27718000640.0,0.8510868549346924,1,0,0,0,0,0,0,0
37494059471758255,37.03955575934089,-4.850203633810841,0.28877130150794983,26517000192.0,0.8299423456192017,1,0,0,0,0,0,0,0
44227314061419719,151.75058072438392,3.2549694069609547,0.10965319722890854,34016000000.0,0.7016199231147766,1,0,0,0,0,0,0,1
76557757691498488,243.56506465254913,56.55095149484852,0.10798054933547974,87174995968.0,0.9545937180519104,1,0,0,0,0,0,0,0
38553421745256154,36.29720304359859,-4.034877403004968,0.1376078724861145,4222000128.0,0.9462891817092896,1,0,0,0,0,0,0,0
75343901149397376,243.92668127045738,53.72685593891064,0.15761637687683105,14908999680.0,0.5556439161300659,1,1,0,1,0,0,0,0
42697214782369314,353.49641472664547,0.707515810645017,0.2551664113998413,80836001792.0,0.7046756148338318,1,1,0,0,0,1,0,0
75959490221996512,242.89152891584678,55.211875601784705,0.2268761396408081,18541000704.0,0.870881974697113,1,1,0,0,0,1,1,0
75959348488086112,243.19928384130017,55.11687522129645,0.2387108951807022,11306000384.0,0.6454949975013733,1,0,0,0,0,0,0,0
38549431720638395,34.270090318582454,-4.293550148927922,0.17763082683086395,17565999104.0,0.5040400624275208,1,0,0,0,0,0,0,0
43158751967982611,150.13396161258325,2.9188926214086663,0.11561725288629532,37674999808.0,0.875880777835846,1,0,0,0,0,0,0,0
75338966231970896,242.89644363395104,54.2572466255267,0.24842745065689087,17130999808.0,0.9356696605682373,1,0,0,0,0,0,0,0
75954705628413353,241.2527514501293,56.256798995672035,0.23868991434574127,51168002048.0,0.5687640905380249,1,0,0,0,0,0,0,1
41623412828822886,352.8825529727251,-0.40378809856547754,0.24315042793750763,63971999744.0,0.8292415142059326,1,1,0,0,0,1,1,1
75343789480254557,244.4739425812374,54.889731562021375,0.1369774490594864,54857998336.0,0.9291691780090332,1,0,0,0,0,0,0,0
37489515396356446,35.777574835404,-5.241564830037966,0.16360017657279968,14419999744.0,0.7008223533630371,1,0,0,0,0,0,0,0
42090297248735662,149.10538124669435,1.3084173480361794,0.10533355921506882,22140999680.0,0.9675821661949158,1,0,0,0,0,0,0,0
38553696623155812,35.94293497521929,-4.152666835746133,0.13216106593608856,9277100032.0,0.759157657623291,1,0,0,0,0,0,0,0
74696864326250444,241.81231719571798,53.44798926829112,0.13936103880405426,36273999872.0,0.8600354194641113,1,0,0,0,0,0,0,0
41623679116813494,352.5045592587094,-0.6542396131550811,0.2777194678783417,42678001664.0,0.6247480511665344,1,0,0,0,0,0,0,0
75964171736344350,244.78602412119574,55.508793076733824,0.1143171489238739,25365999616.0,0.9733436107635498,1,0,0,0,0,0,0,0
41623541677847724,352.7070217971738,-0.7962248326986604,0.23539234697818756,13365999616.0,0.8191775679588318,1,0,0,0,0,0,0,0
37494330054695013,36.67416962208009,-5.044240400817924,0.3067685067653656,167810007040.0,0.6528558135032654,1,0,0,0,0,0,0,0
37489785979303208,35.31201335882317,-5.333301212771803,0.228464737534523,82087002112.0,0.8695062398910522,1,1,0,0,0,1,0,0
75954688448557782,241.09718851528947,55.61109447120129,0.28766903281211853,149780004864.0,0.7122783064842224,1,0,0,0,0,0,0,0
42697068753477684,353.7660367503443,0.3261746540396498,0.1435716599225998,49636999168.0,0.606623649597168,1,0,0,0,0,0,0,0
37489515396364224,35.71571124522526,-5.136376792056729,0.21567343175411224,11989000192.0,0.5947227478027344,1,1,0,0,1,0,0,0
41619427099179893,350.8968780210087,-0.34253323612560554,0.1446659117937088,40994000896.0,0.9565150737762451,1,1,0,0,0,1,0,0
38553417450286186,36.240178532375346,-4.238311661607393,0.0837675929069519,96910000128.0,0.9789025783538818,1,0,0,0,0,0,0,0
42688002077521038,351.0316524222002,0.5425887440928158,0.11815271526575089,18818000896.0,0.7108241319656372,1,0,0,0,0,0,0,0
42691983512199982,353.059450701496,0.28032412997742356,0.25023123621940613,54589001728.0,0.8784668445587158,1,0,0,0,0,0,0,0
44223049158906174,150.03119249746638,3.220144129855291,0.1673937439918518,18260000768.0,0.6136114597320557,1,0,0,0,0,0,0,0
37494330054697259,36.64446409425945,-4.9937794484690405,0.37942084670066833,103409999872.0,0.9681503772735596,1,0,0,0,0,0,0,0
75954426455561840,241.80361251770842,56.17804775789782,0.2654866874217987,242000003072.0,0.5738511085510254,1,1,0,0,0,1,0,0
38557957230712200,37.536699702689496,-4.103946671932911,0.3223338723182678,145809997824.0,0.5663537383079529,1,0,0,0,0,0,0,0
43153933014692870,149.0700931587895,2.630253439977015,0.16780820488929749,38825000960.0,0.9466837644577026,1,0,0,0,0,0,0,0
38558236403595547,37.246908095517085,-3.8259116910013526,0.11855447292327881,8633900032.0,0.897320032119751,1,0,0,0,0,0,0,0
38558781864430402,36.47275452542976,-4.114631421349572,0.27784422039985657,24622999552.0,0.717247486114502,1,0,0,0,0,0,0,0
75338961937002608,242.8241578463418,54.04183028553023,0.29617050290107727,32256999424.0,0.5851518511772156,1,0,0,0,0,0,0,0
75344051473256196,243.87147294866116,54.32007151303892,0.24119701981544495,16712999936.0,0.555618405342102,1,0,0,0,0,0,0,0
75959503106909937,242.86502419459686,55.863305717456186,0.22781404852867126,194999992320.0,0.9555435180664062,1,1,0,0,0,1,1,0
43158202212174995,150.8303538345978,2.8860002202923423,0.15028363466262817,15925999616.0,0.6508939862251282,1,0,0,0,0,0,0,0
43158472795131132,150.37576781815298,2.861287340873024,0.08317402750253677,32880001024.0,0.8784802556037903,1,1,0,0,0,1,0,0
37489919123290819,35.09443758770626,-5.492669174236774,0.14592786133289337,18815000576.0,0.6176677346229553,1,0,0,0,0,0,0,0
38558369547576778,37.07184992227791,-4.069379070585811,0.1681676208972931,17375000576.0,0.8030213117599487,1,0,0,0,0,0,0,0
37489090194600491,36.26071271925417,-5.726230282393281,0.20086801052093506,36951998464.0,0.5598840713500977,1,0,0,0,0,0,0,0
41623545972814736,352.7724510892965,-0.6063292015318236,0.10532988607883453,8977999872.0,0.9997096657752991,1,1,0,0,0,1,0,1
38553834062116827,35.6673199692522,-4.030302545807762,0.23009048402309418,179050004480.0,0.8789663314819336,1,0,0,0,0,0,0,0
75339533167653198,241.39423033306727,54.99215969780778,0.1704687625169754,21600000000.0,0.5188137888908386,1,0,0,0,0,0,0,0
75955096470439152,240.34293912947282,55.37044571059623,0.09738872945308685,68096999424.0,0.8635944724082947,1,0,0,0,0,0,0,0
44217976802534431,149.42373624874475,3.7172847545124235,0.11637122929096222,12320000000.0,0.6918417811393738,1,0,0,0,0,0,0,0
75959241113894773,243.3377487889039,56.331140255690265,0.2769817113876343,42701000704.0,0.9441384077072144,1,0,0,0,0,0,0,0
38558090374700891,37.34894258885942,-4.283265549824662,0.1541653871536255,23822999552.0,0.6466382145881653,1,0,0,0,0,0,0,0
42692537562984779,352.3282818947992,0.504033159784431,0.11848191916942596,18036000768.0,0.9128015041351318,1,1,0,0,1,0,0,0
42094824144268537,150.45494893888147,0.9795324425029479,0.1097654327750206,71839997952.0,0.8497763872146606,1,1,0,0,0,1,0,0
75338961937002609,242.8218562416631,54.03885898820356,0.31715530157089233,65662001152.0,0.4653380513191223,1,1,0,0,0,1,0,0
75959365667957892,243.24992596034375,55.876843185141524,0.29733797907829285,114570002432.0,0.6329806447029114,1,0,0,0,0,0,0,0
37489940598135628,35.188131076016475,-4.5749406716981404,0.31204551458358765,109369999360.0,0.5043230056762695,1,0,0,0,0,0,0,0
75338682764135669,243.60600308461306,53.933883745368114,0.09187060594558716,10176000000.0,0.8234676718711853,1,1,0,0,0,1,0,0
43154070453646177,148.98141295246486,2.6389040766711642,0.1619187742471695,33518000128.0,0.5568640232086182,1,0,0,0,0,0,0,0
42093870661528919,151.70992812225987,1.3516976461464543,0.2432095855474472,85173002240.0,0.6496497988700867,1,0,0,0,0,0,0,0
42089601464033536,150.03928977862594,0.9430982095207322,0.16875295341014862,53992001536.0,0.8249435424804688,1,0,0,0,0,0,0,0
75338828793012410,243.19510193276335,54.22549511910603,0.19952374696731567,14257999872.0,0.609852135181427,1,0,0,0,0,0,0,0
75959769394865835,242.22113706361068,55.34147877615392,0.09278614819049835,34333999104.0,0.7789812088012695,1,0,0,0,0,0,0,0
37489919123280854,35.098874001713035,-5.633511060813189,0.18841570615768433,67712999424.0,0.8734474778175354,1,0,0,0,0,0,0,1
75334435041479099,240.7934546491379,54.554026959800325,0.29157406091690063,22400000000.0,0.6652008295059204,1,0,0,0,0,0,0,0
43154353921480500,148.61906363020026,2.922385656889525,0.1948995590209961,3378200064.0,0.8688788414001465,1,0,0,0,0,0,0,1
37493784593845190,37.35452332461863,-4.908103878609248,0.059487320482730865,30733000704.0,0.9577620029449463,1,0,0,0,0,0,0,0
75954963326461623,240.5910879673346,55.581704473217584,0.31134361028671265,12609999872.0,0.6093845963478088,1,0,0,0,0,0,0,0
38553563479166699,36.03762995905899,-3.9881657360393867,0.33283764123916626,21159999488.0,0.5516482591629028,1,0,0,0,0,0,0,0
43153920129789525,149.21912708926416,2.0635121982286235,0.10333411395549774,69965996032.0,0.873879075050354,1,1,0,0,0,1,1,0
41623283979807074,353.1098279725893,-0.08544278238751095,0.1889062076807022,43996999680.0,0.7304595112800598,1,0,0,0,0,0,0,0
37489365072509461,35.79863520515077,-5.692925951667503,0.3382129967212677,68919001088.0,0.6097961068153381,1,0,0,0,0,0,0,0
75958957646048717,244.16973892641454,55.893009236559486,0.23664167523384094,171159994368.0,0.6934309005737305,1,1,1,0,0,0,0,0
38554254968909109,35.17454666117337,-3.6753760125612875,0.17515556514263153,56298000384.0,0.8261326551437378,1,0,0,0,0,0,0,0
38553967206107189,35.50473983333179,-4.204965705505372,0.11291656643152237,8144300032.0,0.9241070747375488,1,0,0,0,0,0,0,0
43163261683653091,151.4023103815375,1.8101662984807851,0.09471974521875381,48844001280.0,0.8334075212478638,1,0,0,0,0,0,0,0
37489670015176414,35.468572830468766,-4.524524912549685,0.24602548778057098,7089299968.0,0.8600760102272034,1,0,0,0,0,0,0,0
75334306192469213,240.9457646987198,54.94256779305287,0.1953323781490326,73636003840.0,0.5783057808876038,1,1,0,0,0,1,0,0
41623408533865138,353.0385583206718,-0.5252632982985491,0.3036483824253082,301879984128.0,0.8591983914375305,1,1,0,0,0,1,1,0
37485405112666422,33.79873141824778,-4.598741944300982,0.18865732848644257,8945699840.0,0.5470913052558899,1,0,0,0,0,0,0,0
75339086491062234,242.43231180877578,53.595320439549816,0.363309770822525,79795003392.0,0.6346063613891602,1,0,0,0,0,0,0,0
41619431394151207,350.86772356921665,-0.11558454935842558,0.16132141649723053,15559999488.0,0.880866289138794,1,0,0,0,0,0,0,0
43153795575727102,149.37257235438256,2.5241081960547493,0.2254062294960022,87182000128.0,0.6423363089561462,1,0,0,0,0,0,0,0
41623266799932854,353.1739528256961,-0.8205500350164154,0.24792426824569702,16924000256.0,0.7802972197532654,1,0,0,0,0,0,0,0
38549431720632238,34.232255675910515,-4.339653149715101,0.12059365212917328,72604999680.0,0.8379263877868652,1,0,0,0,0,0,0,0
44222782870936511,150.41770456052345,3.4756403335073167,0.08030922710895538,15176999936.0,0.6692105531692505,1,0,0,0,0,0,0,0
38558373842537070,37.06803678439286,-3.9813045317011286,0.260352224111557,123330002944.0,0.8573766350746155,1,1,0,1,0,0,0,0
75343914034297488,244.0060306726286,54.28456133496867,0.29632675647735596,43527000064.0,0.5815086364746094,1,0,0,0,0,0,0,0
38558773274504314,36.45319035939253,-4.401151418662436,0.3075677156448364,27857999872.0,0.3462550640106201,1,1,0,0,0,1,0,0
75339223930016290,242.08204703459415,53.59386513579197,0.12055762112140656,62442000384.0,0.8673932552337646,1,0,0,0,0,0,0,0
37489120259363927,36.34934152219571,-4.520440472431168,0.27224594354629517,35499999232.0,0.7938985824584961,1,1,0,0,0,0,1,0
38554117529951058,35.413501485172446,-3.7331831466158687,0.0671529620885849,6710300160.0,0.9959330558776855,1,0,0,0,0,0,0,0
42687722904655089,351.4453320549965,0.3961930377228214,0.2147803157567978,63758000128.0,0.764622688293457,1,0,0,0,0,0,0,0
38553984385963643,35.57895219661564,-3.5430820703399046,0.14964702725410461,14227999744.0,0.5194448232650757,1,0,0,0,0,0,0,0
43163412007506587,151.10864438380446,2.3489033465603413,0.178388312458992,14844999680.0,0.9485496878623962,1,0,0,0,0,0,0,0
74701674689628817,243.53547688853723,53.41529411188723,0.2660600244998932,28786999296.0,0.731920599937439,1,1,0,0,0,0,1,0
75959241113888545,243.44711826158067,56.26856039325805,0.186838760972023,66555998208.0,0.8096083402633667,1,1,0,0,0,1,0,0
76552535011270698,242.74586546822832,56.59010703352802,0.2806274890899658,134110003200.0,0.747970461845398,1,1,0,0,0,1,0,0
43158593054197563,150.32116388029294,2.060336992403231,0.12195073813199997,7473299968.0,0.679631233215332,1,0,0,0,0,0,0,0
43162982510772092,151.79325747679982,1.5893827056315475,0.17919012904167175,45838000128.0,0.5753186345100403,1,0,0,0,0,0,0,1
37494192615739705,36.74378450824202,-5.073549995232393,0.10149335116147995,42040999936.0,0.9000136852264404,1,1,0,0,0,1,0,0
40555245872375258,352.1895761369653,-1.5156471370372924,0.27736133337020874,127619997696.0,0.7437617182731628,1,0,0,0,0,0,0,1
42692821030824769,352.02456091675833,0.8572910344999936,0.19895337522029877,4258099968.0,0.579438328742981,1,0,0,0,0,0,0,0
41623417123795733,352.95130270349694,-0.21203390410964165,0.2825232744216919,138479992832.0,0.6654822826385498,1,0,0,0,0,0,0,0
42696922724580937,353.9100302477853,0.02213455679107999,0.34612351655960083,15299000320.0,0.8714156150817871,1,1,0,0,0,1,1,0
75338553915114825,243.70146102068028,54.32543715120249,0.2568435072898865,17004999680.0,0.8727115392684937,1,0,0,0,0,0,0,0
37493651449867130,37.622578529323334,-4.621815732223969,0.31059420108795166,42289999872.0,0.9589458107948303,1,1,0,0,0,1,1,0
37494467493655301,36.51014720038793,-4.934165661653825,0.11770185828208923,32070000640.0,0.6926160454750061,1,0,0,0,0,0,0,0
37484717917894453,34.75774063226836,-4.686380294640431,0.10051575303077698,20839000064.0,0.9379637837409973,1,1,0,0,0,1,1,0
42089747492923765,149.904143559797,1.3284835601571081,0.3359753489494324,106729996288.0,0.34628331661224365,1,1,0,0,0,1,1,0
37489506806423825,35.77092079957431,-5.606884584559523,0.22991670668125153,10394999808.0,0.7693196535110474,1,0,0,0,0,0,0,0
75343914034296386,244.17136348002055,54.27789264576851,0.1762496381998062,49476001792.0,0.8772911429405212,1,0,0,0,0,0,0,0
41623683411767891,352.5172142756654,-0.6053567893144278,0.3637416362762451,26140999680.0,0.6992757320404053,1,0,0,0,0,0,0,0
37494330054702146,36.61101361810562,-4.9479821975748965,0.049107301980257034,31616999424.0,0.9830094575881958,1,0,0,0,0,0,0,0
37494325759731099,36.62909519658382,-5.172398650181022,0.14173026382923126,21378000896.0,0.5749266147613525,1,1,0,0,0,1,0,0
75343780890318379,244.2464903028456,54.529232267852706,0.08753650635480881,15002999808.0,0.7974250912666321,1,0,0,0,0,0,0,0
75958669883242229,244.60832675518128,55.37059846542931,0.3249334394931793,77208002560.0,0.490009069442749,1,1,0,1,0,0,1,0
38558506986536242,36.730406277245386,-4.012518960663398,0.3069474399089813,95646998528.0,0.8296796083450317,1,0,0,0,0,0,0,0
75959503106902992,242.76134221501306,55.80097046989693,0.2832513749599457,84708999168.0,0.6344155073165894,1,1,0,0,0,1,1,0
38558227813659605,37.249485187095146,-4.214869000081866,0.3490985333919525,29934000128.0,0.5828984975814819,1,0,0,0,0,0,0,0
41623266799937960,353.21293764101335,-0.7362329610284285,0.19019754230976105,67171000320.0,0.5589865446090698,1,0,0,0,0,0,0,0
41623953994717358,352.14976070386143,-0.7144621462419318,0.1129336804151535,27278999552.0,0.7233749628067017,1,0,0,0,0,0,0,0
42687735789552028,351.434038903495,0.9736810336990896,0.23264360427856445,49366999040.0,0.8363832235336304,1,0,0,0,0,0,0,0
75343652041294432,244.7837586036628,54.83606771356381,0.20524050295352936,78901002240.0,0.8081523180007935,1,0,0,0,0,0,0,0
38549431720631691,34.24675313723303,-4.330203373107999,0.12886680662631989,90394001408.0,0.9529251456260681,1,0,0,0,0,0,0,0
75339090786032507,242.36607769843235,53.798906535342766,0.1321265995502472,21884000256.0,0.9146842956542969,1,0,0,0,0,0,0,0
41619276775321832,351.20250995379587,-0.964968510306013,0.09434346854686737,20537999360.0,0.7842081785202026,1,0,0,0,0,0,0,0
76552947328125323,241.92592595234134,56.59180968291976,0.18624819815158844,66845999104.0,0.6671808362007141,1,0,0,0,0,0,0,0
41619693387152132,350.4624668115196,-0.7398651254318096,0.1348503828048706,31958999040.0,0.8559770584106445,1,1,0,0,1,0,0,0
44227855227323907,151.07465293331876,3.033191757275019,0.07836798578500748,12512000000.0,0.927908182144165,1,0,0,0,0,0,0,0
74701812128580935,243.13179243812056,53.37045201386069,0.13579192757606506,106290003968.0,0.9878575801849365,1,1,0,0,0,1,1,0
41619006192387257,351.43653234195244,-0.71527784286946,0.25339818000793457,66312998912.0,0.7389611005783081,1,0,0,0,0,0,0,0
75343381458350671,245.4695671296937,55.01185769809563,0.2875153422355652,20956999680.0,0.6031425595283508,1,0,0,0,0,0,0,0
75959503106910599,242.79259195849963,55.85548707862227,0.3089405298233032,8390600192.0,0.6033170819282532,1,0,0,0,0,0,0,0
38554254968908388,35.21710105720828,-3.684804634244042,0.31165117025375366,147760005120.0,0.7615975737571716,1,0,0,0,0,0,0,0
43158739083080397,150.02774426387703,2.3738683941074408,0.23670904338359833,187440005120.0,0.965965986251831,1,0,0,0,0,0,0,0
75339086491061812,242.4468855139624,53.586040994861726,0.11091097444295883,21643999232.0,0.7682605981826782,1,0,0,0,0,0,0,0
75959082200113351,243.86796222480092,55.46791627366636,0.1276845484972,36667998208.0,0.7804474830627441,1,0,0,0,0,0,0,0
42691992102147916,353.0754020190583,0.7879267171777269,0.2787056863307953,28518000640.0,0.6824566125869751,1,0,0,0,0,0,0,0
74696731182267011,242.27966132302578,53.534204255500676,0.19612564146518707,79988998144.0,0.8519781827926636,1,1,0,0,0,1,0,0
41623962584654434,352.1684955112012,-0.28870961613068086,0.269401490688324,53362999296.0,0.8585122227668762,1,1,0,0,0,1,1,0
75334164458536411,241.14328883346917,54.66315613063248,0.24917882680892944,17632999424.0,0.5201112627983093,1,0,0,0,0,0,0,0
38554375227990505,35.02625575502868,-4.4075478033276685,0.07915139198303223,27666999296.0,0.99235600233078,1,1,0,1,1,0,1,0
41624095728627852,351.9731630546291,-0.5752425469711298,0.32136914134025574,58488000512.0,0.5688760876655579,1,1,0,0,0,1,1,0
38557952935743615,37.6566392982581,-4.337598923197371,0.3444923460483551,30389000192.0,0.8176693916320801,1,0,0,0,0,0,0,0
38558648720442704,36.555283665201166,-3.9649669811592685,0.20382696390151978,29166999552.0,0.6186895370483398,1,0,0,0,0,0,0,0
42697206192446897,353.5275333854518,0.45234051435556044,0.2547800540924072,25440000000.0,0.38926756381988525,1,1,0,0,0,1,0,0
43163274568565698,151.37303356078405,2.4753014441749386,0.1907929629087448,173730004992.0,0.6357814073562622,1,0,0,0,0,0,0,0
41623558857718375,352.72867364402157,-0.011165955932088639,0.2330876588821411,63654998016.0,0.6892156600952148,1,1,0,0,0,1,0,0
38558515576452242,36.725004618607464,-3.8031716971441587,0.27010324597358704,7518099968.0,0.8350081443786621,1,0,0,0,0,0,0,0
37488952755641447,36.443486247038535,-5.735790327959216,0.23372437059879303,81246003200.0,0.5730931162834167,1,1,0,0,0,1,0,0
38558511281500904,36.74742761591799,-3.8255419434483273,0.1822429597377777,23879999488.0,0.6568207740783691,1,0,0,0,0,0,0,0
42094544971400295,150.67405344230582,0.8336958004174775,0.12242104113101959,54383001600.0,0.8089194297790527,1,0,0,0,0,0,0,0
75338682764142606,243.35361675022176,54.006868168140485,0.19772261381149292,42368999424.0,0.6421363949775696,1,1,0,0,0,1,0,0
42697210487409205,353.5013906471707,0.607971071601338,0.15847811102867126,17788999680.0,0.612705647945404,1,0,0,0,0,0,0,0
38553851241974977,35.72036169246741,-3.405688121660308,0.256060391664505,16156999680.0,0.8016408085823059,1,0,0,0,0,0,0,0
38554259263871498,35.233513862028936,-3.5352750259502272,0.1387910395860672,39959998464.0,0.6369491219520569,1,0,0,0,0,0,0,0
37489665720211547,35.46589212240275,-4.704863010693541,0.22725874185562134,145550000128.0,0.7274032831192017,1,0,0,0,0,0,0,0
41619427099183664,350.9633974339092,-0.29557904272611296,0.2794537842273712,154199998464.0,0.9325647354125977,1,1,0,0,0,0,1,0
75959077905132072,243.7507390127605,55.15240073842888,0.35892248153686523,17959999488.0,0.5151940584182739,1,0,0,0,0,0,0,0
75339507397858601,241.67789492910583,54.01264390493925,0.31333449482917786,119550001152.0,0.3705501854419708,1,1,0,0,0,1,1,0
75954675563658607,241.16251172454074,55.04585818457946,0.2625340223312378,83424002048.0,0.5651409029960632,1,0,0,0,0,0,0,0
42697335041462842,353.39300949183325,0.07228047062865915,0.15204888582229614,9180800000.0,0.5988814830780029,1,1,0,0,0,1,0,0
41618877343377595,351.62227053098087,-0.27912075666832087,0.11750795692205429,58080002048.0,0.9625920057296753,1,0,0,0,0,0,0,0
75343931214170366,244.18385621785603,55.03425388515559,0.28984901309013367,23968999424.0,0.9423795938491821,1,0,0,0,0,0,0,0
37489532576227642,35.69088962406061,-4.484769673768225,0.19363410770893097,63738998784.0,0.872013509273529,1,0,0,0,0,0,0,0
37493922032805173,37.10556149621076,-4.837335955643257,0.20308059453964233,116139999232.0,0.860902726650238,1,0,0,0,0,0,0,0
41623936814844117,352.1647876932948,-1.4207848461316366,0.3209932744503021,63895998464.0,0.5464770793914795,1,0,0,0,0,0,0,0
44227730673266887,151.2278714818322,3.5652957486510726,0.20544525980949402,68445999104.0,0.8747197389602661,1,1,0,0,0,1,1,0
41619822236164522,350.41336404412687,-1.1512311609490913,0.1870819628238678,199930003456.0,0.9931795597076416,1,0,0,0,0,0,0,0
42688006372482426,351.1703222721532,0.7005782344742842,0.28741610050201416,37497999360.0,0.6867349147796631,1,1,0,0,0,1,1,0
41619418509245717,350.9359582874403,-0.7635685409630996,0.2722073793411255,10373999616.0,0.5923513174057007,1,0,0,0,0,0,0,0
75959503106902998,242.7834076555334,55.80063070509276,0.20877999067306519,35924000768.0,0.7744472026824951,1,0,0,0,0,0,0,0
43154079043572835,148.91744109223504,2.9155370359633617,0.2062239646911621,71659003904.0,0.845785915851593,1,0,0,0,0,0,0,0
43158047593354069,150.93803471644173,2.173544562923851,0.13699688017368317,43883999232.0,0.9378559589385986,1,0,0,0,0,0,0,1
37485113054886802,34.27314169790756,-5.372699381273219,0.24741776287555695,16844999680.0,0.5134416222572327,1,0,0,0,0,0,0,0
75343914034301368,243.95280468232392,54.31620213897166,0.3123643696308136,26211000320.0,0.5680473446846008,1,0,0,0,0,0,0,0
37489798864205857,35.35259145112098,-4.81485009371663,0.3237415850162506,69030002688.0,0.8741759061813354,1,0,0,0,0,0,0,0
38548890554754564,34.87892574149347,-3.8841309876131476,0.2105848640203476,82944999424.0,0.8373275995254517,1,0,0,0,0,0,0,0
41623146540856198,353.26202236888895,-0.024181548942441688,0.11270355433225632,42901999616.0,0.904260516166687,1,0,0,0,0,0,0,0
38553709508054154,35.88842281255526,-3.5835944214162865,0.24031315743923187,111000002560.0,0.5610141754150391,1,0,0,0,0,0,0,0
75339524577725746,241.4082672806133,54.7001985841693,0.37198659777641296,28457000960.0,0.5378745198249817,1,0,0,0,0,0,0,0
75959232523966502,243.42334139903326,55.98255137973296,0.2910335063934326,22857000960.0,0.822632908821106,1,0,0,0,0,0,0,0
41619564538134812,350.8060206401448,-0.3282421519470333,0.18404407799243927,49620000768.0,0.8070217967033386,1,1,0,0,0,1,1,0
37484971320970599,34.42571546111945,-5.488287090564461,0.32615071535110474,56874000384.0,0.46349722146987915,1,1,0,0,0,1,1,0
38558086079736061,37.387742629388995,-4.4573653137280225,0.1979275792837143,5469799936.0,0.5120476484298706,1,0,0,0,0,0,0,0
75338841677926210,243.04547126309922,54.87216756705908,0.21691465377807617,95627001856.0,0.5053642392158508,1,0,0,0,0,0,0,0
37490073742112847,34.96279747593837,-4.845304380626363,0.318598210811615,80558997504.0,0.9400782585144043,1,1,0,1,0,0,1,0
38558365252613159,36.99301702158426,-4.2357944737356,0.16189664602279663,71223001088.0,0.8797154426574707,1,0,0,0,0,0,0,0
41618877343363653,351.73698764470686,-0.42056662251575055,0.34355705976486206,39508000768.0,0.8352748155593872,1,1,0,0,1,0,1,0
75959498811936343,242.81803190412802,55.61238549341435,0.17910383641719818,21595000832.0,0.9039582014083862,1,0,0,0,0,0,0,0
37489511101391617,35.608857797484866,-5.427547303678503,0.264265239238739,45580001280.0,0.7826744318008423,1,0,0,0,0,0,0,0
42697197602505054,353.4673860924785,0.024628817998859766,0.3879992961883545,40834998272.0,0.5678707361221313,1,0,0,0,0,0,0,0
74701541545637614,243.6549529506731,53.55210683692722,0.2173929661512375,3768900096.0,0.7899393439292908,1,0,0,0,0,0,0,0
38553834062117996,35.693188785741306,-4.0208222335049655,0.13401050865650177,31318999040.0,0.8248623609542847,1,0,0,0,0,0,0,0
41623528792951476,352.7610500190978,-1.215357388223733,0.3254096508026123,86507003904.0,0.5881543755531311,1,0,0,0,0,0,0,0
37489111669441274,36.32913230629244,-4.762078010131382,0.3286075294017792,154149994496.0,0.5503377914428711,1,0,0,0,0,0,0,0
75959498811929921,242.79873049024295,55.58079070955356,0.18650485575199127,162670002176.0,0.9072266221046448,1,1,0,0,0,1,1,0
42688135221500547,350.9963309713746,0.3556806563124046,0.20277394354343414,56189001728.0,0.6632009148597717,1,1,0,0,0,1,0,0
42085070273536965,148.6694369404261,1.0972157021881113,0.26990267634391785,16512000000.0,0.8806686401367188,1,0,0,0,0,0,0,0
38553962911130802,35.506557736672896,-4.459014454974493,0.13917502760887146,116099997696.0,0.9790669679641724,1,0,0,0,0,0,0,0
38558365252614241,36.96766853286392,-4.217546330323047,0.11531053483486176,42611998720.0,0.8797786831855774,1,0,0,0,0,0,0,0
42692803850959330,351.97866539205216,0.1650996310101767,0.34870555996894836,77030998016.0,0.7585524320602417,1,0,0,0,0,0,0,1
37489785979298334,35.286704000060304,-5.390548239685986,0.26837673783302307,6947599872.0,0.8122559785842896,1,0,0,0,0,0,0,0
38553975796034178,35.43284293078552,-3.873045756699296,0.2751542925834656,53065998336.0,0.6280804872512817,1,0,0,0,0,0,0,0
44223044863936532,150.1050669926445,2.985747852437301,0.09959905594587326,16113000448.0,0.9398673176765442,1,1,0,1,0,0,1,0
40554833555516394,352.7085839898841,-1.502651364002962,0.11863803118467331,36143001600.0,0.8772537708282471,1,0,0,0,0,0,0,0
37493784593845414,37.40587344903142,-4.899554790252644,0.07659980654716492,12631000064.0,0.9614224433898926,1,0,0,0,0,0,0,0
38553563479174782,36.001044423565574,-3.8956293734363654,0.16201569139957428,20348999680.0,0.6934500932693481,1,0,0,0,0,0,0,0
75959103674950038,243.7480817978811,56.40888208774104,0.1227993592619896,4096499968.0,0.7886918187141418,1,0,0,0,0,0,0,0
75334301897498009,240.9571909143234,54.722429778441544,0.23458898067474365,118340001792.0,0.6737443804740906,1,0,0,0,0,0,0,0
37489807454130339,35.24126068216561,-4.523408696180925,0.07718981057405472,10597999616.0,0.8984330892562866,1,0,0,0,0,0,0,0
37489377957407232,35.8190820740019,-5.208290175933446,0.3168005049228668,183460003840.0,0.8356916308403015,1,0,0,0,0,0,0,0
37489657130286550,35.50380387302955,-4.953794355604653,0.1088566780090332,3731000064.0,0.7342745661735535,1,0,0,0,0,0,0,0
75959103674945716,243.8877272361159,56.363455956256274,0.11098480969667435,8285899776.0,0.7883861064910889,1,0,0,0,0,0,0,0
41623696296669537,352.54943861974743,-0.008240114876224567,0.21272331476211548,232840003584.0,0.8627423644065857,1,0,0,0,0,0,0,0
37488952755640515,36.390966002868325,-5.759155398667181,0.3782616853713989,42225000448.0,0.7972273826599121,1,0,0,0,0,0,0,0
41619693387148825,350.52127920675684,-0.7744514792181307,0.2470061182975769,67731001344.0,0.7757445573806763,1,1,0,1,0,1,1,0
74696722592322860,242.33987363309996,53.24750761306546,0.18735115230083466,17034000384.0,0.6410864591598511,1,0,0,0,0,0,0,0
74701949567535968,242.90007461753743,53.410218709981955,0.06639781594276428,23204999168.0,0.7503746151924133,1,0,0,0,0,0,0,0
37484975615923276,34.47713272732868,-5.442987820368987,0.23220880329608917,41633001472.0,0.8191455006599426,1,0,0,0,0,0,0,0
75963892563455790,245.30715360590284,55.317551608532945,0.20555007457733154,30972999680.0,0.645249605178833,1,0,0,0,0,0,0,0
41624078548766522,352.09865280117583,-1.2252397293642783,0.17448066174983978,6079399936.0,0.5368732213973999,1,0,0,0,0,0,0,0
75958936171224695,244.26287410480165,55.08336791762364,0.22898204624652863,59852001280.0,0.6119000315666199,1,0,0,0,0,0,0,0
38549298576653921,34.460957281547024,-4.075035168847866,0.07944926619529724,7459299840.0,0.872117280960083,1,1,0,0,0,1,0,0
37488952755639035,36.43574809477395,-5.778614846369481,0.1268817037343979,191179997184.0,0.9981224536895752,1,0,0,0,0,0,0,0
74701404106679953,243.9516496036677,53.55304198194893,0.10776003450155258,30236999680.0,0.9066671133041382,1,1,1,0,0,0,0,0
75959498811929078,242.85267612442203,55.54616782381641,0.1447010040283203,12819999744.0,0.34005680680274963,1,1,0,0,0,1,0,0
41623421418758052,352.9545447241915,-0.08540381309235517,0.2953795790672302,15783999488.0,0.8638408184051514,1,0,0,0,0,0,0,0
75339382843793245,241.78850921951118,54.40792241046547,0.2712784707546234,33725999104.0,0.5097071528434753,1,0,0,0,0,0,0,0
38558236403584722,37.25430550077141,-3.9829064350600776,0.2663882374763489,17546000384.0,0.5854161977767944,1,0,0,0,0,0,0,0
42085070273534146,148.75623073519878,1.0690922548536304,0.10193384438753128,37950001152.0,0.6661645770072937,1,0,0,0,0,0,0,0
75958798732272469,244.46433098057503,55.11572168440706,0.33265823125839233,26354999296.0,0.7400559186935425,1,0,0,0,0,0,0,0
41628644098993138,353.3940461298503,-0.04633789143785346,0.1963571459054947,6326799872.0,0.6298977136611938,1,0,0,0,0,0,0,0
75343931214163406,244.0151670733196,54.967019633701035,0.21480484306812286,151380000768.0,0.7783180475234985,1,0,0,0,0,0,0,0
41623275389872069,353.0894062335302,-0.4159440017890049,0.14278170466423035,20273999872.0,0.581376314163208,1,0,0,0,0,0,0,0
75959503106905158,242.63222974822216,55.80604412888089,0.22950783371925354,224009994240.0,0.9641895294189453,1,0,0,0,0,0,0,0
37489661425244754,35.48269046623634,-4.876731437572417,0.3177414834499359,34133999616.0,0.7512491941452026,1,0,0,0,0,0,0,0
42692262685079601,352.76947553867586,0.5133956436246502,0.37399494647979736,31751000064.0,0.7246787548065186,1,0,0,0,0,0,0,0
42085078863468092,148.63142135958586,1.4316124462678008,0.2848055958747864,102419996672.0,0.34555184841156006,1,1,0,0,0,1,0,0
43163145719542166,151.524611469685,2.804442969681778,0.08296126872301102,26197000192.0,0.9334056973457336,1,1,0,0,1,0,1,0
75954825887506641,240.78460254789854,55.5441731979676,0.1516052633523941,6001299968.0,0.7626173496246338,1,1,0,0,0,1,0,0
43163412007508468,151.16558497117632,2.3761441119651314,0.15181991457939148,64504999936.0,0.944771945476532,1,0,0,0,0,0,0,0
37494059471755706,37.09064919172878,-4.880814699631987,0.2931501269340515,17979000832.0,0.5571732521057129,1,0,0,0,0,0,0,0
42094544971394464,150.75359204858688,0.7559283022162784,0.09747059643268585,8973100032.0,0.7076109647750854,1,0,0,0,0,0,0,0
42697214782366973,353.47502937719025,0.6824423513680995,0.2332930862903595,14995000320.0,0.3352208137512207,1,1,0,0,0,1,0,0
38553984385969114,35.56250340221727,-3.4709175743568452,0.3208138942718506,13550000128.0,0.7571020722389221,1,0,0,0,0,0,0,0
75959378552849523,243.12215818148476,56.319171752763964,0.3378448486328125,70852001792.0,0.6302746534347534,1,0,0,0,0,0,0,0
75334576775388269,240.17545800392406,54.655014924703046,0.2484641969203949,7201600000.0,0.8370540142059326,1,0,0,0,0,0,0,0
37494068061686604,37.05390809142501,-4.545268292335687,0.26703882217407227,6568800256.0,0.6267832517623901,1,0,0,0,0,0,0,0
43158197917224789,150.89034295755286,2.8786710697623623,0.16657699644565582,55146999808.0,0.5578375458717346,1,0,0,0,0,0,0,0
38554237789043281,35.15657487807937,-4.423198908748145,0.25475308299064636,176899997696.0,0.7795412540435791,1,1,0,0,0,1,0,0
75954546714645768,241.53524352156705,55.47004486547327,0.23342667520046234,201229991936.0,0.6488283276557922,1,0,0,0,0,0,0,0
41619139336375426,351.26641466636266,-0.903460358478497,0.09734070301055908,29542000640.0,0.9448692798614502,1,1,0,1,0,0,0,0
76557761986467016,243.3193175080986,56.7735279451285,0.16918577253818512,3855600128.0,0.7197094559669495,1,0,0,0,0,0,0,0
41623692001705616,352.51315464516097,-0.19563044942169408,0.15913034975528717,24228999168.0,0.9277925491333008,1,0,0,0,0,0,0,0
38558640130511599,36.58978706641912,-4.3065840719264274,0.23217235505580902,49581998080.0,0.8801246881484985,1,1,0,0,1,0,0,0
75959215344098360,243.3022454873755,55.28842512569609,0.21579262614250183,92643000320.0,0.513683557510376,1,0,0,0,0,0,0,0
38553975796031585,35.59030789986123,-3.912302719973499,0.2258358895778656,19268999168.0,0.8343111276626587,1,0,0,0,0,0,0,0
43158339651133022,150.67165983779944,2.9627655049958155,0.19077473878860474,67470999552.0,0.8395148515701294,1,0,0,0,0,0,0,0
37488969935514664,36.43038317701644,-4.943873474290736,0.16344992816448212,17234999296.0,0.9208269715309143,1,0,0,0,0,0,0,0
38558644425488362,36.609452797527744,-3.9988155089655373,0.15459749102592468,15134000128.0,0.5136594176292419,1,0,0,0,0,0,0,0
43154048978805286,148.86692088830972,1.662985759235979,0.07033907622098923,39520002048.0,0.7793459892272949,1,1,0,0,0,1,0,0
37488965640544975,36.4433306848245,-5.200238864945933,0.08159095793962479,13228999680.0,0.9383646249771118,1,1,1,0,0,0,1,0
41618739904409704,351.7775231622115,-0.40000240159258155,0.27720481157302856,132120002560.0,0.9549603462219238,1,1,0,0,0,1,1,0
38553967206093889,35.514577487596476,-4.347546371935891,0.19552291929721832,26296999936.0,0.5561045408248901,1,0,0,0,0,0,0,0
75954679858628370,241.34606927926626,55.21427957192827,0.23680353164672852,115250003968.0,0.6623571515083313,1,0,0,0,0,0,0,0
38557948640788047,37.54986550022365,-4.3789511388029485,0.10475672781467438,18436999168.0,0.85689377784729,1,0,0,0,0,0,0,0
37494192615742485,36.8238364464872,-5.019498236056306,0.1385231912136078,37182001152.0,0.8707776069641113,1,0,0,0,0,0,0,0
42692120951160984,352.93513512277895,0.3423012305718422,0.31977465748786926,58753998848.0,0.9356600046157837,1,0,0,0,0,0,0,1
75343901149401042,243.92066818227102,53.770939483131556,0.18913458287715912,125059997696.0,0.6982611417770386,1,0,0,0,0,0,0,0
37493922032803149,37.212865233015734,-4.857960403659433,0.29011717438697815,13685999616.0,0.7995284795761108,1,0,0,0,0,0,0,0
37494050881819044,36.940683460484856,-5.134703952700852,0.20354042947292328,88252997632.0,0.9688835144042969,1,0,0,0,0,0,0,0
41623816555752826,352.49555359657006,-0.777900214174883,0.2860642075538635,166599999488.0,0.9924763441085815,1,1,0,1,0,1,1,0
75959369962926805,243.07030657647203,56.060973021437704,0.2867092490196228,8929399808.0,0.9487987756729126,1,0,0,0,0,0,0,0
42691992102151157,353.1086420516522,0.821321530764376,0.33911749720573425,47135997952.0,0.6219645738601685,1,0,0,0,0,0,0,0
41619564538134813,350.80494954155233,-0.3264788514105484,0.2600287199020386,13345000448.0,0.8153793811798096,1,1,0,0,0,1,1,0
75959498811935855,242.71572371632953,55.60731386490702,0.0571541003882885,17731999744.0,0.9614524841308594,1,0,0,0,0,0,0,0
75958953351084324,244.25287189621702,55.76183978707712,0.12281858175992966,113690001408.0,0.8842982649803162,1,0,0,0,0,0,0,1
75954568189471344,241.4109675439612,56.30164454905854,0.1865658164024353,8835800064.0,0.5132434964179993,1,0,0,0,0,0,0,0
37494480378544668,36.49620794970744,-4.5513176160113895,0.3407582938671112,34503000064.0,0.6948262453079224,1,0,0,0,0,0,0,1
38554242084017056,35.1979330906812,-4.204028667620294,0.1681218445301056,34144999424.0,0.7895517349243164,1,0,0,0,0,0,0,0
74701674689617174,243.3390434545376,53.277352200564515,0.11372802406549454,18926000128.0,0.7163804769515991,1,0,0,0,0,0,0,0
38553834062109944,35.750309374041386,-4.1192342272068485,0.2678025960922241,29681999872.0,0.6200577020645142,1,0,0,0,0,0,0,0
42085216302424087,148.455861992597,1.4651185672142752,0.17107127606868744,8281600000.0,0.3465428352355957,1,1,0,0,0,1,0,1
44223470065699777,149.53984326172306,3.453493194080688,0.14218299090862274,55468998656.0,0.8939660787582397,1,1,0,0,0,1,0,0
75959228228998494,243.53842984885102,55.804538179359874,0.25053802132606506,90481000448.0,0.46213191747665405,1,1,0,0,0,1,0,0
44223324036820978,149.76021344835752,3.1709025246214777,0.25099125504493713,142539997184.0,0.8920557498931885,1,1,0,0,0,1,0,0
38549431720638059,34.27218003408518,-4.30072281868163,0.12965166568756104,29369999360.0,0.8027638792991638,1,0,0,0,0,0,0,0
75959631955928250,242.38181771851686,55.483990750761635,0.061230383813381195,17348999168.0,0.9965406656265259,1,1,0,0,0,1,1,0
38557948640784352,37.634610123325295,-4.431524261579407,0.2355666309595108,14426000384.0,0.9250236749649048,1,0,0,0,0,0,0,0
75954276131695372,242.0816716426068,55.553970851945664,0.09790630638599396,38943997952.0,0.6680471897125244,1,0,0,0,0,0,0,0
42692799556001159,352.008356708677,0.043639026198623476,0.3700139820575714,25877999616.0,0.5729374289512634,1,0,0,0,0,0,0,0
75959769394863718,242.26144777741763,55.327743304069855,0.10906904190778732,7447499776.0,0.8717664480209351,1,1,0,0,0,1,1,0
75964163146415683,244.81400620487236,55.22936095071644,0.31676363945007324,4692700160.0,0.9155038595199585,1,1,0,0,1,0,0,0
37489373662443169,35.79639625488486,-5.349625354124262,0.3186846971511841,267880005632.0,0.6773530840873718,1,1,0,0,0,1,0,0
75338704238962499,243.5344649086701,54.765115690721686,0.2255670726299286,44074999808.0,0.6735276579856873,1,1,0,1,0,0,1,0
37484975615923275,34.479795158020586,-5.453146013035412,0.21746660768985748,40831000576.0,0.8269826173782349,1,0,0,0,0,0,0,0
37494467493652647,36.49643574264615,-4.972303966463478,0.11766120791435242,37004001280.0,0.8662830591201782,1,0,0,0,0,0,0,0
75959498811929925,242.8379659928045,55.552321115091544,0.19772100448608398,276209991680.0,0.9157528877258301,1,0,0,0,0,0,0,0
37489777389366499,35.33046523751274,-5.710168915208351,0.17734456062316895,8860699648.0,0.6812114715576172,1,1,0,0,1,0,0,1
75963888268509165,245.32051363090193,55.29373034753711,0.24863819777965546,45057998848.0,0.5354443192481995,1,0,0,0,0,0,0,0
75954430750522174,241.7916511882651,56.350325869260004,0.302534818649292,100159995904.0,0.9120221138000488,1,1,0,0,0,0,1,0
41619551653229008,350.679309291646,-0.934078987221288,0.2714296579360962,270799994880.0,0.8330963850021362,1,1,0,0,0,1,1,1
37489777389362178,35.29714802907917,-5.776491429678759,0.1667184978723526,14629999616.0,0.8437115550041199,1,0,0,0,0,0,0,0
38554250673935088,35.06059743909522,-3.9619682727644454,0.11740569025278091,38720000000.0,0.8837876915931702,1,1,0,0,0,1,0,1
75334435041477070,240.68744297758616,54.53351078308891,0.04208076745271683,13121000448.0,0.9721717834472656,1,0,0,0,0,0,0,0
43153658136777808,149.4161472930621,2.556695289865622,0.3533969223499298,53206999040.0,0.7399890422821045,1,1,0,0,1,0,0,1
38553696623154551,35.869379559637395,-4.172117554391863,0.2884233891963959,120689999872.0,0.926791250705719,1,0,0,0,0,0,0,0
76557761986458469,243.6068474826302,56.66992240678158,0.11741399019956589,48841998336.0,0.9632749557495117,1,0,0,0,0,0,0,0
38553842652043854,35.673535240781796,-3.756178204969305,0.2973933517932892,129609998336.0,0.6101576089859009,1,0,0,0,0,0,0,0
41624108613529764,351.96520891352884,-0.053584483858343517,0.11236788332462311,27032999936.0,0.8768197298049927,1,0,0,0,0,0,0,0
38548894849712668,34.901660465752514,-3.800115656122948,0.3719024360179901,7628199936.0,0.6803220510482788,1,0,0,0,0,0,0,0
37494059471759698,36.99667175966482,-4.825566161822016,0.2895283102989197,175890006016.0,0.8090128898620605,1,0,0,0,0,0,0,0
37484696443055311,34.8513374254259,-5.5465839846269205,0.13840581476688385,30484000768.0,0.6929613351821899,1,0,0,0,0,0,0,0
41623275389870919,353.18191467265507,-0.4320617595257148,0.09021192044019699,25176000512.0,0.927037239074707,1,0,0,0,0,0,0,0
75339391433738014,241.7875690712425,54.829579498070956,0.1446530967950821,9497100288.0,0.8688250780105591,1,1,0,0,1,0,0,0
41623692001696906,352.6469627418146,-0.2725561799932346,0.25111350417137146,127360000000.0,0.9050825238227844,1,1,0,0,1,0,0,0
37485267673704746,33.95558861900981,-4.702938668893755,0.11005055904388428,10696999936.0,0.9150511026382446,1,0,0,0,0,0,0,0
75334581070358487,240.45232223625482,54.83353560295676,0.347633957862854,15575000064.0,0.5326237678527832,1,0,0,0,0,0,0,0
75954267541773818,242.14758873817715,55.281596458685904,0.23315352201461792,139290001408.0,0.6193313598632812,1,1,0,0,0,1,0,0
75963888268505227,245.38567496914638,55.216516307458804,0.23254448175430298,47877001216.0,0.7730523347854614,1,0,0,0,0,0,0,1
43158326766220054,150.534368754055,2.382129360154745,0.2929418087005615,31785000960.0,0.9610856771469116,1,0,0,0,0,0,0,0
75338699944003649,243.52375223507326,54.66599280497225,0.14271146059036255,19808000000.0,0.576561689376831,1,0,0,0,0,0,0,0
75339086491065452,242.6227205858586,53.62082930496767,0.26772603392601013,11486999552.0,0.5752777457237244,1,0,0,0,0,0,0,0
44223332626750678,149.75373433114032,3.5111696786908855,0.1412629634141922,75883003904.0,0.9124333262443542,1,0,0,0,0,0,0,0
37484846766912031,34.67888848359488,-5.046173890152472,0.1932898461818695,37496999936.0,0.7127195596694946,1,1,0,0,0,1,1,0
38553967206103770,35.551649869614515,-4.240777719397615,0.2520642578601837,81388003328.0,0.9076782464981079,1,0,0,0,0,0,0,0
41623271094913821,353.1342611686247,-0.5064617752603906,0.11660600453615189,25511000064.0,0.601294755935669,1,0,0,0,0,0,0,0
37489098784534622,36.34184843028356,-5.379363896495911,0.25897160172462463,31291000832.0,0.5434156060218811,1,0,0,0,0,0,0,0
44218101356580999,149.2397472176659,3.07366615768915,0.2393786758184433,19303999488.0,0.8541872501373291,1,1,0,0,0,1,1,0
41618731314480573,351.79781758349844,-0.6865826614886817,0.09557001292705536,23110000640.0,0.9476248025894165,1,1,0,0,0,1,0,0
75339498807913532,241.6878331475309,53.588219909131844,0.2450854629278183,24227000320.0,0.756972074508667,1,1,0,0,0,0,1,0
75339511692815015,241.60490375661345,54.078064682308344,0.12695452570915222,28046999552.0,0.5451328754425049,1,0,0,0,0,0,0,0
38558644425481974,36.61509252918904,-4.0871571063343985,0.22301632165908813,25200001024.0,0.7472188472747803,1,0,0,0,0,0,0,0
43153795575731191,149.266548256752,2.5792255107856352,0.06023455783724785,19643000832.0,0.9252405166625977,1,1,0,0,0,1,0,0
44218114241464663,149.36434658190782,3.6785205063332103,0.34902316331863403,21798000640.0,0.8558684587478638,1,0,0,0,0,0,0,1
38558644425487920,36.57949744236514,-4.004144254334398,0.20576436817646027,48083001344.0,0.8683251142501831,1,0,0,0,0,0,0,0
75959369962919436,242.95942234590856,55.99072936629471,0.2754179835319519,41645998080.0,0.8523545265197754,1,0,0,0,0,0,0,0
42090009485932553,149.4608458783204,0.7953662565043682,0.1856306940317154,127840002048.0,0.9709280133247375,1,0,0,0,0,0,0,0
75954542419676789,241.40766801464466,55.22109668202958,0.2301720380783081,112089997312.0,0.5099538564682007,1,0,0,0,0,0,0,0
74696722592323280,242.35787731988708,53.25247663778662,0.08605486154556274,12682999808.0,0.9347201585769653,1,0,0,0,0,0,0,0
37494059471758254,37.04084435196935,-4.847227488442873,0.2783968448638916,185659998208.0,0.6835935115814209,1,0,0,0,0,0,0,0
75959077905144666,243.89730416374056,55.26178015906493,0.18201930820941925,38881001472.0,0.8785766363143921,1,1,0,0,0,1,0,0
75343652041301947,244.61195921274577,54.90531017081856,0.3685961663722992,18368000000.0,0.8053944110870361,1,0,0,0,0,0,0,0
42692662117039681,352.2285067075539,0.0032795866348373243,0.2567163109779358,125120004096.0,0.7814561724662781,1,0,0,0,0,0,0,0
38558232108619569,37.165941240930316,-4.116197144746717,0.3506709337234497,71407001600.0,0.6092556715011597,1,0,0,0,0,0,0,0
43154066158676264,148.89613822966393,2.416508186693531,0.08166062086820602,19605999616.0,0.8867958784103394,1,0,0,0,0,0,0,0
42090426097756371,148.9562444306507,0.9502076054410846,0.3407043218612671,26716999680.0,0.7986456155776978,1,1,0,0,0,1,0,1
75343506012407756,244.84647456914496,54.495386464583646,0.21979260444641113,20163000320.0,0.9519771337509155,1,0,0,0,0,0,0,0
37484576183969013,34.914410401286254,-4.888545141281415,0.26052233576774597,54867001344.0,0.6241046190261841,1,0,0,0,0,0,0,0
74701670394642051,243.2585564684095,53.19057547311595,0.19336725771427155,20817000448.0,0.7937994003295898,1,0,0,0,0,0,0,0
75344055768224093,243.80834187403414,54.50443020077519,0.1478995680809021,6225099776.0,0.5173168778419495,1,0,0,0,0,0,0,0
37489648540346377,35.605182650655536,-5.425821360583881,0.252323180437088,137849995264.0,0.844448447227478,1,1,0,0,0,1,1,0
38558094669664603,37.447910580037004,-4.147316979535537,0.23603418469429016,97839996928.0,0.7517187595367432,1,0,0,0,0,0,0,1
75959223934022365,243.51060511842417,55.55263571072916,0.27699580788612366,17609000960.0,0.9280797243118286,1,0,0,0,0,0,0,1
38553825472185953,35.742510285102384,-4.385560903231733,0.24518531560897827,19875999744.0,0.34071579575538635,1,1,0,0,1,0,0,0
75339528872700006,241.40968387278014,54.91862922599681,0.3946976661682129,41527001088.0,0.7133726477622986,1,0,0,0,0,0,0,1
75958798732269190,244.33472643157225,55.083951798149904,0.2340095043182373,137879994368.0,0.7943439483642578,1,0,0,0,0,0,0,0
38558511281500492,36.807682630062175,-3.825406278761162,0.240212082862854,24373999616.0,0.5731569528579712,1,0,0,0,0,0,0,0
37493917737830337,37.10972403328569,-5.107974524247643,0.30587732791900635,8645600256.0,0.7446414232254028,1,0,0,0,0,0,0,0
43158472795118222,150.3620423077083,2.7588162921043238,0.1967869997024536,9855800320.0,0.7069984674453735,1,0,0,0,0,0,0,0
42094553561333229,150.8155999887304,1.1622075188446226,0.08213338255882263,23150999552.0,0.9119619131088257,1,1,0,0,0,0,1,0
41623545972809346,352.7809163412795,-0.6459903842077072,0.0981975719332695,21012000768.0,0.9921494126319885,1,0,0,0,0,0,0,0
37489519691324669,35.61318212128688,-5.092504745962971,0.14683593809604645,4793800192.0,0.7343059778213501,1,0,0,0,0,0,0,0
37489115964399905,36.19772182758341,-4.625396177284327,0.293451189994812,40775000064.0,0.5787613391876221,1,0,0,0,0,0,0,0
38554246378972331,35.06627467521617,-4.0848843480948664,0.20501050353050232,20110000128.0,0.8915743827819824,1,0,0,0,0,0,0,0
44227726378299750,151.17329650655256,3.350558961183908,0.21391010284423828,104970002432.0,0.6981995105743408,1,0,0,0,0,0,0,0
42089738902988718,149.8156624902302,0.9673198509907805,0.06854051351547241,9723299840.0,0.8426539897918701,1,1,0,0,0,1,1,0
42691854663183808,353.32564341046896,0.6962294956051287,0.142513245344162,167009992704.0,0.9712623953819275,1,0,0,0,0,0,0,0
42090159809779837,149.20633562798164,1.2708089444161972,0.06711199879646301,41050001408.0,0.8382595181465149,1,0,0,0,0,0,0,0
43158734788118335,150.04969641663988,2.2171484808804984,0.2300887256860733,111149998080.0,0.338766872882843,1,1,0,0,0,1,1,0
75334293307551263,240.89616874231115,54.333825619093574,0.2142162173986435,105710002176.0,0.6663869619369507,1,0,0,0,0,0,0,0
41619147926298073,351.2117075829659,-0.6400862851588844,0.10272959619760513,36240998400.0,0.8845395445823669,1,0,0,0,0,0,0,0
41623262504968589,353.18763016981256,-0.9793796966607343,0.036538317799568176,3388199936.0,0.9566463232040405,1,0,0,0,0,0,0,0
75959073610173579,243.78626532548833,55.05260870688406,0.11079570651054382,50282000384.0,0.5812410712242126,1,0,0,0,0,0,0,0
75334306192465061,240.8616173824188,54.90360407968,0.14926862716674805,10675999744.0,0.7573702931404114,1,0,0,0,0,0,0,0
41623953994719725,352.26167591734037,-0.6934239778964508,0.3127821087837219,29237999616.0,0.6821174025535583,1,1,0,0,0,1,1,0
42094549266359906,150.80829910706328,0.9185810171709534,0.13037168979644775,7516000256.0,0.9723045825958252,1,0,0,0,0,0,0,0
75344051473251982,243.7620696188963,54.278561696305175,0.2817629873752594,16275999744.0,0.9246188998222351,1,1,0,1,0,0,0,0
42687589760658776,351.57918443903964,0.48162978367429266,0.16632509231567383,66095001600.0,0.9529192447662354,1,0,0,0,0,0,0,0
41623816555752823,352.4934338832637,-0.7777179057097009,0.10345914214849472,53654999040.0,0.9841954112052917,1,1,0,1,0,1,1,0
38558094669666098,37.46540345361153,-4.137994934808165,0.2455359250307083,17968001024.0,0.789915919303894,1,0,0,0,0,0,0,0
37488952755639934,36.38995194114477,-5.763568969285317,0.24069631099700928,41648001024.0,0.6833697557449341,1,0,0,0,0,0,0,0
75339378548828908,241.91512141857527,54.26477401609743,0.12565456330776215,30371000320.0,0.8847396969795227,1,0,0,0,0,0,0,1
44218109946522766,149.2791939891434,3.532708567894146,0.32588526606559753,27939000320.0,0.5170666575431824,1,0,0,0,0,0,0,0
75954422160600010,241.98543179533203,56.05155991457658,0.11804591864347458,34722000896.0,0.8912815451622009,1,0,0,0,0,0,0,0
37494192615739537,36.799718399801954,-5.071246595256687,0.14709268510341644,22649999360.0,0.5947696566581726,1,0,0,0,0,0,0,0
41619427099182940,350.930199290175,-0.30801143228449324,0.3079191744327545,3616399872.0,0.733234167098999,1,0,0,0,0,0,0,0
75344060063193353,243.76259773168894,54.70818358219566,0.14428949356079102,9475000320.0,0.8426632881164551,1,0,0,0,0,0,0,0
41619272480359277,351.018814655588,-1.137843751463571,0.17476557195186615,38129999872.0,0.9147983193397522,1,0,0,0,0,0,0,0
37494059471760236,37.05646015834791,-4.825057632057802,0.32956239581108093,66154000384.0,0.5093797445297241,1,0,0,0,0,0,0,0
41624228872611450,351.8978605735768,-0.7567655062370493,0.1698356419801712,8547899904.0,0.8444331884384155,1,0,0,0,0,0,0,0
74696593743312658,242.65381552628216,53.51644793192155,0.3059183359146118,11667000320.0,0.6003201007843018,1,0,0,0,0,0,0,0
75343896854426090,244.02005117274064,53.62737177238861,0.272352010011673,108079996928.0,0.7052109241485596,1,0,0,0,0,0,0,1
37489798864208111,35.26804560952261,-4.778476500731531,0.14497174322605133,21563000832.0,0.6751026511192322,1,0,0,0,0,0,0,0
38553563479172437,36.0208477103261,-3.9273117889715357,0.3497171103954315,41733001216.0,0.7283891439437866,1,0,0,0,0,0,0,0
41623266799937016,353.1338986961294,-0.7435680995519252,0.18727420270442963,92226002944.0,0.8294996023178101,1,0,0,0,0,0,0,1
37489365072504156,35.87052174261807,-5.767501078462048,0.2699422836303711,30769000448.0,0.7149505615234375,1,0,0,0,0,0,0,0
75338824498060206,243.0791294329954,54.16053077890481,0.13080963492393494,128219996160.0,0.9733344316482544,1,0,0,0,0,0,0,0
42692133836062169,352.9479134944303,0.9175358933188429,0.2403319627046585,9592000512.0,0.8684078454971313,1,0,0,0,0,0,0,1
41624087138699864,352.07389510617986,-0.9154451039262447,0.2756209373474121,32881999872.0,0.6091932058334351,1,0,0,0,0,0,0,0
42697219077329565,353.60659189105655,0.8645497477968298,0.19868403673171997,42501001216.0,0.5499107837677002,1,0,0,0,0,0,0,0
75343381458345308,245.4137258036218,54.961946637682864,0.2585162818431854,185930006528.0,0.7294914126396179,1,0,0,0,0,0,0,1
75343918329265807,244.11694872226835,54.46899169209465,0.24370048940181732,8663799808.0,0.8070205450057983,1,0,0,0,0,0,0,0
37489644245378001,35.505553698437446,-5.625801348959054,0.3341236114501953,17125000192.0,0.6057166457176208,1,0,0,0,0,0,0,0
75959365667954738,243.1268158284289,55.87269635081737,0.1900007426738739,22377000960.0,0.6951475143432617,1,0,0,0,0,0,0,1
42090430392729622,148.95703273637085,1.197209241821644,0.3600303828716278,49635999744.0,0.9274826645851135,1,0,0,0,0,0,0,0
75339503102881762,241.4257867235627,53.740862827773036,0.39464932680130005,21905000448.0,0.6199182271957397,1,0,0,0,0,0,0,1
76552947328123894,241.7925185294867,56.58751379364514,0.20035846531391144,218130006016.0,0.9304236173629761,1,0,0,0,0,0,0,0
38558369547580888,36.994986331126704,-4.017227238297015,0.23120956122875214,26823999488.0,0.6714954376220703,1,0,0,0,0,0,0,0
43153795575725228,149.40579193930458,2.550880867163338,0.3902614116668701,307710001152.0,0.9204059839248657,1,0,0,0,0,0,0,1
38558090374704286,37.30268057264584,-4.241039939109284,0.14560098946094513,24103000064.0,0.6210702061653137,1,0,0,0,0,0,0,0
41624082843730610,351.9630632499201,-1.1012584655024005,0.12713897228240967,13123000320.0,0.6083824038505554,1,1,0,0,1,1,0,0
41624108613534202,352.08636913528244,-0.010000006408598442,0.24930864572525024,53214998528.0,0.6282375454902649,1,0,0,0,0,0,0,0
75339533167655989,241.4382907570216,55.01980623065378,0.23309622704982758,9864899584.0,0.5449860692024231,1,0,0,0,0,0,0,0
38553971501068859,35.46046567362414,-4.051811642338305,0.13472875952720642,32063000576.0,0.899744987487793,1,1,1,0,0,1,0,0
75339090786032916,242.52118568743177,53.80485937843981,0.21562568843364716,134249996288.0,0.779472827911377,1,0,0,0,0,0,0,0
38553572069112513,36.012991309132886,-3.461863194124315,0.21856465935707092,7327799808.0,0.7988803386688232,1,0,0,0,0,0,0,1
38554108940018380,35.42132663273972,-4.1272122332855234,0.3182632029056549,24251000832.0,0.7031737565994263,1,0,0,0,0,0,0,1
42692125246130940,353.0588936515345,0.5940892178484087,0.3113912343978882,66986000384.0,0.9516707062721252,1,1,0,0,0,1,1,0
38553700918122639,35.81708424700619,-3.9861292858962702,0.1723368614912033,42203000832.0,0.8996391296386719,1,0,0,0,0,0,0,0
41623820850733946,352.3810871689021,-0.46489564477441875,0.2198038250207901,81668997120.0,0.9834079742431641,1,1,0,0,0,1,1,0
75954559599541563,241.4305998095848,55.953655195260076,0.20520736277103424,100080001024.0,0.6158846616744995,1,0,0,0,0,0,0,0
36429603367053250,35.81585013237837,-5.965018285789606,0.09068497270345688,18900000768.0,0.983250617980957,1,0,0,0,0,0,0,0
75959077905132815,243.6263177311094,55.15067650070791,0.2265334278345108,15466000384.0,0.9741350412368774,1,0,0,0,0,0,0,0
43158305291404901,150.61337895061024,1.5465179408962837,0.0796794593334198,33813000192.0,0.824581503868103,1,0,0,0,0,0,0,0
41619014782329173,351.54883172980215,-0.29112243456248316,0.09632597118616104,60222001152.0,0.9522832036018372,1,0,0,0,0,0,0,0
43154190712719056,148.81976581761992,1.7682689717933087,0.2858537435531616,150950002688.0,0.8654881715774536,1,1,0,0,0,1,1,0
44227730673266886,151.22094529050835,3.5642944623249604,0.18706923723220825,97126998016.0,0.7553873062133789,1,1,0,0,0,1,1,0
75339361368970337,241.9902951010843,53.61322697298054,0.11527787148952484,46415998976.0,0.8453202247619629,1,0,0,0,0,0,0,0
44223324036823572,149.7695408428065,3.203011101964262,0.20290139317512512,47914999808.0,0.8736871480941772,1,0,0,0,0,0,0,0
43158580169307949,150.28729389857486,1.5667568010006423,0.21754451096057892,25834000384.0,0.33578890562057495,1,1,0,0,0,1,1,0
75954430750522176,241.79392107501542,56.35096033394382,0.31304964423179626,40866000896.0,0.9230790138244629,1,1,0,0,1,0,1,0
75959107969911542,243.653531257056,56.525502430115694,0.14405956864356995,16748999680.0,0.668646514415741,1,0,0,0,0,0,0,0
43153937309666888,149.15219373578248,2.8777361881816526,0.14332202076911926,78990999552.0,0.9811291694641113,1,0,0,0,0,0,0,0
38558648720444967,36.685934210732405,-3.938597046395029,0.16673636436462402,7064500224.0,0.6907519698143005,1,0,0,0,0,0,0,0
38558506986523553,36.8342662052143,-4.165227581292816,0.13188238441944122,46426001408.0,0.8665326833724976,1,0,0,0,0,0,0,0
42692266980043691,352.8378232863017,0.6906651232264007,0.25408652424812317,46791000064.0,0.6375336647033691,1,0,0,0,0,0,0,0
38553834062115282,35.714440665259346,-4.047231250705308,0.2918212413787842,16919000064.0,0.5187951922416687,1,0,0,0,0,0,0,0
38558227813649039,37.11663061163724,-4.35983198563578,0.27265268564224243,112359997440.0,0.7972097396850586,1,0,0,0,0,0,0,0
75338841677922113,243.11789182015468,54.83696454082885,0.11044564843177795,7046900224.0,0.9943063259124756,1,0,0,0,0,0,0,0
38558232108628481,37.231164340193324,-4.003349671915926,0.2289115935564041,49001000960.0,0.9003210067749023,1,1,0,0,1,0,1,0
75954413570661935,241.78373323559998,55.650659021961125,0.19219663739204407,4222200064.0,0.7054179310798645,1,0,0,0,0,0,0,0
43158189327270785,150.75089857800063,2.3477845141448928,0.1793452948331833,86810001408.0,0.9898763298988342,1,0,0,0,0,0,0,0
38554254968911000,35.10706631759419,-3.641866148737108,0.16181083023548126,16684999680.0,0.874687910079956,1,0,0,0,0,0,0,0
41623537382883119,352.8501371781334,-0.9557673208679717,0.23898738622665405,72785002496.0,0.5671806335449219,1,0,0,0,0,0,0,0
43163536561557806,151.0057801374087,1.8005227041316947,0.1182885691523552,47065001984.0,0.9090362787246704,1,1,0,0,0,1,0,0
76557624547489419,243.75220862813228,56.64265651257213,0.14106258749961853,34894000128.0,0.7855119705200195,1,0,0,0,0,0,0,0
37484584773899463,34.879018565060285,-4.508780488487383,0.12857785820960999,62286999552.0,0.9862632751464844,1,0,0,0,0,0,0,0
37493784593856567,37.35801622976036,-4.744529592007618,0.13756486773490906,21908000768.0,0.8842880129814148,1,0,0,0,0,0,0,0
42692812440894613,351.96842782295795,0.5196753652342441,0.21405112743377686,31657000960.0,0.703275740146637,1,0,0,0,0,0,0,0
37489382252382186,35.92268308288793,-4.94080651548575,0.15293355286121368,8850799616.0,0.5476037859916687,1,0,0,0,0,0,0,0
37485267673702189,34.113629169163275,-4.721522535147148,0.11784491688013077,101319999488.0,0.9913979172706604,1,0,0,0,0,0,0,0
37494196910714960,36.74969691629786,-4.787639813351441,0.11480014771223068,31847999488.0,0.5713995695114136,1,0,0,0,0,0,0,0
43163012575546783,151.8069326788345,2.9025333540430376,0.05813578888773918,8246799872.0,0.951828122138977,1,0,0,0,0,0,0,1
42687589760657582,351.5949101613036,0.46512558534430637,0.16141684353351593,22200999936.0,0.676972508430481,1,0,0,0,0,0,0,1
42687722904661051,351.5192860191756,0.4634500135676061,0.16248905658721924,67254001664.0,0.6753231287002563,1,0,0,0,0,0,0,0
37490069447148775,34.974263251165056,-4.952814132361651,0.04989253729581833,4702099968.0,0.9276909232139587,1,0,0,0,0,0,0,0
41619701977087859,350.53375398517187,-0.3307936332168519,0.112654909491539,3650400000.0,0.5175478458404541,1,0,0,0,0,0,0,0
38558506986526330,36.81103365302832,-4.1325317644516355,0.19120386242866516,37203001344.0,0.7258530855178833,1,0,0,0,0,0,0,0
41623803670858322,352.3953302343067,-1.2732799852377281,0.12279893457889557,16993999872.0,0.8756713271141052,1,0,0,0,0,0,0,0
41619427099171451,350.94901752264724,-0.45245706122858276,0.1697024703025818,33597999104.0,0.7836841344833374,1,1,0,0,0,1,0,0
41623399943926949,353.007312743338,-0.9518935608965474,0.2534061670303345,16512000000.0,0.600667417049408,1,0,0,0,0,0,0,0
38558240698548197,37.161965279422816,-3.7579854745124646,0.29961785674095154,70753001472.0,0.6365673542022705,1,1,0,0,0,1,0,0
75954821592552551,240.7642807556095,55.49712170180071,0.22941572964191437,90886995968.0,0.8372413516044617,1,1,0,0,0,1,0,0
41619680502250470,350.5560119073381,-1.2571201752710885,0.3586609661579132,166870007808.0,0.5759056806564331,1,1,0,0,1,0,1,0
38549431720641993,34.26669080377794,-4.256699568060909,0.11579485982656479,28739999744.0,0.826280415058136,1,1,0,0,0,1,0,0
37489944893088191,35.22975883018235,-4.47680261481827,0.1613009124994278,56717000704.0,0.9417034387588501,1,1,0,0,0,1,1,0
41623829440667791,352.37070699216434,-0.12008873301190288,0.1781432181596756,17472000000.0,0.9279388785362244,1,0,0,0,0,0,0,1
75959769394871070,242.1621192734762,55.40785006539313,0.12012670189142227,57655001088.0,0.9867967963218689,1,1,0,0,1,1,0,0
37493922032804253,37.26875782408948,-4.8396951659145095,0.22141480445861816,14531000320.0,0.939116358757019,1,0,0,0,0,0,0,0
37485400817693281,33.93298010527774,-4.846563220684819,0.07842476665973663,9148499968.0,0.9358504414558411,1,1,0,0,0,1,0,0
41623670526879167,352.5025117851227,-1.0267384362901704,0.12341739237308502,21763999744.0,0.847233235836029,1,1,0,0,0,1,1,0
37489395137269082,35.871441304380845,-4.535995482486017,0.18199260532855988,40896999424.0,0.7880189418792725,1,0,0,0,0,0,0,0
37484717917909469,34.831715443373106,-4.556651839148607,0.1959197223186493,24035999744.0,0.5054154396057129,1,1,0,0,0,1,1,0
44223465770745657,149.5217394606544,3.3931527726826136,0.08827461302280426,4883299840.0,0.9702027440071106,1,0,0,0,0,0,0,0
38558232108626013,37.262353942323855,-4.032247733978243,0.3382095396518707,74829996032.0,0.6155893206596375,1,0,0,0,0,0,0,0
75959090790042850,243.70469378391482,55.82088277749682,0.2794891893863678,14099999744.0,0.8753058910369873,1,0,0,0,0,0,0,0
75958803027221590,244.37656911826122,55.13500986057105,0.2160552442073822,9562200064.0,0.8911349177360535,1,0,0,0,0,0,0,1
75334435041479100,240.78604318622774,54.551789282484904,0.2686113715171814,38521999360.0,0.4877416491508484,1,1,0,0,0,1,0,0
42089472615015860,150.12758796850872,1.2925381493162396,0.29848891496658325,7144600064.0,0.8379935026168823,1,0,0,0,0,0,0,0
41619422804217961,350.97603497146144,-0.49079179569766135,0.17883668839931488,14090000384.0,0.7526388168334961,1,0,0,0,0,0,0,0
38553846947014162,35.74266623761149,-3.505718924637698,0.22408993542194366,20678000640.0,0.6776818633079529,1,0,0,0,0,0,0,0
74701812128580579,242.95427746986655,53.36300352778048,0.35317283868789673,3530599936.0,0.6379085779190063,1,1,0,0,0,1,0,0
37493926327768119,37.179797696987244,-4.713024783167788,0.24911974370479584,39132999680.0,0.7992453575134277,1,0,0,0,0,0,0,0
38558378137501841,37.023084308303936,-3.77466864153485,0.1337605118751526,66672001024.0,0.9693634510040283,1,1,0,0,0,1,0,0
38553417450281570,36.248231508368086,-4.297342539696467,0.22479313611984253,11948999680.0,0.5995849370956421,1,0,0,0,0,0,0,0
75343918329265806,244.11936337917953,54.46887219605466,0.2677345871925354,31616999424.0,0.7558847665786743,1,0,0,0,0,0,0,0
38558098964640192,37.35431176620841,-3.8440026008539,0.15508665144443512,99478003712.0,0.8110896944999695,1,1,0,0,0,1,0,0
75958949056126889,244.0306901774095,55.675774719383796,0.20377813279628754,35492999168.0,0.5303990244865417,1,0,0,0,0,0,0,0
42089743197947178,149.7312957810941,1.0524845229735982,0.20747821033000946,39156998144.0,0.9454325437545776,1,0,0,0,0,0,0,1
75339498807912332,241.48765077527716,53.57666124725627,0.18239057064056396,121840001024.0,0.9413872957229614,1,0,0,0,0,0,0,0
44218243090500544,149.1020397300466,3.254454796514762,0.3431590497493744,79558000640.0,0.6494722366333008,1,0,0,0,0,0,0,0
75959223934028355,243.32557634782506,55.644997904094616,0.3021227717399597,10661000192.0,0.7320044040679932,1,0,0,0,0,0,0,0
37494330054700987,36.687873470855195,-4.9640061900254695,0.2551509737968445,13466999808.0,0.3501378893852234,1,1,0,0,0,1,1,0
38558644425474743,36.580463128107446,-4.185262578822774,0.21847788989543915,19829999616.0,0.5970757007598877,1,0,0,0,0,0,0,0
41619427099182108,351.004341361128,-0.3177272889558019,0.21910133957862854,139320000512.0,0.7613999843597412,1,0,0,0,0,0,0,0
37489781684330244,35.33153835264088,-5.611611537507398,0.0722736269235611,7118700032.0,0.9334715604782104,1,1,1,0,0,0,0,0
43158605939094700,150.22702657718608,2.6514307159453403,0.29835477471351624,76515999744.0,0.8562854528427124,1,1,0,0,1,0,0,1
37485400817704307,33.87540008951781,-4.739862465194212,0.09841872751712799,25845000192.0,0.7017327547073364,1,0,0,0,0,0,0,0
38553709508060540,35.798308602073845,-3.4994270611080793,0.2616468369960785,19264000000.0,0.5835333466529846,1,0,0,0,0,0,0,0
74696860031265411,242.07849093010105,53.2710593766895,0.10201245546340942,3997400064.0,0.839745283126831,1,0,0,0,0,0,0,0
75959077905137922,243.66069753089846,55.19358431811535,0.17169852554798126,70924001280.0,0.521613597869873,1,0,0,0,0,0,0,0
41619427099184353,350.906992413014,-0.2808462920003604,0.306059867143631,49399001088.0,0.6026370525360107,1,0,0,0,0,0,0,1
43153920129782322,149.04359280680535,1.994084450762589,0.21958652138710022,26480001024.0,0.40619656443595886,1,1,0,1,0,0,1,0
44218109946518527,149.40850272188527,3.495062922630027,0.15834873914718628,15733000192.0,0.6751935482025146,1,0,0,0,0,0,0,0
43158584464260423,150.18874158331136,1.6465258513619823,0.16383621096611023,80864002048.0,0.8922953605651855,1,0,0,0,0,0,0,0
75343905444360516,244.04045773668872,53.86706939694142,0.23983851075172424,18550999040.0,0.7369714975357056,1,0,0,0,0,0,0,0
42094136949506460,151.34875466063764,1.0103432268978971,0.14381983876228333,9287600128.0,0.4145159125328064,1,1,0,0,0,1,0,0
74701537250673217,243.80041128442767,53.424266748929966,0.07854601740837097,4951099904.0,0.8760451078414917,1,0,0,0,0,0,0,0
41618739904409712,351.77523525725786,-0.3959459072522277,0.22893978655338287,93872996352.0,0.9387615919113159,1,0,0,0,0,0,0,0
41623391353991019,352.92318204706334,-1.316740251337583,0.2904002368450165,43437998080.0,0.5283203721046448,1,0,0,0,0,0,0,0
41628635509062783,353.34589857457905,-0.3288452570228573,0.16971969604492188,17132999680.0,0.9245860576629639,1,0,0,0,0,0,0,0
43158867932114181,149.89804310555616,2.031545716213807,0.23755072057247162,5061000192.0,0.9438892602920532,1,0,0,0,0,0,0,0
37494458903719669,36.46505078725844,-5.353973191846397,0.3193272650241852,27310000128.0,0.684768557548523,1,0,0,0,0,0,0,1
75339232519958373,242.33070485989475,54.013655849289826,0.3637239336967468,153889996800.0,0.5290155410766602,1,0,0,0,0,0,0,0
38553559184196393,36.15365378146149,-4.179691644380229,0.24012407660484314,21077999616.0,0.9174433946609497,1,0,0,0,0,0,0,0
38549027993699822,34.83574656809691,-3.944138309526356,0.26804548501968384,364360007680.0,0.7934622168540955,1,0,0,0,0,0,0,0
37489803159173676,35.41525476454828,-4.619758263617724,0.24446813762187958,44380000256.0,0.6357537508010864,1,0,0,0,0,0,0,0
42692821030833409,352.0567005710376,0.955295656970726,0.2033109962940216,65173999616.0,0.8988362550735474,1,1,0,0,0,0,1,0
37493922032806167,37.22901643509962,-4.810287023009043,0.2751992344856262,62583001088.0,0.8311179876327515,1,0,0,0,0,0,0,0
75959515991794146,242.79844274791284,56.25729907454384,0.08857202529907227,3942700032.0,0.8894888162612915,1,0,0,0,0,0,0,0
43154212187557926,148.68367551221985,2.7104642444552534,0.13265343010425568,21159999488.0,0.9906212091445923,1,0,0,0,0,0,0,0
37489244813428131,36.11092914878873,-4.931186964881441,0.316397488117218,162649997312.0,0.5852293372154236,1,0,0,0,0,0,0,0
41623408533865593,353.0173119976422,-0.5205389804601348,0.35563650727272034,31266000896.0,0.6134467124938965,1,0,0,0,0,0,0,0
43163283158491618,151.3521646309098,2.736567133961919,0.16938376426696777,38442000384.0,0.70383220911026,1,0,0,0,0,0,0,0
75338957642048256,242.7229497154956,53.98133011126943,0.3187762200832367,12129000448.0,0.5551474094390869,1,0,0,0,0,0,0,0
41623799375884707,352.4549841990572,-1.4520922923264352,0.12067220360040665,8710700032.0,0.6511746644973755,1,0,0,0,0,0,0,0
41623399943930364,352.9312741619221,-0.90665214936557,0.08987100422382355,14956999680.0,0.9701271057128906,1,0,0,0,0,0,0,0
37485538256639548,33.73043326005388,-4.880505418478427,0.14289966225624084,7107299840.0,0.6342350244522095,1,0,0,0,0,0,0,1
42691987807182099,353.1593866086386,0.6194482382539616,0.1705346405506134,40261001216.0,0.5693102478981018,1,0,0,0,0,0,0,0
41618989012508786,351.39523276295046,-1.4753393527858094,0.15036070346832275,36121001984.0,0.8510217666625977,1,1,0,0,0,1,0,0
37494342939591382,36.62264862006483,-4.533097957924453,0.17573057115077972,55991001088.0,0.823371171951294,1,1,0,0,0,0,1,0
41623829440660169,352.48220271659477,-0.19512809325659394,0.17932714521884918,75671003136.0,0.8555471897125244,1,0,0,0,0,0,0,0
74696731182267013,242.27359405345743,53.53949170465865,0.2151547074317932,22979000320.0,0.6742324829101562,1,1,0,0,0,1,1,0
75338571094983503,243.69782524672505,55.03249686911184,0.3053734302520752,127360000000.0,0.37245023250579834,1,1,0,0,0,1,0,0
43158060478271685,150.9797211286552,2.8797409424485987,0.2931675612926483,89074999296.0,0.5820470452308655,1,0,0,0,0,0,0,0
40550435509003198,351.26918953787884,-1.517592941285589,0.2664693295955658,62589001728.0,0.5559266209602356,1,0,0,0,0,0,0,0
38554117529949673,35.246797390403586,-3.755407506776351,0.1867954432964325,46208000000.0,0.8367164731025696,1,1,0,0,1,0,1,0
37488952755640514,36.392114346733095,-5.755883140438518,0.2738461494445801,44875001856.0,0.776720404624939,1,0,0,0,0,0,0,0
42687714314721308,351.5252262085591,0.07612761300237363,0.23668494820594788,30538999808.0,0.5617480874061584,1,1,0,0,1,0,0,0
37489919123281837,35.16371479547126,-5.618174602609405,0.33580273389816284,50925998080.0,0.573350191116333,1,0,0,0,0,0,0,0
37494201205685015,36.85970395160191,-4.557820899765525,0.25789886713027954,16768000000.0,0.6385576725006104,1,0,0,0,0,0,0,0
76557624547488448,243.63995979606864,56.622052375567584,0.11494667828083038,6025900032.0,0.7462610006332397,1,0,0,0,0,0,0,0
42692125246124861,352.95186944076204,0.5121516634137813,0.17918094992637634,49437999104.0,0.5251696109771729,1,0,0,0,0,0,0,0
75954551009612156,241.43023220510798,55.670548649233574,0.14181387424468994,19950999552.0,0.8680551052093506,1,1,0,0,0,1,0,0
75959365667950457,243.24699752308115,55.80486253279596,0.275078147649765,9186899968.0,0.6820896863937378,1,0,0,0,0,0,0,0
75959490221998377,242.63600038763462,55.20389637453945,0.23888050019741058,22050000896.0,0.7310870289802551,1,0,0,0,0,0,0,0
41623391353992327,352.9682635503019,-1.2979414124973427,0.2859342098236084,284190015488.0,0.7269566655158997,1,1,0,0,0,1,1,0
42692112361231393,352.8886592403478,0.05231291332158668,0.12431858479976654,12728000512.0,0.8443858027458191,1,0,0,0,0,0,0,0
41623820850716414,352.4944975606581,-0.6503340594972331,0.16189037263393402,60017000448.0,0.905002772808075,1,0,0,0,0,0,0,0
44223049158912393,150.08131406734975,3.2044181947122192,0.307253360748291,11674000384.0,0.6460352540016174,1,0,0,0,0,0,0,1
43163412007504468,151.17688458802994,2.3258361946403534,0.06093917042016983,42827001856.0,0.9116150736808777,1,0,0,0,0,0,0,0
37484859651810944,34.54828660603679,-4.518482616060533,0.126104474067688,45662998528.0,0.9179600477218628,1,0,0,0,0,0,0,0
75959511696828409,242.9367859356573,56.086192195905646,0.20566800236701965,26019000320.0,0.9752731323242188,1,0,0,0,0,0,0,0
38558236403586775,37.23454336712296,-3.956305616300729,0.24861739575862885,14528000000.0,0.6626472473144531,1,0,0,0,0,0,0,0
44223332626759568,149.75776906937293,3.6171162575475333,0.21663238108158112,15530999808.0,0.9166522026062012,1,0,0,0,0,0,0,0
42090151219855179,149.23410835271707,0.9854192671509222,0.2480386197566986,45961998336.0,0.5426896810531616,1,0,0,0,0,0,0,0
38553417450284451,36.34372574488189,-4.264950181724393,0.32834193110466003,25688000512.0,0.9205077886581421,1,0,0,0,0,0,0,0
74696593743306993,242.50937900976174,53.461656130125036,0.21277834475040436,34094000128.0,0.5525928735733032,1,0,0,0,0,0,0,0
44223044863948654,150.15055666876856,3.0437081146578087,0.1391952484846115,16455000064.0,0.8387444019317627,1,0,0,0,0,0,0,0
37489940598126159,35.054755031672215,-4.646267408425817,0.142564058303833,87106002944.0,0.9868359565734863,1,0,0,0,0,0,0,0
75343905444367817,243.89596098531166,53.959053396589155,0.2287135273218155,73190998016.0,0.6359114050865173,1,0,0,0,0,0,0,0
37489103079505227,36.242750562762225,-5.13454979677138,0.14250005781650543,225870004224.0,0.9883852601051331,1,0,0,0,0,0,0,0
42692945584892769,351.86669270804504,0.4362163723348961,0.34534668922424316,24390000640.0,0.7248066067695618,1,0,0,0,0,0,0,0
43163399122607608,151.23666628045197,1.8363536017876354,0.3685852587223053,7750099968.0,0.980347752571106,1,0,0,0,0,0,0,1
42687731494588537,351.5079702297185,0.7660450256955594,0.15928347408771515,9337400320.0,0.7000830173492432,1,0,0,0,0,0,0,0
43162982510778932,151.68908496127307,1.741757376293978,0.12308800965547562,28422000640.0,0.8887523412704468,1,0,0,0,0,0,0,0
37494201205677529,36.736441398022016,-4.670277926823388,0.1140291839838028,5250599936.0,0.8655660152435303,1,0,0,0,0,0,0,0
38553975796029091,35.50997021362267,-3.946887609832325,0.12397127598524094,35720998912.0,0.8808435797691345,1,1,0,0,1,0,1,0
42688002077525075,351.09054177246776,0.6082719918709939,0.15731868147850037,21529999360.0,0.7647321224212646,1,0,0,0,0,0,0,0
42089743197946937,149.75162654792175,1.0676441813948827,0.26868313550949097,29981999104.0,0.5430045127868652,1,0,0,0,0,0,0,0
75959223934016844,243.41137182944823,55.50817225332302,0.219758540391922,105459998720.0,0.5819233655929565,1,0,0,0,0,0,0,0
43163119949730767,151.5580990125701,1.5925785177019542,0.23023448884487152,50168999936.0,0.6958659291267395,1,1,0,1,0,0,0,0
43158739083089494,150.07226022383287,2.366238440642497,0.20151841640472412,138000007168.0,0.6880838871002197,1,0,0,0,0,0,0,0
37494338644639591,36.60042719752626,-4.560454014396051,0.34711042046546936,16485000192.0,0.5984957814216614,1,0,0,0,0,0,0,0
38553550594276921,36.131056783507844,-4.390871066278028,0.11690464615821838,15230000128.0,0.9284210801124573,1,0,0,0,0,0,0,0
42090159809777204,149.1660257349284,1.2351066411274427,0.07899241149425507,15040000000.0,0.8010932207107544,1,1,0,0,0,1,0,0
75339086491060980,242.52284649857688,53.5730064141626,0.12526343762874603,3663899904.0,0.6684780120849609,1,0,0,0,0,0,0,0
38553421745256153,36.27974919878364,-4.025200426087973,0.22746732831001282,11536000000.0,0.7325175404548645,1,0,0,0,0,0,0,0
75343518897304105,245.05361031278082,54.990207829519484,0.1809125542640686,10286000128.0,0.5950905084609985,1,1,0,0,0,1,0,0
38558365252606861,36.92375515765495,-4.314767486378151,0.26872432231903076,21404999680.0,0.5677066445350647,1,0,0,0,0,0,0,0
38553421745246498,36.193980619286364,-4.150793158035859,0.2619805932044983,6152099840.0,0.9471725225448608,1,0,0,0,0,0,0,0
43159009666029490,149.7581516428165,2.190758652097169,0.09908809512853622,20924000256.0,0.8476268649101257,1,1,1,0,0,1,0,0
38553275716367258,36.373600679446945,-4.380284241557738,0.3299837112426758,209249992704.0,0.6468327045440674,1,0,0,0,0,0,0,0
44223049158908280,150.08413890639815,3.1259401808099474,0.38592207431793213,13008000000.0,0.7757447361946106,1,0,0,0,0,0,0,1
42696922724580932,353.90966519620173,0.025283738003209273,0.148854061961174,43646001152.0,0.8568807244300842,1,1,0,0,0,1,1,0
42687589760671753,351.60620095681963,0.618647681545036,0.21023812890052795,193769996288.0,0.8144521117210388,1,1,0,0,1,1,0,0
43158601644148573,150.2758413548762,2.451938107045222,0.21887220442295074,4921699840.0,0.5236533284187317,1,0,0,0,0,0,0,0
42687718609679895,351.57065603686,0.12628820684383024,0.10916102677583694,44606001152.0,0.9262653589248657,1,0,0,0,0,0,0,0
42692125246125295,352.9125713730451,0.5178006953030915,0.15203428268432617,49621000192.0,0.9110128879547119,1,0,0,0,0,0,0,0
75959490222004145,242.9378848457202,55.26098040067197,0.07590783387422562,25159000064.0,0.6372066736221313,1,0,0,0,0,0,0,0
44227868112221139,151.0057173213941,3.5509275028669243,0.14603030681610107,20113000448.0,0.3629947900772095,1,1,0,0,0,1,1,0
42692404419000562,352.52346832809786,0.7241435596767396,0.1323268711566925,32918999040.0,0.9339965581893921,1,0,0,0,0,0,0,0
75954825887507515,240.88425137331785,55.555958301334584,0.12301848083734512,40119001088.0,0.9360678791999817,1,0,0,0,0,0,0,0
44222769986025947,150.4823408611937,2.9756166874415206,0.3520849049091339,11909000192.0,0.8865909576416016,1,0,0,0,0,0,0,0
38553280011322620,36.41504822062742,-4.35231080156698,0.10962112247943878,52700999680.0,0.964370608329773,1,0,0,0,0,0,0,0
38558373842543340,37.049036698629145,-3.895764777448878,0.34641167521476746,34975997952.0,0.8038432598114014,1,0,0,0,0,0,0,0
41623962584643053,352.2752801009588,-0.4025383728027154,0.15370328724384308,97480998912.0,0.9775776863098145,1,0,0,0,0,0,0,0
75339649131759454,241.3071564909544,54.048342752242164,0.05819258093833923,15790000128.0,0.9217621088027954,1,0,0,0,0,0,0,0
44223336921712409,149.62823028810985,3.6342235230346307,0.09791643172502518,8767500288.0,0.7284544110298157,1,0,0,0,0,0,0,0
38553700918133623,35.97870384411782,-3.8492368316986294,0.3316521644592285,63635001344.0,0.5760329365730286,1,0,0,0,0,0,0,0
43163253093730683,151.37815886879872,1.561060234611267,0.2474256157875061,105799999488.0,0.5760732889175415,1,0,0,0,0,0,0,0
41618864458460281,351.5795498298045,-0.9864792656689081,0.11966469883918762,3966700032.0,0.5686273574829102,1,0,0,0,0,0,0,0
75959374257873438,242.95489921078973,56.06904322815454,0.2398131936788559,16567000064.0,0.6918078064918518,1,0,0,0,0,0,0,0
42692271275012646,352.8123774126434,0.9150360483748081,0.1786770075559616,47026999296.0,0.7692751288414001,1,0,0,0,0,0,0,0
43163274568563513,151.33897215612623,2.4545921780398126,0.2368016391992569,124130000896.0,0.52363520860672,1,0,0,0,0,0,0,0
43158313881336842,150.56127608161967,1.9420758238886453,0.2888214588165283,167760003072.0,0.6214205026626587,1,1,0,0,0,1,0,0
44227734968224782,151.0919369893588,3.630676357739308,0.24788033962249756,24100999168.0,0.7926895618438721,1,1,0,0,0,1,1,0
43163283158499909,151.42720264808662,2.823241676914121,0.11665287613868713,46738001920.0,0.5786041617393494,1,0,0,0,0,0,0,0
37489519691326565,35.753598920890404,-5.066322281556666,0.15096090734004974,9547100160.0,0.699169933795929,1,0,0,0,0,0,0,0
42692391534103719,352.58628187338263,0.22258144838413613,0.2234412282705307,38568001536.0,0.745847225189209,1,0,0,0,0,0,0,0
37489111669426270,36.21064775290818,-4.915527516604598,0.22124654054641724,33620000768.0,0.6233400106430054,1,0,0,0,0,0,0,0
38558502691556487,36.901007817796035,-4.364233842083656,0.2270505279302597,28203999232.0,0.6252342462539673,1,1,0,0,0,1,1,0
43158601644133167,150.21912331541273,2.4075011833509965,0.10561399161815643,52367998976.0,0.9279074668884277,1,0,0,0,0,0,0,0
37489244813423463,36.02088177752399,-4.995139320940922,0.20485106110572815,40793001984.0,0.6649397015571594,1,0,0,0,0,0,0,0
43163412007510793,151.2453396417203,2.3964041939616556,0.31304827332496643,84982996992.0,0.6636896133422852,1,0,0,0,0,0,0,0
75959095085015522,243.62412878353678,56.03429427309697,0.3093491196632385,21696999424.0,0.8790205717086792,1,0,0,0,0,0,0,0
37489094489560256,36.28476651293129,-5.654885303258484,0.2684629559516907,146719997952.0,0.8725122213363647,1,0,0,0,0,0,0,0
42089605758994670,149.99200556004897,1.0468292092843097,0.3518516421318054,42241998848.0,0.7917795777320862,1,0,0,0,0,0,0,0
42090297248740867,149.00833363415566,1.3560398142657675,0.07838504016399384,26123999232.0,0.8275549411773682,1,1,0,1,0,0,0,0
75959490221996511,242.88669444581427,55.209646733866,0.2338370680809021,57874001920.0,0.8496558666229248,1,1,0,0,0,1,1,0
75339245404846549,242.13186798010696,54.47275599601504,0.18374507129192352,11731000320.0,0.6511601805686951,1,1,0,0,0,1,0,0
75339090786031773,242.3976406260304,53.79320435711804,0.08160369843244553,13221000192.0,0.8759406805038452,1,0,0,0,0,0,0,0
38553838357071058,35.62437138647804,-3.9927308398379364,0.27818959951400757,70050996224.0,0.7359616756439209,1,0,0,0,0,0,0,0
43163124244704259,151.4717948787234,1.8804149992436092,0.1679629385471344,24212000768.0,0.674035906791687,1,0,0,0,0,0,0,0
37494192615743330,36.799318228221445,-5.016685262448195,0.2259286642074585,6390499840.0,0.5039183497428894,1,0,0,0,0,0,0,0
74696864326251268,242.03521855986745,53.45987007699945,0.06593675166368484,11889000448.0,0.8902871608734131,1,0,0,0,0,0,0,0
75343896854426629,243.95879664087386,53.6308190507992,0.19537103176116943,15185999872.0,0.6399412155151367,1,0,0,0,0,0,0,0
42692541857948988,352.42605660487686,0.6717426160626613,0.11199215799570084,5908599808.0,0.5222018957138062,1,0,0,0,0,0,0,0
41618722724541827,351.7949585732342,-1.1390865369385879,0.3116219937801361,150339993600.0,0.6924887895584106,1,0,0,0,0,0,0,0
37489652835317875,35.51138359551971,-5.175371374212986,0.16028308868408203,18538999808.0,0.8213744759559631,1,0,0,0,0,0,0,0
38558506986524065,36.843036076483436,-4.159960594947598,0.24353301525115967,6902799872.0,0.6534711122512817,1,0,0,0,0,0,0,0
38558644425484779,36.55399741774514,-4.0398476910809284,0.20889130234718323,30498000896.0,0.5407431125640869,1,0,0,0,0,0,0,0
41618877343368292,351.68458732153886,-0.36866712862364276,0.3864034414291382,54361001984.0,0.8496869802474976,1,0,0,0,0,0,0,0
37488969935513797,36.42095122947585,-4.978296597719721,0.3278401792049408,22200000512.0,0.7188218832015991,1,0,0,0,0,0,0,0
41623541677851302,352.7364617669234,-0.753733151869464,0.14672541618347168,22973999104.0,0.5975428819656372,1,0,0,0,0,0,0,0
37484700738035835,34.821304826467674,-5.314066767872109,0.17541956901550293,29066999808.0,0.766148567199707,1,1,0,0,0,1,0,0
41623829440663387,352.32163791909306,-0.14248222625383722,0.18567781150341034,23243999232.0,0.5159810185432434,1,0,0,0,0,0,0,0
75343914034300235,243.93082213681285,54.3022977187496,0.13500761985778809,5200200192.0,0.9044952988624573,1,0,0,0,0,0,0,0
42094562151254591,150.79292659541926,1.403568516773404,0.08981002122163773,27776999424.0,0.8129559755325317,1,1,1,0,0,0,0,0
37489373662440485,35.817848825979574,-5.385252489655787,0.12454767525196075,15742000128.0,0.8801931738853455,1,0,0,0,0,0,0,0
42090013780891063,149.43576844924058,0.8883418652881542,0.30960613489151,45816000512.0,0.5142439603805542,1,0,0,0,0,0,0,0
37489111669427000,36.2960075233636,-4.90931764022024,0.23589812219142914,229129994240.0,0.9843937754631042,1,1,0,0,0,1,1,0
43162982510772240,151.75741525222767,1.5934564069102246,0.1785239279270172,18179000320.0,0.6115437746047974,1,0,0,0,0,0,0,1
38553834062109939,35.74410495416558,-4.120873391689398,0.25813576579093933,120269996032.0,0.948006808757782,1,1,0,0,0,0,1,0
38558781864428565,36.50958392360384,-4.143003123387436,0.27725714445114136,38778998784.0,0.7336715459823608,1,0,0,0,0,0,0,0
37485405112659394,33.86765791426261,-4.678120306889354,0.3491957187652588,288379994112.0,0.9692260026931763,1,1,0,0,0,0,1,0
76552676745176202,242.3690998362659,56.669677533986246,0.23134580254554749,9890199552.0,0.8163049221038818,1,1,0,0,0,1,0,0
38558373842547277,36.92271943836002,-3.8411669074541623,0.22101330757141113,32362000384.0,0.829127311706543,1,0,0,0,0,0,0,0
37484979910891830,34.31068918196934,-5.29277281274848,0.0978381410241127,57173999616.0,0.579100489616394,1,0,0,0,0,0,0,0
37489236223483196,36.123613905809684,-5.438969607410741,0.17635256052017212,9596000256.0,0.3639318346977234,1,1,0,0,0,1,0,0
37489244813425378,36.12023098197635,-4.9665025370631115,0.24760577082633972,129020002304.0,0.7482476830482483,1,0,0,0,0,0,0,0
37493922032803148,37.210733566288965,-4.858256062172012,0.16882504522800446,17749000192.0,0.757849931716919,1,0,0,0,0,0,0,0
43158751967988028,150.03418418604767,2.941192553511244,0.19043749570846558,4605100032.0,0.38326171040534973,1,1,0,0,0,1,1,1
75338820203096989,243.0397853569151,54.000310502711976,0.13042820990085602,41401999360.0,0.760057270526886,1,1,0,0,1,1,0,0
74701541545634920,243.8383485216183,53.51989347847308,0.13321134448051453,22456000512.0,0.8264109492301941,1,1,0,0,1,0,1,0
37493917737838356,37.1120986379695,-5.002307425844432,0.2467830628156662,164940005376.0,0.7422022819519043,1,0,0,0,0,0,0,0
75339090786016308,242.6003008749129,53.65187478829103,0.16112306714057922,12938999808.0,0.8739967942237854,1,0,0,0,0,0,0,0
41618989012509139,351.5058210270659,-1.4727511482078335,0.12010210752487183,30865999872.0,0.7685040831565857,1,1,0,0,0,1,0,0
37494205500645820,36.76579848660972,-4.466295372134473,0.08572550863027573,9663800320.0,0.8482586741447449,1,1,0,0,0,1,0,0
38554117529945708,35.353126308654204,-3.8041403564784178,0.23280109465122223,23149000704.0,0.7889288067817688,1,0,0,0,0,0,0,0
42697077343418513,353.6510606489311,0.7431908705362154,0.11430423706769943,41308999680.0,0.9153745174407959,1,0,0,0,0,0,0,0
42696935609482975,353.85551690010465,0.5535328483037849,0.2870629131793976,223230001152.0,0.6087272763252258,1,0,0,0,0,0,0,1
75954697038491826,241.30063079418693,56.05378278626756,0.21153594553470612,122020003840.0,0.37145286798477173,1,1,0,0,0,1,0,0
74696589448348294,242.54193662752914,53.400026044861185,0.1628705859184265,11847000064.0,0.751928448677063,1,0,0,0,0,0,0,0
44223049158899974,150.13294098640603,3.170309983486524,0.2548427879810333,4537900032.0,0.3769901990890503,1,1,0,0,0,1,0,0
75338837382964034,243.02672090549638,54.7348993087017,0.31728222966194153,35951001600.0,0.7070031762123108,1,0,0,0,0,0,0,0
44223044863948444,149.9953692411114,3.039890615911684,0.09656445682048798,32590000128.0,0.9728682041168213,1,1,0,0,1,1,1,0
44223182302885123,149.82470320356506,2.9856823881388936,0.18516069650650024,5650800128.0,0.9425216913223267,1,0,0,0,0,0,0,1
37490060857203120,35.01095071405552,-5.453682294519735,0.25200995802879333,16840999936.0,0.598744809627533,1,0,0,0,0,0,0,0
43154048978812532,148.9789823626259,1.7406234977185826,0.11078079789876938,18514999296.0,0.9073392152786255,1,0,0,0,0,0,0,0
41623812260793670,352.34339012959657,-0.9271575013280007,0.2403511255979538,34930999296.0,0.5827511548995972,1,0,0,0,0,0,0,0
42691979217237063,353.18698644870756,0.11272620797796258,0.33005091547966003,116360003584.0,0.5364149808883667,1,0,0,0,0,0,0,0
74701537250671256,243.75461476346385,53.440505336100486,0.2647056579589844,11621999616.0,0.5939032435417175,1,0,0,0,0,0,0,1
38554259263866297,35.175621706957436,-3.605856103252846,0.23584339022636414,59039997952.0,0.9016309976577759,1,0,0,0,0,0,0,0
75958803027225026,244.4906071507207,55.16122818003536,0.08825729042291641,11822000128.0,0.5708496570587158,1,0,0,0,0,0,0,0
41623421418759995,352.9941551388575,-0.06643888902789792,0.22341474890708923,63856001024.0,0.6519291400909424,1,0,0,0,0,0,0,0
74701812128579793,243.05190566243436,53.358814326510945,0.17496535181999207,44681998336.0,0.963680624961853,1,0,0,0,0,0,0,0
42692249800184389,352.7147825804908,0.06209281865244336,0.14956779778003693,88637997056.0,0.6854084134101868,1,0,0,0,0,0,0,0
42094012395446070,151.48503297411685,1.4471628717941778,0.1147366464138031,23245000704.0,0.8982610702514648,1,1,0,0,0,1,0,0
42687452321712495,351.795111288762,0.548430446309194,0.09971018880605698,7430499840.0,0.8275169134140015,1,1,0,0,0,1,0,0
75959511696843576,242.81001030327616,56.23009333518641,0.1514785885810852,93486997504.0,0.8527938723564148,1,0,0,0,0,0,0,0
42692537562982794,352.48400356889016,0.4863290140965266,0.17774036526679993,13514000384.0,0.8127272725105286,1,1,0,0,0,1,0,0
41623279684842771,353.14998251447696,-0.18254099890931538,0.20900562405586243,22104000512.0,0.6442981362342834,1,0,0,0,0,0,0,0
44223049158904227,149.9929630135134,3.1108421409059113,0.331246554851532,31867000832.0,0.37289154529571533,1,1,0,0,0,1,1,0
75954546714645769,241.53122725174865,55.47353661748029,0.21739192306995392,27455000576.0,0.7988617420196533,1,0,0,0,0,0,0,0
42688002077526241,351.1506958542944,0.6064517534257027,0.22434110939502716,154250002432.0,0.8385152220726013,1,0,0,0,0,0,0,0
75959232523966578,243.5326763295145,56.00805316884839,0.3978658616542816,29156999168.0,0.9774572849273682,1,0,0,0,0,0,0,0
38554254968905128,35.09419067960826,-3.7374845478310057,0.31063932180404663,97890000896.0,0.8481704592704773,1,0,0,0,0,0,0,0
37489803159175587,35.30602413203575,-4.597321356703754,0.10801418125629425,7163800064.0,0.6870288848876953,1,0,0,0,0,0,0,0
42089747492928886,149.88648947947297,1.3860954844444122,0.14472025632858276,16608000000.0,0.5406325459480286,1,0,0,0,0,0,0,0
75959103674947319,243.79475914993577,56.38400625545428,0.15374813973903656,15495000064.0,0.7587407827377319,1,0,0,0,0,0,0,0
41618731314470772,351.807259334406,-0.7531116246103469,0.2218269407749176,31981000704.0,0.6669725179672241,1,0,0,0,0,0,0,0
76552535011264434,242.72161562542516,56.57836399462353,0.1402038186788559,67839000576.0,0.9295523762702942,1,1,0,0,1,0,1,0
37494338644639464,36.68186853722087,-4.554990774912006,0.2213425487279892,134219997184.0,0.8793298006057739,1,1,0,0,0,1,0,0
44227305471505848,151.6657704568508,3.0575061507000254,0.12139082700014114,4365400064.0,0.7422000169754028,1,0,0,0,0,0,0,0
38558777569462507,36.454205148426944,-4.326399120510343,0.14459560811519623,27296000000.0,0.5065516233444214,1,0,0,0,0,0,0,0
37489094489572559,36.20960024442093,-5.489707994017067,0.30488333106040955,289979990016.0,0.7944902181625366,1,1,0,0,0,1,0,0
42692266980046513,352.81917279114333,0.7172163352621984,0.28790274262428284,35546001408.0,0.5558982491493225,1,0,0,0,0,0,0,0
37489249108389477,36.00352519107432,-4.830653113833917,0.21446111798286438,84791001088.0,0.6548338532447815,1,0,0,0,0,0,0,0
43159138515037208,149.54938468637337,1.9199842852053515,0.1557166874408722,4553900032.0,0.6304891109466553,1,1,0,0,0,1,1,1
37493655744832666,37.582118165053224,-4.464890554100666,0.20378795266151428,133749997568.0,0.8701720237731934,1,0,0,0,0,0,0,0
41619547358262628,350.8214840462874,-1.1376746507414457,0.1710614264011383,60425998336.0,0.9363795518875122,1,1,0,0,0,1,1,0
38558373842539904,37.09201183578064,-3.943741590947373,0.08686817437410355,14535999488.0,0.9003360271453857,1,0,0,0,0,0,0,0
75959086495065890,243.71280839290063,55.51481787172144,0.10433575510978699,22237999104.0,0.6592081189155579,1,0,0,0,0,0,0,0
75964167441380693,244.88953605158974,55.37269126602624,0.10598967969417572,6319099904.0,0.8004792928695679,1,0,0,0,0,0,0,0
37485405112665619,33.765832001761495,-4.608367724597741,0.3706170618534088,19163000832.0,0.5404722094535828,1,0,0,0,0,0,0,0
42085212007458321,148.507240699643,1.338307319461755,0.37052106857299805,340820000768.0,0.9452783465385437,1,1,0,0,0,1,1,1
37485409407628027,33.748746420040064,-4.483444001379887,0.13764503598213196,37175001088.0,0.6410740613937378,1,0,0,0,0,0,0,0
37489111669429823,36.217256475506936,-4.884513560816484,0.26823461055755615,9861399552.0,0.505017876625061,1,0,0,0,0,0,0,0
75954404980724909,241.81422332388183,55.24313854877786,0.3159085214138031,84322000896.0,0.6364617943763733,1,0,0,0,0,0,0,0
75339223930013801,242.08309497128556,53.56612156670007,0.1765550673007965,3509199872.0,0.5824651122093201,1,0,0,0,0,0,0,0
43158597349174733,150.28800633980484,2.276950734419353,0.09949151426553726,37561999360.0,0.9814766049385071,1,1,0,0,1,0,1,0
43158477090076430,150.3821666900141,2.963287850455116,0.1272968053817749,3532300032.0,0.37729012966156006,1,1,0,0,0,1,0,0
75339528872680912,241.3797386468363,54.763520833117184,0.30068397521972656,259249995776.0,0.9385769963264465,1,1,0,1,0,0,0,1
75954679858624552,241.0900166932787,55.17437420589602,0.10335404425859451,7303000064.0,0.5520117878913879,1,0,0,0,0,0,0,0
41619147926297513,351.26131352709825,-0.6421061327363563,0.3539547920227051,172800000000.0,0.9025781154632568,1,1,0,0,0,1,1,0
38558373842547038,37.09437987846382,-3.8277481968373293,0.1336546689271927,24416000000.0,0.7502114176750183,1,0,0,0,0,0,0,0
75959082200113736,243.8073559819416,55.472709595631,0.1540454626083374,54352998400.0,0.5074964761734009,1,0,0,0,0,0,0,0
37494201205684575,36.748453579363776,-4.568293547203546,0.08516626805067062,7584600064.0,0.9399125576019287,1,0,0,0,0,0,0,0
43153920129780649,149.05056292548,1.9806472775376691,0.16597384214401245,34419998720.0,0.5346468091011047,1,0,0,0,0,0,0,0
42687456616680649,351.76831076745873,0.787073229444585,0.14630034565925598,20233000960.0,0.9097796082496643,1,1,0,0,0,1,0,0
37489652835318515,35.424571550380065,-5.171930162785619,0.17630170285701752,97553997824.0,0.8295475244522095,1,0,0,0,0,0,0,0
37494463198679852,36.479530040746624,-5.246471434462209,0.20278389751911163,39951998976.0,0.881391167640686,1,0,0,0,0,0,0,0
41623387059012040,352.98720252475937,-1.4018419251556866,0.21627892553806305,103239999488.0,0.7291252017021179,1,0,0,0,0,0,0,0
37493780298886738,37.40136884627673,-4.9343578887968,0.16995416581630707,8310099968.0,0.7288063168525696,1,0,0,0,0,0,0,1
42691841778281115,353.3218658743811,0.12799666136766144,0.2606142461299896,122159996928.0,0.9242218732833862,1,1,0,0,0,1,1,0
75343381458350045,245.3366426510663,55.00543189355917,0.38801851868629456,18740000768.0,0.5781595706939697,1,0,0,0,0,0,0,0
75338957642049911,242.67986260808806,53.98879278041381,0.2252802848815918,106969997312.0,0.7152237892150879,1,0,0,0,0,0,0,0
37489932008192331,35.07776279489247,-5.010758723452603,0.15357011556625366,32785000448.0,0.8641520738601685,1,1,0,0,0,1,1,0
42692258390118392,352.68964284975624,0.4169319497047775,0.37197473645210266,185880002560.0,0.5082047581672668,1,0,0,0,0,0,0,0
38553559184203354,36.126874651619154,-4.094364868433293,0.2450444996356964,34193000448.0,0.6638376712799072,1,0,0,0,0,0,0,0
75343652041294901,244.7959357813017,54.845617309837415,0.24021989107131958,12718000128.0,0.7015865445137024,1,1,0,0,0,1,0,1
41623266799942314,353.08605819859474,-0.6523351924883044,0.13416318595409393,29528999936.0,0.7965278625488281,1,0,0,0,0,0,0,0
42692391534105572,352.52260070433243,0.24041927106079536,0.14348891377449036,72107999232.0,0.9171847701072693,1,0,0,0,0,0,0,0
42692249800186537,352.7167070859077,0.0864751084462228,0.3346448540687561,58553999360.0,0.8489129543304443,1,0,0,0,0,0,0,1
37489511101389144,35.62331304260635,-5.454155356226895,0.2671360969543457,20487999488.0,0.5190643072128296,1,0,0,0,0,0,0,0
41628506660038851,353.5039766255234,-0.06431908580852859,0.13712579011917114,22734000128.0,0.7794612646102905,1,0,0,0,0,0,0,0
41623949699740920,352.2002036175087,-0.9891796588641975,0.24114535748958588,29088999424.0,0.7383124828338623,1,1,0,0,0,1,0,0
75954563894515998,241.404864860165,56.23195954855993,0.156683087348938,68976001024.0,0.8818429708480835,1,0,0,0,0,0,0,0
38553696623160568,35.88211969328158,-4.092113846606583,0.33808550238609314,116460003328.0,0.8023272752761841,1,1,0,1,0,0,1,0
74701949567525282,242.93236169401482,53.29498720490828,0.16075517237186432,18392000512.0,0.8903720378875732,1,0,0,0,0,0,0,0
75954679858626209,241.33006362876966,55.192382939480055,0.31099116802215576,141300006912.0,0.8685141205787659,1,1,0,0,0,1,0,0
75954813002615936,240.96200435005449,55.05991358429044,0.3085744380950928,32249999360.0,0.6082029938697815,1,0,0,0,0,0,0,0
37489523986294350,35.683704498751524,-4.824857269257476,0.2952263653278351,36033998848.0,0.7104035019874573,1,0,0,0,0,0,0,0
44223195187806344,149.861635903241,3.593948656055364,0.2687147855758667,36607000576.0,0.3337603211402893,1,1,0,0,0,1,1,0
43158326766238696,150.5488850406457,2.469029059118484,0.21561555564403534,58112999424.0,0.3914581835269928,1,1,0,1,0,1,0,0
41623949699741160,352.2876882658334,-0.9813981534922376,0.13155406713485718,96970997760.0,0.9540615081787109,1,0,0,0,0,0,0,0
75338687059105790,243.31740932106104,54.17047245296839,0.15238764882087708,53996998656.0,0.6925530433654785,1,0,0,0,0,0,0,0
37485387932780754,33.84283502325014,-5.308076968439878,0.05501904338598251,46803001344.0,0.9973320364952087,1,0,0,0,0,0,0,0
44223195187794270,149.83992839149616,3.4393709734555893,0.10071121901273727,6142799872.0,0.8844230771064758,1,0,0,0,0,0,0,0
43158060478263258,150.9052626213586,2.794029611167393,0.17815101146697998,38423998464.0,0.8031299710273743,1,1,1,0,0,0,0,0
75958807322191806,244.41832690979138,55.33170321003479,0.16790854930877686,10403999744.0,0.8898385763168335,1,0,0,0,0,0,0,0
75339382843792980,241.70684860515348,54.40815359011289,0.283956915140152,25814999040.0,0.7155951261520386,1,0,0,0,0,0,0,0
38558378137500181,37.01865742671789,-3.801568504449154,0.18900446593761444,58793000960.0,0.7373562455177307,1,0,0,0,0,0,0,0
42687997782554093,351.0254843429505,0.3631284821531695,0.26201847195625305,291179986944.0,0.8221390247344971,1,0,0,0,0,0,0,0
75344060063191664,243.80283461218124,54.688235296374124,0.14640092849731445,20518000640.0,0.8774257898330688,1,1,0,0,0,1,0,0
37494192615737319,36.759391889941206,-5.08261879344908,0.22939810156822205,20493000704.0,0.8544561862945557,1,1,0,0,0,1,0,0
44222911719966054,150.2158139357587,3.2279323354985756,0.16962814331054688,145860001792.0,0.8964717388153076,1,0,0,0,0,0,0,0
38553980090996716,35.451529652095076,-3.736554021088966,0.248521089553833,19485999104.0,0.5560336709022522,1,0,0,0,0,0,0,0
43158060478261461,150.95778908286817,2.777321770980764,0.2905259430408478,11729000448.0,0.894585907459259,1,0,0,0,0,0,0,0
75959627660957614,242.35531200290706,55.28200035384862,0.31985795497894287,8156400128.0,0.8402990102767944,1,0,0,0,0,0,0,0
44218097061626415,149.23978604005939,3.0187850053103347,0.07629816234111786,11260999680.0,0.9388898611068726,1,0,0,0,0,0,0,0
42687856048635741,351.28125387116404,0.18120198256052636,0.12408912926912308,12072999936.0,0.704379677772522,1,0,0,0,0,0,0,0
38549431720641680,34.180833134051305,-4.260947680496334,0.2866203486919403,117409996800.0,0.9382690191268921,1,1,0,0,0,1,1,0
41619693387148826,350.51787603352415,-0.7753329753072061,0.31811702251434326,99948003328.0,0.8035226464271545,1,1,0,0,0,1,1,0
38553980091000193,35.560592021310605,-3.685930551977087,0.253477543592453,8949600256.0,0.5632808208465576,1,0,0,0,0,0,0,0
37493917737840750,37.269326091171095,-4.958220626220363,0.0934201031923294,6446600192.0,0.9215116500854492,1,0,0,0,0,0,0,0
41623279684839039,353.24210162066447,-0.2236645593529264,0.2582343816757202,53381001216.0,0.4069467782974243,1,1,0,0,0,1,0,0
42692816735856879,352.0497132404165,0.6619386887104973,0.07612106949090958,26922999808.0,0.8393036127090454,1,0,0,0,0,0,0,0
37493926327772050,37.233760468304226,-4.649106605430132,0.1825791597366333,38419001344.0,0.8840583562850952,1,0,0,0,0,0,0,0
42692821030825329,351.9513418927789,0.8595575920511347,0.30115044116973877,17066000384.0,0.6521568298339844,1,0,0,0,0,0,0,0
75339511692821912,241.623448095139,54.16754382202781,0.09415346384048462,34915000320.0,0.9490220546722412,1,1,1,0,0,0,0,0
41623253915022737,353.0937529997404,-1.2694053335038191,0.12010352313518524,31143000064.0,0.7463879585266113,1,0,0,0,0,0,0,0
43154190712727746,148.77813640283125,1.864592069689463,0.11988196521997452,4597499904.0,0.6497548818588257,1,0,0,0,0,0,0,0
37489794569239190,35.282138657565675,-4.999222767530934,0.14409729838371277,92714000384.0,0.998282790184021,1,0,0,0,0,0,0,0
37489111669435025,36.24140554493302,-4.820933328180932,0.3526453375816345,12387999744.0,0.7269357442855835,1,0,0,0,0,0,0,0
37494192615743571,36.77528594670263,-5.017319746239732,0.15331311523914337,24329000960.0,0.5269291400909424,1,0,0,0,0,0,0,0
75343901149396572,244.005063706258,53.72281395917941,0.3257383704185486,100280000512.0,0.6109306216239929,1,0,0,0,0,0,0,0
37484855356860803,34.50069034192693,-4.557675039212301,0.17476601898670197,28180000768.0,0.5560244917869568,1,1,0,1,0,0,1,0
75959365667954731,243.13545452048055,55.855023113902845,0.3040575683116913,37113999360.0,0.7988137006759644,1,0,0,0,0,0,0,1
38554237789039924,35.12054094107625,-4.420453377609068,0.12081349641084671,8747799552.0,0.7902867794036865,1,0,0,0,0,0,0,0
75339086491062866,242.54679873100105,53.619680452841116,0.15081816911697388,9982400512.0,0.7498739361763,1,0,0,0,0,0,0,0
43153645251884051,149.48835832476712,2.115584721096707,0.06486012041568756,13603999744.0,0.7194223999977112,1,0,0,0,0,0,0,0
37494196910706287,36.860569205135505,-4.905553298371618,0.31632232666015625,53560999936.0,0.742713987827301,1,0,0,0,0,0,0,0
42692958469779694,351.87242122094807,0.8644305800442249,0.30378422141075134,96167002112.0,0.6211259365081787,1,0,0,0,0,0,0,1
38558232108625425,37.138809516618565,-4.041448621451015,0.28948765993118286,149289992192.0,0.6674951314926147,1,0,0,0,0,0,0,0
41628364926119122,353.7693856394342,-0.17463992563612546,0.19248005747795105,15678000128.0,0.5101257562637329,1,0,0,0,0,0,0,0
75958966235987102,244.06580921785013,56.37540701287991,0.1173686608672142,7929900032.0,0.8887827396392822,1,0,0,0,0,0,0,0
75343905444358078,244.0213670429318,53.83731356419987,0.2007264494895935,23623999488.0,0.595244824886322,1,0,0,0,0,0,0,0
42696931314529463,353.8009184654457,0.43238013474125936,0.09648726880550385,27771000832.0,0.9220463037490845,1,1,1,0,0,0,0,0
75338824498045858,243.25665303495262,54.02400568607863,0.14654557406902313,24494000128.0,0.8464191555976868,1,0,0,0,0,0,0,0
38554259263865200,35.21815914439655,-3.6234045765256027,0.22942164540290833,19371999232.0,0.5500764846801758,1,0,0,0,0,0,0,0
75338695649030862,243.4705077575721,54.45677502791517,0.25914570689201355,235389992960.0,0.9568499326705933,1,0,0,0,0,0,0,0
75959515991800437,242.83944744850515,56.33853927803688,0.31794992089271545,104249999360.0,0.7967424392700195,1,1,0,0,0,1,0,0
38558506986523200,36.88185296072559,-4.173557188881894,0.1690131574869156,67882999808.0,0.824110746383667,1,0,0,0,0,0,0,0
38553988680932030,35.55688599611465,-3.353578993634486,0.1915753185749054,46186000384.0,0.8159148693084717,1,1,0,0,0,1,0,0
41619010487350052,351.55678381324884,-0.5728134971139403,0.13845612108707428,7938400256.0,0.5207159519195557,1,0,0,0,0,0,0,0
38553563479170833,36.06013024563697,-3.949199139168208,0.1186203584074974,3479200000.0,0.5876349806785583,1,0,0,0,0,0,0,0
37489231928518216,36.09676336926454,-5.60266628429504,0.31487324833869934,143139995648.0,0.8553612232208252,1,1,0,0,0,1,0,0
75343789480257505,244.42731835140523,54.93298763468285,0.18929685652256012,18709999616.0,0.8363020420074463,1,1,0,1,0,0,0,0
75959223934027696,243.51029203449542,55.62735830850962,0.1894228160381317,31587999744.0,0.40360599756240845,1,1,0,0,0,1,0,0
43153774100899518,149.3467710750603,1.679286094954601,0.32989850640296936,39296999424.0,0.9095923900604248,1,0,0,0,0,0,0,0
42094411827407891,150.89168348160084,0.9198815724595624,0.07999205589294434,13626999808.0,0.6104196906089783,1,0,0,0,0,0,0,0
38554113234983953,35.39823809043307,-3.9630252156232038,0.14623604714870453,9357100032.0,0.5925626158714294,1,0,0,0,0,0,0,0
42094003805511759,151.54501374044568,1.0933195232110064,0.10107186436653137,9707299840.0,0.9187197089195251,1,0,0,0,0,0,0,0
42089468320049739,150.2468290532555,1.1101796009916094,0.08243413269519806,20163000320.0,0.8442286849021912,1,0,0,0,0,0,0,0
41623387059010732,353.0200063988158,-1.4297710519165838,0.09484212100505829,26400999424.0,0.8559330701828003,1,0,0,0,0,0,0,0
44227722083332295,151.18052598979463,3.15824107292304,0.27538907527923584,15889000448.0,0.8439110517501831,1,0,0,0,0,0,0,1
75339662016680700,241.28663168441113,54.70067178106375,0.20661094784736633,9217399808.0,0.8459076881408691,1,1,0,1,0,0,1,0
44217972507561571,149.46697495434046,3.4616966032535563,0.18336470425128937,28397000704.0,0.6099298596382141,1,0,0,0,0,0,0,0
37489253403350149,36.00910374988922,-4.693579965532389,0.07990936934947968,4223000064.0,0.997875452041626,1,0,0,0,0,0,0,1
37489373662446640,35.96369157799421,-5.307644885640878,0.21084874868392944,30697000960.0,0.5016716122627258,1,0,0,0,0,0,0,0
74701537250668325,243.73957956258158,53.35324390853958,0.3545239269733429,48048001024.0,0.5341260433197021,1,0,0,0,0,0,0,0
37489807454130914,35.36651030199397,-4.523652239098547,0.1962931603193283,36600000512.0,0.6338318586349487,1,0,0,0,0,0,0,0
37489382252379112,35.94263204568334,-4.971396145312093,0.12743164598941803,26692999168.0,0.9683592319488525,1,0,0,0,0,0,0,0
38553962911137771,35.45709879878244,-4.385301898396681,0.139913871884346,5737800192.0,0.8979945778846741,1,0,0,0,0,0,0,0
75959498811929929,242.83064998664838,55.56546722045654,0.24516500532627106,180799995904.0,0.9660852551460266,1,0,0,0,0,0,0,0
75958803027235750,244.57654111979542,55.25818518112926,0.06082844361662865,7854300160.0,0.7877715229988098,1,0,0,0,0,0,0,0
74696726887299767,242.21811665425122,53.34455521901365,0.2289734184741974,75303002112.0,0.5749414563179016,1,0,0,0,0,0,0,0
38558373842540037,37.013423709884194,-3.9353319629490238,0.3801429271697998,20568999936.0,0.6208474040031433,1,0,0,0,0,0,0,0
75334164458535519,241.18537800557897,54.662773419895146,0.19635754823684692,89555001344.0,0.6132482290267944,1,1,0,0,1,0,1,0
43158060478259548,150.97467312936567,2.774234109597447,0.08935676515102386,12277000192.0,0.5020471215248108,1,0,0,0,0,0,0,0
44222774281010510,150.3461985434063,3.1875766792106215,0.11445234715938568,23007000576.0,0.5181676745414734,1,0,0,0,0,0,0,0
42692391534092167,352.67042360287667,0.0938873287329729,0.34987330436706543,39883001856.0,0.5201355218887329,1,0,0,0,0,0,0,1
37489523986292268,35.78668212236481,-4.856075379506167,0.21744996309280396,19886000128.0,0.36997729539871216,1,1,0,1,0,0,0,0
75338553915112712,243.67961134913497,54.288977984223756,0.14338470995426178,21013999616.0,0.6120980978012085,1,0,0,0,0,0,0,0
75344060063191752,243.7561049100155,54.69480603164137,0.25753068923950195,10538999808.0,0.8063955903053284,1,0,0,0,0,0,0,0
41619551653225027,350.7626461122842,-0.9967125961421806,0.3541959524154663,37100998656.0,0.5163247585296631,1,0,0,0,0,0,0,0
75954435045479381,241.7237074723139,56.464590146683356,0.19411911070346832,71079002112.0,0.6280832886695862,1,0,0,0,0,0,0,0
38558773274505601,36.48213150109683,-4.38099133110562,0.23182187974452972,16574999552.0,0.705132782459259,1,0,0,0,0,0,0,0
74696452009386656,242.7859572288707,53.30557606110435,0.15520064532756805,12897000448.0,0.8656691312789917,1,0,0,0,0,0,0,0
37485108759917797,34.19350846582525,-5.553657619102255,0.2692471742630005,55326998528.0,0.504290759563446,1,1,0,0,0,1,0,0
37489644245381573,35.58714604764214,-5.578632147874102,0.2858264148235321,12010000384.0,0.6675646305084229,1,0,0,0,0,0,0,0
75959090790044728,243.77909602672213,55.78045090384343,0.3537577986717224,37808001024.0,0.9505057334899902,1,0,0,0,0,0,0,1
37494476083586024,36.48012774192302,-4.616114708197425,0.05583657696843147,12844999680.0,0.9572919607162476,1,0,0,0,0,0,0,0
75954430750522799,241.8801526334476,56.36016517572738,0.2106042355298996,49199001600.0,0.7153228521347046,1,0,0,0,0,0,0,0
41619285365267642,351.0789822950234,-0.4645118905617142,0.2133491337299347,41936998400.0,0.6013792157173157,1,0,0,0,0,0,0,0
74696864326251635,241.8711041269617,53.45607223008981,0.11783459037542343,5094499840.0,0.5792116522789001,1,0,0,0,0,0,0,0
75954413570648493,241.94941629520784,55.5462291985244,0.09283867478370667,11978000384.0,0.9771801233291626,1,0,0,0,0,0,0,0
37488969935507602,36.37036181363604,-5.043456658471836,0.08384419232606888,29218000896.0,0.9976776838302612,1,1,0,0,0,1,0,0
38554259263874162,35.166139624736644,-3.4839980282615155,0.13306038081645966,20562999296.0,0.8285088539123535,1,0,0,0,0,0,0,0
43154066158670338,148.93692185998748,2.349603262077142,0.18420062959194183,35187998720.0,0.9192501306533813,1,0,0,0,0,0,0,0
75954430750522175,241.79262291016167,56.347004893003124,0.32169145345687866,53367001088.0,0.8919553756713867,1,0,0,0,0,0,0,0
37489807454130340,35.236911957502905,-4.529624644579953,0.10601289570331573,5158400000.0,0.9169356822967529,1,0,0,0,0,0,0,0
75338691354063819,243.391305987378,54.290732878694506,0.3069438934326172,113479999488.0,0.7093421220779419,1,1,0,0,0,1,0,1
38558511281497375,36.82013344969519,-3.8644138906526186,0.0662837028503418,31142000640.0,0.9973518252372742,1,1,0,0,1,0,0,0
38553971501062940,35.51795396104763,-4.122646641292195,0.1608263999223709,16558000128.0,0.5952625274658203,1,0,0,0,0,0,0,0
37494188320771159,36.776739686625426,-5.18372688999176,0.2495196908712387,46572998656.0,0.7828735709190369,1,0,0,0,0,0,0,0
75954404980720926,241.96271811784197,55.20776788754539,0.11143431067466736,114610003968.0,0.9689416885375977,1,0,0,0,0,0,0,0
37493651449866446,37.55684918164678,-4.630755992589813,0.3529651463031769,12215000064.0,0.8827513456344604,1,0,0,0,0,0,0,0
38553838357077220,35.78921847563336,-3.9133672130068606,0.2851962745189667,12149000192.0,0.5182023048400879,1,0,0,0,0,0,0,0
43162986805732505,151.65488853167687,1.7687418804280834,0.1476924866437912,44102000640.0,0.6191339492797852,1,0,0,0,0,0,0,0
42687997782558682,351.1606079316478,0.42709156096512446,0.11894480139017105,60012998656.0,0.5833125114440918,1,0,0,0,0,0,0,0
38553971501068731,35.56798380759252,-4.060631749970393,0.2738485336303711,14668000256.0,0.35276320576667786,1,1,0,0,0,1,0,0
44222649726946715,150.5528755475815,3.708270881776042,0.1830013245344162,23061000192.0,0.8953900337219238,1,1,0,0,1,0,1,0
75339361368970902,241.7556285751391,53.6128465265022,0.15322484076023102,14494999552.0,0.792533278465271,1,1,0,0,0,1,0,0
42090013780890150,149.41576372690213,0.8699742922804942,0.1258563995361328,4373799936.0,0.942084550857544,1,0,0,0,0,0,0,0
75334301897493057,240.97860117581436,54.67809216983198,0.27165403962135315,41026998272.0,0.5788772702217102,1,0,0,0,0,0,0,0
43163124244698645,151.53399079606805,1.8016363999490084,0.10798462480306625,11208999936.0,0.993749737739563,1,0,0,0,0,0,0,0
41623545972820595,352.7988901773737,-0.5255501755946418,0.10910369455814362,39758000128.0,0.5392050743103027,1,0,0,0,0,0,0,0
75958957646055812,244.1191881142834,55.98788937606233,0.33754226565361023,79401000960.0,0.8738279938697815,1,0,0,0,0,0,0,1
42094136949494425,151.21581196927465,0.8622276389957789,0.10477407276630402,12645999616.0,0.807680606842041,1,0,0,0,0,0,0,0
75959245408858802,243.32982230290554,56.49805738591413,0.17236696183681488,17008000000.0,0.9249263405799866,1,0,0,0,0,0,0,0
43154349626517172,148.59301963320326,2.7986480119737256,0.18981869518756866,30684999680.0,0.7393001914024353,1,1,0,0,0,1,0,0
37494192615737926,36.82614342760621,-5.091103818275721,0.21959973871707916,15584000000.0,0.52650386095047,1,0,0,0,0,0,0,0
75959644840831394,242.35223499324331,56.0449853166299,0.12121789902448654,42439999488.0,0.8129639625549316,1,1,0,0,0,1,0,0
37494059471759467,36.95725674118454,-4.825040209203252,0.29510125517845154,54335000576.0,0.7612307667732239,1,0,0,0,0,0,0,0
75959636250893425,242.61795274458387,55.636077150839405,0.10312993079423904,9657199616.0,0.6641399264335632,1,0,0,0,0,0,0,0
37494342939591732,36.618289326320955,-4.523486521059663,0.15598174929618835,135869997056.0,0.8949457406997681,1,0,0,0,0,0,0,0
41619564538132166,350.64618666546653,-0.33985550852570795,0.2459651231765747,11080999936.0,0.9070411920547485,1,0,0,0,0,0,0,0
42687722904659322,351.5289541187585,0.450836391844651,0.18779686093330383,175950004224.0,0.974993109703064,1,0,0,0,0,0,0,0
75339649131764632,241.27969689867564,54.17578158854086,0.08318430930376053,24790999040.0,0.7232301831245422,1,0,0,0,0,0,0,0
43163420597445746,151.17363408079953,2.7705821028863915,0.08861367404460907,20418000896.0,0.9136325120925903,1,0,0,0,0,0,0,0
38558236403584388,37.250042077723,-3.989496542210741,0.19862937927246094,145090002944.0,0.8908089399337769,1,0,0,0,0,0,0,0
41618877343361674,351.67503380382817,-0.4374247000948304,0.26375511288642883,44446998528.0,0.3353457450866699,1,1,0,0,0,1,1,0
38553971501071836,35.52764741655808,-4.022005974806304,0.35359275341033936,24437000192.0,0.5183210968971252,1,0,0,0,0,0,0,0
38553692328188050,35.865918997147496,-4.33078609140607,0.30303528904914856,32337000448.0,0.8708414435386658,1,0,0,0,0,0,0,0
38553962911131899,35.57885393045389,-4.446208334990326,0.20425961911678314,9434200064.0,0.7619880437850952,1,0,0,0,0,0,0,0
37494338644637483,36.55076462066239,-4.586645813107842,0.16253378987312317,58953998336.0,0.5804603099822998,1,0,0,0,0,0,0,0
37489390842316000,35.920529765007544,-4.5626392129693105,0.08620165288448334,8064799744.0,0.799283504486084,1,0,0,0,0,0,0,0
44217972507561238,149.48581518956712,3.453045875789534,0.16908366978168488,16995999744.0,0.6265908479690552,1,0,0,0,0,0,0,0
75954271836732255,242.13785317588508,55.40834699060645,0.3263486921787262,67301998592.0,0.6698040962219238,1,0,0,0,0,0,0,0
43163265978626975,151.37911515529237,2.1142077794803265,0.16551241278648376,44200001536.0,0.6776434183120728,1,0,0,0,0,0,0,0
75963888268508414,245.2956956903331,55.27329084654239,0.15962597727775574,17956999168.0,0.6669427156448364,1,0,0,0,0,0,0,0
75338682764144438,243.36590691375665,54.01262913221129,0.09513137489557266,40514998272.0,0.9579641819000244,1,0,0,0,0,0,0,0
41623820850733945,352.3777238428458,-0.4654005238795276,0.10571172833442688,100960002048.0,0.9877799153327942,1,1,0,0,0,1,1,0
74696589448349255,242.39536852499043,53.417646332800906,0.11920607835054398,6353999872.0,0.8186807036399841,1,0,0,0,0,0,0,0
74696589448344276,242.48498365386286,53.362094377930866,0.3201149106025696,61748998144.0,0.6269634962081909,1,1,0,0,0,1,1,0
37493922032810992,37.224599283079755,-4.752179545486838,0.24716784060001373,51049000960.0,0.6397991180419922,1,0,0,0,0,0,0,0
37493922032810860,37.27660623816946,-4.744417445583453,0.23848530650138855,90108002304.0,0.7334489822387695,1,0,0,0,0,0,0,0
37493784593851778,37.365720997167955,-4.812156130601691,0.23448559641838074,102780002304.0,0.5802696943283081,1,0,0,0,0,0,0,0
38554126119881936,35.33836544102547,-3.3966588169439946,0.2003328800201416,38549999616.0,0.7519056797027588,1,0,0,0,0,0,0,0
38553846947008596,35.66258299969684,-3.571882957006228,0.26541903614997864,13520000000.0,0.754224956035614,1,0,0,0,0,0,0,0
44217976802535759,149.47881371381533,3.746537866145677,0.11731470376253128,35292999680.0,0.5508350133895874,1,0,0,0,0,0,0,0
44223332626760205,149.61461228293157,3.6233377110929705,0.1002095639705658,50936000512.0,0.9284683465957642,1,0,0,0,0,0,0,0
75959777984806702,242.2117545712735,55.765025886066205,0.3139725923538208,22820999168.0,0.5997617840766907,1,0,0,0,0,0,0,0
43153937309665845,149.20657503420927,2.866552434675367,0.2351842075586319,20006000640.0,0.9361371994018555,1,0,0,0,0,0,0,1
75954417865628537,241.95920367490538,55.83350123901942,0.22813597321510315,15061999616.0,0.6119660139083862,1,0,0,0,0,0,0,0
37493780298878747,37.31476526996346,-5.089276952151322,0.34061574935913086,98416001024.0,0.6764416694641113,1,0,0,0,0,0,0,0
44218109946521704,149.24357357374717,3.52271350031175,0.3150150179862976,35904000000.0,0.7075377702713013,1,0,0,0,0,0,0,0
38548894849716829,34.91730418075083,-3.735986680261399,0.2727764844894409,26563000320.0,0.9272767305374146,1,0,0,0,0,0,0,0
75959236818939451,243.40730335593602,56.22968730917088,0.24010029435157776,92748996608.0,0.6878727674484253,1,1,0,0,0,1,0,0
75339361368968705,241.7252124870147,53.59850911951133,0.21132299304008484,38750998528.0,0.6565964818000793,1,0,0,0,0,0,0,0
37488978525448153,36.40764898253211,-4.5911774840186705,0.38849741220474243,17157999616.0,0.8725351095199585,1,1,0,0,0,1,1,0
41619551653223781,350.7266272827758,-0.9994058080179482,0.1680837869644165,7376900096.0,0.9925390481948853,1,0,0,0,0,0,0,0
41623408533865592,353.01872470633333,-0.5222067673371652,0.2769245505332947,49601998848.0,0.6798765659332275,1,0,0,0,0,0,0,0
74696722592323252,242.13359998429695,53.25489970004149,0.1565847396850586,21755000832.0,0.5297619104385376,1,0,0,0,0,0,0,0
38553971501071948,35.4691260265583,-4.026725456708511,0.16535775363445282,10371000320.0,0.5961011052131653,1,1,0,0,0,1,0,0
38558515576452297,36.768759942414306,-3.8105088497581665,0.18553441762924194,38050000896.0,0.7844792604446411,1,0,0,0,0,0,0,0
74696722592324525,242.37683594232277,53.26923775166498,0.17915181815624237,8499200000.0,0.8278110027313232,1,0,0,0,0,0,0,0
75339253994781113,242.08582582675376,54.80176960136643,0.08403655886650085,33795999744.0,0.9664101600646973,1,0,0,0,0,0,0,0
42089601464029923,149.95615170029984,0.9315245308562865,0.24197085201740265,19957999616.0,0.7531799077987671,1,0,0,0,0,0,0,1
41619156516240685,351.32820461866,-0.16911443893956876,0.17950384318828583,58340999168.0,0.40851229429244995,1,1,0,0,0,1,1,0
38549298576652139,34.480060643313244,-4.100671951477391,0.17545340955257416,56692998144.0,0.8625032901763916,1,1,0,0,0,1,1,0
38553554889240471,36.145903934910336,-4.245500135951919,0.2768107056617737,27677999104.0,0.8815619945526123,1,0,0,0,0,0,0,0
37484859651813106,34.63616795626399,-4.500642556451379,0.20443889498710632,26020999168.0,0.5427883267402649,1,1,0,0,1,0,0,0
41619564538134045,350.8074276408406,-0.3361039851931414,0.09728619456291199,6610500096.0,0.8686056137084961,1,1,0,0,0,1,0,0
75959369962915187,243.04405411267027,55.94721349641431,0.19018951058387756,87485997056.0,0.7875583171844482,1,0,0,0,0,0,0,0
41618864458472706,351.67034135608867,-0.8467767697277072,0.08435509353876114,32042999808.0,0.7697535157203674,1,0,0,0,0,0,0,0
42089876341945291,149.69585036070183,1.0155130343422811,0.2039128988981247,15982999552.0,0.7375417351722717,1,1,1,0,0,0,0,0
42687856048633394,351.3556275851517,0.15469126527030994,0.2888236939907074,108449996800.0,0.8018825650215149,1,0,0,0,0,0,0,0
37489369367479271,35.93926497855866,-5.49452993443811,0.2955922782421112,11505999872.0,0.6275783777236938,1,0,0,0,0,0,0,0
42692266980045626,352.81457831242125,0.7080832774468594,0.2744251489639282,37034000384.0,0.8330119848251343,1,1,0,0,0,1,1,0
75338536735241391,243.6570528484664,53.555043846234135,0.14523278176784515,97874001920.0,0.8370975255966187,1,0,0,0,0,0,0,0
37494467493654922,36.45178704530152,-4.942746779145343,0.2645033895969391,26268000256.0,0.5237544775009155,1,0,0,0,0,0,0,0
75954430750520655,241.97088416889338,56.332713895890336,0.19247961044311523,72135000064.0,0.8465243577957153,1,1,0,0,0,0,1,0
42692524678091465,352.4044381822831,0.03425079761623883,0.1789071410894394,63544000512.0,0.8933385610580444,1,1,0,1,0,0,0,0
42687731494584976,351.40572522415823,0.7247669819064203,0.1055707260966301,17557999616.0,0.7663865089416504,1,0,0,0,0,0,0,0
43154048978809463,148.96867529954073,1.712115820397912,0.11114756762981415,49288998912.0,0.9061781167984009,1,0,0,0,0,0,0,0
38558773274505599,36.48322341530754,-4.378994124528183,0.21059457957744598,17703000064.0,0.909203052520752,1,0,0,0,0,0,0,0
75959765099911725,242.23927893299157,55.26159735572722,0.1576668918132782,135930003456.0,0.9823777675628662,1,1,1,0,0,0,0,0
37489390842302419,35.830195673154826,-4.718422286227312,0.22021473944187164,34243999744.0,0.9515731930732727,1,1,0,0,0,1,1,0
75338824498061927,243.25453652053176,54.167499338092966,0.09585176408290863,20572000256.0,0.5522753000259399,1,0,0,0,0,0,0,0
38553846947007951,35.77089923332491,-3.5778828588642178,0.2318325936794281,21536000000.0,0.5150460004806519,1,0,0,0,0,0,0,0
75334310487421711,241.08231156600013,55.00369884340481,0.28770843148231506,9700899840.0,0.9351591467857361,1,0,0,0,0,0,0,0
37494059471757280,37.0850811098308,-4.864137134419851,0.20405596494674683,40711999488.0,0.6874772310256958,1,0,0,0,0,0,0,0
75338966231966705,242.9649852465297,54.21055993478035,0.36935320496559143,37847998464.0,0.504758358001709,1,0,0,0,0,0,0,0
75339391433741686,241.99832632778066,54.88212559348372,0.2684516906738281,25006999552.0,0.9137206077575684,1,0,0,0,0,0,0,0
41623674821842011,352.6278598621174,-0.8943394307616941,0.23563474416732788,216729993216.0,0.9200223088264465,1,0,0,0,0,0,0,0
76552951623080014,241.69913859784032,56.660681536629724,0.10095766931772232,9370200064.0,0.9593160152435303,1,0,0,0,0,0,0,0
37489940598118447,35.10176810151124,-4.713305136555365,0.1797560304403305,20128999424.0,0.5244852900505066,1,0,0,0,0,0,0,0
43154319561747100,148.61950612607677,1.511898270102204,0.1522814780473709,37205000192.0,0.8625224828720093,1,0,0,0,0,0,0,0
75959095085005610,243.91575186175436,55.9630832476029,0.3475359380245209,6865399808.0,0.9387946128845215,1,0,0,0,0,0,0,0
43163407712548088,151.10106334272442,2.256525545285136,0.3202907145023346,93795999744.0,0.5259788036346436,1,0,0,0,0,0,0,0
44223057748838080,149.99977427234646,3.4817662585975544,0.1141534149646759,14439000064.0,0.8869601488113403,1,0,0,0,0,0,0,0
41619680502245483,350.5322099096983,-1.3301356160984188,0.11594278365373611,25703999488.0,0.8093591928482056,1,0,0,0,0,0,0,0
42697206192440637,353.4289096378118,0.3825857491659536,0.23984889686107635,54975000576.0,0.5869579315185547,1,0,0,0,0,0,0,0
38558498396600493,36.83508065633474,-4.399200137780945,0.2639232873916626,13173000192.0,0.5604322552680969,1,0,0,0,0,0,0,0
42697206192443963,353.4791956019012,0.42278497143861693,0.20927996933460236,214610001920.0,0.961134672164917,1,0,0,0,0,0,0,0
75334173048471714,241.18694779555142,55.026385779662164,0.2092454433441162,35446001664.0,0.6424311995506287,1,0,0,0,0,0,0,0
37494188320770122,36.72625090525885,-5.153265579844677,0.2771276831626892,59973001216.0,0.7315824627876282,1,0,0,0,0,0,0,0
75334576775388941,240.45345670771565,54.66222562452531,0.11568030714988708,10190999552.0,0.8781795501708984,1,0,0,0,0,0,0,0
43163412007505613,151.19999127785366,2.36193057492623,0.1345277577638626,92657999872.0,0.9866185188293457,1,0,0,0,0,0,0,0
41619160811206266,351.3462497197801,-0.0007191373904734918,0.1744866818189621,58337001472.0,0.5632426142692566,1,0,0,0,0,0,0,0
37493926327769702,37.2218931317099,-4.677036510538769,0.13661301136016846,36294000640.0,0.9640461206436157,1,0,0,0,0,0,0,0
75959515991798074,242.7299705061051,56.300040898514645,0.3165200650691986,94162001920.0,0.8090783357620239,1,0,0,0,0,0,0,0
44222769986025890,150.48040743209964,2.9781673298985156,0.18551921844482422,104149999616.0,0.9583861827850342,1,0,0,0,0,0,0,0
75959236818926334,243.40312053072915,56.09870292500887,0.3056859076023102,9676399616.0,0.9043334722518921,1,0,0,0,0,0,0,0
38553975796034929,35.503767517969244,-3.8583998038396095,0.1389586627483368,86796001280.0,0.946466326713562,1,0,0,0,0,0,0,0
42094145539439790,151.2363919401897,1.3357396173419702,0.10974416136741638,26203000832.0,0.9527642726898193,1,0,0,0,0,0,0,0
44222649726946756,150.53215781569745,3.6848394283969745,0.17042401432991028,40804999168.0,0.5665809512138367,1,0,0,0,0,0,0,0
37484975615923267,34.47982234676324,-5.448068802719522,0.22454175353050232,272049995776.0,0.9691106081008911,1,1,0,1,0,0,0,0
43153933014695216,149.20693392526775,2.659425954742189,0.34499508142471313,47529000960.0,0.8933045864105225,1,0,0,0,0,0,0,0
42090421802778489,148.95010538348487,0.763825996558634,0.15339012444019318,68755996672.0,0.8347089290618896,1,0,0,0,0,0,0,0
38553700918129090,35.876181041458814,-3.904635147255346,0.20723608136177063,40473001984.0,0.5056949853897095,1,0,0,0,0,0,0,0
75343506012406576,244.90082314596452,54.47462333878362,0.37151461839675903,122399997952.0,0.4279187321662903,1,1,0,0,0,1,1,0
41619689092187799,350.5404634077408,-0.8725704854587166,0.21893422305583954,65033998336.0,0.6894745230674744,1,1,0,0,0,1,0,0
41623670526865777,352.65330392064203,-1.1700440214240713,0.38137900829315186,103830003712.0,0.6424462199211121,1,0,0,0,0,0,0,0
37494463198685109,36.48917889439955,-5.170706649664827,0.15755683183670044,13304000512.0,0.5504553914070129,1,1,0,0,0,1,0,0
75339369958892006,241.96891588347654,53.85120287324693,0.08863349258899689,14458999808.0,0.9277446269989014,1,0,0,0,0,0,0,0
74701541545632650,243.74661252126512,53.48418142924242,0.2569776773452759,72272003072.0,0.5997688174247742,1,0,0,0,0,0,0,0
37485396522726444,33.81767647672998,-5.019829911768937,0.1682637631893158,45631000576.0,0.8513652086257935,1,1,0,0,0,1,0,0
38558635835546720,36.54159094849173,-4.448260683976524,0.16099262237548828,13953999872.0,0.648849606513977,1,0,0,0,0,0,0,0
75338687059104547,243.38401663340602,54.14922048830188,0.20075179636478424,45185998848.0,0.7666004300117493,1,0,0,0,0,0,0,0
38553550594272691,36.11095858490162,-4.443795478611403,0.1611449420452118,4405400064.0,0.745331883430481,1,0,0,0,0,0,0,0
75959623365992231,242.46869441775914,55.11808191724476,0.34826502203941345,213879996416.0,0.6213645339012146,1,1,0,0,0,0,1,0
41623679116813750,352.49935475401554,-0.6526414053780313,0.1468023955821991,10664999936.0,0.6216874718666077,1,0,0,0,0,0,0,0
42089464025076074,150.27976009002796,0.9628839325380436,0.21788626909255981,11239999488.0,0.5653150677680969,1,0,0,0,0,0,0,0
37489670015177033,35.453303132043125,-4.502010436679024,0.18745864927768707,19252000768.0,0.7170673608779907,1,0,0,0,0,0,0,1
44223053453867410,150.08635462792148,3.3141165917939754,0.14288876950740814,11020999680.0,0.6210702061653137,1,0,0,0,0,0,0,1
41623417123807652,352.9559116017022,-0.09199284585309535,0.13316035270690918,108870000640.0,0.9833436012268066,1,0,0,0,0,0,0,0
75954417865627892,241.86294175573153,55.84377366492965,0.16620437800884247,3938099968.0,0.6891564726829529,1,0,0,0,0,0,0,0
38553975796033747,35.520977905297826,-3.87756999025852,0.09394823014736176,7373400064.0,0.8737863302230835,1,0,0,0,0,0,0,0
37494463198678442,36.47089017358395,-5.260355165786388,0.19575263559818268,163940007936.0,0.9083372950553894,1,0,0,0,0,0,0,0
41619431394142333,350.89784078818616,-0.22092297513374118,0.2563726603984833,103709999104.0,0.5492044687271118,1,0,0,0,0,0,0,0
75954542419677508,241.5204661342869,55.22464264966687,0.3623083829879761,18446999552.0,0.8984180688858032,1,1,0,0,1,0,0,0
38553554889240470,36.1384996872033,-4.238717230465158,0.2294856309890747,123630002176.0,0.9045218229293823,1,1,0,0,0,1,1,0
41623550267791690,352.7834716728703,-0.30854519245192086,0.3177759647369385,36068999168.0,0.7476584315299988,1,0,0,0,0,0,0,0
75343518897299684,245.04076998285822,54.97521640884651,0.361779123544693,35063001088.0,0.8456954956054688,1,0,0,0,0,0,0,1
75338983411836640,242.73757117081556,54.97003651782505,0.17690041661262512,60747001856.0,0.7874971628189087,1,0,0,0,0,0,0,0
75339228224970355,242.23589313261425,53.648418466304875,0.17161911725997925,9398800384.0,0.5419554114341736,1,0,0,0,0,0,0,0
42094145539437703,151.28461154779154,1.3096656393141395,0.2555201053619385,79322996736.0,0.5100470781326294,1,0,0,0,0,0,0,0
37484700738024250,34.79005754644192,-5.420196684179517,0.10389912128448486,15180000256.0,0.9048544764518738,1,1,0,0,1,0,0,0
75959636250880939,242.37774666174158,55.52959248805263,0.06161342188715935,64826998784.0,0.994439959526062,1,0,0,0,0,0,0,0
75959352783044206,243.03304703982963,55.222770704624295,0.24333862960338593,17689999360.0,0.6847824454307556,1,0,0,0,0,0,0,0
37493784593845258,37.30334567635458,-4.912736223376985,0.23463945090770721,104889999360.0,0.6561142206192017,1,0,0,0,0,0,0,0
42094136949504570,151.20554799281726,0.9897616819586903,0.3065412640571594,190830002176.0,0.6042516231536865,1,1,0,0,1,1,1,0
38553851241973367,35.672351208036346,-3.4229833614355996,0.2570122480392456,5831399936.0,0.627314567565918,1,0,0,0,0,0,0,0
41614333267968131,350.36109691767757,-0.703075302230761,0.1438019573688507,6684899840.0,0.5965570211410522,1,0,0,0,0,0,0,0
38558373842546445,37.07249831731043,-3.856451216221326,0.2455272078514099,14928000000.0,0.5986886620521545,1,0,0,0,0,0,0,0
75334447926374514,240.80304087463333,55.00204154233484,0.23748889565467834,185349996544.0,0.8032795190811157,1,0,0,0,0,0,0,0
75339520282767775,241.40682971389762,54.57222480826668,0.12755267322063446,34929000448.0,0.6378600597381592,1,0,0,0,0,0,0,0
37489919123285885,35.11394029831107,-5.562532351441992,0.11126449704170227,48043999232.0,0.8433883786201477,1,0,0,0,0,0,0,0
38558373842547793,36.942701912651124,-3.8318197891827044,0.16557267308235168,28409999360.0,0.8662788271903992,1,1,0,0,0,1,0,0
43158726198184776,149.9873611251086,1.8320324044752925,0.2883056700229645,30635999232.0,0.8199717998504639,1,0,0,0,0,0,0,1
36429740806006133,35.69078249662511,-5.9530716776257915,0.21611972153186798,39901999104.0,0.841221809387207,1,0,0,0,0,0,0,0
75338695649040584,243.3774508178124,54.529247226915,0.17201851308345795,13498999808.0,0.6728237271308899,1,0,0,0,0,0,0,0
37489670015175570,35.48236137918017,-4.538471775837329,0.31447112560272217,29664000000.0,0.5061827301979065,1,0,0,0,0,0,0,0
41623825145686453,352.4200164990701,-0.4378678621656371,0.2183120846748352,26236999680.0,0.6587105989456177,1,0,0,0,0,0,0,0
75954688448550153,241.13676320041748,55.52534431341597,0.38395339250564575,115459997696.0,0.6274532079696655,1,1,0,0,0,1,1,0
41619285365259422,351.08423971339096,-0.5414583902366522,0.2627219557762146,218470006784.0,0.8861607313156128,1,0,0,0,0,0,0,0
42094141244466071,151.2202277515596,1.0867577346226054,0.13472557067871094,114830000128.0,0.9903027415275574,1,0,0,0,0,0,0,0
42094557856304173,150.78196928533447,1.3643537889167474,0.21034984290599823,245819998208.0,0.886107325553894,1,1,0,0,1,1,0,0
75338949052108611,242.68034379922548,53.589711579652665,0.23993173241615295,168010006528.0,0.6648155450820923,1,0,0,0,0,0,0,0
75339391433748205,241.81257854874116,54.91825164105399,0.12846803665161133,5747500032.0,0.7760348320007324,1,0,0,0,0,0,0,0
75338699944010502,243.39191365785524,54.726428028479496,0.2860175669193268,35038998528.0,0.6881894469261169,1,0,0,0,0,0,0,0
37489519691328903,35.75429671473586,-5.0346013615580265,0.22193579375743866,15872000000.0,0.5447607636451721,1,0,0,0,0,0,0,0
75959631955921191,242.4940503380111,55.41401237981774,0.20145457983016968,21120000000.0,0.8020595908164978,1,0,0,0,0,0,0,0
43159009666032617,149.6456584927917,2.2884792513066707,0.31248563528060913,9411900416.0,0.7538734674453735,1,1,0,0,0,1,1,0
41619693387156214,350.6138500832248,-0.6808069681727474,0.19234919548034668,38647001088.0,0.6009596586227417,1,0,0,0,0,0,0,0
41624087138700226,352.0557881934977,-0.9124482355750149,0.26178625226020813,77303996416.0,0.8916677236557007,1,0,0,0,0,0,0,0
42085207712483513,148.5406885426011,1.1963248529406632,0.18313506245613098,53716000768.0,0.8376040458679199,1,0,0,0,0,0,0,1
42692400124037593,352.6673365582297,0.6093815380182075,0.2708049714565277,203030003712.0,0.9731175899505615,1,0,0,0,0,0,0,0
75339253994795466,242.2426110791558,54.93619839562443,0.1212327778339386,20046999552.0,0.516832172870636,1,0,0,0,0,0,0,0
74696864326246240,242.0078687674685,53.38170722680981,0.09485412389039993,9089699840.0,0.7997145056724548,1,1,0,0,0,1,0,0
75959786574751093,242.20056650745482,56.233458831851806,0.08711179345846176,24475000832.0,0.9973684549331665,1,0,0,0,0,0,0,0
38558227813661716,37.25578528158714,-4.19714847763334,0.20830510556697845,26965999616.0,0.8529731035232544,1,1,0,0,0,1,0,0
44218243090504445,149.0726331310884,3.293303193033411,0.32457369565963745,125710000128.0,0.8888656497001648,1,0,0,0,0,0,0,0
75338682764133013,243.56124723501836,53.91047551349031,0.2522312104701996,44975001600.0,0.574183464050293,1,0,0,0,0,0,0,0
75339511692816631,241.6516614669892,54.10088639465507,0.1951579451560974,79175000064.0,0.8979603052139282,1,1,0,0,0,1,0,0
37489940598130208,35.12915945250533,-4.613700740567662,0.16738255321979523,11032000512.0,0.9622009992599487,1,0,0,0,0,0,0,0
75339524577722422,241.4599884919437,54.67668089193111,0.24353234469890594,32362999808.0,0.635892927646637,1,1,0,0,0,1,0,1
43158880817013335,149.93798366281843,2.606263280577066,0.3586954176425934,147979993088.0,0.5468695759773254,1,0,0,0,0,0,0,0
41623679116810733,352.5177353403219,-0.6833908372523819,0.1788094937801361,49964998656.0,0.9062479138374329,1,0,0,0,0,0,0,0
38558498396597798,36.80067184212382,-4.428641571371987,0.1785396784543991,55999000576.0,0.9323952198028564,1,0,0,0,0,0,0,0
75959374257882196,243.1408558862476,56.14130724094705,0.28370440006256104,101030002688.0,0.6178879737854004,1,0,0,0,0,0,0,0
37484833882010051,34.67355196565058,-5.549182419364327,0.37520575523376465,44987998208.0,0.6642348170280457,1,0,0,0,0,0,0,0
75334164458525982,241.14594948406233,54.573138283366156,0.24995502829551697,172719996928.0,0.5417823195457458,1,0,0,0,0,0,0,0
75954404980732200,241.72546464422845,55.31114499749572,0.17256078124046326,58785001472.0,0.8219233751296997,1,0,0,0,0,0,0,0
43153928719726653,149.11976769121077,2.4632842635306513,0.09660600870847702,54208000000.0,0.7118272185325623,1,0,0,0,0,0,0,0
42692958469786000,351.8828142208788,0.9428033019618887,0.22706672549247742,287699992576.0,0.980423092842102,1,1,0,0,0,1,1,0
74696456304360204,242.71873216379032,53.545298435174246,0.23709218204021454,104409997312.0,0.5175639390945435,1,0,0,0,0,0,0,0
38557952935748015,37.502087726761836,-4.268618660793534,0.2354782670736313,231009992704.0,0.9037107229232788,1,0,0,0,0,0,0,0
75338837382953613,243.09913693747666,54.64045486237577,0.18916091322898865,110120001536.0,0.8849538564682007,1,0,0,0,0,0,0,0
41623949699754535,352.2743517721764,-0.860607786328322,0.19274790585041046,62705000448.0,0.8780736923217773,1,0,0,0,0,0,0,0
41623417123798538,352.88390084662444,-0.18321974721278037,0.2489408701658249,52444000256.0,0.7062233686447144,1,0,0,0,0,0,0,0
38549015108815593,34.7834666952461,-4.376924555103578,0.19382572174072266,3752000000.0,0.8638888597488403,1,0,0,0,0,0,0,1
41623399943926948,353.0062541207164,-0.9496468865604379,0.2681368589401245,80970997760.0,0.7501205205917358,1,0,0,0,0,0,0,0
37489670015179802,35.53880535219985,-4.46980674875425,0.2345968633890152,12099000320.0,0.5981999635696411,1,0,0,0,0,0,0,0
75343639156391368,244.62771822678377,54.36030480611366,0.11267709732055664,35365998592.0,0.9550789594650269,1,0,0,0,0,0,0,0
41618855868521008,351.63971112846804,-1.386319616878791,0.10744082182645798,19526000640.0,0.8414658308029175,1,0,0,0,0,0,0,0
42691974922284092,353.136879071367,0.0903675114924151,0.14925441145896912,78903001088.0,0.9326283931732178,1,1,0,0,0,1,1,0
42687735789544540,351.5037533883888,0.8700276024625768,0.27273181080818176,48729001984.0,0.8081211447715759,1,0,0,0,0,0,0,0
43158593054203977,150.19853646485066,2.0685233224576485,0.12206944078207016,93195001856.0,0.9097274541854858,1,1,0,0,0,1,0,0
38553413155323625,36.186325666471596,-4.391828194673571,0.12544050812721252,56945000448.0,0.7183538675308228,1,0,0,0,0,0,0,0
37494454608746584,36.48520624857623,-5.643733592199315,0.2281266748905182,15553000448.0,0.9915471076965332,1,0,0,0,0,0,0,0
38553829767155408,35.722681752254836,-4.2085514838198,0.2172856628894806,44314001408.0,0.5549318194389343,1,0,0,0,0,0,0,0
37485400817702748,33.81734677593554,-4.756959992906762,0.26020413637161255,218039992320.0,0.6874776482582092,1,0,0,0,0,0,0,0
43154190712720200,148.85203745189696,1.7685400970159506,0.32288119196891785,262990004224.0,0.3854537010192871,1,1,0,0,1,0,0,0
75343789480254060,244.32086801904165,54.880443117795174,0.2613047659397125,70025003008.0,0.685071587562561,1,1,0,0,0,1,0,1
42090151219853298,149.1842518989572,0.9683853377477809,0.13185732066631317,62669000704.0,0.9638112187385559,1,1,0,0,0,1,0,0
38549019403778040,34.8044495876277,-4.279597272693723,0.1241423562169075,12572999680.0,0.9542627334594727,1,0,0,0,0,0,0,0
37484855356841661,34.51837074465379,-4.721889993136661,0.11918129771947861,13095000064.0,0.5573087930679321,1,0,0,0,0,0,0,0
38554392407850838,35.00034714566318,-3.805119619702032,0.20261114835739136,43756998656.0,0.6005503535270691,1,0,0,0,0,0,0,0
75959627660957810,242.45226567047857,55.28915683827169,0.298768550157547,114139996160.0,0.9184858798980713,1,0,0,0,0,0,0,0
38554108940018381,35.42084664618393,-4.124944800420728,0.3936367332935333,55821000704.0,0.5233893394470215,1,0,0,0,0,0,0,0
74696868621220489,241.88457903123748,53.54821305678051,0.07453062385320663,29390000128.0,0.9057637453079224,1,0,0,0,0,0,0,0
37484563299070217,34.93915521059108,-5.388246942351473,0.1769971251487732,13127000064.0,0.9622483253479004,1,0,0,0,0,0,0,0
44227588939349892,151.3568087460932,3.40115701809771,0.09309621900320053,12158999552.0,0.7566874027252197,1,0,0,0,0,0,0,0
37489253403358135,36.15413723279466,-4.593622399372856,0.19305428862571716,54961999872.0,0.6972901821136475,1,0,0,0,0,0,0,0
42692670706978538,352.13751141890054,0.3942068386739317,0.17412248253822327,7309300224.0,0.8203991651535034,1,0,0,0,0,0,0,0
38558369547571796,36.992290130689504,-4.129405423879286,0.23215630650520325,51647000576.0,0.9079171419143677,1,1,0,0,0,1,1,0
75959077905144822,243.64943203024043,55.25775106385528,0.11216140538454056,43825999872.0,0.6022309064865112,1,0,0,0,0,0,0,0
42697206192443845,353.4671026747627,0.42098882764039197,0.35474640130996704,191540002816.0,0.5002192258834839,1,0,0,0,0,0,0,0
38553421745250046,36.2527609275288,-4.11049506527463,0.18230535089969635,69094998016.0,0.6821221113204956,1,0,0,0,0,0,0,0
75339361368969980,241.81129762988346,53.60914466857412,0.3695736527442932,26022000640.0,0.5006597638130188,1,0,0,0,0,0,0,0
75338966231975060,242.86178579018053,54.29314226240028,0.33307552337646484,39653998592.0,0.8249817490577698,1,1,0,0,0,1,1,0
38558644425485097,36.713308695390985,-4.044497930728375,0.16230466961860657,14193999872.0,0.43221962451934814,1,1,0,0,1,0,0,0
75343789480254558,244.46725412850668,54.88893166046365,0.28699174523353577,18690000896.0,0.9336550235748291,1,0,0,0,0,0,0,0
38554254968911649,35.12470207314758,-3.6378642066553084,0.31993335485458374,19822000128.0,0.621470034122467,1,0,0,0,0,0,0,0
38553688033232017,35.886660122609676,-4.3866981314063755,0.251274436712265,99522002944.0,0.5386520028114319,1,0,0,0,0,0,0,0
42692116656193436,353.019153262387,0.16734512385839415,0.3217960000038147,114500001792.0,0.5494570136070251,1,0,0,0,0,0,0,0
41619684797224250,350.5214122095976,-1.0323955453460765,0.2241419404745102,17852999680.0,0.40785646438598633,1,1,0,0,1,0,0,0
37494330054701616,36.70583451545646,-4.95901461343203,0.25283148884773254,4174000128.0,0.6546098589897156,1,0,0,0,0,0,0,0
37494330054698395,36.58804221781436,-4.999121470735267,0.10849077999591827,41521999872.0,0.8857754468917847,1,0,0,0,0,0,0,0
75338820203096367,243.2024066802648,54.00678692947802,0.11534247547388077,30421999616.0,0.9447159767150879,1,1,0,0,0,1,0,0
37489515396364752,35.7391273119591,-5.117822737803795,0.24381497502326965,77824000000.0,0.501736581325531,1,0,0,0,0,0,0,0
37489652835321387,35.443816471462945,-5.1303892349103455,0.257368803024292,7543499776.0,0.8622163534164429,1,0,0,0,0,0,0,0
44222778575982343,150.44778452243963,3.427344450327555,0.22466696798801422,123300003840.0,0.9029662609100342,1,1,0,0,0,1,0,0
38553275716362886,36.41052237871492,-4.442067466903466,0.12845063209533691,47471001600.0,0.8863704204559326,1,1,0,0,0,0,1,0
75954692743515348,241.04615963765627,55.70598261740072,0.3261522948741913,21501999104.0,0.6886674761772156,1,0,0,0,0,0,0,1
37489670015175910,35.5101824553832,-4.534674070519507,0.25385236740112305,81111998464.0,0.8803759813308716,1,0,0,0,0,0,0,0
37489094489560141,36.236495348438915,-5.653822733021339,0.29131120443344116,49450000384.0,0.5980977416038513,1,0,0,0,0,0,0,0
38558640130519050,36.641647824103686,-4.214720486452435,0.18900568783283234,103969996800.0,0.5082222819328308,1,0,0,0,0,0,0,0
75338566800024226,243.65486458062804,54.917624857870855,0.2575659453868866,103139999744.0,0.7253603935241699,1,0,0,0,0,0,0,0
75954679858634466,241.03423389595423,55.26737891865952,0.2834409773349762,11831000064.0,0.6118557453155518,1,1,0,0,0,1,0,0
43163141424579257,151.4790758036849,2.684592748495564,0.09632881730794907,21865000960.0,0.7672060132026672,1,1,0,0,0,1,0,0
43153666726715540,149.4281570485839,2.951011031658599,0.27921783924102783,61582999552.0,0.37820836901664734,1,1,0,0,0,1,1,0
38554259263867000,35.22858789376389,-3.5930927522766494,0.25973182916641235,22269999104.0,0.5711202621459961,1,0,0,0,0,0,0,0
38554388112897032,35.03566989141956,-3.8146075472476215,0.3150104880332947,219520008192.0,0.8632798194885254,1,0,0,0,0,0,0,0
75954963326461840,240.5737371047497,55.58565156231126,0.3753535747528076,31759998976.0,0.9439041614532471,1,0,0,0,0,0,0,0
43154070453646128,148.87427575212274,2.6171021756786232,0.1296224296092987,25848999936.0,0.7896663546562195,1,0,0,0,0,0,0,0
38558094669664141,37.389680488173,-4.164020237493403,0.2684873044490814,111370002432.0,0.8762339353561401,1,0,0,0,0,0,0,0
75338979116876910,242.84780958125674,54.86614868041822,0.13070902228355408,180500004864.0,0.7913285493850708,1,0,0,0,0,0,0,0
44223470065707843,149.55284173098497,3.5473385340087877,0.18497231602668762,76705996800.0,0.5053477883338928,1,0,0,0,0,0,0,0
75334572480418739,240.39015552959734,54.56648985035954,0.2090400904417038,44232998912.0,0.5884504318237305,1,0,0,0,0,0,0,0
75959636250893623,242.42228423816877,55.64335202608921,0.24862831830978394,20554999808.0,0.6727807521820068,1,0,0,0,0,0,0,0
42692266980046512,352.82183730510565,0.7142105940310705,0.2874663472175598,120730001408.0,0.6554725170135498,1,0,0,0,0,0,0,0
41623554562760331,352.80398385561665,-0.10578636245709035,0.28881391882896423,65092001792.0,0.816491961479187,1,0,0,0,0,0,0,0
38553696623155814,35.93958935618401,-4.153786312024282,0.2964540123939514,37605998592.0,0.8184528350830078,1,0,0,0,0,0,0,0
43163420597453382,151.12989564206833,2.843911208840892,0.08016255497932434,15676999680.0,0.9017550349235535,1,0,0,0,0,0,0,0
41623674821843266,352.5668532214588,-0.8773959450494083,0.33040136098861694,100879998976.0,0.7551337480545044,1,0,0,0,0,0,0,0
42691987807184687,353.1348534270842,0.6486720332218425,0.093455970287323,18229999616.0,0.915236234664917,1,0,0,0,0,0,0,0
42089605759008829,150.03344456404432,1.2044787691699743,0.07638146728277206,22683000832.0,0.9041763544082642,1,0,0,0,0,0,0,0
43158197917215435,150.8747524666593,2.814771140062766,0.1557263284921646,12871000064.0,0.9730091691017151,1,0,0,0,0,0,0,0
42697073048453943,353.72022386465716,0.5640178304381942,0.10900433361530304,16398000128.0,0.7591409683227539,1,0,0,0,0,0,0,0
75338678469160925,243.33592318649278,53.69615102789423,0.38223329186439514,143959998464.0,0.7319033741950989,1,1,0,0,0,1,1,0
41623958289669734,352.2948155401457,-0.6411835624072827,0.18778522312641144,10803999744.0,0.5417700409889221,1,0,0,0,0,0,0,0
41619547358262228,350.7483442481655,-1.142885168807366,0.10997594892978668,12920000512.0,0.8572498559951782,1,1,0,1,0,0,0,0
42692125246127769,352.9510913800897,0.5461621407863558,0.21365174651145935,24433000448.0,0.8593482971191406,1,0,0,0,0,0,0,0
37484988500832544,34.49515607892572,-4.867451487830649,0.1701432168483734,14302000128.0,0.9191923141479492,1,0,0,0,0,0,0,0
75958949056114155,244.19108495043383,55.54038368763387,0.08812057226896286,27558000640.0,0.8201054930686951,1,1,0,0,0,1,0,0
41623275389881351,353.2192933591962,-0.29781204385648596,0.18510404229164124,158680006656.0,0.9501087069511414,1,0,0,0,0,0,0,0
43154061863707471,148.92148577368866,2.263274908188264,0.16933086514472961,55836000256.0,0.8942544460296631,1,0,0,0,0,0,0,0
37489532576227270,35.7234020959817,-4.491448138757769,0.1403466910123825,5738299904.0,0.8931907415390015,1,0,0,0,0,0,0,0
43158060478268441,150.90344804897833,2.8554448397576553,0.1528468281030655,75323998208.0,0.5841067433357239,1,0,0,0,0,0,0,0
42089747492918086,149.82228648980814,1.2821721702151865,0.30378493666648865,14049999872.0,0.5051411390304565,1,0,0,0,0,0,0,0
37489111669437190,36.246061344973064,-4.796008364420483,0.24056817591190338,49754001408.0,0.89516681432724,1,1,0,0,0,1,1,0
41623558857716456,352.8470381461028,-0.030781259957789964,0.06837581843137741,20429000704.0,0.9438936710357666,1,0,0,0,0,0,0,0
37489923418251522,35.13734056574703,-5.4346871037277635,0.16165147721767426,19398000640.0,0.95909583568573,1,0,0,0,0,0,0,0
37489103079501700,36.35293878982915,-5.183612489825155,0.20289096236228943,52005998592.0,0.8905514478683472,1,0,0,0,0,0,0,0
43158189327287147,150.8000620574886,2.489786338713191,0.3284222185611725,39257001984.0,0.5028277635574341,1,1,0,0,1,0,1,0
38553692328187637,35.96636618649105,-4.335307206284876,0.24394549429416656,93413998592.0,0.8559073805809021,1,0,0,0,0,0,0,0
42697077343419453,353.76250221732647,0.793441700861872,0.2929891347885132,481540014080.0,0.7103346586227417,1,0,0,0,0,0,0,1
38557957230709679,37.541913496882195,-4.150751544979988,0.22215262055397034,66878001152.0,0.5371595621109009,1,0,0,0,0,0,0,0
75954413570648861,242.00415251699718,55.526011415169805,0.1530236303806305,33966000128.0,0.6065654754638672,1,0,0,0,0,0,0,0
41619427099180301,350.8393829784819,-0.33813828825629555,0.21321457624435425,18274000896.0,0.9969809651374817,1,1,0,1,0,0,1,0
42697073048446390,353.67987416146786,0.48008808305790956,0.1783907562494278,80873996288.0,0.7884372472763062,1,1,0,0,0,1,0,0
42687860343600244,351.30401881149305,0.33877211550404884,0.21196702122688293,132590002176.0,0.7773771286010742,1,1,0,1,0,1,0,0
44227726378298408,151.19048223454013,3.3310781548513817,0.10552621632814407,20651999232.0,0.6078776717185974,1,1,0,0,0,1,0,0
76557757691500355,243.52904288173738,56.57843491478231,0.13742898404598236,18833000448.0,0.710754930973053,1,0,0,0,0,0,0,0
41623408533865109,353.0206033056222,-0.5316271621807716,0.3411431312561035,74626998272.0,0.7011526823043823,1,0,0,0,0,0,0,0
37489365072501394,35.885200634591776,-5.809091171685682,0.28649792075157166,222060003328.0,0.467676043510437,1,1,1,0,0,0,0,1
44223190892820252,149.8852387557297,3.2902972024666735,0.1434650719165802,5931200000.0,0.6802973747253418,1,0,0,0,0,0,0,0
75959636250894098,242.58715349301156,55.6680782463888,0.09013643860816956,46237999104.0,0.9879756569862366,1,0,0,0,0,0,0,1
75338957642034687,242.6600860803776,53.84427971262568,0.13633392751216888,3986299904.0,0.6972000598907471,1,0,0,0,0,0,0,0
42692133836069407,352.99135077449034,1.0001390196822213,0.3041881322860718,22300000256.0,0.8099151849746704,1,0,0,0,0,0,0,1
38558236403596407,37.15092399119033,-3.8167670108113514,0.14544878900051117,18510000128.0,0.7228372693061829,1,0,0,0,0,0,0,0
37489502511458902,35.62130859059843,-5.76950395081683,0.26235073804855347,78425997312.0,0.6194632649421692,1,0,0,0,0,0,0,0
75959378552856191,243.2074996647139,56.38678947080676,0.06996855139732361,11466999808.0,0.9537755250930786,1,0,0,0,0,0,0,0
38558365252615977,37.02799122601,-4.197759110741342,0.1923903226852417,103939997696.0,0.8813434839248657,1,0,0,0,0,0,0,0
42687722904649039,351.5113265179847,0.3386404807170015,0.20419223606586456,20751998976.0,0.8792465329170227,1,0,0,0,0,0,0,0
38558786159396020,36.519418591395414,-3.9894867528644626,0.27327531576156616,17432000512.0,0.7613481283187866,1,0,0,0,0,0,0,0
44222645431990630,150.60585107284527,3.5431576270876026,0.17069993913173676,95100002304.0,0.3744693398475647,1,1,0,0,0,1,0,0
38553967206100750,35.492344540318925,-4.274230493860367,0.17669062316417694,27919998976.0,0.6504740715026855,1,0,0,0,0,0,0,0
42094407532443094,150.99278066556528,0.8200981929164636,0.198311448097229,44086001664.0,0.6177487373352051,1,0,0,0,0,0,0,0
43153649546838787,149.49281569770073,2.1531483526395605,0.08928151428699493,66567999488.0,0.9486595392227173,1,0,0,0,0,0,0,0
41618997602451114,351.4687590388947,-1.1200237911680102,0.2327636331319809,206960001024.0,0.8198064565658569,1,1,0,0,0,1,1,0
40554833555517051,352.7372452026584,-1.4942063646185497,0.12975771725177765,16362999808.0,0.5832090973854065,1,0,0,0,0,0,0,0
75954959031496434,240.49557181585755,55.40489922286239,0.39236730337142944,151770005504.0,0.3699229955673218,1,1,0,0,0,1,0,0
37488974230477123,36.36433716345357,-4.882275619402609,0.16171897947788239,74116997120.0,0.9657238721847534,1,1,0,0,1,0,0,0
41619293955191935,351.0600622305572,-0.1821932662993705,0.22631080448627472,10161999872.0,0.6961390972137451,1,1,0,0,0,1,1,0
41623545972809345,352.7466655770124,-0.5818044320355175,0.25067082047462463,17043000320.0,0.9995381236076355,1,1,0,1,0,0,0,1
75339498807912337,241.4791552938364,53.577487283306944,0.15952464938163757,4488600064.0,0.8141324520111084,1,0,0,0,0,0,0,0
42692129541100839,352.99974685855125,0.807107720332984,0.3001706004142761,65493999616.0,0.74715256690979,1,0,0,0,0,0,0,0
44217972507572607,149.49739911520058,3.5829703715419043,0.3695273995399475,102270001152.0,0.7862545847892761,1,0,0,0,0,0,0,0
38553838357075050,35.722383791756286,-3.942174839917801,0.21749062836170197,9359099904.0,0.8579113483428955,1,1,0,0,0,1,0,0
38554379522960524,35.00948924596711,-4.229200154919881,0.1857955902814865,59430998016.0,0.870307445526123,1,1,0,0,0,1,0,0
38549569159600262,34.0663800894091,-4.203095982844015,0.13670341670513153,108659998720.0,0.9771370887756348,1,0,0,0,0,0,0,0
38557952935750497,37.496197577418926,-4.239471518383518,0.09124353528022766,8575600128.0,0.8621693849563599,1,0,0,0,0,0,0,0
42093999510543253,151.55162886914977,0.9051125824846674,0.20681795477867126,7612199936.0,0.6740972399711609,1,0,0,0,0,0,0,1
37484700738017540,34.724035451354396,-5.481890614289561,0.10512267053127289,11740000256.0,0.568206250667572,1,0,0,0,0,0,0,0
37493655744826823,37.53415977133271,-4.527528800301453,0.14901453256607056,16088999936.0,0.9396374225616455,1,0,0,0,0,0,0,0
38554104645048446,35.37974834945921,-4.338509191601888,0.13859881460666656,28778000384.0,0.770931601524353,1,0,0,0,0,0,0,0
42692679296914969,352.1775735348058,0.8275216490453663,0.26755404472351074,286420008960.0,0.9699293375015259,1,0,0,0,0,0,0,0
41624087138694383,352.04497892879556,-0.9601858665239533,0.1849290281534195,7584799744.0,0.7838827967643738,1,0,0,0,0,0,0,1
38549427425679278,34.27740545363995,-4.417218664693599,0.20976005494594574,48652001280.0,0.5949510335922241,1,0,0,0,0,0,0,0
75339107965890155,242.48584044284382,54.44442765587698,0.24348974227905273,106880000000.0,0.5044376254081726,1,0,0,0,0,0,0,0
38553834062118433,35.661628500766895,-4.015599977898981,0.24987871944904327,51998998528.0,0.7387765645980835,1,0,0,0,0,0,0,0
37494338644624657,36.67606926232125,-4.731334546881358,0.16687200963497162,12976000000.0,0.7686150670051575,1,0,0,0,0,0,0,0
75339223930017558,242.13011321784478,53.60380461523073,0.11357075721025467,41001000960.0,0.7856231927871704,1,0,0,0,0,0,0,0
41623545972814525,352.84251097522645,-0.6106690458877418,0.22337469458580017,114149998592.0,0.6382869482040405,1,0,0,0,0,0,0,0
42687735789543182,351.4394905654774,0.8536997324897831,0.16592898964881897,43789000704.0,0.8586636781692505,1,1,0,0,0,1,1,0
38558644425476433,36.71901399439986,-4.159188432959641,0.3580012619495392,33695000576.0,0.5113950371742249,1,0,0,0,0,0,0,0
75959236818926882,243.59548948473798,56.10747375130048,0.08129848539829254,9423200256.0,0.9013315439224243,1,0,0,0,0,0,0,0
75954688448558387,241.26297908122132,55.62710461462966,0.2716512084007263,54165000192.0,0.9828156232833862,1,0,0,0,0,0,0,0
42687714314716967,351.469464347832,0.029876367015521862,0.12108482420444489,43308998656.0,0.9239160418510437,1,0,0,0,0,0,0,0
42089335176070050,150.36064470754144,1.3586215119777767,0.19532690942287445,38423998464.0,0.9259523153305054,1,1,0,0,0,1,1,0
75344042883316686,243.85489556468485,53.9071746525083,0.13382402062416077,13107000320.0,0.7457302808761597,1,0,0,0,0,0,0,0
37494476083577244,36.47995948213343,-4.733803903285117,0.23942483961582184,196720001024.0,0.855515718460083,1,1,0,0,0,1,0,0
42089747492918809,149.74579031977615,1.2771383627095863,0.09666115045547485,35176001536.0,0.5197767019271851,1,0,0,0,0,0,0,0
41623820850724026,352.4865525303022,-0.5677792375890208,0.22024941444396973,21703000064.0,0.9616692662239075,1,0,0,0,0,0,0,0
75954692743517613,241.21463090964875,55.718286532118675,0.2768523693084717,207569993728.0,0.5524469017982483,1,1,0,0,1,1,0,0
42692395829073721,352.6465438571201,0.41069555386567064,0.22577756643295288,107209998336.0,0.8204232454299927,1,0,0,0,0,0,0,0
38553692328193910,35.81099274307854,-4.254932270972213,0.23049364984035492,13251000320.0,0.5075409412384033,1,0,0,0,0,0,0,0
37489794569229445,35.26669691688589,-5.099119431780213,0.24386796355247498,93463003136.0,0.9525118470191956,1,0,0,0,0,0,0,0
42094012395444136,151.4687575000518,1.4503552171427148,0.19488418102264404,62385999872.0,0.9442030191421509,1,0,0,0,0,0,0,0
75958665588269872,244.73224420662962,55.13063675362985,0.3448299765586853,29830000640.0,0.8831866979598999,1,0,0,0,0,0,0,1
75954688448557365,241.2856257269535,55.60889675733712,0.2500301003456116,16158999552.0,0.6364266276359558,1,0,0,0,0,0,0,0
38554117529955526,35.243046253107394,-3.682946954648098,0.1980261355638504,73884000256.0,0.8952690958976746,1,0,0,0,0,0,0,0
75959382847813360,242.97975253054557,56.49306450828417,0.2459462434053421,12574000128.0,0.5624958276748657,1,0,0,0,0,0,0,0
44223332626747504,149.76402761218299,3.4692951334886444,0.36863452196121216,36617998336.0,0.9267512559890747,1,0,0,0,0,0,0,0
75339232519957886,242.0989062213102,54.00784304445972,0.3834633231163025,27985000448.0,0.5727012157440186,1,0,0,0,0,0,0,0
75959228228998158,243.29668897280897,55.80507104714616,0.31385213136672974,6856300032.0,0.8781989216804504,1,0,0,0,0,0,0,0
42697343631397509,353.35359118899794,0.423701371495631,0.19818635284900665,35279998976.0,0.8584283590316772,1,0,0,0,0,0,0,0
38553980091001271,35.51497758436041,-3.669908512348694,0.2683211863040924,44323999744.0,0.8189265131950378,1,0,0,0,0,0,0,0
75338682764142846,243.5405971360742,54.00197936009428,0.1029999777674675,30481999872.0,0.9340196847915649,1,0,0,0,0,0,0,0
41623687706729806,352.6295539532342,-0.45093310165338574,0.09181877970695496,11914000384.0,0.9272119402885437,1,0,0,0,0,0,0,0
37489923418254834,35.05927004535119,-5.388400616209149,0.26817944645881653,75010998272.0,0.8500423431396484,1,1,0,0,0,1,1,0
38558378137499460,36.99538103213286,-3.811557174876611,0.1960522085428238,4552300032.0,0.8537845611572266,1,0,0,0,0,0,0,0
43154319561746777,148.61617874844217,1.5079966331991999,0.22364890575408936,6302300160.0,0.49886375665664673,1,1,0,0,1,0,0,0
37494334349661194,36.60752214649787,-4.868513260488125,0.10273414850234985,9232799744.0,0.8099616765975952,1,0,0,0,0,0,0,0
38553567774145845,36.030661283422624,-3.6626905064846254,0.2516899108886719,53673000960.0,0.530073881149292,1,0,0,0,0,0,0,0
38553967206099823,35.53951291237386,-4.284396911518235,0.24294474720954895,62891999232.0,0.6673834919929504,1,0,0,0,0,0,0,0
38558369547573342,36.97287961582477,-4.110448286960616,0.06593384593725204,11514999808.0,0.9516463279724121,1,0,0,0,0,0,0,0
37494321464759723,36.55474214555827,-5.450153418548875,0.2678213119506836,13857000448.0,0.8824253678321838,1,0,0,0,0,0,0,0
38554108940024444,35.34044875580865,-4.044255900053572,0.24208953976631165,126849998848.0,0.9026618003845215,1,1,0,0,1,0,0,0
74696589448344868,242.6733479885544,53.361767088733586,0.1439639776945114,14542999552.0,0.9240362644195557,1,0,0,0,0,0,0,0
38554117529953116,35.4207671609657,-3.714910785253733,0.3522532284259796,11500000256.0,0.6528646945953369,1,0,0,0,0,0,0,0
37489803159177276,35.40657835761304,-4.588204626279207,0.15867272019386292,38150000640.0,0.9525593519210815,1,0,0,0,0,0,0,0
38558236403589417,37.169959819955416,-3.9135673324101754,0.2649880051612854,14355000320.0,0.5893951654434204,1,0,0,0,0,0,0,0
38558236403592234,37.125936711592985,-3.874154789838404,0.21381701529026031,9907500032.0,0.6044105887413025,1,0,0,0,0,0,0,0
75338811613155033,243.07498730307495,53.585982502067246,0.37788113951683044,45890998272.0,0.6963422298431396,1,0,0,0,0,0,0,0
43158885111978045,149.84501392699127,2.766345115685254,0.1531951129436493,21567000576.0,0.5462651252746582,1,0,0,0,0,0,0,0
75339533167653244,241.64229099160121,54.98996574394587,0.1513126641511917,9720099840.0,0.6920714974403381,1,0,0,0,0,0,0,1
44223336921717784,149.70164248955797,3.718160077436232,0.16770771145820618,22754000896.0,0.7921901941299438,1,1,0,0,0,1,0,1
41623692001706227,352.63979596258656,-0.1851567079049644,0.14361654222011566,48836001792.0,0.9710904955863953,1,0,0,0,0,0,0,0
76552947328125324,241.92364409868372,56.59304730492721,0.20806585252285004,86798000128.0,0.8150213956832886,1,1,0,0,0,1,0,0
44227309766464768,151.6886136079621,3.158212003164176,0.315143346786499,239240003584.0,0.5436482429504395,1,0,0,0,0,0,0,0
44223044863944111,150.00325807824962,2.996636982857094,0.19585347175598145,22392000512.0,0.6198739409446716,1,0,0,0,0,0,0,0
38553980091000390,35.43959398198947,-3.672172271922232,0.3154710829257965,101139996672.0,0.8551185727119446,1,0,0,0,0,0,0,0
37494334349656558,36.65334233743374,-4.898338323768716,0.2838103771209717,188199993344.0,0.7302919626235962,1,1,0,0,0,1,0,0
37494321464762349,36.57175574940104,-5.37268630298308,0.10352157056331635,83860996096.0,0.954609751701355,1,0,0,0,0,0,0,0
42692125246128521,352.95834923846684,0.5527096491375129,0.25067341327667236,112410001408.0,0.917465329170227,1,0,0,0,0,0,0,0
43158189327275053,150.86274902337772,2.394524838998231,0.2732411324977875,5543900160.0,0.5224344730377197,1,1,0,0,1,0,0,0
37489661425254987,35.43621116839137,-4.748579396691601,0.21517029404640198,78264999936.0,0.5144666433334351,1,0,0,0,0,0,0,0
43163412007519565,151.24567748925355,2.4744111280709387,0.110275998711586,19925000192.0,0.5130211710929871,1,0,0,0,0,0,0,0
41619414214271957,350.95091315208026,-1.0118365827882059,0.12588238716125488,3801999872.0,0.560914158821106,1,0,0,0,0,0,0,0
37484563299068161,34.93270010368945,-5.403046131388611,0.1385720670223236,4874599936.0,0.8399387001991272,1,0,0,0,0,0,0,0
37489090194594945,36.3201886247747,-5.812752018804451,0.19694365561008453,17785999360.0,0.9607493877410889,1,0,0,0,0,0,0,0
75338983411843838,242.94133962975727,55.036889553694046,0.22351965308189392,102470000640.0,0.5870046615600586,1,0,0,0,0,0,0,0
38553275716365782,36.39026198694169,-4.403229761523154,0.23316653072834015,8286099968.0,0.8475388288497925,1,0,0,0,0,0,0,0
38549294281692375,34.368647862251564,-4.2056840566469855,0.29204991459846497,114239995904.0,0.7236325144767761,1,0,0,0,0,0,0,0
75338687059107734,243.40560533443397,54.188701354800244,0.3128311038017273,102940000256.0,0.5455036759376526,1,0,0,0,0,0,0,0
38554126119880684,35.338194032122864,-3.4152381838849193,0.25827839970588684,27968000000.0,0.5839181542396545,1,0,0,0,0,0,0,0
38549431720641683,34.17987071812975,-4.258541674255004,0.25217464566230774,63715999744.0,0.9177625179290771,1,0,0,0,0,0,0,0
44227730673268063,151.20154908611744,3.5658001973325804,0.28824925422668457,12773000192.0,0.9245011806488037,1,0,0,0,0,0,0,0
75334310487420101,241.04240738224712,55.01698242862689,0.3751182556152344,44892000256.0,0.5712931156158447,1,0,0,0,0,0,0,1
38554392407854919,35.00890374586955,-3.7400165207158698,0.17176015675067902,49206001664.0,0.8557516932487488,1,0,0,0,0,0,0,0
75338811613158319,243.1127701627693,53.61675358235551,0.1649455577135086,18179999744.0,0.44690537452697754,1,1,0,0,0,1,0,0
75959374257873442,242.97012125934316,56.06822680095537,0.1702260822057724,10897000448.0,0.8522628545761108,1,0,0,0,0,0,0,0
75339361368970338,241.98616371700012,53.61072486862248,0.257701575756073,14928000000.0,0.8813962936401367,1,0,0,0,0,0,0,0
40555241577390528,352.1992990056403,-1.5829859402712383,0.3243805468082428,76714999808.0,0.5416702032089233,1,0,0,0,0,0,0,0
41619427099181710,350.9290768940952,-0.3189872096634651,0.23596785962581635,81945001984.0,0.6646819710731506,1,0,0,0,0,0,0,0
38553975796030233,35.52787255509738,-3.9318781885776684,0.2367185652256012,14197000192.0,0.5788442492485046,1,0,0,0,0,0,0,0
37493784593847586,37.292463855812514,-4.874815324091584,0.1357051134109497,34965000192.0,0.8360861539840698,1,0,0,0,0,0,0,0
38553559184201973,36.00623905264413,-4.1039167558145015,0.36319825053215027,110660001792.0,0.852041482925415,1,0,0,0,0,0,0,0
75339232519948091,242.34130062698557,53.916260017354624,0.17979085445404053,24962000896.0,0.8754037618637085,1,0,0,0,0,0,0,0
41623253915020246,353.10256653323853,-1.3717102151802598,0.10692955553531647,43238998016.0,0.6645854115486145,1,0,0,0,0,0,0,1
37488948460662828,36.38322251743589,-5.871276463625627,0.12059841305017471,18396999680.0,0.8156049847602844,1,0,0,0,0,0,0,0
37484576183969012,34.91279094374949,-4.888462374933997,0.3248921036720276,61483999232.0,0.6697949767112732,1,0,0,0,0,0,0,0
42094549266367043,150.66415898800616,0.9900684633139066,0.09059566259384155,9995599872.0,0.5283693075180054,1,0,0,0,0,0,0,0
75338824498045808,243.19289083076302,54.02104305003706,0.17786093056201935,22023000064.0,0.736939013004303,1,0,0,0,0,0,0,0
75339369958890944,241.86961414510193,53.836901663517786,0.38674139976501465,47936000000.0,0.856838583946228,1,0,0,0,0,0,0,0
41623545972814908,352.8488498507562,-0.6029301000513139,0.1134280115365982,31914999808.0,0.873690664768219,1,1,0,0,0,1,0,0
42094682410342546,150.53583983830535,0.7170749260734931,0.06244564801454544,10762000384.0,0.8443676233291626,1,0,0,0,0,0,0,0
75339511692812007,241.45007572273684,54.03554794189205,0.10363934934139252,15726999552.0,0.9500597715377808,1,0,0,0,0,0,0,0
42687856048638174,351.2936512750622,0.21568920640180322,0.14657540619373322,25895999488.0,0.8496402502059937,1,0,0,0,0,0,0,0
37494330054692222,36.55518796913876,-5.074042375957838,0.16879037022590637,152620007424.0,0.8818966150283813,1,0,0,0,0,0,0,0
38553962911133031,35.504439158570214,-4.433907420941895,0.12082774937152863,48332001280.0,0.8333019018173218,1,0,0,0,0,0,0,0
42085065978566905,148.74977287789505,0.9790992330653806,0.10289906710386276,27392999424.0,0.8480647802352905,1,0,0,0,0,0,0,0
37484584773902068,34.930601108422664,-4.487070287041207,0.1638217270374298,20778999808.0,0.5150777101516724,1,0,0,0,0,0,0,0
75343918329258306,244.1674150158045,54.390483290208394,0.24931466579437256,41138999296.0,0.8882026672363281,1,0,0,0,0,0,0,1
75954825887512481,240.92329860795664,55.62057832749072,0.16988657414913177,22431000576.0,0.6712409257888794,1,0,0,0,0,0,0,0
75338957642035515,242.66563049088256,53.85616971406136,0.20513589680194855,11072000000.0,0.5288472175598145,1,0,0,0,0,0,0,0
41619298250157936,351.05157782188456,-0.01393615100614805,0.10693467408418655,14295000064.0,0.9565690755844116,1,0,0,0,0,0,0,0
37489532576225286,35.61937171668231,-4.512125265654512,0.2575933337211609,72005001216.0,0.772620677947998,1,1,0,0,0,1,0,0
38553421745256155,36.29643065557451,-4.028124038478827,0.3243033289909363,18716999680.0,0.9868806004524231,1,0,0,0,0,0,0,0
41623825145696214,352.41519837566955,-0.3312615094067029,0.1262623369693756,33703999488.0,0.5096482634544373,1,0,0,0,0,0,0,0
37484851061869264,34.66175892427526,-4.785962957716887,0.2746833264827728,143870001152.0,0.7303470969200134,1,0,0,0,0,0,0,0
41618881638327113,351.6254543254235,-0.276012894814004,0.12703527510166168,4018099968.0,0.9280964136123657,1,0,0,0,0,0,0,0
37484975615932658,34.42267369680083,-5.390919892121758,0.24343141913414001,98358001664.0,0.8359479904174805,1,1,0,0,0,1,1,0
75339498807912335,241.47946964589454,53.57489957826502,0.2936422824859619,99611000832.0,0.8249261975288391,1,0,0,0,0,0,0,0
41624233167577195,351.90873402315003,-0.6205728429438193,0.2626839280128479,71125999616.0,0.7456197738647461,1,0,0,0,0,0,0,0
42692666412011077,352.2099974231325,0.21338099319947915,0.07775577902793884,9614300160.0,0.8680558800697327,1,0,0,0,0,0,0,0
38553696623161638,35.918561976691606,-4.079991562295213,0.28012481331825256,18652999680.0,0.8140772581100464,1,0,0,0,0,0,0,0
75339391433731613,241.74342881428967,54.76337037809677,0.39765459299087524,21048999936.0,0.9499102234840393,1,0,0,0,0,0,0,0
38558781864424828,36.45493152788996,-4.175393386258993,0.32910653948783875,45502001152.0,0.8606662154197693,1,0,0,0,0,0,0,0
42090013780886173,149.38850898240364,0.84606542908798,0.23080168664455414,33258999808.0,0.9241657853126526,1,0,0,0,0,0,0,0
42692266980047681,352.81964053391596,0.7267688921860148,0.2397688776254654,128750002176.0,0.5622636079788208,1,0,0,0,0,0,0,0
75343506012407752,244.84239350528543,54.493712471758116,0.07448894530534744,29557999616.0,0.9572263956069946,1,0,0,0,0,0,0,0
44227584644385985,151.43227094067484,3.24368172891967,0.07857141643762589,31097999360.0,0.8668886423110962,1,0,0,0,0,0,0,0
37489777389365223,35.32015752262713,-5.736304512784107,0.17083391547203064,19317000192.0,0.5256614089012146,1,0,0,0,0,0,0,0
75959369962916832,243.04264041817828,55.96733282466995,0.3989642560482025,44921999360.0,0.5956801772117615,1,0,0,0,0,0,0,0
37489377957414117,35.82659595494306,-5.116706090930624,0.3089710474014282,8610799616.0,0.6755523085594177,1,0,0,0,0,0,0,0
75959090790042399,243.83554930779363,55.7685594431835,0.38206616044044495,24480999424.0,0.8053160905838013,1,0,0,0,0,0,0,0
37493917737831265,37.24106743425859,-5.095232533049445,0.3302520513534546,50574000128.0,0.979354977607727,1,0,0,0,0,0,0,0
75339528872696710,241.63232026806145,54.945703750836365,0.33275866508483887,104549998592.0,0.9343150854110718,1,0,0,0,0,0,0,1
75959636250896512,242.3130395278057,55.66606971603616,0.20569516718387604,214559997952.0,0.9297999739646912,1,1,0,0,1,0,0,0
37488978525448152,36.40915229087811,-4.594949907013189,0.20730826258659363,59881000960.0,0.8891382217407227,1,1,0,0,0,1,1,0
38553834062119288,35.747816313550686,-4.000922964334119,0.2596842050552368,109639999488.0,0.8709616661071777,1,0,0,0,0,0,0,0
76557624547490301,243.6330168504873,56.66650223087885,0.37767353653907776,19570999296.0,0.5616424083709717,1,0,0,0,0,0,0,0
41623803670860003,352.33243356951056,-1.2677660699550517,0.14063459634780884,6039699968.0,0.9671982526779175,1,0,0,0,0,0,0,1
38557957230711743,37.52477339640558,-4.111433895738558,0.24946483969688416,53288001536.0,0.7418234348297119,1,1,0,0,0,1,0,1
43154066158670628,148.94707939865432,2.3534552471605337,0.11956407129764557,11544999936.0,0.6437798738479614,1,0,0,0,0,0,0,0
41623387059010592,352.94845143918104,-1.4320008867769707,0.06917776167392731,24246999040.0,0.9938888549804688,1,0,0,0,0,0,0,0
38554117529955527,35.24628839481345,-3.6845368824095805,0.2671400308609009,72040996864.0,0.8807932138442993,1,0,0,0,0,0,0,0
37493651449860715,37.62674044284618,-4.694237552964421,0.18027494847774506,79592996864.0,0.8442641496658325,1,1,0,0,0,1,0,1
38549431720637878,34.21760906584806,-4.297435302665108,0.13688164949417114,30153000960.0,0.9232709407806396,1,0,0,0,0,0,0,0
42697081638360551,353.6151938947365,0.8713320743666195,0.35825321078300476,21841999872.0,0.7317609190940857,1,0,0,0,0,0,0,0
74697001765186582,241.63746590372278,53.44224685403275,0.09234700351953506,179629998080.0,0.9724567532539368,1,1,0,0,1,0,0,0
75339524577715134,241.5406394061243,54.60061200467035,0.20529739558696747,175270002688.0,0.9394195079803467,1,0,0,0,0,0,0,0
38554250673939444,35.16200247104838,-3.904884206317549,0.20151840150356293,33673000960.0,0.8374988436698914,1,1,0,0,0,1,0,0
75338687059104546,243.38275775251168,54.15802534975993,0.15166109800338745,183469998080.0,0.9970537424087524,1,1,1,0,0,0,0,0
43153937309662252,149.14562766685495,2.8302548762152733,0.190222829580307,11347999744.0,0.86961829662323,1,1,0,0,0,1,1,0
75338828793018927,243.21955140165312,54.27950581943299,0.3384113013744354,49322000384.0,0.5881341099739075,1,0,0,0,0,0,0,0
75954813002617952,240.91734494392642,55.11192739014862,0.3755000829696655,52442001408.0,0.871816098690033,1,1,0,0,0,1,0,0
42687735789546895,351.5404755886118,0.9054799243445931,0.16052857041358948,23505000448.0,0.8721438646316528,1,0,0,0,0,0,0,0
37489090194594529,36.27574998205752,-5.819831105643501,0.07242537289857864,10163999744.0,0.929039478302002,1,0,0,0,0,0,0,0
38553705213090880,35.81019528750555,-3.7606599575817214,0.21877406537532806,32885999616.0,0.5369880199432373,1,0,0,0,0,0,0,0
75954430750521454,241.7295250714992,56.34823456040546,0.3939551115036011,136930000896.0,0.5109637379646301,1,0,0,0,0,0,0,0
75339391433742220,241.76285245017402,54.87120961394253,0.16744378209114075,99504996352.0,0.9714702367782593,1,0,0,0,0,0,0,1
75959077905145386,243.77580226021877,55.26401195096526,0.15165258944034576,9720800256.0,0.5305956602096558,1,0,0,0,0,0,0,0
37489236223488859,36.140200974228364,-5.371146881209233,0.23176881670951843,15550999552.0,0.8712839484214783,1,0,0,0,0,0,0,0
37494330054696065,36.60967982104232,-5.028826611763431,0.07041109353303909,3648399872.0,0.8807820081710815,1,0,0,0,0,0,0,0
37489249108384039,36.136632939120936,-4.9013871174928845,0.3160874843597412,59890999296.0,0.5467798113822937,1,0,0,0,0,0,0,0
37485396522723200,33.76311736044529,-5.0533273061514565,0.17972761392593384,198209994752.0,0.9533044099807739,1,0,0,0,0,0,0,1
38549298576652116,34.31686696769684,-4.099682276538561,0.2147948443889618,34306000896.0,0.5040223002433777,1,0,0,0,0,0,0,0
75954821592551338,240.94401514438636,55.482091185577474,0.23271603882312775,70323003392.0,0.5854607224464417,1,0,0,0,0,0,0,0
42692537562985885,352.4546590251279,0.5149670230894244,0.23523090779781342,94421000192.0,0.6174634099006653,1,0,0,0,0,0,0,0
37484838176976123,34.55444833427083,-5.423430008372284,0.23882423341274261,184570003456.0,0.8933160901069641,1,0,0,0,0,0,0,0
38553838357083958,35.65345319349403,-3.824030601984126,0.13615833222866058,25309999104.0,0.7383326292037964,1,0,0,0,0,0,0,0
40554970994464374,352.47566595441805,-1.5609861511276804,0.2156253606081009,198229999616.0,0.9239675998687744,1,0,0,0,0,0,0,0
41619281070297923,351.0253342923939,-0.6962759535708712,0.39969542622566223,56638001152.0,0.6647878289222717,1,0,0,0,0,0,0,0
75339095080988264,242.6474487758834,53.85736184357595,0.25343260169029236,11016999936.0,0.5250818729400635,1,0,0,0,0,0,0,0
38558506986523350,36.77654789828874,-4.171244200992882,0.3242146968841553,29109999616.0,0.769550085067749,1,0,0,0,0,0,0,0
42692941289907254,351.86155145123206,0.11610685877564597,0.33920374512672424,62734000128.0,0.4440338909626007,1,1,0,0,0,1,0,0
75338704238969411,243.3273884065281,54.84102689035741,0.1847672462463379,4941199872.0,0.6838948726654053,1,0,0,0,0,0,0,0
75959640545857022,242.51377488438249,55.77274920647727,0.21802912652492523,3355200000.0,0.5341213345527649,1,0,0,0,0,0,0,0
42692670706984462,352.2457526149805,0.46182361099351854,0.23532435297966003,7036700160.0,0.951932430267334,1,1,0,0,0,0,1,0
38553692328196801,35.820411611787875,-4.23396439026749,0.19966363906860352,39446999040.0,0.8313611745834351,1,0,0,0,0,0,0,0
74701812128579238,243.1130097962843,53.34821952150872,0.272546648979187,99525001216.0,0.8895552754402161,1,1,0,0,0,1,1,0
75338953347062873,242.84001737314057,53.644288825917656,0.1873989999294281,10768000000.0,0.8176354765892029,1,1,0,0,0,1,0,1
41623670526863924,352.63826983929573,-1.1980816926140734,0.24711044132709503,13909000192.0,0.61940598487854,1,0,0,0,0,0,0,0
37489807454135511,35.247229070651876,-4.475573007132046,0.30492350459098816,17309999104.0,0.8712260127067566,1,0,0,0,0,0,0,0
43163420597457114,151.13082514477523,2.873049840989578,0.13463139533996582,6086499840.0,0.8741781115531921,1,0,0,0,0,0,0,0
75959498811936340,242.81104204308267,55.614060811794204,0.22271181643009186,32967999488.0,0.9026724100112915,1,0,0,0,0,0,0,0
37489257698315019,36.13474243064317,-4.550529813221535,0.20868374407291412,87135002624.0,0.5874960422515869,1,0,0,0,0,0,0,0
75339387138761456,242.00651186429155,54.611882489248686,0.10714643448591232,23363000320.0,0.9776965379714966,1,1,0,1,0,1,0,0
38554100350087487,35.238228128169936,-4.4364524771146625,0.15059706568717957,21579999232.0,0.7734272480010986,1,0,0,0,0,0,0,0
75959378552852792,243.18616952394655,56.349918564161655,0.1942121833562851,135839997952.0,0.6720861792564392,1,0,0,0,0,0,0,0
41619401329378399,350.94682666830437,-1.4090100157707732,0.19653981924057007,44705001472.0,0.5878850221633911,1,0,0,0,0,0,0,0
37489395137268321,35.97879230152118,-4.540799771455001,0.17074675858020782,69266997248.0,0.9876883625984192,1,0,0,0,0,0,0,0
38553417450285909,36.195253884320465,-4.2535390006762785,0.2402006834745407,114540003328.0,0.5931882858276367,1,0,0,0,0,0,0,0
42687731494588950,351.5047286694253,0.7694622839824955,0.28024742007255554,46489001984.0,0.5094702243804932,1,0,0,0,0,0,0,0
76552539306223815,242.69578926565353,56.64585349007293,0.15567725896835327,14846000128.0,0.7907857894897461,1,0,0,0,0,0,0,0
42090155514809240,149.31847156997455,1.0251724978575234,0.38531965017318726,200629993472.0,0.925847053527832,1,0,0,0,0,0,0,0
37489661425249634,35.43487922776864,-4.813724704028397,0.19961053133010864,69805998080.0,0.7630988955497742,1,1,0,0,0,1,0,0
42094549266369425,150.6551353409209,1.017024027773328,0.3427234888076782,211200000000.0,0.6146252155303955,1,0,0,0,0,0,0,0
38554250673934427,35.206540520914686,-3.9738239480265194,0.12575022876262665,7878300160.0,0.8556929230690002,1,0,0,0,0,0,0,0
75964171736349229,244.76615196617934,55.637438203409005,0.2129027098417282,152370003968.0,0.889077365398407,1,0,0,0,0,0,0,1
75334306192458118,240.88754108634515,54.846356046810435,0.2322811484336853,32361000960.0,0.7951130867004395,1,1,0,0,0,1,1,0
41623962584643744,352.29333954788,-0.3978083719094718,0.10640488564968109,28693000192.0,0.7741812467575073,1,0,0,0,0,0,0,0
75343785185285075,244.4580831491681,54.68628305433054,0.2777402400970459,11582999552.0,0.9266619682312012,1,0,0,0,0,0,0,0
37489098784539092,36.20149270902003,-5.3105463301703235,0.2147432267665863,50183999488.0,0.6934036612510681,1,0,0,0,0,0,0,0
43158313881334014,150.5286179787949,1.8906208560183466,0.15608803927898407,73716998144.0,0.9689688682556152,1,0,0,0,0,0,0,1
75338961937008920,242.66784375416444,54.10658638197349,0.36758506298065186,56357998592.0,0.9150243997573853,1,1,0,0,0,1,1,0
43154070453639354,148.94707578377427,2.558285958451013,0.16319096088409424,12106000384.0,0.7347490787506104,1,0,0,0,0,0,0,0
75338562505055955,243.65531349545745,54.715358651356865,0.25186434388160706,45078999040.0,0.525181233882904,1,0,0,0,0,0,0,0
37489103079505878,36.26280124446451,-5.136939490228235,0.21355992555618286,10951999488.0,0.5474165081977844,1,0,0,0,0,0,0,0
38553696623167151,35.96116948839756,-4.0234439794172605,0.06820529699325562,3821199872.0,0.6541336178779602,1,0,0,0,0,0,0,0
75339236814913184,242.13449691099464,54.08214858028382,0.1478361189365387,57099001856.0,0.9215850830078125,1,0,0,0,0,0,0,0
43163527971635429,151.0276734011773,1.5343256277744348,0.18483029305934906,120239996928.0,0.8484078645706177,1,1,0,1,0,0,0,0
42687718609692017,351.54248104862614,0.25890180744372604,0.2126007080078125,5718000128.0,0.8412038087844849,1,0,0,0,0,0,0,0
75343518897303645,245.0482445936942,54.98193235717604,0.3448050320148468,65369001984.0,0.8583109974861145,1,1,0,0,1,0,0,1
75954417865622513,241.92497636530135,55.77709376446093,0.18458275496959686,56340000768.0,0.5035440921783447,1,1,0,0,1,0,0,0
75338824498056718,243.2226529340444,54.14396662728794,0.1533317267894745,26493999104.0,0.9124784469604492,1,1,0,0,0,1,0,0
37489244813427257,36.02997594493109,-4.944178428357075,0.23817281424999237,134550003712.0,0.8695393800735474,1,0,0,0,0,0,0,0
75959369962922776,243.1010161878615,56.01036670160936,0.3302064836025238,11943000064.0,0.5077250599861145,1,0,0,0,0,0,0,0
44223470065708487,149.54072907022896,3.5514746146040372,0.14343862235546112,44645998592.0,0.6450037956237793,1,0,0,0,0,0,0,0
37494342939590353,36.55506013845901,-4.547937553546017,0.1439131796360016,13557999616.0,0.8481141328811646,1,0,0,0,0,0,0,0
38553834062119289,35.74756474826263,-4.004119780531762,0.24697929620742798,17941000192.0,0.8417292833328247,1,0,0,0,0,0,0,0
75343918329261934,243.9089944214142,54.429144168045475,0.3437812626361847,127170002944.0,0.9049556255340576,1,0,0,0,0,0,0,1
38553275716365783,36.38804898640095,-4.404226356054904,0.12164512276649475,24337999872.0,0.8345850706100464,1,0,0,0,0,0,0,0
42692125246130938,353.0587784078948,0.593152752656859,0.3048756420612335,72006000640.0,0.9377404451370239,1,1,0,0,0,1,1,0
37489528281267079,35.73249956791859,-4.605567335726721,0.20913377404212952,44273999872.0,0.5797703862190247,1,0,0,0,0,0,0,0
38553834062112825,35.70221578117921,-4.079734563365002,0.3928529620170593,71973003264.0,0.7826308012008667,1,0,0,0,0,0,0,0
37494334349664237,36.590004814403606,-4.822096297669126,0.1684955209493637,18997999616.0,0.7453222870826721,1,0,0,0,0,0,0,0
43154074748611387,148.87226865351514,2.7806861877014426,0.3034793436527252,35205001216.0,0.5583464503288269,1,0,0,0,0,0,0,0
41619156516239728,351.3222651832435,-0.1800555840414031,0.13373103737831116,22858000384.0,0.9549592137336731,1,0,0,0,0,0,0,0
41623679116811531,352.6119313741003,-0.6710985831275397,0.2045498639345169,142679998464.0,0.8748666644096375,1,0,0,0,0,0,0,0
41623683411764998,352.63419793360055,-0.638850788831039,0.2074907273054123,100599996416.0,0.8799991011619568,1,1,0,0,0,1,0,0
42687594055640989,351.7635410987199,0.8195518723428639,0.26989617943763733,20167000064.0,0.7755552530288696,1,0,0,0,0,0,0,0
43163399122607602,151.24082104804623,1.8271043551298942,0.24224163591861725,20280999936.0,0.5150941014289856,1,0,0,0,0,0,0,0
75339095080985755,242.49711851681687,53.83875524849361,0.21339057385921478,46262001664.0,0.9914760589599609,1,1,0,0,0,1,1,0
42697201897468003,353.49391673707504,0.17199303920418937,0.2055424600839615,5023900160.0,0.5429967641830444,1,0,0,0,0,0,0,1
75964030002433187,244.99083953005615,55.402774141149564,0.13645969331264496,17293000704.0,0.6073178052902222,1,1,0,1,0,0,0,0
44222911719968091,150.2083430813732,3.2503433564920576,0.10120175778865814,12826000384.0,0.5926611423492432,1,0,0,0,0,0,0,0
43158442730357896,150.5107499841743,1.5503248051658363,0.13539937138557434,26489999360.0,0.8746390342712402,1,0,0,0,0,0,0,0
42692821030825366,352.0162441192838,0.8701342906536635,0.2264406383037567,13230000128.0,0.9133845567703247,1,0,0,0,0,0,0,0
42093866366553940,151.62785463351315,1.14114450729732,0.09337133169174194,8893400064.0,0.993463397026062,1,0,0,0,0,0,0,0
75343652041293668,244.6140511660335,54.840092287646215,0.1944700926542282,555069997056.0,0.9980658888816833,1,1,0,1,0,1,1,0
37489365072504157,35.86948445213905,-5.768875769017489,0.3152538537979126,17844000768.0,0.512404203414917,1,0,0,0,0,0,0,0
37485134529714072,34.127024221558806,-4.538596134969181,0.15728838741779327,4093400064.0,0.7086198329925537,1,1,0,0,0,0,1,0
41623408533864352,352.9768458299046,-0.5398903611662085,0.28652772307395935,367900000256.0,0.6828244924545288,1,0,0,0,0,0,0,0
37489098784535473,36.2768300722834,-5.351256811353729,0.06256554275751114,4628599808.0,0.9532774686813354,1,0,0,0,0,0,0,0
75958803027227208,244.3909278978545,55.17862289488584,0.2824166715145111,24405000192.0,0.5221405029296875,1,0,0,0,0,0,0,0
75959503106909940,242.86768550368868,55.86357642057342,0.30608677864074707,17954000896.0,0.9266332983970642,1,1,0,0,0,1,1,0
37494059471756953,36.91816658082546,-4.858602902986499,0.2756548821926117,254480007168.0,0.9590930938720703,1,0,0,0,0,0,0,0
75959245408858513,243.39652414097412,56.49358342244186,0.2874441146850586,4338800128.0,0.37692052125930786,1,1,0,0,1,0,0,0
43158739083090515,150.05805254610632,2.3804194417360365,0.3511180281639099,172570001408.0,0.8105583786964417,1,0,0,0,0,0,0,1
37493917737838357,37.112144295284594,-5.005606131089068,0.3714045584201813,36325998592.0,0.6496966481208801,1,0,0,0,0,0,0,0
41618718429574008,351.83073761657096,-1.322563057664138,0.3588169515132904,13587999744.0,0.8639589548110962,1,0,0,0,0,0,0,0
41623279684844125,353.20569604986633,-0.1622123172567573,0.30091947317123413,105340002304.0,0.6226632595062256,1,0,0,0,0,0,0,0
75343914034295746,243.9285896904886,54.272451438171146,0.1037801131606102,34993999872.0,0.5289444923400879,1,0,0,0,0,0,0,0
75964030002437749,245.16787292555614,55.453807687146686,0.18314997851848602,22168000512.0,0.5093163847923279,1,0,0,0,0,0,0,0
37488948460662732,36.40293274881233,-5.873060455967404,0.14855079352855682,71159996416.0,0.9924091100692749,1,0,0,0,0,0,0,0
74701674689622743,243.32880829256237,53.343959072599844,0.19433139264583588,5567799808.0,0.8087481260299683,1,0,0,0,0,0,0,0
75343776595342055,244.23073715953666,54.261155049693066,0.1359536051750183,238390001664.0,0.9651979804039001,1,1,0,0,0,1,0,0
41623692001706228,352.6417523403809,-0.18562910553309755,0.17026017606258392,21802000384.0,0.9478456974029541,1,0,0,0,0,0,0,0
38558094669666660,37.45141535459721,-4.1315580963841985,0.24412086606025696,202320003072.0,0.8808625936508179,1,0,0,0,0,0,0,0
43154353921479013,148.65753556571255,2.8919496218219574,0.36196908354759216,177579999232.0,0.7434723377227783,1,0,0,0,0,0,0,0
75339395728705472,241.97824429893325,55.038260472831034,0.2041299194097519,6911399936.0,0.6386675834655762,1,0,0,0,0,0,0,0
75959494516970260,242.65928127412502,55.441379776766794,0.22848886251449585,176970006528.0,0.6427617073059082,1,0,0,0,0,0,0,0
38558644425486576,36.61301694507225,-4.021385414598864,0.20393571257591248,34557001728.0,0.8473628759384155,1,0,0,0,0,0,0,0
75343510307380952,245.10507246209562,54.723925318278745,0.33464887738227844,77332996096.0,0.5947902798652649,1,0,0,0,0,0,0,0
75339391433738016,241.78920567764808,54.82325807031989,0.2315693348646164,126960001024.0,0.5770747065544128,1,0,0,0,0,0,0,0
44223186597872488,149.78257404942693,3.2256155656341017,0.09103091061115265,26953000960.0,0.7785418629646301,1,0,0,0,0,0,0,0
44223186597875529,149.94638252899864,3.2463810983671513,0.10297507792711258,22026999808.0,0.9197477102279663,1,0,0,0,0,0,0,0
42691846073255184,353.3014517644079,0.3865615331693056,0.28985580801963806,8535199744.0,0.5448890924453735,1,0,0,0,0,0,0,0
37489803159174434,35.34948696836697,-4.614382746824718,0.16023285686969757,21426999296.0,0.8803086280822754,1,0,0,0,0,0,0,0
44223044863946470,150.11546513103286,3.018579098938397,0.2437857687473297,21588000768.0,0.539315402507782,1,0,0,0,0,0,0,0
42094682410340693,150.5170434077085,0.6875449160022268,0.051870159804821014,13742000128.0,0.9938223361968994,1,0,0,0,0,0,0,0
75338820203096370,243.21262040664215,53.99386461552203,0.3645493984222412,142360002560.0,0.6228048205375671,1,1,0,0,1,0,1,0
41619706272043027,350.6317190607938,-0.25636670355416163,0.31267985701560974,16977000448.0,0.5962933897972107,1,0,0,0,0,0,0,1
38553563479179340,36.103856712852036,-3.8280497049815465,0.34403228759765625,29713999872.0,0.5130572319030762,1,0,0,0,0,0,0,0
37490073742112844,34.96525646909016,-4.845918554894824,0.33683687448501587,134699999232.0,0.9413909912109375,1,1,0,0,0,0,1,0
43158197917221788,150.84949658395396,2.8503174998211707,0.21441179513931274,27569999872.0,0.6582903861999512,1,0,0,0,0,0,0,0
75338824498046641,243.0638200843697,54.03178638112556,0.31993186473846436,14449000448.0,0.9670486450195312,1,0,0,0,0,0,0,0
75343922624228278,243.89295488535265,54.597420266794124,0.18720898032188416,15900999680.0,0.9262430667877197,1,1,0,0,0,1,1,0
75339107965897428,242.6430933545641,54.507809035598896,0.3212086856365204,124700000256.0,0.5498215556144714,1,0,0,0,0,0,0,0
37489661425250254,35.504231098942554,-4.805600393031432,0.19617222249507904,3544499968.0,0.9072186946868896,1,0,0,0,0,0,0,0
41623283979814091,353.20887799406444,-0.007651318996706265,0.1077740341424942,31495000064.0,0.9198523163795471,1,0,0,0,0,0,0,0
37489807454131538,35.390593872899764,-4.514493993265527,0.12137268483638763,24397000704.0,0.9028767347335815,1,0,0,0,0,0,0,0
37489519691328934,35.675180655677025,-5.032552444183426,0.08821912854909897,16952999936.0,0.8570796251296997,1,0,0,0,0,0,0,0
43153937309660366,149.1944263856397,2.8114283531313813,0.20787708461284637,5105099776.0,0.8593993186950684,1,0,0,0,0,0,0,0
43154323856707957,148.49828871681615,1.6018589246508637,0.09995899349451065,58432999424.0,0.8300986886024475,1,0,0,0,0,0,0,0
37489670015176097,35.504530445042946,-4.535538049445615,0.29100626707077026,49600000000.0,0.8317851424217224,1,0,0,0,0,0,0,0
75339228224978779,242.32502804828283,53.7228579713855,0.1365722417831421,11029999616.0,0.7193509340286255,1,0,0,0,0,0,0,0
75343381458350043,245.33358868574322,55.00665793932851,0.25921690464019775,36079001600.0,0.8034140467643738,1,0,0,0,0,0,0,0
38558373842547468,37.068226965510235,-3.836177686836547,0.11686131358146667,35477999616.0,0.9354168772697449,1,1,0,0,0,1,0,0
41619139336377876,351.2132758060486,-0.8895222916430008,0.21175572276115417,30204000256.0,0.5866519212722778,1,0,0,0,0,0,0,0
42688135221499220,351.00566227553816,0.3200922005348529,0.20535527169704437,16952999936.0,0.8341220021247864,1,0,0,0,0,0,0,1
38553696623168139,35.93118931664723,-4.008722771823959,0.20535798370838165,143199993856.0,0.8234046101570129,1,1,0,0,0,1,0,0
37484846766915158,34.53686254696205,-5.001281927832842,0.2802909016609192,13464000512.0,0.5040730237960815,1,0,0,0,0,0,0,0
37489511101387303,35.72541554641345,-5.484659905118558,0.177939772605896,9118699520.0,0.5307226181030273,1,0,0,0,0,0,0,0
37489648540341913,35.445372939774884,-5.475925863809703,0.3688359558582306,19232999424.0,0.6674929857254028,1,0,0,0,0,0,0,0
37489231928516147,36.07605405708526,-5.624399742830492,0.15595491230487823,39718998016.0,0.8978936672210693,1,1,0,0,1,1,0,0
75954684153596322,241.04110512181785,55.451113620553535,0.16546675562858582,30460999680.0,0.5206780433654785,1,0,0,0,0,0,0,0
43163407712546467,151.1617775630688,2.2466774471437776,0.06488407403230667,10654999552.0,0.9780855178833008,1,1,0,0,0,1,1,0
38558640130518426,36.70858297866905,-4.230135863117815,0.20286181569099426,41209999360.0,0.6879048943519592,1,0,0,0,0,0,0,0
42687722904657501,351.3915809408569,0.42882924642833853,0.18337464332580566,11505999872.0,0.8685522079467773,1,0,0,0,0,0,0,0
42093737517521826,151.80206552725372,1.439340430356006,0.293485164642334,31083999232.0,0.5741912126541138,1,0,0,0,0,0,0,0
38558648720450801,36.67719184731774,-3.8525885833662565,0.1461050808429718,89847996416.0,0.8553729057312012,1,0,0,0,0,0,0,0
43153778395864095,149.36378222449113,1.8724902852600502,0.14881475269794464,3319099904.0,0.5991971492767334,1,0,0,0,0,0,0,0
75339524577721286,241.6204826143586,54.65466230102835,0.16790376603603363,43620999168.0,0.9790515899658203,1,0,0,0,0,0,0,1
41619693387154010,350.5850181002098,-0.6995392707468228,0.22194451093673706,64974999552.0,0.4102078080177307,1,1,0,0,0,1,0,0
74696860031264531,242.0540693013853,53.25127241238994,0.3043864369392395,30232999936.0,0.742199182510376,1,1,0,0,0,1,1,1
75959769394863719,242.261026555942,55.33015429796457,0.19920045137405396,33780000768.0,0.8418072462081909,1,1,0,0,0,1,1,0
43163278863522316,151.29259450276933,2.56835897150892,0.12709389626979828,35120001024.0,0.9597433805465698,1,1,0,0,0,1,1,0
41623142245886220,353.26602607378925,-0.2114927898452092,0.12495940178632736,12696000512.0,0.8198652267456055,1,0,0,0,0,0,0,0
37494050881819045,36.937962439057806,-5.134402177524027,0.14714239537715912,21842999296.0,0.9531409740447998,1,1,0,1,0,0,0,0
42697206192445360,353.5587686970601,0.43583641748502233,0.2082766890525818,153960005632.0,0.9276122450828552,1,0,0,0,0,0,0,0
75959219639057970,243.43168629678297,55.376961228090614,0.14265334606170654,32956999680.0,0.8173195123672485,1,1,0,0,0,1,0,0
75338549620140466,243.71903269625824,54.05937413906516,0.24861662089824677,18453000192.0,0.5517256259918213,1,0,0,0,0,0,0,0
75339666311641545,241.26747871256754,54.81644800875739,0.10887183994054794,45383999488.0,0.9054979085922241,1,0,0,0,0,0,0,0
75339533167649499,241.5936847982891,54.94784238764725,0.2718164622783661,37182001152.0,0.5886421799659729,1,0,0,0,0,0,0,0
41623962584644274,352.1310768448676,-0.39575259073529173,0.2451648861169815,146790006784.0,0.8146694898605347,1,1,0,0,0,1,1,0
38549298576650336,34.314824686474225,-4.117950530152761,0.11604773998260498,39700000768.0,0.9023206233978271,1,0,0,0,0,0,0,0
44223053453867408,150.14712209283235,3.381887429256458,0.05999700725078583,24934000640.0,0.9415728449821472,1,0,0,0,0,0,0,1
43163420597441870,151.15857863825852,2.731160861500741,0.0767975002527237,7514800128.0,0.9002031087875366,1,1,0,0,0,1,0,0
38558506986535615,36.87358984167359,-4.009338155679708,0.19791796803474426,67424002048.0,0.8725915551185608,1,1,0,0,0,1,0,0
38553834062115277,35.72101370520562,-4.040645028522724,0.23132486641407013,5505600000.0,0.5805161595344543,1,0,0,0,0,0,0,0
75959232523969495,243.4654700709242,56.01268037292997,0.14084628224372864,20287000576.0,0.7095779180526733,1,0,0,0,0,0,0,0
38553829767140139,35.72143025077002,-4.365898555829524,0.2785954475402832,20210999296.0,0.762537956237793,1,0,0,0,0,0,0,0
41628227487143738,353.79829409651046,-0.22107710700405464,0.13056424260139465,80922001408.0,0.9106181859970093,1,0,0,0,0,0,0,0
41623253915022736,353.09436661718223,-1.2664468454545166,0.35539674758911133,181980004352.0,0.5865240693092346,1,0,0,0,0,0,0,0
75954276131699255,242.04028234220397,55.66985599718748,0.1598067730665207,3312000000.0,0.6281309723854065,1,0,0,0,0,0,0,1
43158047593358050,150.95172731842288,2.226551030370704,0.24650371074676514,6085100032.0,0.500207781791687,1,0,0,0,0,0,0,0
38558515576455983,36.828112098545475,-3.7478462731623843,0.12781162559986115,7421799936.0,0.8252494931221008,1,0,0,0,0,0,0,0
43153769805934293,149.2770894987773,1.5141271016459505,0.306755006313324,15768000512.0,0.333324134349823,1,1,0,0,0,1,0,0
38553572069102451,36.03819594243503,-3.602076384478936,0.18848490715026855,16471000064.0,0.6563956141471863,1,0,0,0,0,0,0,0
75959644840820935,242.4689946485759,55.96008245877788,0.2569134533405304,35847000064.0,0.978915810585022,1,0,0,0,0,0,0,0
38558502691568348,36.77101896546662,-4.222474785481116,0.31032195687294006,13425999872.0,0.6557239890098572,1,0,0,0,0,0,0,0
37489665720209468,35.53453108486406,-4.725198756958555,0.10674790292978287,8791400448.0,0.8068256378173828,1,0,0,0,0,0,0,0
38553426040204816,36.286493147291736,-3.9733255167829085,0.35757333040237427,76499001344.0,0.5563374161720276,1,0,0,0,0,0,0,0
44227722083331492,151.09963553801992,3.1289750284828695,0.24075132608413696,18200999936.0,0.5354394316673279,1,0,0,0,0,0,0,0
44217972507561792,149.4481860996207,3.4699462836263666,0.15929840505123138,51895001088.0,0.8103816509246826,1,0,0,0,0,0,0,0
44222920309888983,150.25121389852293,3.476362962855412,0.11901078373193741,43731001344.0,0.828952431678772,1,0,0,0,0,0,0,0
37488978525448154,36.41020231803063,-4.593984347705408,0.3772221803665161,19046000640.0,0.8748122453689575,1,0,0,0,0,0,0,0
38558781864428566,36.50529883995556,-4.1456948950598775,0.36674249172210693,53034000384.0,0.5287533402442932,1,0,0,0,0,0,0,0
75959653430766248,242.52324774592415,56.41210647037468,0.2865087687969208,19968999424.0,0.909927248954773,1,0,0,0,0,0,0,0
37488974230484476,36.39717664393556,-4.7868258845350375,0.26864221692085266,189940006912.0,0.6623352766036987,1,1,0,0,0,1,1,0
75343643451354672,244.60398077905103,54.43088267587618,0.20537954568862915,17287999488.0,0.7071017026901245,1,0,0,0,0,0,0,0
37494463198685527,36.50526388173854,-5.1675149584877245,0.23059265315532684,65182998528.0,0.6553367972373962,1,0,0,0,0,0,0,0
75339112260849118,242.44409944053982,54.70214398447999,0.17325684428215027,156969992192.0,0.45005002617836,1,1,1,0,0,0,1,0
42687718609686396,351.48507034172303,0.19686763929621723,0.12758728861808777,57822998528.0,0.8821325302124023,1,1,0,0,0,1,0,0
75334439336448914,240.5375094161901,54.707409802407916,0.15086360275745392,22102999040.0,0.6234806180000305,1,1,0,0,0,1,0,0
43158339651125686,150.564279371512,2.973710907750368,0.18701638281345367,142390001664.0,0.5214301347732544,1,1,0,0,0,1,0,0
75339232519942155,242.18216852827194,53.85997434491693,0.09651681780815125,10561000448.0,0.6713499426841736,1,0,0,0,0,0,0,0
38553975796036161,35.49840647310822,-3.8460484928871974,0.11957899481058121,18936000512.0,0.7646822929382324,1,0,0,0,0,0,0,0
37494325759734821,36.608766603136566,-5.125618076710721,0.26317763328552246,61697998848.0,0.5729893445968628,1,0,0,0,0,0,0,0
38558369547568784,36.96362413537085,-4.170196504580611,0.286087304353714,11845999616.0,0.6514993906021118,1,0,0,0,0,0,0,0
43154212187560621,148.8513119256432,2.733046957204362,0.27395275235176086,3896499968.0,0.9043990969657898,1,0,0,0,0,0,0,0
75954563894514273,241.50087373139385,56.218109570133386,0.2914712727069855,26449000448.0,0.8493981957435608,1,0,0,0,0,0,0,0
75343918329264744,244.06245143478125,54.46368192359127,0.24265742301940918,134489997312.0,0.6342551708221436,1,1,0,1,0,0,0,0
38554126119880945,35.271622273507795,-3.4146487583511376,0.23182351887226105,19352000512.0,0.7543818950653076,1,0,0,0,0,0,0,0
41624233167577194,351.9060679323256,-0.618740392570796,0.2627958357334137,48632000512.0,0.635413408279419,1,1,0,0,0,1,1,0
37489919123286746,35.09928411169505,-5.549335589463839,0.3217824697494507,143490007040.0,0.5394742488861084,1,0,0,0,0,0,0,0
75959236818927288,243.56038154152634,56.10897596547244,0.11330154538154602,31910000640.0,0.5058042407035828,1,0,0,0,0,0,0,0
43159013960986489,149.62200565472045,2.3321337143218086,0.12422525137662888,13651000320.0,0.5847570896148682,1,0,0,0,0,0,0,0
41623816555749458,352.34871907125313,-0.8153832216066198,0.22751709818840027,263349993472.0,0.9751948714256287,1,1,0,0,0,1,1,0
37489665720210597,35.43405835415275,-4.708542954946172,0.25580334663391113,15731999744.0,0.7035524845123291,1,1,0,0,0,1,0,0
42094132654525885,151.3115829126851,0.7733879463258068,0.25534558296203613,82242002944.0,0.7279524207115173,1,0,0,0,0,0,0,0
41619422804216389,350.9334566551039,-0.5069451586920666,0.0744524598121643,30794000384.0,0.9514957666397095,1,0,0,0,0,0,0,0
75334301897486990,240.87489091974476,54.61547261404854,0.166762575507164,40144998400.0,0.8921891450881958,1,0,0,0,0,0,0,0
42094553561324059,150.77041188418764,1.0654192001171001,0.2522706687450409,17318000640.0,0.6230401396751404,1,0,0,0,0,0,0,0
42089880636901668,149.69482348195973,1.0628746803154674,0.0730828270316124,14046999552.0,0.7109622359275818,1,0,0,0,0,0,0,0
42692400124037596,352.6726659781714,0.6089426704408729,0.2722950577735901,41635000320.0,0.8266768455505371,1,0,0,0,0,0,0,0
43154066158670336,148.93553480512168,2.348271033735961,0.12874796986579895,42439000064.0,0.9336347579956055,1,0,0,0,0,0,0,0
41619418509239119,350.83455301976215,-0.8324864983240823,0.23525120317935944,33863999488.0,0.33257442712783813,1,1,0,0,0,1,0,0
38557948640784641,37.6284042491841,-4.422046388442162,0.3166685700416565,8573199872.0,0.5642143487930298,1,0,0,0,0,0,0,0
44218114241484363,149.36265553494167,3.6986337864030574,0.1983918845653534,6470199808.0,0.8321563005447388,1,0,0,0,0,0,0,0
75959631955921983,242.32559944836206,55.416933316220415,0.11392021924257278,29180999680.0,0.6918848156929016,1,0,0,0,0,0,0,0
42697197602505386,353.4624944609536,0.027308242560200566,0.18417778611183167,21447999488.0,0.6648486256599426,1,0,0,0,0,0,0,0
74701670394644097,243.44751310168496,53.24944437596774,0.25658607482910156,118789996544.0,0.7473127245903015,1,0,0,0,0,0,0,1
37494467493643976,36.45222964938609,-5.08180886015561,0.26657840609550476,272449994752.0,0.751728355884552,1,0,0,0,0,0,0,0
37489253403359303,36.11283554670113,-4.592612210712787,0.08115211129188538,12677999616.0,0.9205648899078369,1,0,0,0,0,0,0,0
75958674178204921,244.6635901937849,55.51751629776007,0.17656083405017853,200679997440.0,0.9888703227043152,1,1,0,0,1,0,1,0
75959653430758956,242.29786784496383,56.33992528620534,0.11741233617067337,5672200192.0,0.581693708896637,1,0,0,0,0,0,0,0
42697073048453336,353.6630701888845,0.558014701136954,0.18577565252780914,55943000064.0,0.6113940477371216,1,0,0,0,0,0,0,0
41623537382886047,352.8251941818628,-0.9279818552291876,0.2749653160572052,121159999488.0,0.6927468776702881,1,1,0,0,0,1,0,0
75339662016675056,241.2640255202712,54.63658505848689,0.3031901717185974,109869998080.0,0.6054325103759766,1,1,0,0,0,1,1,0
43158601644141328,150.31912977966252,2.4577067472553504,0.12436282634735107,20886999040.0,0.618622362613678,1,0,0,0,0,0,0,1
75959657725715065,242.2814498446837,56.434307996640705,0.1601352095603943,7301700096.0,0.5242266654968262,1,0,0,0,0,0,0,0
76557899425417273,243.2749614550857,56.71001611973489,0.22845767438411713,7441399808.0,0.8376146554946899,1,1,0,0,0,1,1,0
43159013960986460,149.60190573767926,2.4076868941582963,0.10910762846469879,23913000960.0,0.800728440284729,1,1,0,0,0,1,0,0
37489090194594942,36.31785785441431,-5.814649800850985,0.11862389743328094,9190700032.0,0.9658036231994629,1,1,0,0,0,0,1,0
44218114241481923,149.36867905146482,3.6542420287740813,0.3976137638092041,27608999936.0,0.9691420793533325,1,0,0,0,0,0,0,0
37489365072500577,35.906808587731675,-5.82238878238554,0.21726617217063904,46329999360.0,0.5634024143218994,1,0,0,0,0,0,0,0
42687722904657155,351.4360855400444,0.42589228864526624,0.2647678256034851,73467002880.0,0.5230936408042908,1,0,0,0,0,0,0,0
38554113234987919,35.378598552641236,-3.9111270209383835,0.17086097598075867,4934799872.0,0.7291514277458191,1,0,0,0,0,0,0,0
75339103670926470,242.3766899675539,54.25814567888596,0.2121788114309311,90166001664.0,0.8288343548774719,1,0,0,0,0,0,0,0
37493651449865917,37.55335345539776,-4.632903304822452,0.05671866610646248,11911000064.0,0.9349722862243652,1,0,0,0,0,0,0,0
75339223930012843,242.08492937473443,53.55915015623415,0.23632371425628662,62753001472.0,0.7429342865943909,1,0,0,0,0,0,0,0
38548890554746891,34.94370235163345,-3.9976508362784973,0.19368545711040497,33336000512.0,0.7841614484786987,1,0,0,0,0,0,0,0
38553829767153834,35.76015345672254,-4.225859359461267,0.1862815022468567,52124000256.0,0.7690309882164001,1,0,0,0,0,0,0,0
38558227813648589,37.222528211623924,-4.364168820654196,0.26072821021080017,29119000576.0,0.7217311859130859,1,1,0,0,0,1,0,1
41614324678034461,350.31090171963314,-1.038426193131139,0.30338066816329956,17742999552.0,0.8957154750823975,1,0,0,0,0,0,0,1
37484713622924972,34.78953457394472,-4.894342078143012,0.13880397379398346,180470005760.0,0.9500067234039307,1,0,0,0,0,0,0,0
75343518897302578,245.09062891678434,55.01507477145883,0.1875203549861908,131640000512.0,0.6169565320014954,1,1,0,0,0,1,0,0
37484988500838412,34.377333878212916,-4.827216980556633,0.12304924428462982,55842000896.0,0.7778720855712891,1,0,0,0,0,0,0,0
37494321464759722,36.55650228547315,-5.4392878807257405,0.26125892996788025,42167001088.0,0.9267319440841675,1,1,0,0,0,1,1,0
75343905444370612,244.1508767875741,53.99692130358454,0.091925248503685,13171999744.0,0.8635132908821106,1,0,0,0,0,0,0,0
41623528792949634,352.7413683548019,-1.2290481114987686,0.16320852935314178,121750003712.0,0.9882904291152954,1,1,0,0,0,1,1,0
37489360777538417,35.82880555149364,-5.936751266487561,0.15154220163822174,11520000000.0,0.679638147354126,1,0,0,0,0,0,0,0
41619014782318425,351.46083874261495,-0.39981525646331884,0.2970206141471863,11543000064.0,0.7655208110809326,1,0,0,0,0,0,0,0
75338691354075791,243.36919262365984,54.37720202419823,0.3033987581729889,20711999488.0,0.6744662523269653,1,0,0,0,0,0,0,1
42692116656192920,352.96749383564196,0.16058572388899267,0.25926053524017334,50028998656.0,0.5197876691818237,1,0,0,0,0,0,0,0
37489365072500400,35.97940571801333,-5.822635825126583,0.28530821204185486,44259000320.0,0.8329805731773376,1,0,0,0,0,0,0,0
74696864326245117,242.04829647066185,53.353745652646886,0.12207192182540894,30023000064.0,0.5936183929443359,1,0,0,0,0,0,0,0
74696593743314951,242.59794610374382,53.542332885855345,0.39970892667770386,447710003200.0,0.8347877264022827,1,0,0,0,0,0,0,0
37494055176792461,36.9105908356449,-4.974175160259516,0.1901749074459076,44914999296.0,0.8257414102554321,1,0,0,0,0,0,0,0
38554100350084616,35.362953310745276,-4.454715703020331,0.1541481912136078,5411100160.0,0.9503690004348755,1,0,0,0,0,0,0,0
41623825145689034,352.4391949897505,-0.41183958561635403,0.25954580307006836,70221996032.0,0.7015263438224792,1,0,0,0,0,0,0,0
38557952935744966,37.56617648899493,-4.320604364280075,0.22350671887397766,46434000896.0,0.6075524687767029,1,0,0,0,0,0,0,0
43163274568556429,151.31744796357557,2.3942074503546746,0.07305654883384705,35953000448.0,0.9687305688858032,1,0,0,0,0,0,0,0
44223182302902171,149.92494258744796,3.054457381519548,0.32153254747390747,50133999616.0,0.640106737613678,1,0,0,0,0,0,0,0
44227730673262644,151.16627555106962,3.5088402764664,0.17822669446468353,25686999040.0,0.7607212066650391,1,1,0,0,0,1,0,0
41619135041410682,351.2641606636636,-1.0618735316589187,0.13164077699184418,42503000064.0,0.929125964641571,1,0,0,0,0,0,0,0
42697335041460487,353.4141057288608,0.04264614075139407,0.1718800663948059,35266998272.0,0.814908504486084,1,0,0,0,0,0,0,0
37494458903712117,36.47035793299629,-5.468795383575427,0.09860195964574814,18907000832.0,0.856791615486145,1,0,0,0,0,0,0,0
41624237462555119,351.9196605381636,-0.33665775314606816,0.27412116527557373,273469997056.0,0.9061912298202515,1,0,0,0,0,0,0,0
37489798864206582,35.341158185124925,-4.80317760090737,0.2319444715976715,17348999168.0,0.6477751731872559,1,0,0,0,0,0,0,0
38558648720444489,36.68875599288218,-3.9465591398877904,0.13197870552539825,38516998144.0,0.9457452893257141,1,0,0,0,0,0,0,0
38558227813658723,37.135350076242574,-4.235357081217001,0.25599464774131775,13464999936.0,0.8994309902191162,1,0,0,0,0,0,0,1
41618864458462869,351.71437467861875,-0.949564477781365,0.2525413930416107,82647998464.0,0.5025932788848877,1,1,0,0,0,1,0,0
38553984385958429,35.50776994352542,-3.602432176407978,0.24195647239685059,207550005248.0,0.7825352549552917,1,0,0,0,0,0,0,0
37494325759723919,36.54790078915021,-5.284194630848963,0.2916095554828644,12200999936.0,0.7023098468780518,1,0,0,0,0,0,0,1
75338699944009419,243.55834085895543,54.7326666876545,0.3388335108757019,94063001600.0,0.9185794591903687,1,1,0,0,0,0,1,0
38553980091003425,35.52367718944496,-3.6521560844002354,0.2490023821592331,7322100224.0,0.5509636998176575,1,0,0,0,0,0,0,0
75959769394868645,242.17032844628227,55.39321268709788,0.23944322764873505,19506999296.0,0.6527672410011292,1,0,0,0,0,0,0,0
38553559184198277,36.02226654386367,-4.16230945163638,0.26973551511764526,39566000128.0,0.8558564186096191,1,0,0,0,0,0,0,0
42687997782556024,351.15718739999494,0.393829293396718,0.13778987526893616,5970599936.0,0.6138899326324463,1,0,0,0,0,0,0,0
41619689092178379,350.5883814921092,-0.9909382086192505,0.19074377417564392,20502999040.0,0.7205618619918823,1,0,0,0,0,0,0,0
42089614348926499,150.08680680376764,1.4113154014789993,0.15386341512203217,21771999232.0,0.739201545715332,1,1,0,0,0,1,1,0
37489249108382096,36.00047190980847,-4.921176572283719,0.2511114478111267,6783499776.0,0.5852633118629456,1,0,0,0,0,0,0,0
75344060063190478,243.81481371721384,54.68633561346323,0.09862638264894485,25942999040.0,0.8139675855636597,1,0,0,0,0,0,0,0
41623674821842018,352.6284267996832,-0.8945703752438973,0.18033839762210846,35510001664.0,0.9323835372924805,1,0,0,0,0,0,0,0
41618885933302220,351.6123892025605,-0.015151954403631275,0.12164611369371414,42820001792.0,0.5169004201889038,1,0,0,0,0,0,0,0
38548886259795515,34.95459670049154,-4.000777753687097,0.16286025941371918,32604999680.0,0.8542400598526001,1,0,0,0,0,0,0,0
38554383817919264,35.021466916935886,-4.183564530307466,0.2298469990491867,107209998336.0,0.7427323460578918,1,1,0,0,0,1,0,0
40550435509001273,351.3103072149468,-1.5441292411918883,0.3404088020324707,14828999680.0,0.8363468647003174,1,0,0,0,0,0,0,0
41618727019506083,351.8393420623972,-0.9936094398193877,0.2341129183769226,62712000512.0,0.648844301700592,1,0,0,0,0,0,0,0
75954679858628371,241.3488166250175,55.21123659617312,0.27193352580070496,31018000384.0,0.6908278465270996,1,0,0,0,0,0,0,0
43154190712726079,148.6792590539084,1.8391957755102804,0.3109433948993683,24909000704.0,0.6883698105812073,1,0,0,0,0,0,0,1
42692400124039963,352.6288292977747,0.6362222488306464,0.24011054635047913,102010003456.0,0.6749561429023743,1,0,0,0,0,0,0,0
37489790274261186,35.38062004634962,-5.295837100662977,0.20528104901313782,44996001792.0,0.5298786759376526,1,1,0,0,0,1,0,0
75339515987788208,241.6878003962255,54.332441069050574,0.12457466125488281,3331699968.0,0.5705889463424683,1,0,0,0,0,0,0,0
75343776595339793,244.28753686398932,54.22696517577715,0.20617015659809113,56450998272.0,0.5031540989875793,1,0,0,0,0,0,0,0
38553417450289859,36.28295935343393,-4.20612224844858,0.10266857594251633,6757000192.0,0.5190656185150146,1,0,0,0,0,0,0,0
38553838357071794,35.6567313377918,-3.985295019888632,0.13877207040786743,24088999936.0,0.9554944038391113,1,0,0,0,0,0,0,0
75959515991797454,242.6506373081162,56.28716719675292,0.09269122034311295,5065600000.0,0.9328767657279968,1,0,0,0,0,0,0,0
75343372868411669,245.17053137663413,54.63953237568899,0.10005074739456177,44524998656.0,0.8406265377998352,1,1,0,0,0,1,1,0
41618881638342666,351.5988431825299,-0.09516134610531571,0.1074671745300293,25289000960.0,0.9243957996368408,1,1,1,0,0,0,0,0
38553421745256149,36.293727679951445,-4.030550555001094,0.1363566517829895,126960001024.0,0.9944994449615479,1,0,0,0,0,0,0,0
75959631955922858,242.44169143053801,55.4330329283934,0.2841046452522278,32042999808.0,0.6404131650924683,1,0,0,0,0,0,0,0
38549019403768722,34.77507231185089,-4.332739370767907,0.37800392508506775,17513000960.0,0.8287667036056519,1,0,0,0,0,0,0,0
42090164104745979,149.26354661216772,1.4546571365448804,0.3933310806751251,106680000512.0,0.3883444666862488,1,1,0,0,0,1,1,0
75959348488080106,243.00634782441858,55.05804177188659,0.2369692325592041,93086998528.0,0.6527769565582275,1,0,0,0,0,0,0,0
37484851061869247,34.55032920954717,-4.910974654365717,0.10030867159366608,13898000384.0,0.7342513799667358,1,1,0,0,0,1,1,0
41619276775334123,351.07099828066816,-0.8385733000284336,0.1025267094373703,18670999552.0,0.9159645438194275,1,0,0,0,0,0,0,0
74701674689628689,243.3456708784534,53.42081439012135,0.2148200124502182,223770001408.0,0.49843281507492065,1,1,1,0,0,0,0,0
42094270093487874,151.14761790583216,0.7978030832672305,0.12614302337169647,18613999616.0,0.724480152130127,1,0,0,0,0,0,0,0
37490060857200991,34.982422455726116,-5.462931045558791,0.28101104497909546,44146999296.0,0.6883183121681213,1,0,0,0,0,0,0,0
37489502511454474,35.76238418183179,-5.829235669443,0.13459090888500214,19868000256.0,0.8196437358856201,1,0,0,0,0,0,0,0
75959795164672695,242.2647083393781,56.50035354397737,0.2943991422653198,11740999680.0,0.6619741320610046,1,1,0,0,0,1,0,0
38554250673935904,35.18859908564135,-3.9502938616951613,0.3784230947494507,29585999872.0,0.7326139211654663,1,0,0,0,0,0,0,0
41623820850726355,352.36333798083007,-0.5373610542534755,0.26449933648109436,31483000832.0,0.7878057360649109,1,0,0,0,0,0,0,0
42691996397109972,353.1666079465298,0.9385848650367917,0.17058579623699188,65554001920.0,0.9222187995910645,1,0,0,0,0,0,0,0
44223182302903511,149.9079709771876,3.057288827474302,0.08540812134742737,37209001984.0,0.9221276044845581,1,1,0,1,0,0,0,0
75343914034302040,243.93898073066617,54.31725129867477,0.3208169937133789,24235999232.0,0.9136747717857361,1,0,0,0,0,0,0,0
38553692328187484,35.898000866239656,-4.342752863241313,0.282478392124176,10929999872.0,0.7178716659545898,1,0,0,0,0,0,0,0
42691850368226756,353.30885010568807,0.6016546660847778,0.3344760239124298,82673000448.0,0.5639995336532593,1,1,0,0,0,1,1,0
41619293955199708,351.0778473091764,-0.09757006804535523,0.24254067242145538,32281999360.0,0.6153680086135864,1,0,0,0,0,0,0,0
38558365252615126,37.024232443927055,-4.20880798061805,0.26897546648979187,10570999808.0,0.8594857454299927,1,0,0,0,0,0,0,0
75334310487421911,241.09118001839113,55.00403182539623,0.28355127573013306,10291000320.0,0.9542192816734314,1,0,0,0,0,0,0,1
75959503106902991,242.77569020283875,55.79545737999437,0.13452894985675812,13368000512.0,0.926634669303894,1,0,0,0,0,0,0,0
74696731182268959,242.38046861078556,53.55152968742237,0.1825457364320755,44332998656.0,0.530500054359436,1,0,0,0,0,0,0,0
38549156842739596,34.560832836921605,-4.192349924410187,0.21996594965457916,22574000128.0,0.6747193336486816,1,0,0,0,0,0,0,0
75958798732272468,244.46010002961668,55.113414710553705,0.13690915703773499,18066999296.0,0.6096591353416443,1,0,0,0,0,0,0,0
43163562331360982,151.06800960874028,2.8995537325143053,0.08810000866651535,22706999296.0,0.9587273001670837,1,1,0,1,0,0,1,0
75958803027224605,244.41008250217294,55.157665061836916,0.34093010425567627,11621000192.0,0.9285179376602173,1,0,0,0,0,0,0,1
37489940598132699,35.17482115602435,-4.585788576169295,0.2592220604419708,56285999104.0,0.6361028552055359,1,1,0,0,0,1,0,0
42090146924886825,149.33769007293566,0.8149097443278318,0.11627118289470673,6560200192.0,0.5815663933753967,1,0,0,0,0,0,0,0
38553284306290307,36.44372801469774,-4.13650967328565,0.0697898119688034,5393200128.0,0.8949434161186218,1,0,0,0,0,0,0,0
74696452009395416,242.7841439250749,53.408383850026304,0.12244177609682083,14997000192.0,0.7319298386573792,1,0,0,0,0,0,0,0
41619014782313977,351.3955577649464,-0.43584004579095015,0.14902068674564362,41651998720.0,0.5733802318572998,1,0,0,0,0,0,0,0
75343909739327239,243.94935396178306,54.060675621842684,0.1586644947528839,33131999232.0,0.8974360227584839,1,0,0,0,0,0,0,0
75339528872690522,241.41855888493524,54.84802956222412,0.3748900592327118,26786000896.0,0.8954529166221619,1,0,0,0,0,0,0,0
37493917737837784,37.12014533113147,-4.998648752562614,0.3216545581817627,67682000896.0,0.8807335495948792,1,0,0,0,0,0,0,0
38553984385969704,35.45310184138749,-3.439362820750462,0.16201113164424896,115229999104.0,0.928199291229248,1,0,0,0,0,0,0,0
42692129541100763,352.9765381132392,0.8089265454017402,0.15888798236846924,16369999872.0,0.712329089641571,1,0,0,0,0,0,0,0
42094557856301690,150.82600480755443,1.3402890620194094,0.07018830627202988,19399999488.0,0.7675538063049316,1,0,0,0,0,0,0,0
43162986805734240,151.66010636868762,1.8214493622236896,0.11626417934894562,36859998208.0,0.5307021141052246,1,0,0,0,0,0,0,0
37489661425245285,35.540788214728686,-4.872943865305388,0.26187312602996826,88299003904.0,0.8056256771087646,1,0,0,0,0,0,0,0
38549569159597711,34.019935810712425,-4.232536068617504,0.1202717125415802,83326001152.0,0.6930415034294128,1,0,0,0,0,0,0,0
41619285365261662,351.0739214995966,-0.5178577315951762,0.24745875597000122,16888000512.0,0.7309427261352539,1,0,0,0,0,0,0,0
37489098784531460,36.208406463003506,-5.417602625711184,0.10561129450798035,38782001152.0,0.9401395320892334,1,0,0,0,0,0,0,0
75959786574739440,242.1720615496216,56.125107058577186,0.24725480377674103,43556999168.0,0.8772892355918884,1,0,0,0,0,0,0,0
43154066158676431,148.98236092635472,2.4199921921845213,0.32576653361320496,34019999744.0,0.5322014093399048,1,0,0,0,0,0,0,0
38558232108620375,37.19546181234683,-4.108675064522805,0.2667495012283325,93417996288.0,0.6245492100715637,1,0,0,0,0,0,0,0
37489781684338484,35.37903390966286,-5.513993050051343,0.12500928342342377,4917899776.0,0.9952673316001892,1,0,0,0,0,0,0,1
75954688448557696,241.2396530157994,55.6235069509203,0.2404446005821228,24593000448.0,0.8591846227645874,1,0,0,0,0,0,0,0
75338841677930514,243.21801185021764,54.9273146577865,0.28193870186805725,19605999616.0,0.7655181884765625,1,0,0,0,0,0,0,0
42692266980045625,352.8056276719905,0.7052968106149258,0.26561516523361206,29257000960.0,0.6258574724197388,1,0,0,0,0,0,0,0
75959099379978484,243.6903273057074,56.21426150754524,0.36844155192375183,28529000448.0,0.9119194746017456,1,0,0,0,0,0,0,0
41624233167588371,351.88616486258127,-0.4982383621211617,0.2610255777835846,59076001792.0,0.7304539680480957,1,1,0,0,1,0,1,0
44227730673258049,151.22424411185852,3.5030468274567808,0.26404044032096863,5584300032.0,0.9077122807502747,1,0,0,0,0,0,0,0
37494467493644724,36.48744948845249,-5.073273303573674,0.19210165739059448,82255003648.0,0.5940688848495483,1,0,0,0,0,0,0,0
74696864326243139,241.92231021729168,53.374344074911534,0.1640005260705948,13537999872.0,0.7310457825660706,1,0,0,0,0,0,0,0
38554104645046337,35.40496481053212,-4.3713783440178045,0.34219732880592346,22738999296.0,0.6076260805130005,1,0,0,0,0,0,0,0
37484992795797820,34.37174128648518,-4.7146094617642555,0.18976661562919617,9045099520.0,0.5307313799858093,1,0,0,0,0,0,0,0
37493917737837783,37.12188722135406,-4.9941122003430864,0.28715962171554565,377440010240.0,0.9507777690887451,1,0,0,0,0,0,0,0
42691858958147960,353.33315583824054,0.8561935675176213,0.1966245174407959,31804999680.0,0.8437756896018982,1,1,0,0,0,1,1,0
44223336921713919,149.70082997765337,3.6741623083440462,0.09160690754652023,11742000128.0,0.848797082901001,1,0,0,0,0,0,0,0
75343914034298942,244.17777230929792,54.29690534735495,0.3131107687950134,139260002304.0,0.7334309816360474,1,1,0,0,0,1,0,1
37489798864208484,35.36994710884638,-4.777842787962536,0.18974825739860535,9871500288.0,0.9517850279808044,1,0,0,0,0,0,0,1
75954546714644293,241.5447908681482,55.45014931188458,0.13303421437740326,60935999488.0,0.8758514523506165,1,1,0,1,0,0,0,0
38558373842547471,37.07310316579197,-3.8389788352297,0.24585165083408356,25807998976.0,0.961027204990387,1,0,0,0,0,0,0,0
37489111669440755,36.312657017569634,-4.764397762209769,0.37868401408195496,44609998848.0,0.4745435118675232,1,1,0,1,0,0,1,0
75338545325169965,243.69741385330863,53.84096936030722,0.1333274394273758,41782001664.0,0.8572453856468201,1,1,0,0,1,1,0,0
37490082332035358,35.00537373434875,-4.491942005834225,0.17255902290344238,87330996224.0,0.7994440793991089,1,1,0,0,0,1,0,0
37489670015173533,35.523723780339665,-4.5461524210878,0.3253101408481598,75156996096.0,0.6801131963729858,1,0,0,0,0,0,0,0
41618993307485782,351.4169194367844,-1.2412346453105942,0.152225062251091,25702000640.0,0.8800876140594482,1,0,0,0,0,0,0,0
43158859342183401,149.88634527907314,1.750573183401677,0.12243546545505524,13276000256.0,0.987309992313385,1,1,0,0,0,1,1,0
42094686705311799,150.57990133901143,0.9027129918812065,0.29422464966773987,161300004864.0,0.5353090167045593,1,0,0,0,0,0,0,0
38558378137501438,36.95701178692677,-3.7811459331710946,0.12553894519805908,6077000192.0,0.5614815950393677,1,0,0,0,0,0,0,0
41623395648949987,352.91479302991826,-1.1796267921702102,0.22738587856292725,16337999872.0,0.9396953582763672,1,0,0,0,0,0,0,1
37490082332033088,34.97957120673543,-4.551772882058199,0.11604861915111542,12830000128.0,0.8815122246742249,1,0,0,0,0,0,0,0
75338699944011949,243.5029082155666,54.75502100118073,0.09374738484621048,3235800064.0,0.81540846824646,1,0,0,0,0,0,0,0
75954417865627883,241.84984208094738,55.835441120627294,0.21483460068702698,225429995520.0,0.9238783121109009,1,1,0,0,1,1,1,0
42687997782552151,351.11361621275205,0.33084358115228685,0.21127010881900787,19864999936.0,0.8843714594841003,1,1,0,0,0,1,0,1
37489085899625646,36.27975903940339,-5.928193062370804,0.2429516762495041,33058000896.0,0.731219470500946,1,0,0,0,0,0,0,0
37489244813415385,36.00903299848184,-5.090756854930465,0.29864323139190674,188509995008.0,0.8410137295722961,1,0,0,0,0,0,0,0
75959365667952026,243.17512998028218,55.807001788621584,0.3353956937789917,42780000256.0,0.7150596380233765,1,0,0,0,0,0,0,0
43154182122799510,148.74987016927935,1.562101881231118,0.1221052035689354,15658999808.0,0.7245654463768005,1,0,0,0,0,0,0,0
75338953347065072,242.79365968383618,53.68077399269472,0.17785491049289703,37078999040.0,0.8749014139175415,1,1,0,0,0,1,1,0
44222782870942185,150.47797459660623,3.539485521925827,0.1255633682012558,36394000384.0,0.6571371555328369,1,0,0,0,0,0,0,0
38553971501064988,35.593599803507736,-4.095664301336542,0.2554262578487396,114610003968.0,0.839623749256134,1,0,0,0,0,0,0,0
37489785979294362,35.419315402347614,-5.444188984045791,0.2758215069770813,9936000000.0,0.815753698348999,1,0,0,0,0,0,0,0
75958665588278087,244.62876041513636,55.229117411803834,0.23602880537509918,52286001152.0,0.9833465814590454,1,0,0,0,0,0,0,0
37489670015173536,35.519050239559675,-4.550071282460984,0.3139585852622986,133540003840.0,0.8000905513763428,1,0,0,0,0,0,0,0
37489515396358876,35.7370682790279,-5.206205835859307,0.14334607124328613,14343999488.0,0.8462063074111938,1,0,0,0,0,0,0,0
42094003805520666,151.50505353175382,1.1969204146806645,0.351065993309021,31168000000.0,0.8234342336654663,1,1,0,0,0,1,1,0
75954684153592760,241.0606070922295,55.41080112830384,0.07639478892087936,28544999424.0,0.9468631744384766,1,0,0,0,0,0,0,0
75338691354063328,243.45525670983494,54.25787075966247,0.32305413484573364,16421000192.0,0.651237428188324,1,0,0,0,0,0,0,0
37489115964394794,36.27055808321784,-4.707007827907014,0.05755774304270744,4232199936.0,0.9543873071670532,1,0,0,0,0,0,0,0
41624095728627851,351.9714759912232,-0.579545133607799,0.3039889335632324,147900006400.0,0.6676162481307983,1,0,0,0,0,0,0,0
44223182302899330,149.81026840434512,2.9938062385956896,0.3496536910533905,78634999808.0,0.6365969181060791,1,0,0,0,0,0,0,1
37489919123279640,35.11357628127162,-5.650167811604221,0.23337413370609283,85176000512.0,0.887597918510437,1,0,0,0,0,0,0,1
74696864326246570,241.9415867781115,53.39320560337437,0.21431280672550201,19310000128.0,0.5766425132751465,1,0,0,0,0,0,0,0
43158588759237669,150.18511482059972,1.8567436932721977,0.17049409449100494,46042001408.0,0.3688967227935791,1,1,0,0,0,1,1,0
75954563894501631,241.4695414513438,56.09425212528302,0.2563383877277374,25457999872.0,0.7915887832641602,1,0,0,0,0,0,0,0
38553834062116078,35.68017301449741,-4.0428619135515325,0.06832674145698547,3582700032.0,0.8943358659744263,1,1,0,0,0,1,0,0
75339507397852832,241.41401975917606,53.94198681854773,0.21444109082221985,7702799872.0,0.6561314463615417,1,0,0,0,0,0,0,0
75339528872692122,241.41257996628667,54.85939170288388,0.2351435422897339,9034999808.0,0.7719939947128296,1,0,0,0,0,0,0,0
41618855868532532,351.61254373751905,-1.2389311815493194,0.2704904079437256,26421999616.0,0.8474534749984741,1,0,0,0,0,0,0,0
43158442730358119,150.52018401417314,1.5655199023153743,0.1212041825056076,93497999360.0,0.9366231560707092,1,1,1,0,0,1,0,0
37489657130288904,35.58329449971207,-4.9279131366012034,0.3386320471763611,131520004096.0,0.7750802040100098,1,0,0,0,0,0,0,0
75959082200103414,243.8571673418958,55.367780233679355,0.21255606412887573,44134998016.0,0.5103371143341064,1,0,0,0,0,0,0,0
37489532576227271,35.723940064967685,-4.489378798527481,0.18287639319896698,27797000192.0,0.891294002532959,1,1,0,0,1,0,0,0
37484851061869235,34.659380997005705,-4.788365000243113,0.11783207207918167,18389999616.0,0.5676423907279968,1,0,0,0,0,0,0,0
42696927019555542,353.80133080466527,0.16126606511417263,0.315932035446167,55763001344.0,0.7422595024108887,1,0,0,0,0,0,0,0
75343905444361756,244.05270540148018,53.88143982814499,0.08174075186252594,11813999616.0,0.8678479194641113,1,0,0,0,0,0,0,0
42697068753481913,353.7333845300787,0.3790371885280493,0.24761007726192474,54031998976.0,0.870054304599762,1,0,0,0,0,0,0,0
37485259083768261,34.11457535788679,-5.106247289565215,0.3321027457714081,42183999488.0,0.773071825504303,1,1,0,0,0,1,1,0
41618885933298714,351.58865652003226,-0.04358475575646954,0.16497014462947845,43911999488.0,0.9341757297515869,1,0,0,0,0,0,0,0
42687718609688792,351.5390955372163,0.22673841529110403,0.09721533954143524,39216001024.0,0.8950860500335693,1,0,0,0,0,0,0,0
41623387059009982,352.90208725670124,-1.4510129800483862,0.10556880384683609,15379999744.0,0.5188817977905273,1,0,0,0,0,0,0,0
38553842652052725,35.74371673562539,-3.6377940783714298,0.19280007481575012,42112000000.0,0.6199080944061279,1,0,0,0,0,0,0,0
75959369962914944,242.99947422259223,55.96870550676281,0.21993787586688995,9597200384.0,0.782852292060852,1,1,0,0,0,1,0,0
75334443631409176,240.6749530578771,54.812116985081865,0.16447323560714722,73978003456.0,0.8033570647239685,1,0,0,0,0,0,0,0
38558373842548037,37.02396412563535,-3.8347462581498757,0.11462089419364929,38628999168.0,0.8920661211013794,1,0,0,0,0,0,0,0
75959640545848356,242.58514098903882,55.72957687665767,0.2233397662639618,19465000960.0,0.736153244972229,1,0,0,0,0,0,0,0
38549431720638049,34.22222062621544,-4.301732879202137,0.3702462315559387,33080999936.0,0.5738933086395264,1,0,0,0,0,0,0,0
75959228228990455,243.36624332856533,55.736792076139494,0.22787389159202576,76373999616.0,0.5297373533248901,1,0,0,0,0,0,0,0
41619689092175980,350.5938220981711,-1.01979078155113,0.13645130395889282,29941000192.0,0.6697863936424255,1,1,0,0,0,1,0,0
37493651449866833,37.62747583822436,-4.621712858651825,0.28884416818618774,25425999872.0,0.9377599358558655,1,0,0,0,0,0,0,0
44217963917634364,149.47261337664915,3.1362879309181153,0.1535419076681137,22062000128.0,0.5459499359130859,1,1,0,0,0,1,0,0
43163278863520080,151.3226472066041,2.541638614907264,0.100972019135952,29042999296.0,0.7969149947166443,1,0,0,0,0,0,0,0
37489648540341911,35.43775857081757,-5.47775932061088,0.13504962623119354,18247999488.0,0.9505609273910522,1,1,0,0,0,1,0,0
37489511101386864,35.78158918847733,-5.484413551625075,0.16961771249771118,76487000064.0,0.9808011651039124,1,0,0,0,0,0,0,1
75958803027239263,244.39249009419945,55.30056110285726,0.2208845466375351,25606000640.0,0.6572505235671997,1,0,0,0,0,0,0,0
42089872046981500,149.55743197159197,0.8142675895857,0.10335525870323181,44663001088.0,0.7052767276763916,1,0,0,0,0,0,0,0
37489111669437261,36.32962212379867,-4.792704160099901,0.3011096119880676,118300000256.0,0.854815661907196,1,1,0,0,1,0,0,0
75339095080986367,242.42353423283447,53.83867433632575,0.1265091747045517,6039600128.0,0.65776127576828,1,0,0,0,0,0,0,0
38548894849712667,34.90060703813556,-3.800585711011567,0.17040559649467468,46437998592.0,0.7241719961166382,1,0,0,0,0,0,0,0
37494201205679256,36.90638394515602,-4.630876829759066,0.06091465801000595,27906000896.0,0.9651353359222412,1,0,0,0,0,0,0,0
37489094489561554,36.23658665112267,-5.638920240897973,0.24476447701454163,82011996160.0,0.569713294506073,1,1,0,0,0,1,0,0
41619431394147781,350.83459953608565,-0.15941981222475302,0.0765748843550682,3191200000.0,0.8777388334274292,1,0,0,0,0,0,0,0
37489803159177277,35.40447710953923,-4.591610731987906,0.3245626986026764,204779995136.0,0.9484599828720093,1,1,0,0,0,1,0,0
75959103674945079,243.7456658016108,56.35488485007444,0.28336429595947266,10684999680.0,0.5017894506454468,1,0,0,0,0,0,0,0
42090164104746296,149.33965706103047,1.4581040236690315,0.33939871191978455,41600999424.0,0.6205937266349792,1,1,0,0,0,1,1,0
38558511281497629,36.8936558280439,-3.870511489564756,0.18126694858074188,35247001600.0,0.7349846959114075,1,0,0,0,0,0,0,0
42692258390110316,352.7001156519609,0.3342346498231662,0.21888120472431183,4546100224.0,0.7185231447219849,1,0,0,0,0,0,0,0
44222916014922931,150.33303422636922,3.3033659776069815,0.13677789270877838,10931999744.0,0.9251229763031006,1,0,0,0,0,0,0,1
38558090374697552,37.3877660505411,-4.326802015636285,0.10575571656227112,21119000576.0,0.9028433561325073,1,0,0,0,0,0,0,0
44227314061421601,151.6801591219812,3.320904768794132,0.23338176310062408,101200003072.0,0.7395418882369995,1,0,0,0,0,0,0,1
75344038588358510,243.80392976640996,53.8239362181399,0.16896718740463257,19279998976.0,0.5954737663269043,1,0,0,0,0,0,0,0
75339503102885250,241.4507854328562,53.765637615494434,0.23203913867473602,22780000256.0,0.5050920844078064,1,0,0,0,0,0,0,0
38549298576647642,34.394212965455665,-4.156871407569888,0.0616130568087101,14200999936.0,0.923212468624115,1,0,0,0,0,0,0,0
37489519691332523,35.67165899246806,-4.98327906234514,0.2611316442489624,15959000064.0,0.8791508674621582,1,1,0,0,0,1,0,0
75343896854425202,243.95250940344124,53.60915198417883,0.24057158827781677,14616000512.0,0.9748777151107788,1,0,0,0,0,0,0,0
38554113234988488,35.30727275126492,-3.910120445507985,0.24023742973804474,18816999424.0,0.6167405843734741,1,0,0,0,0,0,0,0
37484833882010047,34.68226184861337,-5.550217544761082,0.2231677621603012,15160000512.0,0.9141451120376587,1,0,0,0,0,0,0,0
43154349626513166,148.48335524997327,2.740291819205904,0.22117505967617035,82602000384.0,0.5417432188987732,1,0,0,0,0,0,0,0
38558502691571746,36.78544292856158,-4.188077708214045,0.14727190136909485,26492000256.0,0.8093714714050293,1,0,0,0,0,0,0,0
41614466411940116,350.2432922141092,-0.9122665990491462,0.11095526814460754,27114000384.0,0.863944411277771,1,1,0,0,0,1,0,0
76557757691500354,243.54157952385054,56.58086204039381,0.12785321474075317,42251001856.0,0.967597246170044,1,0,0,0,0,0,0,0
42094136949501481,151.28930338107196,0.9559806345154767,0.06706328690052032,41329999872.0,0.9759966731071472,1,0,0,0,0,0,0,0
75954417865620197,241.956601973013,55.773829513134594,0.17534323036670685,3496300032.0,0.906006932258606,1,0,0,0,0,0,0,0
44218243090513263,149.19091093112425,3.382330094778991,0.255588173866272,86335995904.0,0.8527135848999023,1,0,0,0,0,0,0,0
75959515991808074,242.7612772440172,56.38980811737081,0.13683560490608215,24092999680.0,0.6762145757675171,1,0,0,0,0,0,0,0
75339086491066290,242.60450290222226,53.627525466701854,0.13255558907985687,4469600256.0,0.5648791790008545,1,0,0,0,0,0,0,0
42691992102139195,353.2320102378658,0.6991014126119113,0.2779112160205841,93284999168.0,0.7232517600059509,1,1,0,0,0,1,1,0
38553971501058721,35.43153386135457,-4.178019447002251,0.08261147141456604,6509400064.0,0.716295599937439,1,1,0,1,0,0,0,0
41628369221081274,353.64511327029174,-0.08993099090543284,0.12832506000995636,11134000128.0,0.9022314548492432,1,0,0,0,0,0,0,0
41623545972809347,352.8489958393143,-0.5839570499363556,0.3664960265159607,73774997504.0,0.8181530237197876,1,1,0,0,0,1,0,1
37489803159174662,35.41905038406605,-4.609515097995378,0.32531240582466125,15269999616.0,0.5324141383171082,1,0,0,0,0,0,0,0
37494201205672378,36.72967274635473,-4.716130996143753,0.30077072978019714,41344000000.0,0.5638750791549683,1,0,0,0,0,0,0,0
38558232108627281,37.261358411090875,-4.021391125273466,0.37360066175460815,45465001984.0,0.8294497728347778,1,0,0,0,0,0,0,0
41623533087910059,352.68603315906233,-1.186536766736035,0.10320653766393661,31533000704.0,0.8284025192260742,1,0,0,0,0,0,0,0
42687993487592821,351.1431737671964,0.22377406743055508,0.2160051316022873,108459999232.0,0.8913593292236328,1,0,0,0,0,0,0,0
37494325759728330,36.66079145665548,-5.208870915930557,0.07421266287565231,8691200000.0,0.9005434513092041,1,0,0,0,0,0,0,0
74696731182267097,242.3857499149749,53.530414349444726,0.1813533753156662,115580002304.0,0.5789744257926941,1,0,0,0,0,0,0,0
38553980090992880,35.44358594411088,-3.7822252146204516,0.23437081277370453,3663800064.0,0.5624409914016724,1,0,0,0,0,0,0,0
74696589448347095,242.4770224592857,53.39171355004569,0.1103261336684227,22325999616.0,0.8737331628799438,1,0,0,0,0,0,0,0
41614324678029355,350.30453584502004,-1.1088544149233721,0.24214060604572296,425989996544.0,0.9296537637710571,1,0,0,0,0,0,0,1
38558098964632004,37.337444302631894,-3.9720643484018896,0.32320186495780945,19448000512.0,0.5912783741950989,1,0,0,0,0,0,0,0
37484855356847324,34.66307993547733,-4.675432320827052,0.21674300730228424,19079000064.0,0.7632277607917786,1,1,0,0,0,1,1,0
75343776595341722,244.2525406907465,54.25284823376155,0.13711954653263092,19928000512.0,0.6908504366874695,1,0,0,0,0,0,0,0
42089738902996253,149.75582283133642,1.004143674109849,0.35273393988609314,17057999872.0,0.9247239828109741,1,0,0,0,0,0,0,0
38558090374700349,37.3649981881417,-4.299000305418224,0.1090700551867485,17863999488.0,0.8172537088394165,1,1,0,1,0,0,0,0
37494205500640008,36.81491830927412,-4.533783697097863,0.08350589871406555,17659000832.0,0.568950355052948,1,0,0,0,0,0,0,0
43153937309667441,149.16395595718146,2.874457861676866,0.2389126569032669,74465001472.0,0.7398037314414978,1,0,0,0,0,0,0,0
40554970994464164,352.5625699671687,-1.5681122886610217,0.11815105378627777,6263799808.0,0.6209210157394409,1,0,0,0,0,0,0,0
41628369221086057,353.7681114479989,-0.027902818299245534,0.19119791686534882,45643001856.0,0.6845112442970276,1,0,0,0,0,0,0,0
41623674821835586,352.59159051461296,-0.9616203944315744,0.11516410112380981,10442999808.0,0.5303950905799866,1,0,0,0,0,0,0,0
42691983512203333,353.23269648287777,0.33065230056723444,0.2811666429042816,46990000128.0,0.8636627197265625,1,0,0,0,0,0,0,0
38554113234985917,35.40526966306023,-3.932780921482823,0.2854982614517212,26573000704.0,0.9239376187324524,1,0,0,0,0,0,0,0
75343901149400170,243.95136819534017,53.764220470647096,0.08376118540763855,19192999936.0,0.6546539068222046,1,0,0,0,0,0,0,0
75343905444360408,244.04656696431132,53.86274892635459,0.27520036697387695,30300000256.0,0.6754906177520752,1,0,0,0,0,0,0,0
37494330054693632,36.63208859256109,-5.05430005482331,0.11980795115232468,43128999936.0,0.940650224685669,1,0,0,0,0,0,0,0
75954830182465926,240.85578315289519,55.69194994402238,0.1328066885471344,31149000704.0,0.8308930397033691,1,0,0,0,0,0,0,0
42692125246130935,353.056470824425,0.589954000898517,0.2677582800388336,227389997056.0,0.9682470560073853,1,0,0,0,0,0,0,0
41618739904411288,351.8405058380938,-0.39125012452240854,0.09303314983844757,34446999552.0,0.9316086769104004,1,0,0,0,0,0,0,0
41623966879613299,352.16894078004293,-0.16736223072932774,0.28632912039756775,16065999872.0,0.573604941368103,1,0,0,0,0,0,0,0
38553559184197218,36.12015203291977,-4.164412440434831,0.38278910517692566,15464999936.0,0.884381115436554,1,0,0,0,0,0,0,1
75959077905130656,243.68043162042562,55.13354451269164,0.3139701187610626,21792999424.0,0.5842717289924622,1,0,0,0,0,0,0,0
38553851241977471,35.690957599282704,-3.37050998916358,0.1449374556541443,40717000704.0,0.7553631663322449,1,0,0,0,0,0,0,0
44218109946518286,149.37932418348865,3.4924370570892176,0.2989080250263214,125459996672.0,0.41106122732162476,1,1,0,0,0,1,0,0
37493788888821694,37.45835809923733,-4.613642500638323,0.348427414894104,30816999424.0,0.8570756316184998,1,0,0,0,0,0,0,0
43154195007694156,148.76295679420136,2.0564698866291526,0.11137344688177109,14028000256.0,0.6433711647987366,1,0,0,0,0,0,0,0
75959090790045417,243.76270709574118,55.78795341932297,0.30644491314888,44274999296.0,0.9222530722618103,1,0,0,0,0,0,0,1
75954825887504884,240.83853170338045,55.51658869293969,0.22042712569236755,23704999936.0,0.6885238289833069,1,0,0,0,0,0,0,0
38553838357070022,35.66452755551608,-3.9689021906185125,0.07151035964488983,35010998272.0,0.9782953858375549,1,0,0,0,0,0,0,1
38558223518688855,37.23897584266456,-4.445528936088281,0.33158522844314575,20290000896.0,0.570266604423523,1,0,0,0,0,0,0,0
74701541545632474,243.63977272630495,53.48445860353702,0.1351044774055481,9074199552.0,0.6018984913825989,1,1,0,0,0,1,1,0
41618727019510820,351.8117930822058,-0.9424069267082567,0.12753206491470337,17994000384.0,0.824935793876648,1,0,0,0,0,0,0,0
42687864638577132,351.32613202367446,0.6442927532634846,0.2823432385921478,8856699904.0,0.8758820295333862,1,0,0,0,0,0,0,0
38554121824924134,35.28063108509396,-3.475755019286417,0.25632980465888977,10570000384.0,0.660413384437561,1,0,0,0,0,0,0,0
42687997782547290,351.0921942141717,0.32026015156211246,0.3642154037952423,57989001216.0,0.999944806098938,1,0,0,0,0,0,0,1
41618735609444518,351.7645687265611,-0.5545531664601634,0.10318832844495773,22652999680.0,0.7039445042610168,1,0,0,0,0,0,0,1
43158034708459699,150.9520356030672,1.6618319804347157,0.15338996052742004,71480000512.0,0.8212666511535645,1,1,0,0,0,1,0,0
42687851753668286,351.31652702208294,0.021260882971506922,0.11639714241027832,66985000960.0,0.9264276027679443,1,1,0,0,1,1,0,0
43158584464256076,150.3254284145415,1.6070062063061987,0.20243528485298157,18204000256.0,0.4081278443336487,1,1,0,0,0,1,0,0
43154070453639353,148.94641141928605,2.5598937359245135,0.15348052978515625,27666999296.0,0.6298624277114868,1,0,0,0,0,0,0,0
44222774280997767,150.36278744217964,3.071594766205858,0.1812843382358551,62812999680.0,0.6366944909095764,1,0,0,0,0,0,0,0
75339090786027886,242.38318560245494,53.7759408889152,0.12864316999912262,3420000000.0,0.8736968040466309,1,0,0,0,0,0,0,1
43153937309660364,149.1984648015601,2.8079668894320307,0.1429557204246521,5634400256.0,0.5233690142631531,1,0,0,0,0,0,0,0
75954954736526983,240.3847762554375,55.194040547343306,0.23797647655010223,83783000064.0,0.7083480954170227,1,0,0,0,0,0,0,0
37494201205682232,36.87473524441092,-4.595177962080058,0.2642824947834015,180220002304.0,0.8216069936752319,1,1,0,0,0,1,0,0
43162982510777709,151.74486432550515,1.7160733475585817,0.07700024545192719,22979999744.0,0.9322918653488159,1,1,0,0,0,1,0,1
37494059471759466,36.95907015707249,-4.829342578933005,0.30895528197288513,26882000896.0,0.6319361329078674,1,0,0,0,0,0,0,0
75959382847808477,243.25429656539748,56.44522123911239,0.23289300501346588,21122000896.0,0.7830848097801208,1,0,0,0,0,0,0,0
75338824498056725,243.23142929733334,54.14736785190651,0.3156373202800751,24053000192.0,0.7360712289810181,1,0,0,0,0,0,0,0
37489365072509460,35.8003594551693,-5.695191361278341,0.31066423654556274,86131998720.0,0.6134247183799744,1,0,0,0,0,0,0,0
38554113234991102,35.28493773743049,-3.875592810211579,0.3028004467487335,27746000896.0,0.5215599536895752,1,0,0,0,0,0,0,0
38558094669673250,37.39506500870571,-4.033293617868642,0.29902729392051697,18282999808.0,0.5254256725311279,1,0,0,0,0,0,0,0
37485121644830073,34.24969464617375,-4.944501353083959,0.2768740952014923,27104000000.0,0.796116828918457,1,0,0,0,0,0,0,0
37489919123279263,35.11444329057935,-5.657773715951027,0.32639560103416443,108389998592.0,0.879051923751831,1,0,0,0,0,0,0,0
42687856048630825,351.2580730239808,0.11778064969702255,0.22837574779987335,41689001984.0,0.8655503988265991,1,0,0,0,0,0,0,0
37485405112659392,33.849182602793704,-4.658989451757364,0.1590079665184021,55774998528.0,0.6766840219497681,1,0,0,0,0,0,0,0
43163420597457112,151.12797320557024,2.878078145068325,0.10298437625169754,28640000000.0,0.940727949142456,1,0,0,0,0,0,0,0
37489944893082571,35.11605901637903,-4.533213880453301,0.24039006233215332,20902000640.0,0.6390780210494995,1,0,0,0,0,0,0,0
42093862071574655,151.6088389457815,0.957741540877789,0.12250622361898422,6744000000.0,0.6208143830299377,1,0,0,0,0,0,0,0
74696722592320999,242.11662174093172,53.24838531123373,0.29440611600875854,40972001280.0,0.9334808588027954,1,0,0,0,0,0,0,0
75344060063190479,243.81414232766843,54.69192979601867,0.1422969400882721,36061999104.0,0.7390507459640503,1,0,0,0,0,0,0,0
75959241113893111,243.5474168814872,56.30357684180394,0.3448668420314789,23228999680.0,0.8801910281181335,1,0,0,0,0,0,0,1
37494454608746582,36.487054366006234,-5.6428465892459485,0.17384222149848938,148270006272.0,0.9949252009391785,1,1,0,0,0,1,1,0
38553567774143966,36.02877300596732,-3.691863797734932,0.32868459820747375,9079600128.0,0.4563851058483124,1,1,0,0,0,1,0,0
38558232108628189,37.16864509466788,-4.002742994346284,0.22574672102928162,58529001472.0,0.3697451949119568,1,1,0,0,0,1,0,0
38553967206096573,35.50723015864604,-4.307611006444229,0.15410712361335754,99452002304.0,0.9389668703079224,1,0,0,0,0,0,0,0
74696864326250445,241.81667489251683,53.444906632155565,0.18258921802043915,13450999808.0,0.8644372820854187,1,1,0,0,0,1,0,1
75338824498046469,243.13396575664024,54.024478545274675,0.12884505093097687,13445999616.0,0.7110539078712463,1,0,0,0,0,0,0,0
75964025707460126,244.92546065018377,55.1738042015795,0.288504034280777,64312999936.0,0.5562719702720642,1,0,0,0,0,0,0,0
37494338644636733,36.67613734217507,-4.601459574369341,0.17937903106212616,8801699840.0,0.524743378162384,1,0,0,0,0,0,0,0
38553554889240499,36.1373983263925,-4.254462769610855,0.33647000789642334,86274998272.0,0.6327467560768127,1,0,0,0,0,0,0,0
41619568833101039,350.72821544514755,-0.11400640593205745,0.24921853840351105,103310000128.0,0.5967864990234375,1,1,0,0,0,1,1,0
37494334349663128,36.6570908623689,-4.839115843729143,0.2765616774559021,57124999168.0,0.9063219428062439,1,0,0,0,0,0,0,0
37493647154893628,37.51751430032654,-4.893658705651095,0.36492103338241577,21385000960.0,0.5566056966781616,1,0,0,0,0,0,0,1
38553554889243445,36.08516728939828,-4.22112101442384,0.22736889123916626,6736200192.0,0.6204955577850342,1,0,0,0,0,0,0,0
41623825145700999,352.3737401033355,-0.2806359385908886,0.09605918824672699,18794999808.0,0.5583566427230835,1,1,0,0,0,1,0,0
75338815908116977,243.01650335054538,53.72948967016145,0.1315343827009201,22360000512.0,0.6325963139533997,1,0,0,0,0,0,0,0
75343909739328574,243.9436143145465,54.07216149651183,0.22856827080249786,15930000384.0,0.5343031287193298,1,0,0,0,0,0,0,0
42687868933535021,351.30252498606575,0.7296476782976173,0.1554575264453888,29051000832.0,0.8405162692070007,1,0,0,0,0,0,0,0
44223044863946662,150.0340779003198,3.031425232250868,0.21495245397090912,9743099904.0,0.5717999339103699,1,0,0,0,0,0,0,0
41619143631341331,351.2929322491611,-0.7215813711731593,0.2584587633609772,394189996032.0,0.9169977903366089,1,1,0,1,0,1,0,0
75959352783039969,243.03733263874776,55.16406978604871,0.25607699155807495,51726999552.0,0.5106861591339111,1,0,0,0,0,0,0,0
37485121644827741,34.25798620659234,-4.965593090167689,0.13139022886753082,31331000320.0,0.8453049659729004,1,0,0,0,0,0,0,0
38553572069102266,36.1441033837521,-3.599765507053296,0.25145527720451355,122790002688.0,0.6671779155731201,1,0,0,0,0,0,0,1
37494050881819046,36.93894886632745,-5.132844279063217,0.28355923295021057,45212000256.0,0.9710162878036499,1,0,0,0,0,0,0,0
43163274568551784,151.28086829120826,2.344205125215379,0.19561448693275452,157950001152.0,0.8507853746414185,1,0,0,0,0,0,0,0
75959786574739439,242.1729745440266,56.12333947085597,0.13314123451709747,26118000640.0,0.8630492687225342,1,1,0,1,0,0,0,0
75959507401864358,242.8095793547181,55.90448975171144,0.17160440981388092,8597099520.0,0.5266693830490112,1,0,0,0,0,0,0,0
75338815908114912,243.16556639313052,53.71313972700222,0.0886814072728157,46132998144.0,0.9890528321266174,1,1,0,0,0,1,0,0
75344060063186883,243.84576080650658,54.64968088073202,0.21447350084781647,116920000512.0,0.8675694465637207,1,0,0,0,0,0,0,0
41623687706732625,352.6457102532611,-0.4179789338746574,0.20394359529018402,13537000448.0,0.831222414970398,1,1,0,0,1,1,0,0
42687864638571068,351.2597173310314,0.567587272600348,0.2330821305513382,64998998016.0,0.5251870155334473,1,0,0,0,0,0,0,0
75959382847808475,243.25698040025725,56.44616353649949,0.22780939936637878,100329996288.0,0.9168829321861267,1,1,0,0,0,0,1,0
75338708533933970,243.47317239142734,55.009223674900724,0.17275367677211761,12771999744.0,0.8521576523780823,1,0,0,0,0,0,0,0
38558506986527916,36.75649840794053,-4.109265231675544,0.24499313533306122,46703001600.0,0.5676038265228271,1,0,0,0,0,0,0,0
38553275716363053,36.39040818306404,-4.439648910314671,0.341848760843277,71568998400.0,0.6316514015197754,1,0,0,0,0,0,0,0
41618860163493375,351.6794566232836,-1.1185090164722074,0.31046783924102783,79116001280.0,0.5098938941955566,1,1,0,0,0,1,0,0
74696589448338713,242.40130863784725,53.29768863892248,0.05428459122776985,30121000960.0,0.9758262634277344,1,0,0,0,0,0,0,0
37488974230484477,36.39786909254732,-4.78823814692505,0.3022105395793915,99522002944.0,0.7788040637969971,1,0,0,0,0,0,0,0
38553563479168007,36.079531551633465,-3.9746565708849344,0.20671038329601288,30274000896.0,0.7516578435897827,1,0,0,0,0,0,0,0
41623408533865108,353.0189805983936,-0.5293886696884575,0.21057060360908508,95870001152.0,0.8447709083557129,1,0,0,0,0,0,0,0
41623554562753690,352.688389321963,-0.17389625968000563,0.260477215051651,23399999488.0,0.5073060393333435,1,0,0,0,0,0,0,0
75339223930015803,242.0566711163674,53.58895111359233,0.2750434875488281,13685000192.0,0.903275191783905,1,0,0,0,0,0,0,0
41618877343368288,351.687902828825,-0.37153523045160347,0.32517489790916443,158800003072.0,0.7846813201904297,1,1,0,0,0,1,0,0
43153941604617841,149.2188459853643,2.890826773108821,0.1719810664653778,13267000320.0,0.9593985080718994,1,0,0,0,0,0,0,1
42687993487596370,351.0611165210357,0.27054786343756126,0.25065144896507263,34550001664.0,0.7425903677940369,1,0,0,0,0,0,0,0
76557899425418300,243.2363452084268,56.721531295668946,0.2915613055229187,114940002304.0,0.8285238742828369,1,1,0,0,0,1,0,0
41623545972819100,352.8501680357883,-0.5468325068377443,0.2713441848754883,202929995776.0,0.8575867414474487,1,0,0,0,0,0,0,0
41619689092187798,350.53800177548504,-0.8727008445447482,0.2740602493286133,34929000448.0,0.5264176726341248,1,0,0,0,0,0,0,0
43158597349174726,150.33558999859883,2.304922853235444,0.0677071288228035,20199999488.0,0.7933921217918396,1,1,0,0,0,1,0,0
75958944761159979,244.09896586560097,55.45047839870157,0.20961135625839233,211510001664.0,0.7623472213745117,1,1,0,0,0,1,0,0
38554242084012112,35.15207643843237,-4.248694672235453,0.15100426971912384,69150998528.0,0.9290986061096191,1,1,0,0,0,1,0,0
75334168753511186,241.246473033716,54.907846793954086,0.22506700456142426,108300001280.0,0.728130042552948,1,0,0,0,0,0,0,0
38554259263875847,35.215908102635325,-3.46579425800717,0.20317214727401733,38114000896.0,0.6233435273170471,1,0,0,0,0,0,0,0
75339090786023460,242.58040782987507,53.71514186842353,0.2517455220222473,125559996416.0,0.3559120297431946,1,1,1,0,0,0,0,0
75959644840827321,242.57941934993983,56.028514884042934,0.2544339895248413,33603999744.0,0.7491092085838318,1,0,0,0,0,0,0,1
75339387138759832,241.9888390788831,54.578582121014556,0.24949026107788086,75268997120.0,0.5865762829780579,1,0,0,0,0,0,0,0
42094824144267888,150.42172681189464,0.9659597263295943,0.14741826057434082,100429996032.0,0.9425011873245239,1,0,0,0,0,0,0,0
75334576775384025,240.38808970919337,54.58834091576759,0.23342777788639069,10375000064.0,0.7608274221420288,1,0,0,0,0,0,0,0
37494059471757710,37.022142854496764,-4.847289559397891,0.34898582100868225,41678999552.0,0.9184091091156006,1,0,0,0,0,0,0,0
37489940598121566,35.08635116549448,-4.684952454012309,0.24377387762069702,112910000128.0,0.7673481702804565,1,0,0,0,0,0,0,0
43158056183297858,150.96623768225257,2.6296818200985275,0.15169557929039001,11934000128.0,0.6562849283218384,1,0,0,0,0,0,0,0
41623958289670000,352.24622655911486,-0.638869439621504,0.26683157682418823,52127997952.0,0.6418354511260986,1,0,0,0,0,0,0,0
75954563894501633,241.4635256113698,56.130402521193496,0.14332769811153412,26098999296.0,0.5923709869384766,1,0,0,0,0,0,0,0
75339245404847678,242.05896329692223,54.47654305600889,0.11786364018917084,20789999616.0,0.7389057874679565,1,0,0,0,0,0,0,0
38554259263865517,35.09139303752494,-3.618220073855457,0.37862706184387207,12060999680.0,0.6378835439682007,1,0,0,0,0,0,0,0
75343901149398071,243.92738980187391,53.73916766525976,0.21876369416713715,89250996224.0,0.6583719849586487,1,0,0,0,0,0,0,0
37494317169793208,36.57926181813212,-5.572090785791973,0.20301185548305511,46226001920.0,0.5009631514549255,1,1,0,0,0,1,0,1
41623533087917438,352.80580192893825,-1.0857930701525764,0.32231682538986206,74323001344.0,0.859862208366394,1,1,0,0,0,1,1,1
75334581070357608,240.38215131868537,54.82395119406696,0.30278435349464417,17166000128.0,0.7775508165359497,1,0,0,0,0,0,0,0
44218101356580830,149.33527923638064,3.07029379858007,0.22663430869579315,16682999808.0,0.7457854747772217,1,0,0,0,0,0,0,1
75959082200112001,243.89405072317848,55.4540296497005,0.10534901171922684,32221999104.0,0.5565164685249329,1,0,0,0,0,0,0,0
43158726198185631,150.01657102997348,1.8702649773071836,0.17762096226215363,23303999488.0,0.7884225249290466,1,0,0,0,0,0,0,0
37489523986291232,35.701722484164726,-4.870797438630076,0.11961566656827927,10517000192.0,0.865447998046875,1,1,0,0,0,1,0,0
38553967206103941,35.4921244180774,-4.240592479177758,0.24856524169445038,6700499968.0,0.7383754849433899,1,0,0,0,0,0,0,0
38558786159405647,36.49881216244464,-3.873394861360049,0.26187679171562195,45648998400.0,0.7059944868087769,1,0,0,0,0,0,0,0
38554254968911910,35.12737486948448,-3.634974545337614,0.3340957760810852,60005998592.0,0.6497160792350769,1,0,0,0,0,0,0,0
37489115964401610,36.294919489382494,-4.626007979071629,0.26049554347991943,23249000448.0,0.7447028756141663,1,0,0,0,0,0,0,0
37489940598126852,35.15868243359286,-4.642222552225542,0.2098316252231598,99447996416.0,0.8804945945739746,1,0,0,0,0,0,0,0
42085065978569329,148.70449517302717,1.0096691584105422,0.12574435770511627,79126003712.0,0.792279064655304,1,0,0,0,0,0,0,0
43158876522051344,149.88393971065716,2.458357573943119,0.3243786692619324,23128999936.0,0.7651333808898926,1,1,0,0,0,1,0,0
43158326766243673,150.69782340578467,2.4859076285854895,0.38753318786621094,32348000256.0,0.9123905897140503,1,0,0,0,0,0,0,0
75338837382960580,243.06826964723507,54.70428478376415,0.1972627192735672,78786002944.0,0.8615807294845581,1,1,0,1,0,0,1,0
75343656336253265,244.54194937107968,54.96587040411092,0.145093634724617,79780003840.0,0.8121093511581421,1,1,0,0,0,1,0,0
37488965640541346,36.437819812900706,-5.254838248339393,0.28636452555656433,17157000192.0,0.8815213441848755,1,0,0,0,0,0,0,0
75334293307547995,240.9529161186568,54.28587735769055,0.31803926825523376,27145000960.0,0.600477933883667,1,0,0,0,0,0,0,1
38558098964633943,37.30780839047111,-3.941614704028806,0.1608811914920807,54105001984.0,0.87022864818573,1,0,0,0,0,0,0,0
44227730673266891,151.21708118270317,3.5645918040246247,0.3514860272407532,13166000128.0,0.8243674039840698,1,1,0,0,0,1,1,0
44223332626744739,149.77382491625428,3.4587784142519675,0.3436528742313385,43223998464.0,0.5629050135612488,1,0,0,0,0,0,0,0
38553696623156195,35.926944529879385,-4.149879575176468,0.2146005481481552,13009000448.0,0.8215866088867188,1,1,0,0,0,1,0,0
37489373662441731,35.88139070331648,-5.36348852000493,0.21727627515792847,29707999232.0,0.6384403705596924,1,0,0,0,0,0,0,0
42090292953777711,149.13549036180333,1.1910417240052769,0.1483626812696457,16293999616.0,0.4844230115413666,1,1,0,0,0,1,0,0
75334168753514004,241.18936361794866,54.92961094619015,0.2131444364786148,4863900160.0,0.505415141582489,1,0,0,0,0,0,0,0
75959786574737569,242.18813586086816,56.10788627059624,0.2548806369304657,105049997312.0,0.8671923875808716,1,1,0,0,0,1,0,0
75344051473248355,243.822757800599,54.26093955658132,0.22738419473171234,86523002880.0,0.6093482375144958,1,1,0,0,0,1,0,1
75959378552843958,243.09327272355995,56.26190166972774,0.13473501801490784,43364999168.0,0.515310525894165,1,0,0,0,0,0,0,0
37484580478940740,34.90136129367362,-4.655279285642308,0.14613361656665802,26293000192.0,0.5369549989700317,1,0,0,0,0,0,0,0
75954430750520654,241.9714403240668,56.32985633861685,0.18187297880649567,70761996288.0,0.9278401732444763,1,0,0,0,0,0,0,0
37489657130287383,35.57139828443827,-4.954295903726106,0.16006264090538025,17373999104.0,0.5120115876197815,1,1,0,0,0,1,0,0
38553696623154462,35.97471122856234,-4.170675202664185,0.1126885712146759,17632000000.0,0.9455020427703857,1,0,0,0,0,0,0,0
38549564864629631,34.017824720709996,-4.423806458535875,0.09873095154762268,45482000384.0,0.9611811637878418,1,0,0,0,0,0,0,0
37485254788810437,34.07301788042135,-5.147074134364652,0.10116088390350342,37146001408.0,0.8799682855606079,1,0,0,0,0,0,0,0
75339666311642611,241.33915074446543,54.82230881144799,0.11486565321683884,22912000000.0,0.883094072341919,1,0,0,0,0,0,0,0
75339524577721570,241.45714388629096,54.65719075549595,0.27527374029159546,12455999488.0,0.7224401831626892,1,0,0,0,0,0,0,0
38553554889234327,36.01362301790863,-4.32325730759836,0.23757877945899963,5876499968.0,0.5795828700065613,1,0,0,0,0,0,0,0
43153782690820625,149.28441913246382,1.9616325266787413,0.26230207085609436,7436299776.0,0.9494585990905762,1,0,0,0,0,0,0,0
42697219077328859,353.5783167767303,0.852336802039118,0.17825409770011902,44225998848.0,0.5023549795150757,1,0,0,0,0,0,0,0
37489244813422687,36.05261296675723,-4.9981912836880715,0.10641500353813171,10190000128.0,0.9885542392730713,1,0,0,0,0,0,0,0
38553984385969340,35.54688616815755,-3.4605228586177157,0.13617028295993805,35463000064.0,0.6360681653022766,1,0,0,0,0,0,0,0
76557761986455341,243.54914099789,56.63455871537362,0.2367730587720871,80696999936.0,0.5741493105888367,1,0,0,0,0,0,0,0
75958798732270363,244.3398218963979,55.093825978092575,0.09011324495077133,8041900032.0,0.8722409605979919,1,0,0,0,0,0,0,0
75343793775209105,244.2309239034194,54.97778013493527,0.26348018646240234,237429997568.0,0.5296838283538818,1,0,0,0,0,0,0,0
37494334349658730,36.598430031487204,-4.901276578738359,0.3279670476913452,46704001024.0,0.46994391083717346,1,1,0,0,0,1,0,0
43158309586366246,150.70058294884188,1.7334409708322656,0.35640257596969604,99425001472.0,0.936991810798645,1,0,0,0,0,0,0,1
75339232519943357,242.27524784404042,53.869012650147326,0.3529626131057739,27179999232.0,0.4219268262386322,1,1,0,0,1,0,0,0
38549431720635626,34.15450891182883,-4.25529432580961,0.19926761090755463,89475997696.0,0.9172604084014893,1,0,0,0,0,0,0,1
37484971320968172,34.38526238224973,-5.515761762102236,0.26402679085731506,54164000768.0,0.3550989329814911,1,1,0,0,0,1,0,0
37489502511463541,35.63568799956591,-5.7053053928649184,0.2463936060667038,47232000000.0,0.8474725484848022,1,0,0,0,0,0,0,0
37489369367476750,35.879851661927766,-5.531732189979538,0.1324727088212967,19324999680.0,0.8480508327484131,1,0,0,0,0,0,0,0
37494192615739855,36.75821557796319,-5.07143831799618,0.13977305591106415,18399000576.0,0.8567219972610474,1,0,0,0,0,0,0,0
75958961941015756,244.05729132266572,56.0904864657248,0.3554408848285675,39238000640.0,0.5962640047073364,1,0,0,0,0,0,0,0
42687598350597110,351.7512397066778,0.940634226433649,0.28718671202659607,5800699904.0,0.9239225387573242,1,1,0,0,1,0,1,0
38554392407855052,34.98159297720017,-3.738929951684029,0.226068913936615,118859997184.0,0.9341773986816406,1,0,0,0,0,0,0,0
41623674821840554,352.6309310227478,-0.9099939050108063,0.22438785433769226,130789998592.0,0.792625904083252,1,0,0,0,0,0,0,0
38553688033232176,35.86372005284981,-4.387090992450911,0.2020927518606186,20547999744.0,0.7002782821655273,1,0,0,0,0,0,0,0
38553421745256157,36.29764486385271,-4.025340746189786,0.37299102544784546,20604999680.0,0.8476120233535767,1,0,0,0,0,0,0,0
42687856048641882,351.2654863779004,0.26180458467263407,0.2675224542617798,52068999168.0,0.7779710292816162,1,1,0,0,0,1,1,0
37489377957411916,35.92650528657352,-5.141102818470055,0.21225447952747345,8371700224.0,0.6770727634429932,1,1,0,0,0,1,0,1
38554254968907900,35.18224312999941,-3.6918186737114955,0.15959908068180084,19171000320.0,0.7879026532173157,1,0,0,0,0,0,0,0
74701404106676110,243.9457611732786,53.48340826841331,0.16452929377555847,79554002944.0,0.6483323574066162,1,0,0,0,0,0,0,0
42687860343597587,351.2824701806687,0.30657477967759533,0.3189564645290375,15111999488.0,0.8481838703155518,1,0,0,0,0,0,0,0
38558369547572122,37.09407291874896,-4.131959802310747,0.3708820044994354,16277000192.0,0.6619727611541748,1,0,0,0,0,0,0,0
41619281070298089,351.1949384966535,-0.6984084764245226,0.2008313685655594,46124998656.0,0.8329776525497437,1,1,0,0,0,1,1,0
42687856048633552,351.2703631682286,0.15503082542987795,0.20694205164909363,5029700096.0,0.587627112865448,1,0,0,0,0,0,0,0
75954542419669613,241.53515176956074,55.16047602410056,0.15486416220664978,100550000640.0,0.6220141649246216,1,0,0,0,0,0,0,0
41623687706743582,352.6379239196524,-0.29049369653773033,0.14918513596057892,19478999040.0,0.7617435455322266,1,0,0,0,0,0,0,0
43158459910204955,150.499091488782,2.149459500497783,0.16637484729290009,63625998336.0,0.875141978263855,1,1,0,0,0,1,1,0
38549427425682117,34.197500958995136,-4.400424448946614,0.23750488460063934,4868499968.0,0.5025251507759094,1,1,0,0,0,1,0,0
37489098784539090,36.196620845278176,-5.309677802432342,0.28591132164001465,197349998592.0,0.8815112113952637,1,1,0,0,0,1,1,0
41623404238898814,353.0103160068474,-0.6777849730145573,0.18566086888313293,5946500096.0,0.41604551672935486,1,1,0,0,1,0,0,0
44222649726950119,150.60935874476584,3.69565775771688,0.2916027903556824,15644999680.0,0.9311476945877075,1,0,0,0,0,0,0,1
75338953347063490,242.84783900455062,53.65449650960892,0.34778711199760437,75543003136.0,0.5625025033950806,1,0,0,0,0,0,0,0
37493651449864458,37.55379585635715,-4.65437079871174,0.25789675116539,97910996992.0,0.8043702840805054,1,0,0,0,0,0,0,0
37494467493655362,36.529745188157484,-4.942980939892636,0.22028975188732147,33664999424.0,0.816465437412262,1,0,0,0,0,0,0,0
75339503102886707,241.6401559873284,53.79215365370698,0.16219496726989746,69064998912.0,0.7201505899429321,1,1,0,0,1,0,0,0
41623683411764912,352.5018786581364,-0.6391198349676851,0.15973691642284393,6110099968.0,0.47315549850463867,1,1,0,0,0,1,0,0
38553838357083853,35.681463672894424,-3.822086442777862,0.252054363489151,69632999424.0,0.8665318489074707,1,1,0,0,0,1,0,0
38558502691565679,36.72764828394674,-4.2428039402090505,0.20732495188713074,56598999040.0,0.8664308190345764,1,1,0,0,0,1,1,0
37489919123291233,35.07857781160589,-5.497518390711572,0.12274415791034698,10638999552.0,0.5006496906280518,1,0,0,0,0,0,0,0
42687735789544159,351.4698879604638,0.862609558887222,0.22621889412403107,119899996160.0,0.849165678024292,1,0,0,0,0,0,0,0
75959631955929245,242.32897725266815,55.48725392731712,0.22159166634082794,32117999616.0,0.8804748058319092,1,0,0,0,0,0,0,0
38553846947006369,35.716681388419815,-3.604163028663045,0.18871238827705383,57464999936.0,0.6339902281761169,1,0,0,0,0,0,0,0
75958949056126472,244.11596169216043,55.663530342457996,0.24209794402122498,87117996032.0,0.5480996966362,1,0,0,0,0,0,0,0
38558098964635778,37.45064965824342,-3.9246408619255595,0.3766665756702423,42410000384.0,0.7225461006164551,1,0,0,0,0,0,0,1
75959374257876705,243.0022240931465,56.09426768662364,0.11456005275249481,35828998144.0,0.9103601574897766,1,0,0,0,0,0,0,0
37489098784534938,36.237613478784404,-5.378220079579875,0.2746662497520447,121929998336.0,0.7332462072372437,1,0,0,0,0,0,0,0
42093866366552355,151.62946110919347,1.0935175166202575,0.05114499479532242,6444299776.0,0.9304011464118958,1,1,0,0,0,1,0,0
75959507401876152,242.8001058050125,56.01174091249567,0.1245613694190979,25646999552.0,0.7172243595123291,1,0,0,0,0,0,0,0
38553430335189585,36.217920094364594,-3.6648479648883385,0.1908077448606491,16622000128.0,0.7477203011512756,1,0,0,0,0,0,0,0
38553962911137657,35.46940983259329,-4.381338754725944,0.3161613643169403,109529997312.0,0.8039995431900024,1,0,0,0,0,0,0,0
75343377163383245,245.25867557916354,54.82535254581018,0.1592128425836563,93124001792.0,0.8649709820747375,1,0,0,0,0,0,0,0
74696722592323359,242.3714951557638,53.25439911605213,0.36410489678382874,26598000640.0,0.6730036735534668,1,0,0,0,0,0,0,0
42085070273541619,148.6284656056198,1.1590508110950146,0.17693620920181274,48589000704.0,0.5719352960586548,1,0,0,0,0,0,0,1
41623949699737370,352.12960274650607,-0.9905345024333805,0.31615644693374634,57755000832.0,0.8969911336898804,1,0,0,0,0,0,0,1
75338966231973193,242.89972239404042,54.27626466817335,0.3026646077632904,442190004224.0,0.9554482102394104,1,0,0,0,0,0,0,0
75954954736536518,240.49089822577008,55.30451829486287,0.3433336019515991,189060005888.0,0.537185788154602,1,0,0,0,0,0,0,0
42692821030824768,352.03588849176737,0.8600553558875129,0.187544047832489,3926000128.0,0.9922019243240356,1,0,0,0,0,0,0,0
44223190892832834,149.83888431644792,3.350999710345108,0.213081955909729,8957599744.0,0.6657110452651978,1,0,0,0,0,0,0,1
38553980090997930,35.50853807472362,-3.7203714949677824,0.3616783916950226,47268999168.0,0.5739125609397888,1,0,0,0,0,0,0,1
43159005371076201,149.5967042815667,2.1147690068915677,0.21776968240737915,29361000448.0,0.900937557220459,1,0,0,0,0,0,0,1
38554117529955266,35.25481675137752,-3.6800063161189156,0.2982979118824005,37659000832.0,0.7794232964515686,1,0,0,0,0,0,0,0
40555108433419870,352.37287757638876,-1.5294426977333058,0.33624449372291565,17359998976.0,0.8399965763092041,1,0,0,0,0,0,0,0
40554966699481819,352.5613752345301,-1.5946215442163207,0.10918103903532028,5788499968.0,0.5902964472770691,1,0,0,0,0,0,0,0
75959223934033407,243.33051264923884,55.66997143834369,0.37608733773231506,110970003456.0,0.6849311590194702,1,0,0,0,0,0,0,0
75958944761158078,244.11098208001263,55.43121231052922,0.1212199479341507,17635999744.0,0.8683114051818848,1,0,0,0,0,0,0,0
43163562331366894,151.07976801799805,2.9523621079710334,0.09223199635744095,31057000448.0,0.982679009437561,1,0,0,0,0,0,0,0
42691992102136041,353.14713739815835,0.6615019869517601,0.2146349400281906,22614999040.0,0.45026451349258423,1,1,0,0,0,1,0,0
75959365667950455,243.2386953734152,55.80165773049646,0.13022097945213318,9465600000.0,0.8688458204269409,1,1,0,0,1,0,0,0
38557948640783518,37.598243698597415,-4.431237488496668,0.30280181765556335,156330000384.0,0.6897543668746948,1,0,0,0,0,0,0,0
37493655744831453,37.574325318944915,-4.479920314911786,0.17757488787174225,115250003968.0,0.8883702754974365,1,0,0,0,0,0,0,0
41618877343363654,351.73402726292727,-0.4232057185817852,0.32667553424835205,219139997696.0,0.8295446038246155,1,1,0,0,0,1,1,0
44223053453867421,150.08013327462638,3.2558426694283993,0.10392960906028748,13626000384.0,0.7705695629119873,1,0,0,0,0,0,0,0
37484984205877832,34.393489182127816,-4.95365058943806,0.18870694935321808,4005499904.0,0.5200677514076233,1,0,0,0,0,0,0,0
42085070273534822,148.6947259865329,1.0792389625708059,0.1112218126654625,4228600064.0,0.7106205821037292,1,0,0,0,0,0,0,0
37489227633550582,36.05213021394533,-5.772582160754035,0.09010898321866989,8257099776.0,0.7919609546661377,1,0,0,0,0,0,0,0
38553838357070040,35.66523717563633,-3.9675132270410454,0.30281201004981995,136930000896.0,0.9814428091049194,1,0,0,0,0,0,0,1
38558373842544828,37.07885020524446,-3.880317440782734,0.24731899797916412,95677997056.0,0.8167293071746826,1,0,0,0,0,0,0,0
41623266799932733,353.17046561556043,-0.8212720872082396,0.24658696353435516,40928002048.0,0.5976924300193787,1,0,0,0,0,0,0,0
37493926327774475,37.272938932182996,-4.6415987613674,0.25564879179000854,105980002304.0,0.6571327447891235,1,0,0,0,0,0,0,0
74701541545636263,243.66868864093124,53.53380261162291,0.16626863181591034,40812998656.0,0.692375659942627,1,0,0,0,0,0,0,0
43158468500163123,150.43014236070405,2.6859657839420437,0.12247827649116516,7377299968.0,0.9523409008979797,1,0,0,0,0,0,0,0
43154066158674151,148.9012091731417,2.3977351111576746,0.1374679058790207,34523000832.0,0.88730788230896,1,1,0,0,0,1,1,0
41619543063289817,350.70545971103803,-1.375318972329135,0.13848480582237244,64156000256.0,0.9220374822616577,1,0,0,0,0,0,0,0
75338699944006036,243.45723484582544,54.68590012556096,0.22269794344902039,141599997952.0,0.8091620802879333,1,1,0,1,0,0,1,0
75338699944004494,243.46862702855304,54.67863267223227,0.21401141583919525,88392998912.0,0.9667118191719055,1,0,0,0,0,0,0,0
37493922032801833,37.14178627588222,-4.873832494489376,0.19836542010307312,18498000896.0,0.5215654969215393,1,0,0,0,0,0,0,0
42090159809789793,149.1772101081136,1.3699166246081536,0.31157827377319336,194279997440.0,0.9052621126174927,1,1,0,1,0,0,0,1
37493922032805257,37.138659284031924,-4.829602290051971,0.20786415040493011,70613999616.0,0.8377625942230225,1,1,0,0,0,1,0,0
43159009666032579,149.64619518067462,2.290978262643108,0.198543980717659,21689999360.0,0.37124621868133545,1,1,1,0,0,0,1,0
41618731314480577,351.79908383242866,-0.6901071535759155,0.2394329458475113,6541899776.0,0.9523528814315796,1,0,0,0,0,0,0,0
75338687059091359,243.4206438898337,54.02724931267263,0.17225737869739532,15713000448.0,0.886843204498291,1,0,0,0,0,0,0,0
75959348488079449,243.22183987223542,55.053646766930804,0.2256753295660019,182770008064.0,0.6641541123390198,1,1,0,0,0,1,1,0
37494338644634130,36.64600863978593,-4.62676021295457,0.07824831455945969,6339700224.0,0.5432674884796143,1,0,0,0,0,0,0,0
74701674689620594,243.34256386528227,53.32168225740714,0.2969370186328888,108289998848.0,0.8860235214233398,1,1,0,0,1,0,0,0
37494205500638700,36.85442184292843,-4.547528551008328,0.21703249216079712,27068999680.0,0.8580365180969238,1,0,0,0,0,0,0,0
42090146924886078,149.20848006669044,0.8103547750179907,0.10809973627328873,16867999744.0,0.5649459958076477,1,0,0,0,0,0,0,0
42090013780891767,149.4272390471488,0.9112787895147935,0.2015748918056488,253970006016.0,0.9808694124221802,1,1,0,0,0,1,0,0
43154216482525336,148.79013671135368,2.9017622370163676,0.3288273215293884,33545000960.0,0.5525004863739014,1,0,0,0,0,0,0,0
37489111669432222,36.174662242988056,-4.850757374709016,0.2722052335739136,18072000512.0,0.9515705108642578,1,0,0,0,0,0,0,0
38549702303583010,33.8295696837539,-4.418846494317751,0.09284170717000961,22901999616.0,0.7650957107543945,1,0,0,0,0,0,0,0
38549569159593093,33.99032638909571,-4.290778976227691,0.13889773190021515,23825999872.0,0.9197908639907837,1,0,0,0,0,0,0,0
44218097061629108,149.40446154887158,3.0520418431993934,0.1161670982837677,16606999552.0,0.7899736166000366,1,1,0,0,0,1,0,0
42089747492922883,149.82694549931858,1.3283031188672345,0.2247883379459381,33813999616.0,0.8923192024230957,1,0,0,0,0,0,0,0
75959241113888546,243.45362822423,56.28220189091342,0.3453967869281769,18304000000.0,0.9406936764717102,1,0,0,0,0,0,0,0
42687722904649040,351.51042812113695,0.3356928046245639,0.36375054717063904,22123999232.0,0.8838765621185303,1,0,0,0,0,0,0,0
41619160811204763,351.2642562786265,-0.02080803175148129,0.14097753167152405,33041000448.0,0.8457232713699341,1,1,1,0,0,0,0,0
42084932834577446,148.83218598997158,1.0290120226283546,0.12032077461481094,82873999360.0,0.8120999336242676,1,0,0,0,0,0,0,0
38558373842543341,37.04915811936683,-3.8939512355554435,0.31663331389427185,19281999872.0,0.7832300066947937,1,1,0,0,0,1,0,0
75338828793018925,243.21353567771376,54.28131235154586,0.2815810739994049,150490005504.0,0.5589054822921753,1,1,0,0,0,1,0,0
42089872046975880,149.54223787123405,0.7517276348315669,0.20725812017917633,51013001216.0,0.44586241245269775,1,1,0,0,0,1,0,1
44227314061421603,151.68124827006508,3.3231535563137102,0.2981489896774292,24832000000.0,0.7687685489654541,1,0,0,0,0,0,0,1
37489111669432220,36.17343909437777,-4.853214094968261,0.17400288581848145,70753001472.0,0.952305793762207,1,1,0,0,0,1,0,0
41628502365080574,353.47760471343986,-0.0983991131758713,0.12351620197296143,16542999552.0,0.7432934045791626,1,0,0,0,0,0,0,0
44218114241483604,149.24449797974475,3.6841313132868794,0.19803287088871002,196910006272.0,0.8384173512458801,1,1,1,0,0,0,0,0
37489807454134624,35.240624982058506,-4.46878203997667,0.21501010656356812,5551000064.0,0.9920368194580078,1,0,0,0,0,0,0,1
75334306192453906,240.95070413737466,54.786268545054824,0.32793647050857544,21419999232.0,0.8111642599105835,1,0,0,0,0,0,0,0
38558644425485842,36.61030251948696,-4.0275758093670015,0.19777947664260864,101789999104.0,0.8845716714859009,1,0,0,0,0,0,0,0
41623271094903387,353.0973011442176,-0.6493892423224517,0.31973427534103394,16606000128.0,0.7831994891166687,1,0,0,0,0,0,0,0
75338953347067139,242.76040453528628,53.70466285061594,0.1695346236228943,181920006144.0,0.850841760635376,1,0,0,0,0,0,0,0
41619152221273271,351.2286277830921,-0.3559743088936718,0.13921354711055756,12357000192.0,0.6189571022987366,1,0,0,0,0,0,0,0
41623820850724025,352.48968995220713,-0.571953604487915,0.21747297048568726,16519000064.0,0.9658784866333008,1,0,0,0,0,0,0,0
41624095728627391,352.049017653607,-0.5821688985371988,0.17387552559375763,22968000512.0,0.7809343338012695,1,0,0,0,0,0,0,0
37489665720217172,35.50522269857949,-4.63327289356789,0.26172640919685364,273710006272.0,0.8275418877601624,1,1,1,0,0,0,0,0
38553838357082228,35.68119121958408,-3.845272004914111,0.08692967146635056,22742999040.0,0.8972415328025818,1,0,0,0,0,0,0,0
38554104645054760,35.39095421321602,-4.276772833691165,0.09686204046010971,20146999296.0,0.8359041213989258,1,0,0,0,0,0,0,0
38557948640781634,37.56272817855941,-4.458636520776727,0.15893402695655823,76657999872.0,0.8678797483444214,1,0,0,0,0,0,0,0
75338820203093436,243.17229058217038,53.95952551877191,0.3290756940841675,120500002816.0,0.5865204930305481,1,0,0,0,0,0,0,0
37489231928518019,36.121611332663385,-5.601600538662327,0.329242080450058,60786999296.0,0.856078028678894,1,0,0,0,0,0,0,0
42697343631397508,353.3527334470452,0.42228958985802795,0.22932054102420807,69312004096.0,0.7878977060317993,1,0,0,0,0,0,0,0
38553975796026909,35.52528718169409,-3.9686590946318967,0.09573779255151749,18101999616.0,0.912340521812439,1,1,0,0,0,1,0,0
38558369547581595,37.03788968865987,-4.013301858822161,0.19321350753307343,14723999744.0,0.6753170490264893,1,0,0,0,0,0,0,0
38553838357077232,35.63388852941705,-3.911843479335368,0.21683278679847717,41805000704.0,0.5520994067192078,1,0,0,0,0,0,0,0
44223049158904225,149.98178169457958,3.099309095662039,0.10504321753978729,13736999936.0,0.6550644040107727,1,0,0,0,0,0,0,0
75959382847812239,242.94647117339917,56.48037690694423,0.2419433891773224,22972999680.0,0.5332478284835815,1,0,0,0,0,0,0,0
43158464205172466,150.45539037606437,2.3885620716394635,0.20345638692378998,27250999296.0,0.40475791692733765,1,1,0,0,0,1,0,0
43163141424570386,151.49703953304302,2.574195468443521,0.14769041538238525,6448000000.0,0.8510157465934753,1,0,0,0,0,0,0,0
37490065152182185,34.961559813820834,-5.1846415473071135,0.21568790078163147,235609997312.0,0.7563353776931763,1,0,0,0,0,0,0,0
42692958469788457,351.9327010543373,0.9658056245721799,0.27476876974105835,157019996160.0,0.9332818984985352,1,0,0,0,0,0,0,1
37489365072505573,35.885028551257605,-5.748504406295532,0.08547567576169968,21379999744.0,0.9462671279907227,1,0,0,0,0,0,0,0
42687860343595130,351.3223536749738,0.27741488870363545,0.19997748732566833,100760002560.0,0.9338537454605103,1,0,0,0,0,0,0,0
43158335356167550,150.64236173653367,2.802979629479459,0.2861701250076294,9183299584.0,0.6392882466316223,1,1,0,0,0,1,1,0
42691979217247771,353.1993658380067,0.2343658540275872,0.2198081910610199,24572999680.0,0.3774753212928772,1,1,0,0,0,1,0,1
75338699944013338,243.3604027180526,54.757292462929755,0.13665224611759186,4184000000.0,0.6438193321228027,1,0,0,0,0,0,0,0
75343776595341370,244.5026252385374,54.24917831314006,0.2665427029132843,5919900160.0,0.8044087886810303,1,0,0,0,0,0,0,0
75959644840820216,242.49597211117623,55.94458596309093,0.1274944245815277,27840000000.0,0.8573988676071167,1,0,0,0,0,0,0,0
75339253994795589,242.04149636209263,54.94383725974676,0.26707056164741516,14647000064.0,0.870136022567749,1,1,0,0,0,1,1,0
38553967206096576,35.507257249671845,-4.300705408547044,0.2681834399700165,48464998400.0,0.37924739718437195,1,1,0,0,0,1,0,0
37489777389364191,35.418493117261335,-5.747386589857019,0.24808047711849213,11889999872.0,0.5201919674873352,1,0,0,0,0,0,0,0
75339515987792850,241.6825196550177,54.37833471427774,0.37431129813194275,33183000576.0,0.8862066268920898,1,0,0,0,0,0,0,1
41623537382880852,352.7929321798375,-0.9775698081789731,0.24576164782047272,57848000512.0,0.8287439942359924,1,1,0,0,0,1,1,0
42692537562984780,352.3213418062216,0.5065152848380743,0.14003530144691467,43099000832.0,0.515959620475769,1,0,0,0,0,0,0,0
43163278863530238,151.3511199884416,2.6412429849747676,0.0755067989230156,12624000000.0,0.7607670426368713,1,0,0,0,0,0,0,0
37494458903720904,36.526364045740856,-5.325629702959563,0.33843764662742615,60382998528.0,0.9856644868850708,1,1,0,0,0,1,1,0
74697001765186520,241.6453740584878,53.39367142585905,0.12222278863191605,54722998272.0,0.6127597093582153,1,0,0,0,0,0,0,1
75959374257878020,243.19633876115336,56.10962979720733,0.09410230815410614,14264000512.0,0.8814323544502258,1,0,0,0,0,0,0,0
37494458903718452,36.48272915622919,-5.362014511751117,0.21947383880615234,208720003072.0,0.8989035487174988,1,0,0,0,0,0,0,0
37493784593851780,37.365177991224996,-4.807001805261298,0.2231149971485138,276480000000.0,0.866175651550293,1,1,0,0,0,1,0,0
75954963326462294,240.5422220246245,55.58738717847502,0.3300361633300781,34927001600.0,0.5139836668968201,1,0,0,0,0,0,0,0
38553838357075300,35.629719346443174,-3.905107435081297,0.20488974452018738,53847998464.0,0.7864245176315308,1,0,0,0,0,0,0,0
37494454608746583,36.49126760027683,-5.642828053242957,0.18565261363983154,45878001664.0,0.9929980635643005,1,0,0,0,0,0,0,0
38553567774145102,36.08021537195803,-3.6726012126034777,0.23455208539962769,18830000128.0,0.5659021735191345,1,0,0,0,0,0,0,0
75959631955921190,242.48881525266313,55.4141194260304,0.10441693663597107,11491999744.0,0.6606776118278503,1,0,0,0,0,0,0,0
41623958289671168,352.2433746533553,-0.6253013803364923,0.2432592660188675,83128000512.0,0.5997896790504456,1,1,0,0,1,1,0,0
38553851241971859,35.7907833411996,-3.437263773256336,0.1844765990972519,35001999360.0,0.6078472137451172,1,0,0,0,0,0,0,0
41623399943928337,352.98375728611836,-0.9315431829524946,0.36906036734580994,32011999232.0,0.5107284784317017,1,0,0,0,0,0,0,0
37489803159179339,35.38900613004695,-4.569948111035225,0.12962862849235535,44656001024.0,0.7161258459091187,1,1,0,0,0,1,0,0
37484713622937759,34.7437015691823,-4.761108409434105,0.2173006534576416,122969997312.0,0.4653785824775696,1,1,0,0,0,1,0,0
74696722592324328,242.3342171139475,53.2648980971661,0.28146451711654663,12421999616.0,0.5430065393447876,1,0,0,0,0,0,0,0
74701674689623175,243.33252491534915,53.347841443981984,0.10297617316246033,7715800064.0,0.8519355058670044,1,1,0,0,0,1,0,0
42697206192433687,353.4329874900677,0.3018737178565315,0.2304738461971283,164619993088.0,0.6955902576446533,1,0,0,0,0,0,0,0
38549702303582908,33.75421713994479,-4.417270631119787,0.12662547826766968,30939000832.0,0.8232351541519165,1,0,0,0,0,0,0,1
75958949056118581,244.03102114696554,55.58357813918023,0.16334685683250427,14597000192.0,0.602471113204956,1,0,0,0,0,0,0,0
75964030002432961,245.15413469873278,55.40023642348528,0.12214165925979614,5921800192.0,0.6727886199951172,1,0,0,0,0,0,0,0
42089747492919272,149.80716444995969,1.2852793682674017,0.22072811424732208,83794001920.0,0.7268082499504089,1,1,0,0,0,1,0,0
37494338644637657,36.61831027867304,-4.5830661073284995,0.12956008315086365,31555000320.0,0.9096530675888062,1,0,0,0,0,0,0,0
37489940598127975,35.14250689407202,-4.634621159303898,0.14960898458957672,44871000064.0,0.9216235280036926,1,0,0,0,0,0,0,0
75343914034296388,244.17078290466833,54.276383604997896,0.3654043674468994,25269000192.0,0.8622477650642395,1,0,0,0,0,0,0,0
38554117529956877,35.385561972113344,-3.663300204735157,0.23554009199142456,80456998912.0,0.7712404131889343,1,0,0,0,0,0,0,0
42692666412000684,352.14988163623235,0.10070878870031165,0.09063555300235748,15763999744.0,0.9603067636489868,1,0,0,0,0,0,0,0
75959515991807149,242.7989329924468,56.383002779800464,0.36467429995536804,11358000128.0,0.8254401683807373,1,0,0,0,0,0,0,0
37484997090763745,34.36253255277487,-4.5398394553451045,0.1488426923751831,35576000512.0,0.8120973110198975,1,0,0,0,0,0,0,0
38553980090995496,35.47065587179093,-3.742560734034337,0.17500299215316772,35318001664.0,0.8251093626022339,1,0,0,0,0,0,0,0
75959515991798075,242.73588808530383,56.300627592125814,0.27708980441093445,56303001600.0,0.7562233209609985,1,0,0,0,0,0,0,0
75343518897303289,244.9242329360839,54.974762669065186,0.20774078369140625,21067999232.0,0.7558886408805847,1,0,0,0,0,0,0,0
37489523986288930,35.73333081321773,-4.900143965952469,0.15353159606456757,71355998208.0,0.9585801959037781,1,1,0,1,0,0,0,0
38553417450288439,36.29224743690167,-4.2137374683824325,0.1383511871099472,19836000256.0,0.524776816368103,1,0,0,0,0,0,0,0
41619152221276846,351.21301828102133,-0.303123158826901,0.1383814662694931,24369999872.0,0.9627487659454346,1,0,0,0,0,0,0,0
38553967206100209,35.43876308235251,-4.275025076160643,0.22487039864063263,65921998848.0,0.8033438920974731,1,0,0,0,0,0,0,0
37494205500641115,36.72658133202196,-4.518875819591086,0.07272898405790329,10579999744.0,0.9180459976196289,1,0,0,0,0,0,0,0
38554246378971282,35.05053592217171,-4.094467397909686,0.19388440251350403,124889997312.0,0.3918318748474121,1,1,0,1,0,0,0,0
75959095085012584,243.68665004468426,56.00720697838194,0.06332162767648697,17553999872.0,0.8913999795913696,1,0,0,0,0,0,0,0
41619293955189447,351.15633660477323,-0.20836607343637722,0.2618095874786377,52898000896.0,0.6317286491394043,1,0,0,0,0,0,0,0
37494059471757180,37.00343333771379,-4.863968885273368,0.3139033615589142,145049993216.0,0.8347252607345581,1,0,0,0,0,0,0,0
42089326586130227,150.28730238908065,0.972712605157827,0.09326525777578354,5544800256.0,0.5180640816688538,1,0,0,0,0,0,0,0
41619547358268585,350.7567339746434,-1.0756201586921965,0.2642965614795685,21755000832.0,0.5413157939910889,1,1,0,0,0,0,1,0
37489373662432690,35.82001367834268,-5.466680727185797,0.3551327884197235,45655998464.0,0.9182238578796387,1,0,0,0,0,0,0,0
41623545972825324,352.8571708334824,-0.46639173367784226,0.06425907462835312,26595000320.0,0.9844651222229004,1,1,0,1,0,0,0,0
75339511692812011,241.45152788723692,54.04011548105541,0.09169946610927582,8669500416.0,0.9440325498580933,1,0,0,0,0,0,0,0
43158601644147233,150.2791837760615,2.4371685355414483,0.18359412252902985,4233700096.0,0.9343113899230957,1,0,0,0,0,0,0,0
75338961937010201,242.92156774142447,54.10156739089135,0.13936378061771393,14535000064.0,0.9347878694534302,1,0,0,0,0,0,0,0
75339524577714236,241.6446899054867,54.58169000228614,0.2207506000995636,283709997056.0,0.9071341753005981,1,0,0,0,0,0,0,0
43154353921481222,148.64654719100966,2.9386468853600918,0.05654625594615936,13249000448.0,0.7843426465988159,1,0,0,0,0,0,0,0
75344047178278310,243.81716943701582,54.05882693689284,0.09935665130615234,28150999040.0,0.588225781917572,1,0,0,0,0,0,0,0
37489369367477844,35.93961818385795,-5.512392765353974,0.255171000957489,13054999552.0,0.43126118183135986,1,1,0,1,0,0,0,0
44227717788364732,151.18545478488414,2.992830786625565,0.15073856711387634,35505000448.0,0.5795031785964966,1,0,0,0,0,0,0,0
38553838357074104,35.61377884540616,-3.953337937517515,0.1534528285264969,110130003968.0,0.9367216229438782,1,0,0,0,0,0,0,0
75959636250879931,242.30652312457306,55.5144192562867,0.2626098394393921,17855000576.0,0.6181682348251343,1,0,0,0,0,0,0,0
41618855868533135,351.65510395635994,-1.2430619247516475,0.11605964601039886,35277000704.0,0.8997703790664673,1,1,0,1,1,0,0,0
75334581070356133,240.41922317401708,54.79658184502368,0.2464199811220169,16003000320.0,0.932391881942749,1,0,0,0,0,0,0,0
42687585465702464,351.76369462002964,0.3952362549209605,0.28675147891044617,220350005248.0,0.5268418788909912,1,0,0,0,0,0,0,0
43163141424572189,151.61382293862704,2.603095945780992,0.28625214099884033,14542000128.0,0.7177152037620544,1,0,0,0,0,0,0,0
41623545972824539,352.7296790245219,-0.4799124651872698,0.1879483461380005,16177999872.0,0.641221284866333,1,0,0,0,0,0,0,0
38553984385969005,35.583287620284885,-3.4629679124671644,0.17083200812339783,74662002688.0,0.9342328310012817,1,0,0,0,0,0,0,0
75339369958898355,241.9415894471485,53.91475670617056,0.1214812621474266,27566000128.0,0.600504994392395,1,1,1,0,0,0,0,0
38554392407850693,35.01167682194468,-3.808747688184393,0.2080509215593338,58716000256.0,0.9056984186172485,1,0,0,0,0,0,0,0
41619680502243801,350.5399860117712,-1.3496051865269492,0.394706130027771,55550001152.0,0.7161369919776917,1,0,0,0,0,0,0,0
75959507401864357,242.80813544329504,55.908337994174104,0.11354295164346695,21479999488.0,0.7932355999946594,1,0,0,0,0,0,0,0
75334581070356131,240.41577450793818,54.79835117911572,0.2503170669078827,72174002176.0,0.8944473266601562,1,0,0,0,0,0,0,0
75338837382955061,243.11051592351265,54.66019959624271,0.1855180412530899,58566000640.0,0.8360569477081299,1,1,0,0,0,1,0,0
42692958469787937,351.90420774595833,0.953937300577929,0.32967618107795715,23260999680.0,0.5112926959991455,1,0,0,0,0,0,0,0
42090146924877780,149.30211082320318,0.7120281468884768,0.17867986857891083,72305000448.0,0.731774628162384,1,0,0,0,0,0,0,0
42692262685082434,352.84791171086744,0.5509145897592683,0.2780865430831909,158759993344.0,0.6912986636161804,1,1,0,0,0,1,0,0
38558502691558107,36.75322437915847,-4.334924165959361,0.2039250284433365,76062998528.0,0.8474822044372559,1,1,0,0,0,1,0,0
38558232108627280,37.25670973695516,-4.021444696841912,0.11564071476459503,53452001280.0,0.9422588348388672,1,0,0,0,0,0,0,0
37488969935510468,36.40140360662123,-5.0041280563840305,0.11347885429859161,4616699904.0,0.9412753582000732,1,0,0,0,0,0,0,1
43154070453638162,148.97610726512525,2.5587177039349425,0.09575750678777695,5364400128.0,0.5343254208564758,1,1,0,0,1,1,0,0
75959631955922861,242.44318494827735,55.43493778234058,0.32346177101135254,16654999552.0,0.768506646156311,1,0,0,0,0,0,0,0
75339369958904477,241.9530055049274,53.985913847549725,0.3549787402153015,19999000576.0,0.5448122024536133,1,1,0,0,0,1,1,0
37484846766908435,34.64313735849413,-5.077088717716424,0.2889867424964905,240400007168.0,0.6009506583213806,1,0,0,0,0,0,0,0
41623558857715609,352.7162797889615,-0.03825992868567196,0.2930726706981659,183970004992.0,0.9070415496826172,1,0,0,0,0,0,0,0
75338687059097719,243.300990309332,54.08249632204576,0.20359580218791962,102300000256.0,0.7444019913673401,1,0,0,0,0,0,0,0
37489373662434926,35.83418180443669,-5.454181516332182,0.18314623832702637,114409996288.0,0.9895188808441162,1,1,0,0,0,1,1,0
42691974922279853,353.1148818166456,0.04601287064816708,0.18042761087417603,74040999936.0,0.8320800065994263,1,0,0,0,0,0,0,0
42094553561323455,150.78847694108129,1.0713337211648004,0.09305524826049805,34230999040.0,0.9794644117355347,1,0,0,0,0,0,0,0
75339662016673277,241.3195112165734,54.62596748810058,0.12130602449178696,15777000448.0,0.8598840236663818,1,0,0,0,0,0,0,0
43163287453459927,151.29286196578025,2.9426365138287824,0.1036328673362732,17792999424.0,0.8560110330581665,1,1,1,0,0,0,0,0
43154074748599279,148.8960023865571,2.70145924916126,0.09299198538064957,35463999488.0,0.9417810440063477,1,1,0,0,0,1,0,1
38553834062109942,35.745687620085015,-4.125093025113403,0.23163999617099762,95039995904.0,0.8628442287445068,1,1,0,0,1,0,1,0
75338953347071557,242.87333214889776,53.7388007559682,0.15343523025512695,31094999040.0,0.7112348079681396,1,0,0,0,0,0,0,0
75954422160588683,241.92722392477174,55.94118361107547,0.23839126527309418,281070010368.0,0.9754400253295898,1,1,1,0,0,0,0,0
37489657130280007,35.57987673996317,-5.047069288291779,0.2266591489315033,15941999616.0,0.7424039840698242,1,0,0,0,0,0,0,0
38558373842548466,36.982096974041276,-3.8224795698467537,0.2520669400691986,125259997184.0,0.7769989967346191,1,0,0,0,0,0,0,0
38553713803024209,35.9063725790445,-3.3552042282023966,0.28730231523513794,20092000256.0,0.9504607319831848,1,0,0,0,0,0,0,1
75954417865621302,241.97929358002295,55.75859995337194,0.32172858715057373,41690001408.0,0.8805400133132935,1,0,0,0,0,0,0,1
38558232108625770,37.17784626658467,-4.036710562012601,0.18756529688835144,17755000832.0,0.9453076720237732,1,0,0,0,0,0,0,0
38549702303583914,33.91932873872228,-4.4052485266080526,0.09148113429546356,67356000256.0,0.951590895652771,1,0,0,0,0,0,0,0
75344060063193352,243.7598348506172,54.70552424552115,0.3150124251842499,209120002048.0,0.8917778134346008,1,0,0,0,0,0,0,0
37485405112668400,33.79626463330188,-4.5775700392888545,0.3034158945083618,28501000192.0,0.8200030326843262,1,0,0,0,0,0,0,0
37489515396358182,35.743614289774044,-5.221566157202526,0.23436084389686584,14636000256.0,0.6113948822021484,1,0,0,0,0,0,0,0
37494476083587692,36.47974796028946,-4.595614478187181,0.05417833849787712,10967000064.0,0.9865502119064331,1,0,0,0,0,0,0,0
44218097061628910,149.39563457506003,3.0452353352629684,0.1452348232269287,101779996672.0,0.8050782680511475,1,1,0,0,0,1,0,0
41619401329376856,350.93093814671516,-1.4301004730786546,0.26926976442337036,69586001920.0,0.48142239451408386,1,1,0,0,0,1,0,0
75343789480251843,244.510157353693,54.864760994428394,0.11395549029111862,46655000576.0,0.8320431709289551,1,0,0,0,0,0,0,0
38553967206099618,35.58049071035754,-4.280206066747205,0.25139889121055603,57426001920.0,0.7919531464576721,1,0,0,0,0,0,0,0
44222649726949962,150.58661732852104,3.6904690315402413,0.1596820056438446,42126000128.0,0.9281209111213684,1,0,0,0,0,0,0,0
75338837382953337,243.21368703713404,54.63555767242478,0.0851466953754425,34752999424.0,0.7575909495353699,1,0,0,0,0,0,0,0
41623949699737369,352.1371250511478,-0.9814429191738601,0.39788883924484253,47750000640.0,0.8557037711143494,1,0,0,0,0,0,0,1
75344047178278188,243.87430751339323,54.04841667940242,0.16251622140407562,87437000704.0,0.6928049325942993,1,0,0,0,0,0,0,0
41623537382880853,352.7964448076569,-0.979698075435632,0.24046720564365387,63187001344.0,0.5940142869949341,1,0,0,0,0,0,0,0
42089597169047417,149.95272286808586,0.833997142550472,0.21703095734119415,28494000128.0,0.6011176705360413,1,0,0,0,0,0,0,0
38554250673935905,35.189114235302775,-3.953840707346242,0.33553940057754517,17723000832.0,0.5245654582977295,1,1,0,0,1,0,0,1
37489094489560015,36.24771866878383,-5.661423233477749,0.20192599296569824,49245999104.0,0.885111927986145,1,1,0,0,0,1,1,0
43154057568720521,148.8569514865222,2.0764116474680745,0.21270352602005005,4767499776.0,0.8193698525428772,1,0,0,0,0,0,0,1
43153937309666889,149.14943211730846,2.8745415172816293,0.06599107384681702,11118000128.0,0.9475248456001282,1,0,0,0,0,0,0,0
75339086491059173,242.5113991677092,53.56559538242606,0.17233990132808685,15608000512.0,0.5510649085044861,1,0,0,0,0,0,0,0
76552951623079100,241.6751912554049,56.64354058788469,0.09631475061178207,15976999936.0,0.8663368821144104,1,0,0,0,0,0,0,0
75339103670932353,242.60666808929244,54.32673215346514,0.21108996868133545,27879000064.0,0.4590902328491211,1,1,0,0,0,1,1,1
37489506806427966,35.74494989161729,-5.5457919739652,0.20296847820281982,32654000128.0,0.5437475442886353,1,0,0,0,0,0,0,0
75343647746338148,244.5318505951655,54.73532028807216,0.24989424645900726,34652000256.0,0.5799723863601685,1,0,0,0,0,0,0,0
38549019403768697,34.77494974463456,-4.337367411593434,0.14127762615680695,165820006400.0,0.8428716659545898,1,0,0,0,0,0,0,0
38553967206108194,35.55032461407569,-4.196230760889503,0.37377163767814636,23804000256.0,0.8906022310256958,1,0,0,0,0,0,0,0
38558227813657273,37.124149573356846,-4.21781099020883,0.2243664413690567,124619997184.0,0.9376697540283203,1,0,0,0,0,0,0,1
37488969935514663,36.43005836683247,-4.94619221784203,0.1805325150489807,25575000064.0,0.9149983525276184,1,0,0,0,0,0,0,0
41618873048398292,351.7316495005212,-0.5385866603075805,0.22629259526729584,5757899776.0,0.5412711501121521,1,0,0,0,0,0,0,0
38553984385957934,35.46901778756805,-3.609407520238341,0.3892817199230194,129490001920.0,0.7677878141403198,1,0,0,0,0,0,0,0
42089464025078959,150.2200802329238,1.004560336972991,0.08709225058555603,22954000384.0,0.7231435179710388,1,0,0,0,0,0,0,0
75959369962919437,242.95638075394294,55.99436113318707,0.17280976474285126,15987000320.0,0.5201639533042908,1,0,0,0,0,0,0,0
41623275389870323,353.21327383770046,-0.4128175636859731,0.16611365973949432,15998999552.0,0.9815930724143982,1,0,0,0,0,0,0,1
75959099379969655,243.846076785876,56.115460288009835,0.2553435266017914,39482998784.0,0.5900793075561523,1,0,0,0,0,0,0,0
37494196910706289,36.86172452444875,-4.901802046379938,0.28967925906181335,12330999808.0,0.7021145224571228,1,0,0,0,0,0,0,0
37489103079502944,36.18993972899396,-5.167130365961683,0.1310279220342636,14279000064.0,0.9031500220298767,1,1,0,0,0,1,0,0
74701807833604181,242.94199796704504,53.2483562961305,0.13508133590221405,9090199552.0,0.6537315845489502,1,1,0,0,0,1,0,0
44223319741857536,149.62786085032508,3.062407072792459,0.29183340072631836,28372000768.0,0.5906448364257812,1,0,0,0,0,0,0,0
38553967206103434,35.58746482671006,-4.2447964366593895,0.22294752299785614,12291999744.0,0.8291295766830444,1,0,0,0,0,0,0,0
42094557856304047,150.800399651722,1.3512712308680468,0.3574904501438141,34406998016.0,0.5188053846359253,1,0,0,0,0,0,0,0
41619014782314975,351.4201637641065,-0.4347820047288924,0.2788996696472168,125320003584.0,0.6210757493972778,1,0,0,0,0,0,0,0
38558373842543118,37.06152956480086,-3.8974956668059217,0.3241235613822937,50071998464.0,0.5155032277107239,1,0,0,0,0,0,0,0
37494454608752305,36.47901626687284,-5.549955356429244,0.3696257770061493,17155999744.0,0.6626265048980713,1,0,0,0,0,0,0,0
75339382843805456,241.95064911820208,54.51719200032075,0.1102033257484436,30296999936.0,0.7536926865577698,1,0,0,0,0,0,0,0
43153928719727860,149.1245391052008,2.47713258109793,0.08170916140079498,26904999936.0,0.8230996131896973,1,1,0,0,0,1,0,0
37494463198680083,36.47544909528344,-5.2443493750732815,0.21601831912994385,12179999744.0,0.8971573114395142,1,0,0,0,0,0,0,0
44222916014924779,150.28821935676686,3.339735397891594,0.1468772143125534,3920399872.0,0.5692502856254578,1,0,0,0,0,0,0,0
42692116656191295,353.02216731555166,0.14362714762849918,0.18406535685062408,77742997504.0,0.5620882511138916,1,0,0,0,0,0,0,0
42692670706982968,352.21677109897774,0.43971039802270906,0.12761664390563965,19821000704.0,0.6506777405738831,1,1,0,0,0,1,0,0
43158889406946609,149.83756857375238,2.922059168975972,0.1965743750333786,6015099904.0,0.7905757427215576,1,0,0,0,0,0,0,1
37493651449866386,37.483134350962104,-4.627902173010777,0.2515445649623871,73027002368.0,0.7647017240524292,1,0,0,0,0,0,0,0
37494063766724010,36.92752100323935,-4.64577098558431,0.28820767998695374,43035000832.0,0.7867963314056396,1,0,0,0,0,0,0,0
42094407532437409,150.8991235662587,0.741909363719602,0.2755697965621948,35597000704.0,0.5251466631889343,1,0,0,0,0,0,0,0
75343656336256045,244.525958768193,54.98766600382153,0.15111659467220306,27896999936.0,0.6131066679954529,1,0,0,0,0,0,0,0
37493655744827448,37.48944823345392,-4.54199955611561,0.19611984491348267,56289001472.0,0.6947639584541321,1,1,0,0,0,1,0,0
75339374253862089,241.970865986831,54.07376666569566,0.1897619068622589,46272999424.0,0.6099824905395508,1,1,0,0,1,0,1,0
44223465770750118,149.50694512063532,3.4320781348059444,0.3855416476726532,22794999808.0,0.45221054553985596,1,1,0,0,0,1,0,0
75343901149394803,243.95971066308744,53.69060204108135,0.13756662607192993,27206000640.0,0.6072971820831299,1,0,0,0,0,0,0,0
42692387239130964,352.50102648468476,0.016375193288994224,0.22276540100574493,30581000192.0,0.6044832468032837,1,0,0,0,0,0,0,0
75343652041293667,244.61143280033684,54.83938381291639,0.2215781807899475,12536000512.0,0.9934965372085571,1,1,0,0,0,0,1,0
75955092175476843,240.16138626062263,55.17479981443441,0.1156901940703392,22940999680.0,0.8671013116836548,1,0,0,0,0,0,0,0
41624087138706113,351.9430017851253,-0.8491228111500326,0.17828643321990967,192620003328.0,0.9230738878250122,1,0,0,0,0,0,0,0
75338699944003141,243.50699286667003,54.659276661299685,0.19657154381275177,122320003072.0,0.5416668057441711,1,0,0,0,0,0,0,0
75339382843801422,241.7603797864923,54.48192920284772,0.25073063373565674,143530000384.0,0.5222810506820679,1,0,0,0,0,0,0,0
41619152221265963,351.237618514113,-0.4458712672233006,0.21625040471553802,45576998912.0,0.6379230618476868,1,0,0,0,0,0,0,0
38558640130518832,36.5620941726025,-4.223402053376723,0.14337779581546783,43292999680.0,0.8445931673049927,1,0,0,0,0,0,0,0
75343652041295323,244.78487009531864,54.847630022957176,0.24486298859119415,40068001792.0,0.5710257291793823,1,0,0,0,0,0,0,1
42093874956489639,151.739543484519,1.4365925760706946,0.07507283985614777,23495000064.0,0.8738394975662231,1,0,0,0,0,0,0,0
38549569159593096,33.99013610968951,-4.295024013210209,0.32765763998031616,29213999104.0,0.5686312913894653,1,0,0,0,0,0,0,0
42089597169046816,149.94873577568168,0.8188093376839526,0.21102946996688843,266570006528.0,0.919384241104126,1,0,0,0,0,0,0,0
42692266980041694,352.84674662214337,0.6643989772074398,0.10445159673690796,37353000960.0,0.9781962633132935,1,0,0,0,0,0,0,0
75954563894514276,241.48047591229067,56.2116625276356,0.22749106585979462,12424999936.0,0.8118360638618469,1,0,0,0,0,0,0,0
75958674178204919,244.66287915693806,55.52039124498721,0.07856638729572296,28536999936.0,0.9806262254714966,1,1,0,0,1,0,1,0
76557757691498457,243.61775056096707,56.55764524373806,0.13551940023899078,16236999680.0,0.6137392520904541,1,0,0,0,0,0,0,0
41623399943933291,353.0037368406747,-0.8695303799156786,0.07194633036851883,25831999488.0,0.9381519556045532,1,0,0,0,0,0,0,0
75954271836735709,242.0692332978901,55.42569742170283,0.21493284404277802,8783800320.0,0.6256510019302368,1,0,0,0,0,0,0,0
74696589448350838,242.6726650801321,53.43536135265407,0.36515969038009644,32173000704.0,0.8824390769004822,1,0,0,0,0,0,0,0
75954688448558379,241.26778908499847,55.628004082160025,0.2583261728286743,103609999360.0,0.9452099204063416,1,0,0,0,0,0,0,0
74701812128578104,243.10626526817163,53.336071822340244,0.08847390115261078,37895000064.0,0.9053417444229126,1,0,0,0,0,0,0,0
37489111669427003,36.2944769922298,-4.9119613502524215,0.2961465120315552,91914002432.0,0.992133617401123,1,1,0,0,0,1,1,0
42687868933536976,351.35194408860804,0.7813698414794311,0.22580935060977936,17102000128.0,0.8664419054985046,1,0,0,0,0,0,0,0
41623945404769461,352.1976257439839,-1.2043075616410508,0.16799277067184448,37907001344.0,0.9484401941299438,1,0,0,0,0,0,0,0
37489511101386874,35.77264308900506,-5.481039827067267,0.2552603781223297,7730299904.0,0.5922477841377258,1,0,0,0,0,0,0,1
43153937309663061,149.12633567966685,2.8428139378306128,0.3006279170513153,41211998208.0,0.39661237597465515,1,1,0,0,0,1,0,0
76552809889175772,242.07427733024102,56.60134120665243,0.20528320968151093,37593001984.0,0.5960335731506348,1,0,0,0,0,0,0,0
37489932008192332,35.079462163496544,-5.00815491919231,0.20123806595802307,3496900096.0,0.8607494831085205,1,1,0,0,1,0,1,0
75339670606601640,241.2876444856961,54.95283046337518,0.07649464160203934,13070000128.0,0.9089207649230957,1,0,0,0,0,0,0,0
75339086491061444,242.55732305235853,53.58320418757059,0.12594151496887207,24752001024.0,0.7526386976242065,1,0,0,0,0,0,0,0
37493655744832488,37.5958514572399,-4.4679799056929586,0.15481726825237274,58453999616.0,0.7426735162734985,1,0,0,0,0,0,0,0
41623524497982241,352.7938011606272,-1.4153377568882435,0.15637081861495972,86802997248.0,0.9291057586669922,1,0,0,0,0,0,0,0
42089872046974150,149.66240625344244,0.7364620652347276,0.3154124617576599,11272999936.0,0.9441342353820801,1,0,0,0,0,0,0,0
75338953347061710,242.66094612827624,53.65489930247173,0.3327794671058655,46297001984.0,0.848085880279541,1,1,0,0,1,0,0,0
37484580478932314,34.89253749422246,-4.725540086405314,0.21632538735866547,6559000064.0,0.5077430605888367,1,0,0,0,0,0,0,0
38558232108617142,37.10953510496725,-4.149191192958042,0.22923873364925385,187999993856.0,0.910240888595581,1,0,0,0,0,0,0,0
38553967206107858,35.489988360702824,-4.1995804050222905,0.17883731424808502,57925001216.0,0.8062139749526978,1,0,0,0,0,0,0,0
38557948640787761,37.62423790391752,-4.379121177287458,0.3043942451477051,130619998208.0,0.410908043384552,1,1,0,0,0,1,0,0
75339103670938258,242.6068472561147,54.37428102030928,0.08424294739961624,11480999936.0,0.9001093506813049,1,0,0,0,0,0,0,0
75339528872686117,241.46137705673468,54.8357587272727,0.21679869294166565,13573000192.0,0.5943644046783447,1,0,0,0,0,0,0,0
75339086491067256,242.38318374601147,53.640818483403756,0.13448920845985413,5226699776.0,0.8824051022529602,1,0,0,0,0,0,0,0
41619839416033288,350.3961138911867,-0.391739875267223,0.16369661688804626,45914001408.0,0.6547486782073975,1,0,0,0,0,0,0,0
43158326766230644,150.53905341404996,2.3947219512296107,0.32986554503440857,18463000576.0,0.8777791261672974,1,0,0,0,0,0,0,0
43158047593358048,150.95460271007434,2.233620322222289,0.25656625628471375,19458000896.0,0.43270593881607056,1,1,0,0,0,1,1,0
38553842652049494,35.631906608843096,-3.6826601753661876,0.20677712559700012,54177001472.0,0.8330022096633911,1,0,0,0,0,0,0,0
44222769986043682,150.46879399621784,3.0544821019690365,0.11202068626880646,3468199936.0,0.7825359106063843,1,0,0,0,0,0,0,0
43163553741429293,151.00852192565017,2.5694065737665457,0.26740485429763794,48929001472.0,0.5989869236946106,1,0,0,0,0,0,0,0
42089738902996661,149.73075067606143,1.0128929949756424,0.17579707503318787,8235899904.0,0.9676722884178162,1,0,0,0,0,0,0,1
75339228224981759,242.1564181354677,53.751049919767794,0.35306602716445923,201640001536.0,0.7830625176429749,1,0,0,0,0,0,0,0
75954546714646272,241.60086233312202,55.47108623282843,0.3035277724266052,128960004096.0,0.7968459129333496,1,1,0,0,0,1,1,0
37489098784534658,36.20780644467753,-5.369697921046329,0.2744103670120239,12204999680.0,0.9224101305007935,1,0,0,0,0,0,0,0
75343647746333011,244.52588144532308,54.69451314192824,0.17076906561851501,7584000000.0,0.3921004831790924,1,1,0,0,0,1,0,0
42089326586124095,150.28401407199507,0.8864362547951434,0.11452920734882355,10513999872.0,0.5197199583053589,1,0,0,0,0,0,0,0
43158335356179547,150.69289079628814,2.884250498105698,0.0893842801451683,24969000960.0,0.7930562496185303,1,1,0,0,0,1,0,0
37488982820408016,36.398177555587544,-4.52980478624383,0.18229885399341583,12355000320.0,0.5700992941856384,1,0,0,0,0,0,0,0
43158189327278748,150.77016327716342,2.419204271830547,0.12823434174060822,122259996672.0,0.5377047657966614,1,0,0,0,0,0,0,0
38553280011330146,36.3782013538,-4.238516214083174,0.1327027529478073,100739997696.0,0.9992668628692627,1,0,0,0,0,0,0,0
44218101356580922,149.24585306587628,3.075803294598779,0.12593218684196472,10848000000.0,0.6069063544273376,1,1,0,0,0,1,0,0
43153937309663059,149.12998835609702,2.8395615131803376,0.10611792653799057,16769999872.0,0.5253183245658875,1,0,0,0,0,0,0,0
37489785979302708,35.35556200532902,-5.334760984603064,0.14268994331359863,51498999808.0,0.88158118724823,1,0,0,0,0,0,0,0
38553417450284450,36.34269159612643,-4.262389383715996,0.17956696450710297,21737000960.0,0.9494143724441528,1,1,0,0,0,1,1,0
42090159809790946,149.17886980100639,1.3770960148664038,0.20280608534812927,40843001856.0,0.6377135515213013,1,0,0,0,0,0,0,0
44223195187807840,149.80407605958132,3.617099677209399,0.13881729543209076,50197000192.0,0.6134768128395081,1,0,0,0,0,0,0,0
38553980090995181,35.47463894106984,-3.756580001334152,0.3504340350627899,11576000512.0,0.6044551730155945,1,0,0,0,0,0,0,0
37494063766727112,37.05058477960918,-4.616306846221728,0.09472563117742538,8885699584.0,0.6525650024414062,1,0,0,0,0,0,0,0
42691996397113608,353.1876929686817,0.9773579175361201,0.19378642737865448,47063998464.0,0.7227824926376343,1,0,0,0,0,0,0,0
75338691354070737,243.5261131929193,54.33777854270015,0.1838967353105545,116730003456.0,0.9490283131599426,1,1,0,0,1,1,1,0
38553554889231073,36.07458539962309,-4.359147224500246,0.1766621172428131,49225998336.0,0.7728127241134644,1,0,0,0,0,0,0,0
41618722724542674,351.82777918716096,-1.1225209463089807,0.0508151575922966,33131999232.0,0.9955580234527588,1,1,0,0,1,0,0,0
41624100023602092,352.03979190671646,-0.3542105963654491,0.14874368906021118,26829000704.0,0.8896484375,1,0,0,0,0,0,0,0
41623558857718376,352.7311726520454,-0.009330298147112934,0.33073222637176514,16967000064.0,0.8321595191955566,1,0,0,0,0,0,0,0
42691858958147959,353.33172873395915,0.8536919326873732,0.09517017006874084,23689000960.0,0.9114470481872559,1,0,0,0,0,0,0,0
38558378137502965,36.949468870425925,-3.75723652285616,0.048847317695617676,5403400192.0,0.9423747062683105,1,0,0,0,0,0,0,0
41619543063295944,350.83002757919235,-1.2955890576451181,0.13612359762191772,28280999936.0,0.6757031083106995,1,1,0,0,0,1,0,0
43163558036393563,151.03268244196937,2.7094849591762746,0.20215369760990143,117479997440.0,0.9177241325378418,1,0,0,0,0,0,0,0
75954954736534923,240.6386758176826,55.285864237903084,0.33791497349739075,284399992832.0,0.684201180934906,1,0,0,0,0,0,0,0
37494201205672171,36.80061757679933,-4.719669461081077,0.05243789777159691,12014999552.0,0.9902592897415161,1,0,0,0,0,0,0,0
43153774100898925,149.22980772774292,1.6791909748946734,0.14132364094257355,35207000064.0,0.5783187747001648,1,0,0,0,0,0,0,0
37494201205674394,36.78819716327452,-4.695824366248738,0.37967970967292786,62641999872.0,0.5098103284835815,1,0,0,0,0,0,0,0
41624095728622659,351.97496289525003,-0.637916418225878,0.16628922522068024,18740000768.0,0.913719892501831,1,0,0,0,0,0,0,0
75344055768231666,243.8655803033991,54.57033802287416,0.09659744799137115,122660003840.0,0.9644355773925781,1,0,0,0,0,0,0,0
75339249699824185,242.3366638114215,54.735793895092655,0.20050300657749176,14663999488.0,0.6015353202819824,1,0,0,0,0,0,0,0
42687993487583168,351.20407583762204,0.10559606807950697,0.10665804892778397,51875999744.0,0.9722188115119934,1,1,1,0,0,0,0,0
37489639950404528,35.51404340977355,-5.853858977050622,0.1414184272289276,44745998336.0,0.7449342012405396,1,0,0,0,0,0,0,0
42691983512214095,353.07172134615706,0.42888831655092025,0.18080638349056244,59733999616.0,0.5423973202705383,1,0,0,0,0,0,0,0
37493917737834457,37.21311668612857,-5.053589283673579,0.18501392006874084,50019999744.0,0.8842655420303345,1,0,0,0,0,0,0,0
37484717917898971,34.86273507784326,-4.646384437984324,0.1420552283525467,34438000640.0,0.8391042947769165,1,1,1,0,0,0,0,0
75954404980718640,241.7465326722794,55.179808656374846,0.2327231466770172,17795000320.0,0.7461938858032227,1,1,0,0,0,1,0,0
37494192615740926,36.77096182527811,-5.0476754800693655,0.22331276535987854,32194000896.0,0.8315823078155518,1,0,0,0,0,0,0,0
37489661425243296,35.424483560730536,-4.892953008575124,0.15105180442333221,27473999872.0,0.5649219751358032,1,0,0,0,0,0,0,0
42687589760665377,351.6236570710198,0.5412004712816781,0.3187454342842102,197310005248.0,0.5760312080383301,1,1,0,0,0,1,0,0
38553825472183551,35.79135684758882,-4.410794989463606,0.21176151931285858,65012998144.0,0.8623876571655273,1,0,0,0,0,0,0,0
41623941109805498,352.1463092287734,-1.3691879279447123,0.3095339238643646,32529000448.0,0.7500030994415283,1,0,0,0,0,0,0,0
38553434630144032,36.185294602440706,-3.5554778081670992,0.1592230349779129,50444001280.0,0.6625803709030151,1,0,0,0,0,0,0,0
75964025707457157,245.06246794762893,55.139975739940176,0.1303694099187851,8469499904.0,0.5319238901138306,1,1,0,0,1,0,0,0
75958807322190004,244.41036938349333,55.322044480689094,0.1917412430047989,29365999616.0,0.8502192497253418,1,0,0,0,0,0,0,0
44223186597858484,149.88282548543893,3.101950223357321,0.3578019142150879,228279992320.0,0.7238909006118774,1,1,0,0,0,1,1,0
42687856048635269,351.2869274909809,0.1754332168270954,0.1661486029624939,23839000576.0,0.8526109457015991,1,0,0,0,0,0,0,0
37489094489567710,36.29908394487233,-5.551774324450995,0.20718558132648468,21557999616.0,0.6528195142745972,1,0,0,0,0,0,0,0
75959090790044242,243.7660644815894,55.77639150291399,0.39992934465408325,202109992960.0,0.9477508068084717,1,0,0,0,0,0,0,1
41623554562750119,352.78979634454396,-0.21644538650196135,0.11651065200567245,20600999936.0,0.6432692408561707,1,0,0,0,0,0,0,0
38554254968909351,35.12531687638414,-3.675214547672098,0.19619908928871155,26875000832.0,0.6656553745269775,1,0,0,0,0,0,0,0
41619147926303965,351.36344689457457,-0.571542274872083,0.0861990824341774,20195999744.0,0.9547649621963501,1,0,0,0,0,0,0,0
37489777389363485,35.23896264325488,-5.760753092001811,0.1817423552274704,9750200320.0,0.5759670734405518,1,0,0,0,0,0,0,0
42692803850960625,352.0818585402562,0.14801063893080757,0.28608155250549316,95960997888.0,0.5260358452796936,1,0,0,0,0,0,0,0
43154345331544665,148.65572898243374,2.578162422551217,0.06447702646255493,10803000320.0,0.8719099760055542,1,0,0,0,0,0,0,0
75959082200106194,243.6180550464179,55.39680464881304,0.14111247658729553,32433999872.0,0.7404675483703613,1,0,0,0,0,0,0,0
42094136949502302,151.22980044241245,0.9589628895666041,0.14910373091697693,64782999552.0,0.6843397617340088,1,0,0,0,0,0,0,0
43158202212179768,150.88544032100594,2.921922272241808,0.22959360480308533,40784998400.0,0.47248661518096924,1,1,0,1,0,0,0,0
41623137950915853,353.30653475099007,-0.44917204743407135,0.2768004238605499,24864000000.0,0.7752200961112976,1,0,0,0,0,0,0,1
41619543063291344,350.73335904449794,-1.3452065907387207,0.13049058616161346,6218299904.0,0.9088970422744751,1,0,0,0,0,0,0,0
75338541030208152,243.68138609894646,53.710617017810016,0.09503129869699478,22623000576.0,0.8180528283119202,1,1,0,0,0,1,0,0
41623687706744713,352.53775885691044,-0.2772255757764813,0.11068526655435562,29198000128.0,0.9250845909118652,1,0,0,0,0,0,0,0
42089747492924469,149.75667251201176,1.3529782491461182,0.06345966458320618,34618998784.0,0.8605214357376099,1,0,0,0,0,0,0,0
75954555304574814,241.38868740281924,55.80098591382211,0.07577501237392426,56897998848.0,0.8198902606964111,1,0,0,0,0,0,0,0
75338558210080123,243.666952528323,54.472270500856716,0.34552934765815735,61304999936.0,0.5993461012840271,1,0,0,0,0,0,0,0
75338699944006180,243.60976330981111,54.69168198368979,0.163569375872612,77680001024.0,0.9301687479019165,1,0,0,0,0,0,0,0
38553550594272035,36.16415970448824,-4.452473690325583,0.38500267267227173,7697800192.0,0.7292918562889099,1,0,0,0,0,0,0,0
37493784593854170,37.333254024209005,-4.784172319986545,0.2105156034231186,47753998336.0,0.8875775933265686,1,0,0,0,0,0,0,0
43159013960986565,149.60681780791256,2.3835550177979354,0.3368883728981018,31096999936.0,0.9750058650970459,1,0,0,0,0,0,0,1
42089743197952445,149.73070525337548,1.1154020757445242,0.11609338968992233,9057000448.0,0.7406406402587891,1,0,0,0,0,0,0,0
42692958469786001,351.87358843247654,0.9398192295481486,0.2828764319419861,102740000768.0,0.6647127866744995,1,0,0,0,0,0,0,0
37494458903721223,36.46656557662231,-5.325626433638491,0.2749747633934021,8610100224.0,0.6260862350463867,1,0,0,0,0,0,0,0
43158318176295508,150.55159497073618,2.026170574737851,0.26934316754341125,18414000128.0,0.9707223176956177,1,0,0,0,0,0,0,0
42697201897462861,353.4673637741805,0.09810560993671133,0.2251938432455063,29414000640.0,0.37861040234565735,1,1,0,0,0,1,1,0
38558648720442044,36.57533260914588,-3.9728474798993103,0.2155790776014328,21183000576.0,0.875569224357605,1,0,0,0,0,0,0,0
75339524577730794,241.37990561059826,54.74310167664435,0.2373008280992508,157750001664.0,0.5727120041847229,1,1,0,0,0,1,0,0
37489657130281996,35.553333698357015,-5.022159271238331,0.08364817500114441,16417999872.0,0.8919228315353394,1,0,0,0,0,0,0,0
75959365667951110,243.1981183014857,55.83016270521574,0.31115439534187317,43110998016.0,0.8897278308868408,1,0,0,0,0,0,0,1
42090151219853840,149.32469093175297,0.9651405182116513,0.11017117649316788,11994000384.0,0.9220274686813354,1,0,0,0,0,0,0,0
38554242084013646,35.19911210668731,-4.235996577451794,0.18378454446792603,9746199552.0,0.6511398553848267,1,0,0,0,0,0,0,0
75954701333452800,241.18022002874102,56.08265289498708,0.199712872505188,35818999808.0,0.5624895095825195,1,0,0,0,0,0,0,0
41619414214278057,350.99956401262864,-0.9580409262494192,0.11782730370759964,4988100096.0,0.9869502186775208,1,1,0,0,1,0,1,0
74696864326246645,241.8809797879028,53.38241305033372,0.11208132654428482,9479000064.0,0.5239532589912415,1,0,0,0,0,0,0,0
75959627660957816,242.43768498813523,55.30765230506564,0.277766615152359,122520002560.0,0.44046297669410706,1,1,0,0,0,1,0,0
42691854663183289,353.2859140795046,0.6871406307266283,0.17922113835811615,24831000576.0,0.7342387437820435,1,0,0,0,0,0,0,0
41624095728622830,351.96457868561384,-0.6424596163175555,0.23843319714069366,7913999872.0,0.6003859639167786,1,0,0,0,0,0,0,0
37489098784531465,36.20765556652442,-5.413667416680189,0.3157767057418823,17668999168.0,0.8766120076179504,1,0,0,0,0,0,0,0
38558644425479594,36.69571724321758,-4.107959793397664,0.22001726925373077,65521000448.0,0.5887519717216492,1,0,0,0,0,0,0,0
38553705213089100,35.87125071903183,-3.782540571670448,0.2302180528640747,5247200256.0,0.8327571153640747,1,0,0,0,0,0,0,0
75338691354063267,243.33328990249223,54.26857167152079,0.25504550337791443,15422999552.0,0.6391147375106812,1,0,0,0,0,0,0,0
43159151399939207,149.56630627281163,2.4062929776932562,0.11399507522583008,12872999936.0,0.7425763607025146,1,0,0,0,0,0,0,1
75954959031502594,240.6101011119436,55.466683580600716,0.39800676703453064,158989991936.0,0.5809534788131714,1,1,0,0,0,1,0,0
42089468320045987,150.26153608938162,1.069940723525171,0.1751079261302948,14881999872.0,0.633537769317627,1,0,0,0,0,0,0,0
75338824498050099,243.09734354310876,54.060816125263244,0.09711872786283493,18043000832.0,0.8887881636619568,1,1,0,0,1,1,0,0
41618993307485991,351.48511775901983,-1.241582898708223,0.10136619955301285,7159399936.0,0.8334753513336182,1,0,0,0,0,0,0,0
75338833087992644,243.08076653725237,54.51615266541437,0.1587316244840622,13262999552.0,0.6122031211853027,1,0,0,0,0,0,0,0
74701537250668324,243.74333873028593,53.354349207731964,0.3481750190258026,184680005632.0,0.5932186245918274,1,0,0,0,0,0,0,0
75959090790033848,243.65410421402436,55.69459127535946,0.3888775408267975,84580999168.0,0.33466237783432007,1,1,0,0,0,1,1,0
75343776595345607,244.33565156509343,54.29883164446671,0.1735333353281021,59119001600.0,0.600060760974884,1,0,0,0,0,0,0,0
37489657130286153,35.49431107016406,-4.96707271189419,0.3046658933162689,19146000384.0,0.6127389669418335,1,0,0,0,0,0,0,0
38553838357076918,35.68874462263285,-3.9143259376477157,0.10841675102710724,12453999616.0,0.9879162311553955,1,0,0,0,0,0,0,0
37489940598136702,35.13444712617618,-4.563205787333825,0.23779721558094025,57384001536.0,0.7461161613464355,1,1,0,0,0,1,0,0
41623271094905065,353.11598413701336,-0.6260775903560383,0.08669962733983994,6387100160.0,0.840141773223877,1,0,0,0,0,0,0,0
41619006192380381,351.47472450877063,-0.7996619878505185,0.23232777416706085,162479996928.0,0.5936371088027954,1,0,0,0,0,0,0,0
75338699944013063,243.4535434987544,54.756818604428496,0.23189394176006317,88977997824.0,0.3325677216053009,1,1,0,0,0,1,1,0
75954542419685474,241.485341394607,55.3011786733023,0.19029466807842255,66040000512.0,0.3995048403739929,1,1,0,0,0,1,0,0
75959228229004669,243.57049373298173,55.87192273671325,0.14215590059757233,9523399680.0,0.8276263475418091,1,0,0,0,0,0,0,0
37489502511463542,35.63845171408725,-5.702331685511271,0.25048521161079407,13793999872.0,0.5518330335617065,1,0,0,0,0,0,0,0
75954435045480298,241.95413700415173,56.449642386724356,0.190969318151474,28294000640.0,0.6579422950744629,1,0,0,0,0,0,0,0
38554250673938398,35.11389650082718,-3.9141008031184135,0.24787765741348267,26957000704.0,0.7456740140914917,1,0,0,0,0,0,0,0
37488982820409148,36.416768918871036,-4.472923602767935,0.20536215603351593,73841000448.0,0.9012569189071655,1,0,0,0,0,0,0,0
41619568833097795,350.75444881990705,-0.18247870882549921,0.24563159048557281,171600003072.0,0.6018620133399963,1,0,0,0,0,0,0,0
38558227813651489,37.268872767798534,-4.32299968441423,0.1906684786081314,47974998016.0,0.6227035522460938,1,0,0,0,0,0,0,0
75334439336443573,240.48940195968942,54.65244159245587,0.1576777845621109,79112003584.0,0.7409906983375549,1,0,0,0,0,0,0,0
38553554889241154,36.120313658596324,-4.253293641740272,0.22190716862678528,15036999680.0,0.6344837546348572,1,0,0,0,0,0,0,0
38553967206099617,35.581714892270064,-4.28484466897677,0.1870071142911911,6397499904.0,0.5519762635231018,1,0,0,0,0,0,0,0
42089326586125868,150.3290711588797,0.912323233289798,0.0529383085668087,41464000512.0,0.9921704530715942,1,0,0,0,0,0,0,0
44217972507568161,149.45063528178625,3.5360390126649626,0.30435827374458313,17564999680.0,0.7727583050727844,1,1,0,0,0,1,1,0
38558236403594926,37.146989985864735,-3.830598526945009,0.23640212416648865,160889995264.0,0.8678151369094849,1,0,0,0,0,0,0,0
41628364926118106,353.76761343933674,-0.19048157918150288,0.14614157378673553,12684999680.0,0.599087655544281,1,0,0,0,0,0,0,0
38558635835550865,36.66861845161759,-4.386352065615895,0.06585351377725601,45239001088.0,0.9976403713226318,1,0,0,0,0,0,0,0
42687722904643726,351.54148149301676,0.28019169905830166,0.18559826910495758,23424000000.0,0.35383141040802,1,1,0,0,0,1,0,0
37490065152171727,35.00971066463666,-5.284899122634265,0.23201532661914825,5223900160.0,0.3641616106033325,1,1,0,0,0,1,1,0
75958961941017745,244.07476799651903,56.11703288138708,0.11260438710451126,6689399808.0,0.8885204792022705,1,0,0,0,0,0,0,0
37490060857200989,34.9838332799742,-5.469001944484133,0.2459479123353958,57366999040.0,0.9781654477119446,1,1,0,0,0,0,1,0
41623399943925700,352.88739906942044,-0.9526697640231565,0.2790336608886719,32139999232.0,0.8361815214157104,1,0,0,0,0,0,0,0
38553971501067934,35.42422050240883,-4.064056424147909,0.34520193934440613,6828599808.0,0.9627898931503296,1,0,0,0,0,0,0,0
37494201205672381,36.74129296838226,-4.724853616987121,0.26851311326026917,10289000448.0,0.9362043142318726,1,0,0,0,0,0,0,0
41619401329378241,350.9715698308771,-1.408432584303004,0.15336240828037262,69938003968.0,0.5318148732185364,1,0,0,0,0,0,0,0
42687456616678765,351.7648999422587,0.7601480996965958,0.15913429856300354,3422299904.0,0.5206765532493591,1,0,0,0,0,0,0,0
38549298576652635,34.321980479206125,-4.0939506712392735,0.14797630906105042,8521299968.0,0.5655947923660278,1,0,0,0,0,0,0,0
75954271836742580,242.13594277436158,55.49084679815461,0.12363536655902863,81880997888.0,0.733085572719574,1,0,0,0,0,0,0,0
37493930622734789,37.103258694969014,-4.514812908130585,0.11665473878383636,4942400000.0,0.8183071613311768,1,0,0,0,0,0,0,0
75958961941024079,244.161281214891,56.199785948629824,0.3256527781486511,9285199872.0,0.5258973240852356,1,0,0,0,0,0,0,0
38558378137502329,36.93356611797264,-3.7622174032712814,0.05993371456861496,11877999616.0,0.9755921363830566,1,0,0,0,0,0,0,0
44222911719967624,150.32435017441313,3.239371718941911,0.1452212929725647,61147000832.0,0.9418734312057495,1,0,0,0,0,0,0,0
75339657721707242,241.3188594484379,54.51259370448845,0.1685829609632492,36495998976.0,0.6702500581741333,1,1,0,0,1,0,0,0
37489502511460628,35.6709415798676,-5.755214622744856,0.28333455324172974,88246001664.0,0.9179365634918213,1,0,0,0,0,0,0,0
37489223338587992,36.04600346737995,-5.8693086792482285,0.1026303768157959,30816000000.0,0.8882506489753723,1,0,0,0,0,0,0,0
75338841677921959,243.0403704690513,54.84030332507624,0.3274175822734833,107460001792.0,0.8665874004364014,1,0,0,0,0,0,0,0
75343510307381556,245.09987075697288,54.73182478842755,0.14938808977603912,84489003008.0,0.8681339621543884,1,0,0,0,0,0,0,0
42687594055640986,351.75944806679666,0.821147562699199,0.17124105989933014,26008999936.0,0.9161452054977417,1,0,0,0,0,0,0,0
75338837382950185,243.29376187071205,54.59882130402264,0.2881219983100891,33465999360.0,0.6782370209693909,1,0,0,0,0,0,0,0
42687722904651558,351.52105352345325,0.36511301251674455,0.34154200553894043,24628000768.0,0.6370958089828491,1,1,0,0,1,0,1,0
38553834062112822,35.70666048405598,-4.078330453201074,0.2198827713727951,63189000192.0,0.8987435102462769,1,0,0,0,0,0,0,0
38554254968906845,35.1763585719234,-3.7136464650592504,0.3538724482059479,39250001920.0,0.502225935459137,1,0,0,0,0,0,0,0
42094278683424942,151.20038784841637,1.1449023079957763,0.09513787925243378,55180001280.0,0.9006537199020386,1,0,0,0,0,0,0,0
75959515991794147,242.79707400940413,56.254290886144446,0.2648109197616577,16266999808.0,0.748748779296875,1,0,0,0,0,0,0,0
42687598350600177,351.580333987206,0.9751928218835603,0.13075941801071167,18979000320.0,0.8696197867393494,1,0,0,0,0,0,0,0
74701670394646037,243.3632620994311,53.255792059942635,0.3702317476272583,22235000832.0,0.5185802578926086,1,0,0,0,0,0,0,0
41619281070293447,351.0825412124006,-0.7471538793119463,0.39605432748794556,149550006272.0,0.4409274458885193,1,1,0,0,0,1,1,0
37489798864206437,35.3489920753651,-4.811485908209399,0.10325144231319427,20266000384.0,0.7029712200164795,1,0,0,0,0,0,0,0
38553421745246353,36.1791573156475,-4.149254020389681,0.2776504456996918,69886001152.0,0.821129560470581,1,0,0,0,0,0,0,1
43153658136777745,149.42310897984817,2.547180917104942,0.3005122244358063,17563000832.0,0.7683008313179016,1,0,0,0,0,0,0,1
37489231928515642,36.12346647879006,-5.625618720197858,0.249179407954216,23822999552.0,0.8517885208129883,1,1,0,0,1,0,1,0
42094549266353657,150.8252012017976,0.8480418277936073,0.09585589170455933,18185000960.0,0.6399171352386475,1,0,0,0,0,0,0,0
75338691354064901,243.35739355675022,54.28108931860396,0.2536786198616028,17899999232.0,0.807862401008606,1,0,0,0,0,0,0,0
38553554889243443,36.0828301224293,-4.21756781863518,0.27872246503829956,6932499968.0,0.5387316942214966,1,0,0,0,0,0,0,0
41619427099180299,350.83760053237705,-0.3504059657914656,0.08171768486499786,7857399808.0,0.9243754148483276,1,0,0,0,0,0,0,0
44223328331778608,149.62920269372148,3.2752182057412713,0.17272958159446716,24388999168.0,0.5168434977531433,1,0,0,0,0,0,0,0
75954821592544225,240.96373526250454,55.39628494054083,0.3587687015533447,37582999552.0,0.7771186828613281,1,0,0,0,0,0,0,0
38558777569463204,36.48609901133898,-4.3158409505804896,0.060007914900779724,27956000768.0,0.9887369275093079,1,0,0,0,0,0,0,0
43154323856718845,148.62474067839634,1.7596677549644328,0.07613280415534973,13080999936.0,0.9124437570571899,1,0,0,0,0,0,0,0
37489094489566908,36.17458127787173,-5.563971421441296,0.3133355379104614,41777999872.0,0.8502109050750732,1,1,0,0,0,1,1,0
38558506986524366,36.75949265043766,-4.156173771842716,0.2728157937526703,48653000704.0,0.5479875206947327,1,0,0,0,0,0,0,0
37494201205680574,36.73192000056517,-4.6183588617945635,0.15002396702766418,9307400192.0,0.7618343830108643,1,0,0,0,0,0,0,0
44222916014917610,150.32366837788032,3.2596780775845,0.15765085816383362,3370800128.0,0.8775050044059753,1,0,0,0,0,0,0,1
41618873048394754,351.6058157148608,-0.5845851343505325,0.17698714137077332,19942000640.0,0.5104516744613647,1,0,0,0,0,0,0,0
38554237789039928,35.1249934938566,-4.458103767212534,0.18848422169685364,47729000448.0,0.4335082769393921,1,1,0,0,0,1,0,0
41623958289669999,352.244789515457,-0.6347314073514488,0.3032284379005432,173730004992.0,0.7508634328842163,1,0,0,0,0,0,0,0
38554388112894728,34.97730895658382,-3.85794467079376,0.3802398145198822,117300002816.0,0.513703465461731,1,0,0,0,0,0,0,0
42692391534099453,352.6492467944551,0.1815946779422537,0.14020924270153046,79393996800.0,0.9772766828536987,1,0,0,0,0,0,0,0
40550710386908607,350.9434451868989,-1.532659585121462,0.18052268028259277,21763999744.0,0.6116214394569397,1,0,0,0,0,0,0,0
75955087880511912,240.26651222838245,55.04594909314579,0.28748229146003723,45178998784.0,0.6505222320556641,1,0,0,0,0,0,0,0
38554242084004528,35.20968094259695,-4.319197916347035,0.18944784998893738,22322999296.0,0.6971908211708069,1,0,0,0,0,0,0,0
75959627660957809,242.45980313358555,55.28500302407348,0.31500208377838135,26333999104.0,0.8486483097076416,1,0,0,0,0,0,0,0
76552947328122099,241.72558552565292,56.56081140566736,0.18483296036720276,9080800256.0,0.9518266916275024,1,1,0,0,1,0,1,0
42692258390122131,352.76942701163716,0.44869094000103577,0.1654810756444931,43834998784.0,0.5317506194114685,1,0,0,0,0,0,0,0
37489115964399054,36.220999936126674,-4.659184867446027,0.3820047080516815,90345996288.0,0.3892093896865845,1,1,0,0,0,1,1,0
41619543063299741,350.77128535450265,-1.2444731187824214,0.14018189907073975,8677000192.0,0.8529009819030762,1,1,0,0,0,1,1,0
38558098964632629,37.36995644510619,-3.955781635592727,0.2615731954574585,37167001600.0,0.828675389289856,1,0,0,0,0,0,0,0
44223470065706781,149.58053194992394,3.54173183424847,0.14807280898094177,72025997312.0,0.900818943977356,1,0,0,0,0,0,0,0
38558086079738056,37.36815060940154,-4.431786275413537,0.1809583455324173,19627999232.0,0.8562308549880981,1,0,0,0,0,0,0,0
42687585465693345,351.6186782490214,0.30858354343124766,0.24014340341091156,27906000896.0,0.5970986485481262,1,0,0,0,0,0,0,0
38553709508050935,35.97745718398831,-3.6240580097127255,0.2725735008716583,35762999296.0,0.8417043685913086,1,0,0,0,0,0,0,0
37489498216496925,35.64454952212256,-5.873665302115153,0.12631955742835999,18695999488.0,0.842025876045227,1,0,0,0,0,0,0,0
43153662431756945,149.44389099592058,2.855510296464723,0.08473765850067139,16042999808.0,0.9487682580947876,1,0,0,0,0,0,0,0
41624082843732103,352.0337853367404,-1.0844583310003661,0.2649179697036743,88752996352.0,0.6256722211837769,1,0,0,0,0,0,0,0
41624082843728137,352.0034006266302,-1.1312687048392005,0.19340890645980835,48888000512.0,0.653449535369873,1,0,0,0,0,0,0,0
44227588939349737,151.33574714368928,3.4024480842384612,0.14418940246105194,4873800192.0,0.7742703557014465,1,0,0,0,0,0,0,0
42691992102139496,353.20536636298687,0.6945462254731213,0.19450612366199493,40028999680.0,0.8876806497573853,1,0,0,0,0,0,0,0
38549569159596676,34.05068367527413,-4.233054518334683,0.2503710687160492,38283001856.0,0.9872244000434875,1,0,0,0,0,0,0,1
44222778575968508,150.3811631704419,3.2775587284823198,0.37126240134239197,55270998016.0,0.7984262704849243,1,0,0,0,0,0,0,0
75959515991812568,242.87369263479857,56.429637458167576,0.34689921140670776,198769999872.0,0.6591721773147583,1,1,0,0,0,1,0,0
41619826531133574,350.4067645951423,-0.9657096501097154,0.2652793228626251,75650998272.0,0.8084324598312378,1,1,0,0,0,1,0,0
43158588759248772,150.3315892383251,1.92129592159564,0.15047508478164673,103939997696.0,0.8438131213188171,1,0,0,0,0,0,0,0
38549294281693047,34.441089047286454,-4.203826844223263,0.18983237445354462,9382099968.0,0.9385652542114258,1,0,0,0,0,0,0,0
41618877343359999,351.61826497057444,-0.46002443982021246,0.22089311480522156,13584000000.0,0.5721067786216736,1,0,0,0,0,0,0,0
75343901149402737,243.97954534664095,53.7859969137052,0.23602533340454102,26151000064.0,0.6542708873748779,1,1,0,0,0,1,0,0
42094682410351171,150.5931972985558,0.8229740582018692,0.08451773971319199,9113299968.0,0.9110805988311768,1,0,0,0,0,0,0,0
42094544971398357,150.80479661190353,0.8132863165672453,0.15843410789966583,87673004032.0,0.8872448205947876,1,0,0,0,0,0,0,0
37489373662442589,35.96016313386619,-5.355798104996924,0.26159241795539856,14812999680.0,0.807548999786377,1,0,0,0,0,0,0,1
44223053453882820,150.07872350924845,3.4369431009491,0.18691888451576233,15491000320.0,0.5516390204429626,1,0,0,0,0,0,0,0
75339662016677263,241.31374069180038,54.66594777684815,0.2322515994310379,16993000448.0,0.6454053521156311,1,0,0,0,0,0,0,0
75334301897489041,241.07703680696602,54.661497743476026,0.3072153329849243,21426999296.0,0.7553263306617737,1,0,0,0,0,0,0,1
44227305471501273,151.7576146288412,2.9813669141308323,0.3662610948085785,31300999168.0,0.9447677731513977,1,0,0,0,0,0,0,0
75339528872690518,241.4148215406363,54.848089870381685,0.2077808827161789,71711997952.0,0.9325627684593201,1,1,0,0,0,1,1,0
38554242083998802,35.19486726428665,-4.369279141309099,0.1381482183933258,20014999552.0,0.7074912786483765,1,0,0,0,0,0,0,1
75338704238978972,243.58523719475323,54.92615900958951,0.37456926703453064,43575001088.0,0.6965980529785156,1,0,0,0,0,0,0,0
75343905444357838,244.0754038869403,53.83622497833514,0.19116315245628357,16307999744.0,0.8292844295501709,1,0,0,0,0,0,0,0
38554100350085784,35.39299276142982,-4.4537495144301635,0.25449323654174805,112420003840.0,0.8518368005752563,1,0,0,0,0,0,0,0
37489395137270961,35.92407943158169,-4.514357937478375,0.3997306823730469,248779997184.0,0.8556233644485474,1,1,0,0,0,1,1,0
43163265978621250,151.3769325989361,2.0289169773262423,0.21276594698429108,59086999552.0,0.6973131895065308,1,0,0,0,0,0,0,0
38553825472183651,35.75092121895215,-4.39589858870093,0.108880415558815,6684499968.0,0.9152839183807373,1,0,0,0,0,0,0,0
75338824498056717,243.20599674499235,54.14357391128242,0.09054488688707352,57187999744.0,0.9992554187774658,1,0,0,0,0,0,0,0
38549294281684699,34.371863571665585,-4.285553301456363,0.2700817286968231,23122999296.0,0.5391027927398682,1,0,0,0,0,0,0,0
38553834062111555,35.75126832285296,-4.088378203226356,0.14676950871944427,8861500416.0,0.5427414178848267,1,0,0,0,0,0,0,0
75954559599541565,241.4326276143334,55.95100396920923,0.3282794654369354,62115000320.0,0.6565813422203064,1,0,0,0,0,0,0,0
74696452009387696,242.77837993995988,53.323324457359796,0.10266579687595367,71022002176.0,0.8295398950576782,1,0,0,0,0,0,0,0
43163558036404067,151.0323890497734,2.8150823880175264,0.19681349396705627,39018999808.0,0.7817329168319702,1,0,0,0,0,0,0,0
42697206192435879,353.53897517281825,0.3259291191937557,0.09522335231304169,26407999488.0,0.9081128239631653,1,0,0,0,0,0,0,0
43154203597625497,148.81907452990305,2.436185658996187,0.0778062716126442,14631000064.0,0.8713200092315674,1,0,0,0,0,0,0,0
75334581070356297,240.36991545889148,54.816395280459574,0.2849344313144684,11996999680.0,0.8819035291671753,1,0,0,0,0,0,0,0
37489240518449353,36.07489546581663,-5.268571246492225,0.37908029556274414,7011700224.0,0.5698410868644714,1,0,0,0,0,0,0,0
75334301897498011,240.96143214476166,54.72321136021668,0.2534533441066742,18864001024.0,0.6453648209571838,1,0,0,0,0,0,0,0
38553567774148710,36.00198495308995,-3.6311827453112757,0.2052994817495346,65763999744.0,0.6289716958999634,1,0,0,0,0,0,0,0
44223465770750117,149.50867688257742,3.4332450504669794,0.12848518788814545,13840000000.0,0.9240515232086182,1,0,0,0,0,0,0,0
37489223338587816,36.14426388632522,-5.873784744308558,0.25737330317497253,94516002816.0,0.8534290790557861,1,0,0,0,0,0,0,0
75958936171221844,243.94389123125018,55.05851918940752,0.1609470099210739,14213999616.0,0.5806697010993958,1,0,0,0,0,0,0,0
75959494516958528,242.93510673114554,55.32825448356093,0.17099937796592712,13648000000.0,0.5630002021789551,1,0,0,0,0,0,0,0
43158326766240873,150.658554316132,2.4956748860274027,0.17544668912887573,4038000128.0,0.6386688947677612,1,0,0,0,0,0,0,1
42089610053960381,149.99569406424988,1.2163039175155452,0.2322215884923935,84198998016.0,0.7540604472160339,1,1,0,0,0,1,1,0
37488952755641152,36.44468420667389,-5.742707052375125,0.06904584914445877,8280399872.0,0.8905365467071533,1,0,0,0,0,0,0,0
75959657725717477,242.56119065441288,56.45521078059754,0.2612220346927643,41090998272.0,0.7195114493370056,1,0,0,0,0,0,0,0
38558515576456249,36.785367963583326,-3.747001639528798,0.2488907128572464,12798999552.0,0.7003040313720703,1,0,0,0,0,0,0,1
74696864326243877,241.9463749622137,53.32564253742848,0.15418857336044312,11587000320.0,0.7342801690101624,1,0,0,0,0,0,0,0
37489781684326501,35.285749430987,-5.662290092685368,0.1559632122516632,3728199936.0,0.6977807879447937,1,0,0,0,0,0,0,0
38554121824917881,35.399146111396895,-3.5712102637742493,0.21529732644557953,60558999552.0,0.6332108378410339,1,1,0,0,0,1,0,0
75955092175483206,240.073894944654,55.24773721863189,0.28977420926094055,37937000448.0,0.6039677262306213,1,0,0,0,0,0,0,1
38553692328190334,35.85636535214266,-4.29793774627202,0.06371414661407471,32562999296.0,0.9655119180679321,1,1,0,0,1,0,0,0
42696931314521891,353.87140995617193,0.3010365073754226,0.19499048590660095,134249996288.0,0.678054928779602,1,0,0,0,0,0,0,0
43154057568740734,148.90327718073084,2.0431928901648457,0.26469382643699646,17212000256.0,0.6712251901626587,1,0,0,0,0,0,0,0
74696722592318313,242.19622527819632,53.2064427574506,0.17439234256744385,9471200256.0,0.8391972780227661,1,0,0,0,0,0,0,1
41628506660036915,353.54631623335194,-0.08516385989142397,0.2621191143989563,15973000192.0,0.4087834358215332,1,1,0,0,0,1,0,0
44222920309886592,150.21570799538867,3.4558917585739595,0.2688312232494354,67358998528.0,0.9149144887924194,1,1,0,0,0,1,0,0
37494055176790245,37.08221405176657,-5.005926907506968,0.2642476558685303,88732000256.0,0.8401080369949341,1,0,0,0,0,0,0,0
75343643451365235,244.72663936248807,54.54228613444725,0.12580685317516327,24426999808.0,0.8271713256835938,1,0,0,0,0,0,0,0
37489094489569233,36.30252903215621,-5.522748362531866,0.26655125617980957,205340000256.0,0.9227169752120972,1,0,0,0,0,0,0,0
42687722904659323,351.5244713045889,0.4577231371744435,0.3685009479522705,22958000128.0,0.602440595626831,1,0,0,0,0,0,0,0
43158056183292227,150.91045459036567,2.5757161010444154,0.21178686618804932,39858999296.0,0.6234147548675537,1,0,0,0,0,0,0,0
75339223930013120,242.05775645352128,53.56166382378419,0.1781924068927765,9710300160.0,0.5489315390586853,1,0,0,0,0,0,0,0
75954413570665295,241.72356779900366,55.68642143741605,0.1506434977054596,69019000832.0,0.6908097267150879,1,0,0,0,0,0,0,0
38554263558829021,35.18880408836594,-3.4345668681592896,0.3122473359107971,44408999936.0,0.755502462387085,1,0,0,0,0,0,0,0
41618989012509876,351.48329533506507,-1.4575204743306525,0.18555164337158203,52364001280.0,0.771675705909729,1,0,0,0,0,0,0,0
38554113234980966,35.41839186127905,-3.992137222629837,0.13522110879421234,23367999488.0,0.8573965430259705,1,0,0,0,0,0,0,0
75343776595345166,244.47430120421242,54.29639961633088,0.10255955159664154,22861000704.0,0.9698687791824341,1,0,0,0,0,0,0,0
43158056183295839,150.98037216544475,2.611257062793541,0.21600109338760376,26898999296.0,0.7020775079727173,1,0,0,0,0,0,0,0
75958661293316769,244.6208870658857,55.116670314284356,0.3296920359134674,137000001536.0,0.5274144411087036,1,1,0,0,0,1,0,0
74696589448342967,242.47005202422486,53.346358249138696,0.35800233483314514,241049993216.0,0.8456377983093262,1,0,0,0,0,0,0,0
41619551653222756,350.7527505065843,-1.0001805299127007,0.20085084438323975,72443002880.0,0.7809289693832397,1,0,0,0,0,0,0,0
42697339336422445,353.3761621675959,0.15483878439029292,0.12717024981975555,16590000128.0,0.7170394062995911,1,0,0,0,0,0,0,0
41619689092178378,350.59093450619787,-0.9880029971734615,0.14753775298595428,16362999808.0,0.651256799697876,1,0,0,0,0,0,0,0
41619826531138103,350.45176933248507,-0.9029117198932591,0.08138824999332428,3215300096.0,0.9024434089660645,1,1,0,0,1,1,0,0
43153937309663783,149.10077617739037,2.8672550827623806,0.06856603175401688,24398000128.0,0.9687800407409668,1,1,0,0,0,1,0,0
41624104318568547,351.97791669120477,-0.13248673271597813,0.13124950230121613,10896000000.0,0.5502132177352905,1,1,0,0,0,1,0,0
42692666412002070,352.1736883876864,0.10966854434157486,0.13975024223327637,26531999744.0,0.7643770575523376,1,0,0,0,0,0,0,0
75954679858637881,241.2121539620326,55.29912776652752,0.19071605801582336,117339996160.0,0.801485538482666,1,0,0,0,0,0,0,0
37484696443052609,34.76325523791987,-5.583651057381295,0.16043326258659363,20437000192.0,0.9777767658233643,1,0,0,0,0,0,0,0
75338699943996812,243.30881620100013,54.60592463024837,0.3649882376194,75676999680.0,0.5002787113189697,1,0,0,0,0,0,0,0
38553842652051499,35.74927162960757,-3.6558430500937593,0.12367486208677292,14604000256.0,0.8790023326873779,1,0,0,0,0,0,0,0
44222911719948834,150.19450162116067,3.0774992612578895,0.3388586640357971,10046999552.0,0.5275087952613831,1,0,0,0,0,0,0,0
37490069447139151,35.03145913355,-5.103225865626864,0.10699161142110825,26461999104.0,0.8787854909896851,1,0,0,0,0,0,0,0
37489240518456105,36.13667248599452,-5.185807887115968,0.3782343864440918,106010001408.0,0.824749231338501,1,0,0,0,0,0,0,0
75339120850791053,242.34121320744708,55.00400155419188,0.21997326612472534,17009999872.0,0.9306652545928955,1,0,0,0,0,0,0,0
37493926327770852,37.172157938207036,-4.670543565803629,0.061428263783454895,11301000192.0,0.9451826810836792,1,0,0,0,0,0,0,0
75959369962911085,243.0635804534968,55.92338619787988,0.14525297284126282,41069998080.0,0.8670389652252197,1,1,0,0,1,0,0,0
38553709508058467,35.836920874271755,-3.5308743007807486,0.19074314832687378,30467000320.0,0.6971703767776489,1,0,0,0,0,0,0,0
42691992102141775,353.2064349471332,0.7227398426397796,0.2815633714199066,15566000128.0,0.547652006149292,1,0,0,0,0,0,0,0
75343909739326474,243.97606718914554,54.05132951420006,0.08516526222229004,35905998848.0,0.9387747049331665,1,0,0,0,0,0,0,0
38558236403585138,37.126715915901016,-3.974844196661452,0.16517595946788788,6742400000.0,0.5448431968688965,1,0,0,0,0,0,0,0
75339232519953059,242.21609455637855,53.96581115477986,0.08614204823970795,13793999872.0,0.6751158833503723,1,0,0,0,0,0,0,0
41623958289668934,352.26130119882515,-0.6462781493590171,0.2836381196975708,157559996416.0,0.7263587117195129,1,0,0,0,0,0,0,0
37489103079504743,36.253447427048805,-5.148365148726487,0.09033507853746414,7441399808.0,0.840135931968689,1,1,0,0,0,1,0,0
41623679116808523,352.614188001288,-0.7058682108209331,0.11359111219644547,20607000576.0,0.9179713726043701,1,1,0,1,0,0,0,0
38553975796038157,35.593051439971326,-3.8190420250067656,0.22357425093650818,20701999104.0,0.8711555004119873,1,0,0,0,0,0,0,0
75334160163568067,241.20414660609165,54.5048263771242,0.09907093644142151,11754000384.0,0.6389528512954712,1,0,0,0,0,0,0,0
43163412007510794,151.24475529614733,2.3946462014844445,0.3282691240310669,24856999936.0,0.5093294978141785,1,0,0,0,0,0,0,0
75338545325174058,243.74636698523403,53.91875091678311,0.07847514003515244,31559000064.0,0.9253877401351929,1,0,0,0,0,0,0,0
44218109946516347,149.34841278670027,3.4684605422945043,0.23646816611289978,58411999232.0,0.35785889625549316,1,1,0,0,0,1,0,0
42687718609685071,351.5284123827717,0.17964013603117265,0.14065492153167725,25635999744.0,0.8853329420089722,1,0,0,0,0,0,0,0
75339524577725370,241.45178066056553,54.69911701199372,0.32798776030540466,16791000064.0,0.5437756180763245,1,0,0,0,0,0,0,0
37489515396353107,35.632585227038334,-5.291577940725871,0.3425217866897583,33532999680.0,0.9299193620681763,1,0,0,0,0,0,0,1
42692949879845494,351.8876658180876,0.49257025609245103,0.1850137859582901,68963000320.0,0.5886697769165039,1,0,0,0,0,0,0,0
38558648720452278,36.70004951902012,-3.8201702907365487,0.11037668585777283,5071000064.0,0.8231378793716431,1,0,0,0,0,0,0,0
37489360777540023,35.89327908639754,-5.907288474716579,0.18312862515449524,80778002432.0,0.8311776518821716,1,0,0,0,0,0,0,0
42692249800180228,352.82829942389424,0.017966444521865875,0.28113386034965515,196069998592.0,0.5335528254508972,1,0,0,0,0,0,0,0
41623825145693707,352.4538973552561,-0.35918671954513903,0.12089500576257706,30275999744.0,0.8948550224304199,1,0,0,0,0,0,0,0
37494463198678443,36.47163737618882,-5.261560874283021,0.28973397612571716,16922999808.0,0.9119782447814941,1,0,0,0,0,0,0,0
44223328331788484,149.6422466870492,3.3840966827725234,0.140969380736351,70607003648.0,0.972464382648468,1,1,0,0,0,1,0,0
37485130234750391,34.1751854861293,-4.705717670567727,0.22365489602088928,4390199808.0,0.6059585809707642,1,1,0,0,0,1,0,0
43158751967982626,150.06295189135676,2.8890132145319005,0.22016647458076477,16590999552.0,0.7758471965789795,1,0,0,0,0,0,0,0
43163412007515080,151.17165764644108,2.4411448486712843,0.2714829742908478,8408000000.0,0.5930718183517456,1,1,0,0,0,1,1,0
37493651449868493,37.6077361260306,-4.5895593378364525,0.21263618767261505,67887001600.0,0.8884255886077881,1,0,0,0,0,0,0,0
41624233167580907,351.887069743896,-0.5856330948101552,0.15805979073047638,63269998592.0,0.663972020149231,1,0,0,0,0,0,0,0
38558098964636122,37.316771600194556,-3.918689426571654,0.1933821439743042,99716997120.0,0.7622600793838501,1,0,0,0,0,0,0,0
42692391534099454,352.6512440827808,0.18182795209175312,0.14435459673404694,191140003840.0,0.9721621870994568,1,0,0,0,0,0,0,0
38553554889241640,36.02399277908995,-4.245611389590336,0.18308423459529877,17205000192.0,0.9958629608154297,1,1,0,0,0,1,0,0
75339662016679560,241.32871398164627,54.685479658916414,0.1970958262681961,35035000832.0,0.9017550945281982,1,0,0,0,0,0,0,1
75338691354068520,243.45989593445995,54.30804788044457,0.07974433153867722,3224699904.0,0.767794132232666,1,0,0,0,0,0,0,0
38558232108615277,37.24755387466181,-4.179219468571935,0.3409211039543152,187059994624.0,0.7413637638092041,1,1,0,0,0,1,1,0
44227314061419720,151.74849093424945,3.254265689468577,0.24241836369037628,14334000128.0,0.7280271649360657,1,0,0,0,0,0,0,0
37489382252382358,35.926306140367316,-4.929988955322225,0.1398741751909256,18191998976.0,0.8937941789627075,1,0,0,0,0,0,0,0
41619560243165554,350.6472572851005,-0.551324154604487,0.10362119227647781,12028000256.0,0.7609598636627197,1,0,0,0,0,0,0,0
42089872046982064,149.61032533379424,0.8206641146420336,0.09156674891710281,15688999936.0,0.558358371257782,1,0,0,0,0,0,0,0
43163265978625749,151.45341923462547,2.0944410312175847,0.09776940196752548,38825000960.0,0.8329381942749023,1,1,1,0,1,0,0,0
37489506806432404,35.77767455632682,-5.4930692317392396,0.1900233030319214,65695997952.0,0.5223824977874756,1,0,0,0,0,0,0,0
75339090786030583,242.45335980543436,53.781471771612765,0.2347022444009781,61048999936.0,0.7709136009216309,1,1,0,0,0,1,0,0
38553709508056481,35.87781224570004,-3.5502667836602737,0.09539871662855148,20096000000.0,0.8815716505050659,1,0,0,0,0,0,0,0
41623825145693708,352.45161248356976,-0.3593336815270143,0.17575158178806305,55344001024.0,0.9025397300720215,1,0,0,0,0,0,0,0
37489940598121034,35.154897871212135,-4.693348068125506,0.21118350327014923,4281600000.0,0.5668288469314575,1,0,0,0,0,0,0,0
43154207892592591,148.69337849265614,2.5332341069854705,0.18531008064746857,33045000192.0,0.5671128034591675,1,0,0,0,0,0,0,0
43163536561565257,151.02764552030766,1.8694160009470016,0.07967841625213623,24120999936.0,0.6206117868423462,1,0,0,0,0,0,0,0
38549702303583916,33.922259441391326,-4.400869826641128,0.20275969803333282,35050999808.0,0.888280987739563,1,0,0,0,0,0,0,0
75343922624234929,244.05256734668862,54.6632536849265,0.32116344571113586,77321003008.0,0.4708419144153595,1,1,0,0,0,1,1,0
38549564864627500,34.04584225491248,-4.441212577393349,0.2386907935142517,129930002432.0,0.5662639141082764,1,1,0,0,0,1,0,0
43154186417766256,148.6715352484401,1.7592204954899622,0.14659854769706726,41865998336.0,0.3595288395881653,1,1,0,0,0,1,0,0
37489395137268320,35.979133567510836,-4.545104474200321,0.18476763367652893,167560003584.0,0.9870301485061646,1,0,0,0,0,0,0,0
42691983512204659,353.0607233780609,0.34196346277698786,0.23264876008033752,241940004864.0,0.8993704915046692,1,0,0,0,0,0,0,0
37493917737831259,37.236394794941134,-5.089878281394027,0.23440103232860565,89587998720.0,0.9100053906440735,1,0,0,0,0,0,0,0
42692670706984459,352.24406203262464,0.46216969158009785,0.2203993946313858,22090000384.0,0.9400018453598022,1,0,0,0,0,0,0,0
75343518897300261,244.96615255592218,54.95686672323338,0.24975663423538208,43262001152.0,0.887213408946991,1,0,0,0,0,0,0,0
42089747492912780,149.74847924786874,1.2159362674287126,0.12528052926063538,11882999808.0,0.6355377435684204,1,0,0,0,0,0,0,0
41619281070291745,351.11307703901645,-0.7647996617480578,0.11154060065746307,19047999488.0,0.8594183921813965,1,1,0,0,0,1,0,0
75343914034299617,244.00210481430275,54.305176418571435,0.18151214718818665,13296000000.0,0.9087852835655212,1,0,0,0,0,0,0,0
41628635509062636,353.4068217206113,-0.3317798761026136,0.19690710306167603,40018001920.0,0.694572389125824,1,0,0,0,0,0,0,0
75338691354059150,243.31499660028595,54.23405633592954,0.10349375754594803,22119000064.0,0.9824685454368591,1,0,0,0,0,0,0,0
41623541677848314,352.7172532770072,-0.788886551970175,0.22631631791591644,48180998144.0,0.5111773014068604,1,0,0,0,0,0,0,0
75955096470440540,240.15102907181063,55.390965966315584,0.18400748074054718,84463001600.0,0.6727558970451355,1,0,0,0,0,0,0,0
37489648540349883,35.521132292656034,-5.3859227662293945,0.14936354756355286,24821000192.0,0.7975471019744873,1,1,0,0,0,1,0,0
75344051473251981,243.7586936217395,54.28196658847416,0.09577983617782593,46789001216.0,0.9232817888259888,1,0,0,0,0,0,0,0
38554246378972328,35.065951602865155,-4.076015566882895,0.18329453468322754,15893999616.0,0.9914078712463379,1,1,0,1,0,0,1,0
75959498811929927,242.80966654966997,55.57982321826641,0.21697217226028442,52545998848.0,0.9804675579071045,1,1,0,0,0,0,1,0
37489244813418172,36.06578837544388,-5.056869185859063,0.19950620830059052,60744998912.0,0.9665766954421997,1,0,0,0,0,0,0,0
75338841677927669,243.10258949515978,54.88407976777864,0.12442781776189804,14165000192.0,0.8636738061904907,1,1,0,0,0,1,0,0
75339090786030936,242.36396604203648,53.78435135102366,0.3041573762893677,13784000512.0,0.7606319189071655,1,0,0,0,0,0,0,0
37489790274274899,35.3820637224272,-5.128973517048979,0.12532642483711243,49732001792.0,0.7589454650878906,1,0,0,0,0,0,0,0
38553975796035253,35.492581976622404,-3.860460956008794,0.2059023231267929,78592999424.0,0.7525196671485901,1,0,0,0,0,0,0,0
43154186417759556,148.71843425340285,1.668513540071348,0.153450608253479,18723999744.0,0.6275011301040649,1,0,0,0,0,0,0,0
75959241113888543,243.4693424137393,56.26663768507339,0.15639442205429077,221060005888.0,0.9759939908981323,1,0,0,0,0,0,0,0
42696939904438778,353.8067889662834,0.6699166581205817,0.17286039888858795,18505000960.0,0.5095182657241821,1,0,0,0,0,0,0,0
37494467493654425,36.469706205857904,-4.9462112775338,0.11816468089818954,26897000448.0,0.6846233606338501,1,0,0,0,0,0,0,0
44222916014929927,150.28862938867775,3.4001132422523095,0.08278842270374298,21226000384.0,0.9320592880249023,1,0,0,0,0,0,0,0
43159013961003683,149.60047945408868,2.384474596268846,0.23914414644241333,9458799616.0,0.9074863195419312,1,0,0,0,0,0,0,1
37494201205671096,36.852823701977094,-4.736931440745524,0.1547144502401352,29272999936.0,0.7782135009765625,1,0,0,0,0,0,0,0
38558094669665469,37.419119439469455,-4.148636353518951,0.20596365630626678,49898999808.0,0.6007217168807983,1,0,0,0,0,0,0,0
41628506660038092,353.42100307906225,-0.07374820626327619,0.14281107485294342,18158999552.0,0.8902279734611511,1,0,0,0,0,0,0,0
41619130746433674,351.2341092782189,-1.3363590891388346,0.14002493023872375,23309000704.0,0.818977415561676,1,0,0,0,0,0,0,0
75343918329265805,244.12215860872715,54.47082898764412,0.3590494692325592,27779000320.0,0.6352855563163757,1,0,0,0,0,0,0,0
37494338644635292,36.546086025779935,-4.612282300282712,0.10070358961820602,29127000064.0,0.8694002032279968,1,0,0,0,0,0,0,0
38553705213088968,35.87434663351436,-3.7839577767955337,0.15883822739124298,6180100096.0,0.7705241441726685,1,0,0,0,0,0,0,0
75334297602529267,241.10659290234764,54.55192398868353,0.22893503308296204,353830010880.0,0.9331230521202087,1,0,0,0,0,0,0,0
42687864638571683,351.3287089773124,0.5774671875200412,0.12489674240350723,13784999936.0,0.7540282011032104,1,0,0,0,0,0,0,0
38553967206092954,35.52849198798377,-4.353931688456659,0.23614004254341125,18399000576.0,0.5091752409934998,1,0,0,0,0,0,0,0
37494330054701894,36.678011435687445,-4.950184962972247,0.32515233755111694,40420999168.0,0.5967311263084412,1,0,0,0,0,0,0,0
75338549620144499,243.6349207480526,54.10414343433021,0.3245338201522827,82505998336.0,0.7856427431106567,1,0,0,0,0,0,0,0
37489644245378237,35.598954640561836,-5.6220708271612425,0.2653932571411133,25458999296.0,0.5519495606422424,1,0,0,0,0,0,0,0
42090159809781737,149.18440279916197,1.2986217900655308,0.057959966361522675,5627500032.0,0.9687697887420654,1,0,0,0,0,0,0,0
75959494516959628,242.6727322379649,55.34688270041046,0.2800219655036926,245679996928.0,0.4766300618648529,1,1,1,0,0,0,0,0
42089747492916949,149.7305536646624,1.2559596857053015,0.23834794759750366,16551999488.0,0.5510329604148865,1,0,0,0,0,0,0,0
75339361368969363,241.75317814440592,53.603080468205846,0.10654266923666,30690000896.0,0.8536217212677002,1,1,0,0,0,1,0,0
75959245408860122,243.33876812133235,56.51207240641347,0.2972385883331299,15480000512.0,0.9057670831680298,1,0,0,0,0,0,0,0
44223053453867389,150.08925414865067,3.3142453879297005,0.08834516257047653,8116199936.0,0.8860068321228027,1,0,0,0,0,0,0,1
75959507401876956,242.80799176480866,56.016438443175126,0.10687163472175598,7520099840.0,0.7396831512451172,1,0,0,0,0,0,0,0
37489386547345213,35.97055057551543,-4.769421650156439,0.1769048124551773,14147000320.0,0.5857020020484924,1,0,0,0,0,0,0,0
38553851241976116,35.779625564951616,-3.3861086567778047,0.2606188654899597,74407002112.0,0.5899598002433777,1,0,0,0,0,0,0,0
42692541857949125,352.3762997866239,0.6921515053208609,0.19415727257728577,82269003776.0,0.8919939994812012,1,0,0,0,0,0,0,0
75343926919206397,243.87965981893694,54.87509436800533,0.3182680308818817,163520004096.0,0.7195093631744385,1,1,0,0,0,1,1,0
38558506986535529,36.723633049998355,-4.020353686710826,0.22602501511573792,9903500288.0,0.505882978439331,1,0,0,0,0,0,0,0
37485125939794741,34.166080231407264,-4.796421050808643,0.1088743731379509,29326999552.0,0.9917217493057251,1,0,0,0,0,0,0,0
37489395137272284,35.89628769645057,-4.501520372271686,0.28239190578460693,112829997056.0,0.7538087368011475,1,0,0,0,0,0,0,0
75338691354066530,243.36047957257975,54.30097373318518,0.15515823662281036,37169000448.0,0.6923352479934692,1,0,0,0,0,0,0,0
38553967206096574,35.500381520003735,-4.302322920562231,0.1388523280620575,107730001920.0,0.9260027408599854,1,0,0,0,0,0,0,0
41623941109806797,352.23463419865453,-1.3449124558727674,0.08240008354187012,22171000832.0,0.9314324855804443,1,0,0,0,0,0,0,0
37489111669439308,36.33090271993397,-4.777200364963075,0.32123008370399475,54380998656.0,0.7569923400878906,1,0,0,0,0,0,0,0
41623537382877459,352.8146402583271,-1.0123258898093108,0.09376270323991776,6630400000.0,0.8482714295387268,1,0,0,0,0,0,0,0
75338824498065485,243.1308141650542,54.20109091580417,0.1427515745162964,12206999552.0,0.5384253263473511,1,1,0,0,0,1,0,0
74701541545634205,243.77960062727658,53.50774771388907,0.1433967500925064,18460000256.0,0.5033815503120422,1,1,0,1,0,0,0,0
75338553915114590,243.73452387342348,54.30353248523265,0.14780423045158386,17268000768.0,0.6590081453323364,1,0,0,0,0,0,0,0
44223053453875692,150.06781903695614,3.3380400830572183,0.08878490328788757,27555999744.0,0.9119328260421753,1,1,0,0,0,1,0,0
41619409919309858,350.9299497872371,-1.1080553151912105,0.1678568571805954,96491003904.0,0.953909695148468,1,0,0,0,0,0,0,0
43158747673025661,150.08882456582845,2.778992299911988,0.21633070707321167,21755000832.0,0.8266772031784058,1,0,0,0,0,0,0,0
43163407712546469,151.15998931775295,2.247777332740964,0.10807229578495026,34569998336.0,0.9797544479370117,1,1,0,0,0,1,1,0
41618731314471484,351.7931289800806,-0.7845804548444306,0.11581237614154816,53795999744.0,0.9022603034973145,1,0,0,0,0,0,0,0
75959228228987634,243.422201914202,55.728729024110024,0.29904651641845703,166439993344.0,0.7850459218025208,1,0,0,0,0,0,0,1
37494338644633656,36.72058763321162,-4.636777192336011,0.3519943356513977,41514000384.0,0.5276064872741699,1,0,0,0,0,0,0,0
74696589448345908,242.57251630080242,53.37889860168495,0.13312292098999023,33738000384.0,0.9184623956680298,1,1,0,0,0,0,1,0
75964030002425766,245.17614544841877,55.3214037003877,0.20848296582698822,70518996992.0,0.8651118278503418,1,0,0,0,0,0,0,0
38558369547571045,37.08589651471639,-4.142603315705883,0.17567093670368195,165749997568.0,0.9622126817703247,1,0,0,0,0,0,0,0
43163278863529107,151.4314139779597,2.633518331365564,0.3455394208431244,104909996032.0,0.40789130330085754,1,1,0,0,0,1,1,0
41614466411937539,350.21118270567734,-1.0100441759689152,0.1932254284620285,10062000128.0,0.9701055884361267,1,0,0,0,0,0,0,0
37489111669433039,36.190173687448286,-4.845639780689612,0.14545442163944244,8338299904.0,0.6085925698280334,1,0,0,0,0,0,0,0
38554388112897033,35.034896470876795,-3.8192725717148255,0.12601447105407715,50121998336.0,0.9048820734024048,1,0,0,0,0,0,0,0
38553280011322621,36.42101989639503,-4.354753831479668,0.16611400246620178,52287000576.0,0.647996723651886,1,0,0,0,0,0,0,0
41618873048395323,351.60765715304694,-0.5784257595069755,0.1116243302822113,9021200384.0,0.6710196137428284,1,0,0,0,0,0,0,0
37489519691332346,35.61072339316008,-4.993916143571985,0.17866337299346924,3968399872.0,0.5301479697227478,1,0,0,0,0,0,0,0
75954679858637884,241.21079393848646,55.29742765280556,0.19268657267093658,4694600192.0,0.6828532218933105,1,0,0,0,0,0,0,0
43158876522051339,149.8844014249578,2.4480233958752224,0.3817436099052429,92660998144.0,0.4029865860939026,1,1,0,0,0,1,1,0
41623404238897657,352.9908601603414,-0.689499945399305,0.10474813729524612,25098000384.0,0.9115550518035889,1,1,0,0,0,1,0,0
75334576775394976,240.3220096167376,54.76222693821928,0.22535747289657593,112690003968.0,0.6333003640174866,1,0,0,0,0,0,0,0
38553563479167384,36.16406998170905,-3.9759329708508315,0.19833965599536896,45783998464.0,0.7046298980712891,1,0,0,0,0,0,0,0
75339090786035016,242.35776227265637,53.82318621305885,0.07161982357501984,34233999360.0,0.9213882684707642,1,0,0,0,0,0,0,0
42090013780889115,149.4446495879695,0.8723867483362833,0.22303420305252075,20302000128.0,0.7352665662765503,1,1,0,0,0,1,1,0
41623683411771722,352.5222719083486,-0.561807132111788,0.21303725242614746,27499999232.0,0.9595159292221069,1,0,0,0,0,0,0,0
43158464205172451,150.37957369707806,2.4129112427733204,0.3788471519947052,131510001664.0,0.6175986528396606,1,0,0,0,0,0,0,0
75339090786027500,242.51076167274044,53.7585450278709,0.25199055671691895,19779000320.0,0.7895619869232178,1,0,0,0,0,0,0,0
38558781864438930,36.45647949457549,-4.004213596779174,0.3914085328578949,12058999808.0,0.9830068349838257,1,0,0,0,0,0,0,1
41623803670856887,352.3782130513637,-1.3007706447686918,0.12387676537036896,7528800256.0,0.6307205557823181,1,0,0,0,0,0,0,0
75959490221992770,242.6559655847658,55.15360850879307,0.08998487889766693,3848399872.0,0.6275872588157654,1,0,0,0,0,0,0,0
37490073742111789,35.019272986282104,-4.868022666862226,0.1318516582250595,26445000704.0,0.5618911981582642,1,0,0,0,0,0,0,0
41624095728622662,351.9753760813315,-0.6336340636567747,0.25203365087509155,69508997120.0,0.86277174949646,1,0,0,0,0,0,0,0
38553692328192143,35.9657739647608,-4.278338066153943,0.07428378611803055,28400001024.0,0.9711751341819763,1,1,0,0,0,1,1,0
37484992795805551,34.44936245226577,-4.655251524790028,0.08066211640834808,4290899968.0,0.6481918096542358,1,0,0,0,0,0,0,0
75954963326460873,240.64471070148318,55.57331246839734,0.35758933424949646,78334001152.0,0.6382645964622498,1,0,0,0,0,0,0,0
42090013780892840,149.53413485163424,0.9102905054735272,0.25587067008018494,21826000896.0,0.7161365747451782,1,0,0,0,0,0,0,0
38553430335187586,36.30231789032985,-3.692266380238285,0.11529023945331573,20848001024.0,0.8516954183578491,1,1,0,0,0,1,0,0
75343780890317754,244.40424894739346,54.523884754282676,0.08760145306587219,21404999680.0,0.8628263473510742,1,0,0,0,0,0,0,0
75338815908119752,243.22307813067522,53.754867045706774,0.13978582620620728,23463999488.0,0.7141138911247253,1,1,0,0,0,1,0,0
75338953347071793,242.69399427870178,53.74307177849995,0.10208457708358765,27730999296.0,0.8836617469787598,1,1,0,0,0,1,0,0
75954963326459731,240.62021730524106,55.5566029011018,0.13815851509571075,4839900160.0,0.5702654719352722,1,0,0,0,0,0,0,0
37494192615739854,36.75253674025456,-5.068554312912704,0.10971876978874207,33283000320.0,0.911490797996521,1,0,0,0,0,0,0,0
38554117529958099,35.414992838220925,-3.6488290213088397,0.25181153416633606,21606000640.0,0.8229590058326721,1,0,0,0,0,0,0,0
43158597349168194,150.24420594914096,2.1986283299331135,0.2659987211227417,56270999552.0,0.34479397535324097,1,1,0,0,0,1,0,0
43154207892592614,148.81936141578151,2.535658081808872,0.06310325860977173,4317899776.0,0.9289247989654541,1,0,0,0,0,0,0,0
43154345331543461,148.66570269623205,2.545018409018236,0.15735182166099548,3704999936.0,0.8000341653823853,1,0,0,0,0,0,0,0
37484722212859453,34.82375371153847,-4.483870654299843,0.2102506458759308,13095000064.0,0.4878639578819275,1,1,0,0,0,1,0,0
43163265978625750,151.44983459631862,2.0982068436161683,0.2855883836746216,43902001152.0,0.5577198266983032,1,0,0,0,0,0,0,0
38557952935748016,37.50059538261348,-4.2661979413989055,0.283878892660141,16922000384.0,0.9081916809082031,1,0,0,0,0,0,0,0
41624087138689804,351.9816991053886,-1.0187129335992944,0.13252021372318268,31773999104.0,0.4857523441314697,1,1,0,0,1,0,0,0
42089614348928524,150.02734353034663,1.4275934544020208,0.0460977703332901,39523000320.0,0.9958864450454712,1,1,1,0,0,0,0,0
37489652835321043,35.595957513763096,-5.134402722244434,0.1702241748571396,38943997952.0,0.7519849538803101,1,0,0,0,0,0,0,0
37488965640541887,36.42818029428118,-5.244650113217963,0.22585844993591309,45968998400.0,0.6988399028778076,1,1,0,0,0,1,0,0
38553834062117136,35.62329620488591,-4.032256979955778,0.1826215237379074,13479999488.0,0.7912881374359131,1,0,0,0,0,0,0,0
42691858958156185,353.31544947260875,0.9593100247929642,0.20930448174476624,64272998400.0,0.8670684099197388,1,1,0,0,0,1,1,0
37494476083585724,36.462498948251955,-4.614607542326759,0.23113714158535004,15352999936.0,0.5928551554679871,1,0,0,0,0,0,0,0
74701674689633465,243.3633966265312,53.461189562058586,0.162114679813385,14168999936.0,0.550335168838501,1,0,0,0,0,0,0,0
75338824498059447,243.24809740135652,54.14587098224882,0.1143292635679245,23111000064.0,0.8670758008956909,1,0,0,0,0,0,0,0
43158318176295504,150.5548425357459,2.025127985293437,0.14211031794548035,91422998528.0,0.8834352493286133,1,1,0,0,0,1,0,0
74701537250674788,243.7265077381242,53.43705894407167,0.1076621264219284,26692999168.0,0.885301947593689,1,0,0,0,0,0,0,0
75334301897496090,240.8449759311339,54.7103772905897,0.10742702335119247,6393399808.0,0.6326525211334229,1,0,0,0,0,0,0,0
42692524678088331,352.34795994340607,0.0007580137915302571,0.16358058154582977,6343799808.0,0.9062755107879639,1,1,0,0,0,1,1,0
38558369547579421,36.91421761916452,-4.035780248935727,0.058789677917957306,4048699904.0,0.688566267490387,1,0,0,0,0,0,0,0
41623279684844127,353.20800562279885,-0.16503681540118265,0.2736828923225403,40815001600.0,0.853990912437439,1,1,0,0,0,1,1,0
75958798732272760,244.43721708955178,55.11446193875167,0.1488708257675171,10780000256.0,0.8350375294685364,1,0,0,0,0,0,0,0
38553971501061825,35.46058839745039,-4.12999125483282,0.20314601063728333,21791000576.0,0.5872581601142883,1,0,0,0,0,0,0,0
42687731494589785,351.42458921853245,0.7837077738336238,0.14295150339603424,51931000832.0,0.9374999403953552,1,0,0,0,0,0,0,0
75339086491058961,242.46997965489376,53.55657818589611,0.15247665345668793,15992000512.0,0.5572205781936646,1,0,0,0,0,0,0,0
75339090786029696,242.5848168411939,53.79784834059069,0.17759330570697784,29568000000.0,0.9843639731407166,1,0,0,0,0,0,0,1
43153941604617339,149.22190390972546,2.919950309232573,0.29032832384109497,130340003840.0,0.9440336227416992,1,0,0,0,0,0,0,0
41623275389874809,353.1910065869664,-0.3750287195776461,0.10709754377603531,11616000000.0,0.7011522054672241,1,0,0,0,0,0,0,0
43158747673015931,150.03396357710469,2.718762130335974,0.08769284188747406,11367999488.0,0.9081538915634155,1,1,0,0,0,1,1,0
75343639156386795,244.62597694298842,54.291260848866536,0.245448499917984,114009997312.0,0.8969199657440186,1,1,0,0,0,1,1,0
38554126119882719,35.385265553048974,-3.381719493586241,0.2415975034236908,125229998080.0,0.7969222068786621,1,1,0,0,1,0,0,0
37489665720209368,35.59699262386686,-4.722115911849064,0.06413351744413376,11404999680.0,0.9619953632354736,1,1,0,0,0,1,1,0
41623391353993607,352.9288775780605,-1.2633406197872636,0.2726850211620331,45122998272.0,0.8019269704818726,1,0,0,0,0,0,0,0
41619152221275521,351.2835540870268,-0.32524670122025867,0.15020594000816345,56652001280.0,0.8426680564880371,1,0,0,0,0,0,0,0
38549294281687387,34.49236064228462,-4.2647578631582155,0.19000795483589172,4529600000.0,0.6374134421348572,1,0,0,0,0,0,0,0
42697352221325770,353.34444741679346,0.7360093504512171,0.35728025436401367,56426000384.0,0.7043812274932861,1,0,0,0,0,0,0,0
44223465770745651,149.5217143239783,3.3935696276893648,0.10473272204399109,56271998976.0,0.9541678428649902,1,0,0,0,0,0,0,0
38558511281501722,36.81036991863492,-3.81461896577416,0.36330363154411316,61505998848.0,0.6665239930152893,1,0,0,0,0,0,0,0
75339653426739216,241.30983964427347,54.275209118898076,0.2979326546192169,15985000448.0,0.5138667821884155,1,0,0,0,0,0,0,0
37485405112670582,33.79958723564349,-4.560518781082563,0.13919034600257874,6968600064.0,0.8055956363677979,1,0,0,0,0,0,0,0
42692112361231180,352.93481375971845,0.05413520770735755,0.11416231095790863,65998999552.0,0.9165818095207214,1,1,0,0,0,1,0,0
38553834062115337,35.68502117656529,-4.051210367577269,0.2752113342285156,9145199616.0,0.5095807313919067,1,0,0,0,0,0,0,0
37494201205683224,36.790886049015235,-4.5853558760100555,0.26142418384552,250760003584.0,0.8760669827461243,1,0,0,0,0,0,0,0
41623949699742839,352.12751103517627,-0.9327430894655653,0.33439400792121887,18489999360.0,0.5564138293266296,1,0,0,0,0,0,0,0
41619551653225367,350.7086050410725,-0.990639362939968,0.2722788453102112,54405001216.0,0.5109787583351135,1,0,0,0,0,0,0,0
42692262685088532,352.86709482431013,0.6151082511430708,0.25895825028419495,86732996608.0,0.9377719759941101,1,1,0,0,0,1,1,0
38549436015601326,34.28894108743327,-4.140729933832222,0.11669126152992249,17908000768.0,0.539535403251648,1,0,0,0,0,0,0,0
37490060857207048,34.98734638886941,-5.411175839328756,0.08741554617881775,7903499776.0,0.47001802921295166,1,1,0,0,1,0,0,0
42697339336418824,353.3498062103796,0.11545456964274127,0.15110871195793152,13872000000.0,0.5844910740852356,1,0,0,0,0,0,0,0
37490073742112846,34.96502782639823,-4.8435484333362,0.30782273411750793,141119995904.0,0.9563360810279846,1,0,0,0,0,0,0,0
42692262685091857,352.7678928770459,0.6482331623414787,0.2494097501039505,66022998016.0,0.9043649435043335,1,1,0,1,0,0,0,0
75344047178284183,243.81878091652212,54.12009922264034,0.17709659039974213,14026000384.0,0.8974223732948303,1,1,0,0,0,1,1,0
75959653430760458,242.5084989370963,56.35884894304713,0.08612827956676483,39317999616.0,0.8848350048065186,1,0,0,0,0,0,0,0
42089747492918079,149.81983468020624,1.2840339380396946,0.12526248395442963,17881999360.0,0.6350589990615845,1,0,0,0,0,0,0,0
75954697038486273,241.2054962239934,56.013922669744076,0.21288679540157318,122760003584.0,0.5655746459960938,1,0,0,0,0,0,0,0
75338695649027646,243.61928615338627,54.414023006794174,0.20764222741127014,68925997056.0,0.6946640610694885,1,0,0,0,0,0,0,0
42094544971396319,150.65729950394524,0.7926807908413583,0.2176627665758133,10565999616.0,0.9072779417037964,1,0,0,0,0,0,0,0
43153804165671109,149.2357865546695,2.960896689145897,0.10764060914516449,22705999872.0,0.5076068639755249,1,1,0,0,0,1,0,0
74696726887299339,242.10227869119132,53.33918293209468,0.20978473126888275,29728999424.0,0.548480749130249,1,0,0,0,0,0,0,0
37485542551606396,33.73478867636734,-4.600763429007594,0.37606507539749146,48113999872.0,0.8506442308425903,1,0,0,0,0,0,0,0
37489661425250253,35.50790893418754,-4.8026271655149175,0.11601493507623672,43098001408.0,0.976098358631134,1,0,0,0,0,0,0,0
75338824498047395,243.204875919179,54.036582615535806,0.12297794222831726,29156999168.0,0.7496283650398254,1,1,0,1,0,0,0,0
75959627660957609,242.36135679874045,55.27842640537847,0.06440015882253647,21099999232.0,0.9080321788787842,1,0,0,0,0,0,0,0
41628502365068983,353.4286308158689,-0.2532883310933702,0.37643852829933167,86465003520.0,0.3488273322582245,1,1,0,0,0,1,1,0
44218109946527667,149.33614600593376,3.5911436647682176,0.3306227922439575,16881000448.0,0.6004325747489929,1,0,0,0,0,0,0,0
37494338644640132,36.71701036285086,-4.553590411483428,0.15929144620895386,42590998528.0,0.7848653197288513,1,1,0,0,0,1,0,0
75338841677925178,243.283229934093,54.861638875554526,0.0514075867831707,18610999296.0,0.9120543599128723,1,0,0,0,0,0,0,0
41624082843725083,351.96608296721973,-1.1655871223714007,0.2956739068031311,264960000000.0,0.3861522674560547,1,1,0,0,0,1,0,0
75339107965897928,242.4009237666953,54.52396701841789,0.09855290502309799,23555000320.0,0.7632473707199097,1,0,0,0,0,0,0,0
75959653430766242,242.5296140403314,56.41966248107605,0.21369023621082306,20771999744.0,0.9699727296829224,1,0,0,0,0,0,0,0
42090430392722048,148.91686411753457,1.1663321768090922,0.2879135012626648,14721000448.0,0.950345516204834,1,0,0,0,0,0,0,1
38549431720635623,34.14271352601885,-4.302607740137534,0.33497539162635803,20208001024.0,0.9585082530975342,1,0,0,0,0,0,0,0
43158739083080484,150.02847496310542,2.375118382311565,0.3085663616657257,34402000896.0,0.9710643291473389,1,0,0,0,0,0,0,0
43154061863709522,148.92946765779783,2.2594083717131603,0.145194873213768,32334000128.0,0.8715881109237671,1,1,0,0,0,1,0,0
75339524577725071,241.43213499918295,54.68957188546542,0.27880915999412537,9713099776.0,0.5976539254188538,1,0,0,0,0,0,0,0
75959490222007858,242.90494797575775,55.304525919891326,0.1602492332458496,39055998976.0,0.9211385846138,1,0,0,0,0,0,0,0
42687718609691446,351.53060688633377,0.2521705121948192,0.23194333910942078,155939995648.0,0.6805243492126465,1,0,0,0,0,0,0,0
42692821030833411,352.0543624145226,0.9557719330548045,0.22314108908176422,22390999040.0,0.7568163275718689,1,0,0,0,0,0,0,0
37485267673714680,33.96400560436826,-4.616252960481617,0.1091814786195755,39610998784.0,0.8044068813323975,1,0,0,0,0,0,0,0
43162986805734232,151.7091818976271,1.8222543481306686,0.1821655035018921,13013999616.0,0.6819275617599487,1,0,0,0,0,0,0,1
42692129541101631,352.97403198661283,0.8141109846899818,0.14434412121772766,15043000320.0,0.5049582123756409,1,0,0,0,0,0,0,0
37493651449867129,37.62302126989797,-4.620459870627592,0.2432854026556015,168419999744.0,0.955062985420227,1,1,0,0,0,1,1,0
37489502511452409,35.71455578537108,-5.856640960839433,0.23577751219272614,110970003456.0,0.7088198661804199,1,0,0,0,0,0,0,0
42687718609681220,351.57430268850203,0.13554238140151478,0.2513108551502228,39273000960.0,0.5320628881454468,1,0,0,0,0,0,0,0
41619418509253308,350.87345731792607,-0.6835156291166633,0.11533691734075546,26620999680.0,0.6695215106010437,1,0,0,0,0,0,0,0
37489244813418449,36.11957629112688,-5.056295120079418,0.18853363394737244,41239998464.0,0.5456487536430359,1,1,0,0,0,1,1,0
75958669883244857,244.70514375026187,55.40918795520454,0.17521293461322784,15329999872.0,0.8371296525001526,1,1,0,0,0,1,0,0
38558644425483623,36.61531634433097,-4.059178178291635,0.14948919415473938,10138000384.0,0.8421374559402466,1,0,0,0,0,0,0,0
40550298070049640,351.3928947947368,-1.5018129953471768,0.19969132542610168,46663999488.0,0.5393451452255249,1,0,0,0,0,0,0,0
75954559599536370,241.52101723327542,55.90675838768728,0.21705377101898193,109999996928.0,0.5134648084640503,1,0,0,0,0,0,0,0
75959099379967035,243.69466022889682,56.089910756836034,0.13626646995544434,6650100224.0,0.5232515931129456,1,0,0,0,0,0,0,0
42692400124037597,352.6641283299314,0.6097458028819953,0.289817750453949,10286999552.0,0.9333733916282654,1,0,0,0,0,0,0,0
75343905444368206,244.1072629637822,53.96712447074285,0.22603946924209595,58070999040.0,0.6840766072273254,1,0,0,0,0,0,0,0
37484713622923696,34.78379694855943,-4.908682715746313,0.25032463669776917,60972998656.0,0.3745605945587158,1,1,0,0,0,1,1,0
38549702303583915,33.90908451794967,-4.401668351152719,0.0976794883608818,10364999680.0,0.8505389094352722,1,0,0,0,0,0,0,0
75954950441565643,240.68418599329212,55.05531378098203,0.21440646052360535,179140001792.0,0.593137800693512,1,0,0,0,0,0,0,0
38553421745255333,36.2547234631193,-4.042411846240439,0.10801977664232254,7381499904.0,0.8796693682670593,1,0,0,0,0,0,0,0
42688002077525078,351.0887926200607,0.6057997258384564,0.2614343464374542,216749998080.0,0.882692813873291,1,1,0,0,0,1,1,0
76552951623082032,241.8189872581096,56.693532459046025,0.23432457447052002,14085000192.0,0.5830763578414917,1,0,0,0,0,0,0,0
42697064458515623,353.6695359424331,0.1729264066051125,0.3868368864059448,217949995008.0,0.8380722999572754,1,0,0,0,0,0,0,0
75959769394866794,242.2400977469071,55.355745816614,0.31839773058891296,94493999104.0,0.6575895547866821,1,0,0,0,0,0,0,0
38553984385969115,35.565723667171184,-3.4671536245130956,0.13607046008110046,13937000448.0,0.8825744390487671,1,0,0,0,0,0,0,0
75954963326461978,240.557260369262,55.58183501262008,0.21123430132865906,97763000320.0,0.7637357711791992,1,0,0,0,0,0,0,0
74701670394642053,243.2631541460862,53.19082176964008,0.2921921908855438,4319300096.0,0.8101415634155273,1,1,0,0,0,1,0,1
74696585153369161,242.4478320939767,53.23460535136042,0.35241982340812683,68098998272.0,0.9446969032287598,1,1,0,0,0,1,1,0
38553846947014564,35.79339911645782,-3.4980499827110987,0.2531856298446655,91753996288.0,0.721944272518158,1,0,0,0,0,0,0,0
41624233167574011,351.85613345155576,-0.6383565089978523,0.19068139791488647,7040699904.0,0.6029090285301208,1,0,0,0,0,0,0,0
75954692743516578,241.2496921454204,55.7062522296106,0.086146779358387,10856999936.0,0.7397704124450684,1,0,0,0,0,0,0,0
41618864458472862,351.58742260431876,-0.843594050406978,0.2143152952194214,15347000320.0,0.8975273370742798,1,0,0,0,0,0,0,0
37494201205678517,36.73499532637469,-4.6445538801842305,0.12318689376115799,22904999936.0,0.9045788645744324,1,0,0,0,0,0,0,0
37494330054693633,36.63117299421732,-5.0558795490593305,0.3764372169971466,39857000448.0,0.9325568675994873,1,0,0,0,0,0,0,0
75954675563664174,241.12603687025663,55.09390182608517,0.19297291338443756,124919996416.0,0.9039303064346313,1,1,0,0,0,1,0,0
75959103674951526,243.6876963433503,56.4340881937298,0.37791505455970764,17225000960.0,0.990473747253418,1,0,0,0,0,0,0,0
37494342939596495,36.70484448966716,-4.464635058721778,0.2909635603427887,92358000640.0,0.7380518317222595,1,0,0,0,0,0,0,0
75339253994793612,242.13939984663526,54.919444821565016,0.07387188822031021,9033100288.0,0.9489063024520874,1,0,0,0,0,0,0,0
41628635509057891,353.3639819286847,-0.38866905752570174,0.3188641369342804,68428001280.0,0.8595352172851562,1,1,0,0,0,1,1,0
38549294281692374,34.37324167043584,-4.207900858173958,0.2657492160797119,171609997312.0,0.9429410099983215,1,1,0,1,0,0,1,0
75959228228992607,243.4990219904159,55.759672154251206,0.05628936365246773,14346000384.0,0.7090709209442139,1,0,0,0,0,0,0,0
37493655744826828,37.52069203113465,-4.530039895673249,0.18751871585845947,37909999616.0,0.6823887825012207,1,0,0,0,0,0,0,0
42093874956490447,151.7062079166441,1.457311937903001,0.10080623626708984,54917001216.0,0.982143759727478,1,0,0,0,0,0,0,0
75338687059106815,243.51290898251395,54.17872563480013,0.09967365115880966,11310999552.0,0.6462466716766357,1,0,0,0,0,0,0,0
75343914034302004,243.9423971143188,54.32105379667974,0.33332714438438416,59244998656.0,0.8115136623382568,1,0,0,0,0,0,0,0
37493651449864462,37.55260519085046,-4.654362089435877,0.3729335367679596,6349899776.0,0.7605447173118591,1,0,0,0,0,0,0,0
75959365667951107,243.19509166609703,55.831994226470435,0.2944064140319824,80045998080.0,0.779390275478363,1,1,0,0,0,1,1,1
37489506806426189,35.70711411350276,-5.563113430040663,0.2603304386138916,6034500096.0,0.921921968460083,1,0,0,0,0,0,0,0
41623408533867897,352.9423154012014,-0.49508469274713957,0.2404160052537918,22848999424.0,0.8407950401306152,1,0,0,0,0,0,0,0
43158202212183748,150.8369301279354,2.967195263078016,0.07803024351596832,16028999680.0,0.6399462223052979,1,0,0,0,0,0,0,0
75338970526937249,242.95172903394638,54.445935418295235,0.17227783799171448,49499000832.0,0.5707789063453674,1,0,0,0,0,0,0,0
42687860343606502,351.3823687933229,0.41420994749658435,0.24244338274002075,41003999232.0,0.7576324939727783,1,0,0,0,0,0,0,0
42094132654529627,151.29784355332063,0.8358188284686088,0.08988963812589645,13941999616.0,0.8655647039413452,1,0,0,0,0,0,0,0
37494463198687557,36.4809960661404,-5.136597949265269,0.20017585158348083,41840001024.0,0.5225673913955688,1,0,0,0,0,0,0,0
38554383817927770,35.03745567496055,-4.0827725951325515,0.22549870610237122,25238999040.0,0.8507797718048096,1,0,0,0,0,0,0,0
75338841677921961,243.03453958140818,54.84211980001375,0.34310561418533325,38054998016.0,0.6066040992736816,1,0,0,0,0,0,0,0
43163545151496080,151.01298921347643,2.1838271967077096,0.33651015162467957,64229998592.0,0.813163697719574,1,1,0,0,0,1,1,0
41618855868521202,351.6479264908465,-1.3806738467046216,0.23201924562454224,27718000640.0,0.8243863582611084,1,1,0,0,0,1,0,0
75339245404839758,242.04831277132087,54.40971968010827,0.22720327973365784,132930002944.0,0.8555618524551392,1,1,0,0,0,1,1,0
37489390842313625,35.83267145880459,-4.594399091734903,0.2593288719654083,9986100224.0,0.7536129951477051,1,0,0,0,0,0,0,0
38557957230708983,37.487085344503136,-4.166981619323177,0.35882794857025146,40385998848.0,0.42354917526245117,1,1,0,0,0,1,0,1
38549156842731978,34.56412104375312,-4.266103550090402,0.04553266614675522,6124800000.0,0.9918891191482544,1,0,0,0,0,0,0,0
38554254968910999,35.10374888752373,-3.644544630268222,0.18662428855895996,46348001280.0,0.8702996373176575,1,0,0,0,0,0,0,0
75343789480252479,244.4883247956778,54.874619125564145,0.31737038493156433,98108997632.0,0.5114707946777344,1,1,0,0,0,1,1,0
42687722904643758,351.45152002068204,0.2843443949879872,0.2649036943912506,67991998464.0,0.35192757844924927,1,1,0,0,0,1,0,0
75343905444362674,243.9120283225895,53.89334039873881,0.21561500430107117,17788999680.0,0.6193400025367737,1,0,0,0,0,0,0,0
37488974230485807,36.409371734784976,-4.782567337640187,0.15045683085918427,61895000064.0,0.7097776532173157,1,0,0,0,0,0,0,0
38553692328188049,35.8660584236487,-4.326731012495898,0.10459659993648529,6468100096.0,0.8386372327804565,1,0,0,0,0,0,0,0
75338691354069264,243.45700461707622,54.32629303893386,0.09197534620761871,10273000448.0,0.9251476526260376,1,0,0,0,0,0,0,0
38558227813652398,37.221346986197275,-4.314059642845855,0.2561684846878052,39045001216.0,0.7027842998504639,1,0,0,0,0,0,0,0
38558502691555798,36.79962299038327,-4.3702220950387165,0.19108633697032928,43763998720.0,0.6093602180480957,1,0,0,0,0,0,0,0
75339099375966031,242.38915755513833,54.14697510364082,0.33788058161735535,251730001920.0,0.9568642377853394,1,1,0,0,0,1,0,0
38553851241976936,35.78658321015127,-3.37072466173871,0.18053536117076874,14695999488.0,0.8343860507011414,1,0,0,0,0,0,0,0
75959498811943685,242.80424990100983,55.67966201371095,0.21537454426288605,61738000384.0,0.761938750743866,1,1,0,0,0,1,1,0
41628506660042773,353.4481321926488,-0.009856925589121669,0.26181527972221375,16094999552.0,0.5674922466278076,1,1,0,0,0,1,0,0
75339228224989202,242.12142948196197,53.817943905354774,0.14760637283325195,16696999936.0,0.6611458659172058,1,0,0,0,0,0,0,0
43154066158678217,148.9309847399537,2.436998296928228,0.32424405217170715,28564000768.0,0.5954163074493408,1,0,0,0,0,0,0,0
75954417865627884,241.84226920661737,55.83435137442602,0.1915431022644043,52222001152.0,0.8395698070526123,1,0,0,0,0,0,0,0
38549023698751271,34.843237438437065,-4.004811845566317,0.3664420247077942,88430002176.0,0.8465508222579956,1,1,0,0,0,1,1,0
75343381458350670,245.47379865022708,55.00914041836746,0.15625561773777008,4364800000.0,0.5815785527229309,1,0,0,0,0,0,0,0
41619822236164531,350.41609455088644,-1.1522814491012303,0.3043692111968994,21901000704.0,0.984479546546936,1,0,0,0,0,0,0,0
37489919123283964,35.202128773648376,-5.590920838960796,0.21299031376838684,9135099904.0,0.5324174165725708,1,0,0,0,0,0,0,0
41619422804217959,350.9799275713423,-0.4877286007921873,0.2467557191848755,73026002944.0,0.7885022163391113,1,0,0,0,0,0,0,0
75959365667951111,243.17171332815963,55.83314573336014,0.32595527172088623,40915001344.0,0.847200870513916,1,0,0,0,0,0,0,1
42687456616683958,351.8123782278565,0.8264148985681791,0.28507527709007263,195180003328.0,0.7798600196838379,1,1,1,0,0,0,0,0
38553962911132957,35.520344074945825,-4.437962264956388,0.149807870388031,23277000704.0,0.8462660312652588,1,0,0,0,0,0,0,0
74701812128582392,243.04964170887058,53.38653907762178,0.16128218173980713,20066000896.0,0.8728898763656616,1,0,0,0,0,0,0,0
41618997602456214,351.5123288455263,-1.0671417070504874,0.29831090569496155,18037000192.0,0.6904569268226624,1,0,0,0,0,0,0,0
75339387138771841,241.7028038624932,54.677634249817764,0.2499108761548996,5726099968.0,0.6600788235664368,1,0,0,0,0,0,0,0
38558098964636774,37.31539836768674,-3.9068704277937862,0.23570217192173004,13452999680.0,0.5323198437690735,1,0,0,0,0,0,0,0
38549019403782467,34.72654045390415,-4.24578003816815,0.07470329105854034,5495199744.0,0.7971258163452148,1,0,0,0,0,0,0,0
42687581170739709,351.72736946557217,0.2578315450974048,0.198076069355011,28914999296.0,0.8878902196884155,1,0,0,0,0,0,0,1
38553696623160570,35.88495071076973,-4.094546810669659,0.35784581303596497,27054000128.0,0.5933114290237427,1,0,0,0,0,0,0,0
41623387059011519,353.05281798642176,-1.4070915762488214,0.06637120246887207,14220000256.0,0.8878563642501831,1,0,0,0,0,0,0,0
38553971501065612,35.546950318981864,-4.095189456000014,0.3652164340019226,290220015616.0,0.8056298494338989,1,0,0,0,0,0,0,0
75338691354064900,243.3572318602868,54.27956529248031,0.2693732976913452,63865999360.0,0.8512067198753357,1,1,0,0,0,1,1,0
75334164458534247,241.21926672401952,54.64689785301492,0.09228549152612686,11463999488.0,0.968544065952301,1,0,0,0,0,0,0,0
44218114241482954,149.24826885396354,3.6652875031650254,0.08554928004741669,3473100032.0,0.562947690486908,1,0,0,0,0,0,0,0
37489090194599505,36.35078705954365,-5.745557737841471,0.23436948657035828,55624998912.0,0.8554571270942688,1,0,0,0,0,0,0,1
37489781684326259,35.337625068897026,-5.665537282510243,0.3179086446762085,64890998784.0,0.35079678893089294,1,1,0,0,0,1,0,0
37493922032808428,37.219659007295654,-4.7871911996231615,0.35207486152648926,13009000448.0,0.7587277293205261,1,0,0,0,0,0,0,0
37484705032990494,34.796881313945455,-5.25041755792848,0.17068251967430115,55544999936.0,0.627045214176178,1,0,0,0,0,0,0,0
43163270273584640,151.32966777624776,2.271163163258563,0.2442171275615692,16648999936.0,0.7944591045379639,1,0,0,0,0,0,0,1
75339524577721568,241.45486827346627,54.65869139634522,0.19344139099121094,59066998784.0,0.732446014881134,1,0,0,0,0,0,0,0
38553550594278514,36.15139984890611,-4.384973789459346,0.23004351556301117,124379996160.0,0.821505069732666,1,1,0,0,0,1,1,0
41623816555763688,352.36019650789535,-0.668119931904338,0.10382170230150223,25525000192.0,0.9562339782714844,1,1,0,0,1,0,0,0
75343789480252944,244.44893963596894,54.878330691735016,0.3360024392604828,25183000576.0,0.9283497333526611,1,0,0,0,0,0,0,0
42687735789550774,351.4896136284126,0.9522453754168093,0.2048514038324356,14513999872.0,0.5069553852081299,1,0,0,0,0,0,0,0
37485396522728633,33.89340906037015,-4.9982027204060415,0.19190460443496704,62088998912.0,0.7680009603500366,1,1,0,0,0,1,0,0
41623421418763872,352.9659974106918,-0.020402294166242313,0.2989768385887146,89344999424.0,0.37015262246131897,1,1,0,0,0,1,0,0
42094553561324058,150.7676279989687,1.0617348902309638,0.17016230523586273,103099998208.0,0.8143961429595947,1,1,0,0,0,1,1,0
42089872046981501,149.5540863934882,0.8174657491045962,0.2903096377849579,92743999488.0,0.5292016863822937,1,0,0,0,0,0,0,0
75339528872690520,241.41151046323944,54.848730650123194,0.2609625458717346,81078001664.0,0.9088594317436218,1,0,0,0,0,0,0,0
75338828793023070,243.1120739711214,54.329620006501294,0.19191770255565643,32099999744.0,0.6815639138221741,1,0,0,0,0,0,0,0
75339232519955702,242.2075860493137,53.997253565809665,0.04908879101276398,25173000192.0,0.963705837726593,1,0,0,0,0,0,0,0
42696935609481402,353.85455035850237,0.530038654064063,0.2607179582118988,37879001088.0,0.6854028105735779,1,0,0,0,0,0,0,1
42692266980056183,352.76259582076864,0.8360762885964815,0.17430797219276428,52057001984.0,0.6646618247032166,1,0,0,0,0,0,0,0
37489090194594943,36.31962116123356,-5.814830853955387,0.20067162811756134,20118999040.0,0.9711040258407593,1,0,0,0,0,0,0,0
43163403417585011,151.17134338094237,2.106210819865526,0.1525665819644928,16464000000.0,0.5532973408699036,1,0,0,0,0,0,0,0
75339112260867327,242.39375975875615,54.75844328524041,0.23875203728675842,20116000768.0,0.902432382106781,1,0,0,0,0,0,0,0
37489652835317184,35.48469673685827,-5.181805514703762,0.2732656002044678,49577000960.0,0.5512869358062744,1,0,0,0,0,0,0,0
42093866366557473,151.63255086928655,1.1962199852490347,0.18113768100738525,22389999616.0,0.9037685394287109,1,0,0,0,0,0,0,1
75338966231975312,242.90640351922218,54.299419220210105,0.283683717250824,26196000768.0,0.5193884372711182,1,0,0,0,0,0,0,0
43159022550932834,149.7691923987171,2.823529026591339,0.06654274463653564,12901000192.0,0.6719565391540527,1,1,0,0,0,1,0,0
41623258210001864,353.1426414550079,-1.134111192780713,0.09934751689434052,9837500416.0,0.8081872463226318,1,0,0,0,0,0,0,0
42692812440893187,351.98182636555777,0.5106884228864611,0.07102899253368378,27733999616.0,0.9875773191452026,1,0,0,0,0,0,0,0
42090164104745978,149.2604542397537,1.454007648897756,0.34841388463974,222179999744.0,0.6916162967681885,1,1,0,0,0,1,1,0
75959361372983277,243.22766273164348,55.62806558496742,0.1527426689863205,30136999936.0,0.5163471102714539,1,0,0,0,0,0,0,0
44223324036820979,149.74873140766655,3.1916517311609387,0.26149982213974,27334000640.0,0.9644211530685425,1,1,0,0,0,1,1,0
42094553561323326,150.83001267447926,1.0492365672995674,0.10286969691514969,29531000832.0,0.5566675662994385,1,0,0,0,0,0,0,0
43158588759245393,150.27944111614931,1.9044936164723532,0.0649549812078476,14766999552.0,0.825523316860199,1,0,0,0,0,0,0,0
75338699944008240,243.40183008430802,54.713014405353505,0.13013465702533722,31601999872.0,0.5905559659004211,1,1,0,1,0,0,1,0
75958665588285201,244.62341759471468,55.29859409069825,0.2755386531352997,64086999040.0,0.5622642040252686,1,0,0,0,0,0,0,0
42687581170724094,351.6645665685928,0.10812931969176788,0.16592906415462494,67255001088.0,0.9031698107719421,1,1,0,1,0,1,0,0
42687581170724786,351.67641088074896,0.1143176604154685,0.27298349142074585,59518001152.0,0.5182695388793945,1,1,0,0,0,1,1,0
37489657130286552,35.49789172071292,-4.9577751660491085,0.35234105587005615,79418998784.0,0.8852561712265015,1,0,0,0,0,0,0,0
41619538768332251,350.7737238306638,-1.4204392809328399,0.20769409835338593,32053999616.0,0.5195620059967041,1,0,0,0,0,0,0,0
38558373842543509,36.98555467937005,-3.895404243921624,0.1322896033525467,25776001024.0,0.7064169645309448,1,0,0,0,0,0,0,0
37489103079498000,36.23792238478252,-5.232461617285247,0.14623413980007172,8250200064.0,0.5999507904052734,1,0,0,0,0,0,0,0
75959382847808476,243.2621259846865,56.44636770401314,0.22484302520751953,81539997696.0,0.8378385305404663,1,1,0,0,0,1,1,0
38558648720443412,36.63812560249272,-3.9543962289339905,0.32139238715171814,86043000832.0,0.872687816619873,1,0,0,0,0,0,0,0
38558232108617985,37.10092164770443,-4.138439344309036,0.22193536162376404,22652000256.0,0.5161628723144531,1,0,0,0,0,0,0,0
75959107969906559,243.70173420133034,56.46740283688227,0.09385339915752411,35696001024.0,0.891932487487793,1,0,0,0,0,0,0,0
38553980091001269,35.51806134522489,-3.6720548433306015,0.2622414231300354,211730006016.0,0.9310039281845093,1,0,0,0,0,0,0,0
75338957642035038,242.9115010020097,53.86630389773659,0.11009964346885681,13169000448.0,0.8638967871665955,1,0,0,0,0,0,0,0
41619014782329181,351.54898273110445,-0.2937923844378494,0.2472517043352127,18161999872.0,0.9362152814865112,1,0,0,0,0,0,0,0
42687714314717530,351.4570995286778,0.04093923281298129,0.22968275845050812,34129999872.0,0.8893503546714783,1,0,0,0,0,0,0,0
75954417865625368,241.91319493528067,55.82110682960638,0.364670068025589,45938999296.0,0.5442214012145996,1,1,0,0,0,1,1,0
42687864638566455,351.2968979961043,0.5124311477841182,0.18499046564102173,76344000512.0,0.8681310415267944,1,0,0,0,0,0,0,0
74696726887309433,242.34842248361156,53.45319309075417,0.1701068878173828,47753998336.0,0.8737913966178894,1,0,0,0,0,0,0,0
37489502511463432,35.645553373951984,-5.704055714189315,0.22911861538887024,22414000128.0,0.8766551613807678,1,1,0,0,1,0,0,0
42692821030832009,351.99870562991174,0.9391029874356103,0.18129006028175354,34250999808.0,0.8524700403213501,1,1,0,0,1,0,1,0
75338828793018276,243.0322052815246,54.28169151031806,0.16322989761829376,20469999616.0,0.5070034265518188,1,0,0,0,0,0,0,0
41623412828822890,352.88406683512824,-0.402457736589957,0.306734174489975,125590003712.0,0.8947629928588867,1,1,0,0,0,1,1,1
37494330054693093,36.54074699466784,-5.061287439712685,0.18862755596637726,65813000192.0,0.9165158271789551,1,0,0,0,0,0,0,0
75339369958898097,241.79901265125608,53.916856935336256,0.2243511825799942,212610007040.0,0.7500561475753784,1,0,0,0,0,0,0,0
41619427099179984,350.8694101330665,-0.342932616643327,0.2710324227809906,27337000960.0,0.522860586643219,1,0,0,0,0,0,0,0
37493788888817601,37.404985785225676,-4.665635248673477,0.21891602873802185,184430002176.0,0.8630284070968628,1,1,0,0,0,1,0,0
75958961941013766,243.95892600398358,56.08977072083995,0.10346539318561554,9740900352.0,0.9643596410751343,1,0,0,0,0,0,0,1
38554388112897035,35.038396339535254,-3.820151531607469,0.3432820737361908,39998001152.0,0.8214539289474487,1,0,0,0,0,0,0,0
75334301897493038,240.93964816299928,54.70862682192844,0.18052048981189728,57650999296.0,0.8927634954452515,1,0,0,0,0,0,0,1
37484979910910049,34.409093650964216,-5.1401419222933935,0.14969845116138458,24373999616.0,0.8784860372543335,1,1,0,0,0,1,0,0
42692541857950033,352.36406408257164,0.6862323623711142,0.24501506984233856,113190002688.0,0.8844622373580933,1,0,0,0,0,0,0,0
75954563894509382,241.60928630692462,56.15890931098882,0.2474210113286972,63573999616.0,0.7818508148193359,1,0,0,0,0,0,0,0
44223049158914469,150.13873262077584,3.216809062632643,0.16438381373882294,5428599808.0,0.956163227558136,1,0,0,0,0,0,0,0
41623283979807075,353.1073391827721,-0.08599732978819305,0.2561142146587372,17045000192.0,0.8038962483406067,1,0,0,0,0,0,0,0
42691858958156346,353.2497630057436,0.9576615736522304,0.11261093616485596,22108000256.0,0.6077322959899902,1,0,0,0,0,0,0,0
75959765099911727,242.23818500678817,55.25906104620729,0.12448853254318237,33181999104.0,0.9721550941467285,1,0,0,0,0,0,0,0
37494325759731587,36.54000210783498,-5.157362011917373,0.13483542203903198,25019000832.0,0.8557640314102173,1,0,0,0,0,0,0,0
75343510307371157,245.07530903213134,54.62246639706149,0.13959379494190216,43225001984.0,0.6466270089149475,1,0,0,0,0,0,0,0
37489244813423190,36.10624762290777,-4.99271202952168,0.3409111201763153,24224999424.0,0.677529513835907,1,0,0,0,0,0,0,0
75959515991800916,242.71907207648178,56.3204083503441,0.35041165351867676,154089996288.0,0.5112392902374268,1,1,0,0,0,1,1,0
41618718429582433,351.7982623118021,-1.2272642544298558,0.18863001465797424,102149996544.0,0.8852782249450684,1,0,0,0,0,0,0,0
75338828793015831,243.12380982352875,54.25429697653583,0.28507542610168457,16001000448.0,0.5115513801574707,1,0,0,0,0,0,0,0
38553688033231107,35.93933241366189,-4.400459273826993,0.313575804233551,188350005248.0,0.8277849555015564,1,1,0,0,0,1,0,0
75959653430767635,242.31226922461576,56.42295840754201,0.11303499341011047,23965999104.0,0.7384160757064819,1,1,0,0,0,1,0,0
38553421745254536,36.35004299896362,-4.060632021920437,0.30536818504333496,79294996480.0,0.5966287851333618,1,0,0,0,0,0,0,0
41623949699744553,352.28206965237473,-0.9466568395725306,0.1572362631559372,6223699968.0,0.8720353841781616,1,0,0,0,0,0,0,0
75959095085001959,243.6393654478174,55.9017644668811,0.07734398543834686,29346000896.0,0.9302850365638733,1,0,0,0,0,0,0,0
43154186417765996,148.80048243735345,1.76085877381512,0.06208331137895584,15900000256.0,0.969132661819458,1,0,0,0,0,0,0,0
37493655744832974,37.56930380046235,-4.46741694290866,0.2628292441368103,63758000128.0,0.6649219989776611,1,0,0,0,0,0,0,0
75954293311575015,242.11709831648966,56.357728614124426,0.3381953537464142,33714999296.0,0.8810814023017883,1,0,0,0,0,0,0,0
75959769394879107,242.28591184081324,55.48036786896824,0.24071691930294037,17923999744.0,0.9247277975082397,1,0,0,0,0,0,0,0
38549294281687667,34.42492016163169,-4.255374842911537,0.07272698730230331,4820100096.0,0.9942482709884644,1,0,0,0,0,0,0,0
75339090786024853,242.5546465458315,53.72672388987637,0.2737417221069336,49256001536.0,0.6278311014175415,1,0,0,0,0,0,0,0
37494334349665812,36.602610694486,-4.803463435485255,0.2047865241765976,162660007936.0,0.8528807163238525,1,0,0,0,0,0,0,0
38553421745249244,36.240833469812635,-4.122918612440003,0.24325738847255707,116059996160.0,0.6158254742622375,1,0,0,0,0,0,0,0
37484859651810945,34.55610035146316,-4.503391108527612,0.3260277807712555,203230003200.0,0.5592614412307739,1,0,0,0,0,0,0,0
41623279684840667,353.18353161691425,-0.2058695327375983,0.17909294366836548,70380003328.0,0.8347469568252563,1,0,0,0,0,0,0,0
75958811617157849,244.28619612936296,55.508747089478746,0.12758184969425201,3775699968.0,0.6275621056556702,1,0,0,0,0,0,0,0
37489940598135315,35.10689151113417,-4.567024869430455,0.1616421937942505,21924999168.0,0.7648817300796509,1,0,0,0,0,0,0,0
41623966879603296,352.1546493364999,-0.27627183947183465,0.30064961314201355,95469002752.0,0.9096965789794922,1,0,0,0,0,0,0,0
37489369367477088,35.85875837293875,-5.522848654477807,0.21312949061393738,31399999488.0,0.7272851467132568,1,0,0,0,0,0,0,0
43153920129777724,149.1837646330362,1.954322893308594,0.12887178361415863,117219999744.0,0.8856697082519531,1,1,0,0,0,1,0,0
37494059471759640,37.006864993109886,-4.829665448326546,0.2509704530239105,74060996608.0,0.530906081199646,1,0,0,0,0,0,0,0
42691987807176481,353.1744129459979,0.5812256533110306,0.30958589911460876,76393996288.0,0.5571994185447693,1,0,0,0,0,0,0,0
38553434630142303,36.17149042804313,-3.6086143891735785,0.28098416328430176,117020000256.0,0.8112781047821045,1,0,0,0,0,0,0,0
41619130746436944,351.2754715307722,-1.2956191760220546,0.2201080620288849,150939992064.0,0.7078596353530884,1,0,0,0,0,0,0,0
75339524577716899,241.56738721033713,54.61386114098752,0.2291852831840515,105370001408.0,0.7969827055931091,1,0,0,0,0,0,0,0
38558373842535968,36.9835267691212,-3.9924496669978162,0.2467975914478302,44131999744.0,0.8440443277359009,1,0,0,0,0,0,0,0
37489090194599506,36.352049637541576,-5.74736968630821,0.2633022964000702,7310400000.0,0.882000207901001,1,0,0,0,0,0,0,1
75343793775209009,244.25432145303762,54.982280286006926,0.29740458726882935,131699998720.0,0.8879647254943848,1,0,0,0,0,0,0,0
41618989012514014,351.5543283115586,-1.4030142869662812,0.28498199582099915,19026999296.0,0.6374015212059021,1,0,0,0,0,0,0,0
43153645251867647,149.47484803395932,1.9582491997189455,0.12547186017036438,94794997760.0,0.9669765830039978,1,0,0,0,0,0,0,0
75338953347077441,242.8683106394543,53.803051388584485,0.2768193781375885,9207799808.0,0.9689514636993408,1,0,0,0,0,0,0,0
75339507397852058,241.57667442716604,53.939236463508315,0.17691048979759216,107079999488.0,0.8801119327545166,1,0,0,0,0,0,0,0
75343918329265325,244.0925337623479,54.469544365819296,0.15049132704734802,53950001152.0,0.7277668714523315,1,1,0,0,0,1,1,0
75343789480256542,244.39442895069095,54.91943726967837,0.35690292716026306,15228999680.0,0.7479473948478699,1,0,0,0,0,0,0,1
44227442910458216,151.63172530284095,3.01471523778867,0.2163209170103073,27335000064.0,0.715093195438385,1,0,0,0,0,0,0,0
75338691354072189,243.315209966941,54.345871683004894,0.21914410591125488,48222998528.0,0.7368494272232056,1,0,0,0,0,0,0,0
75339374253867343,242.01913888234725,54.13723910162722,0.216070294380188,39260999680.0,0.42568087577819824,1,1,0,0,0,1,0,0
37488978525450550,36.41015317039496,-4.571580363767893,0.17205579578876495,87913996288.0,0.9542280435562134,1,1,0,0,0,1,1,0
44223336921717296,149.66059004999764,3.7040571541152585,0.17436465620994568,43329998848.0,0.35551726818084717,1,1,0,0,0,1,0,0
38558502691567694,36.87066971299972,-4.228754605890229,0.24580200016498566,14581000192.0,0.5229656100273132,1,0,0,0,0,0,0,0
42692404419001770,352.5072050145282,0.7427125181467641,0.3868783712387085,31921999872.0,0.8181816339492798,1,0,0,0,0,0,0,0
44227726378300531,151.2040658862608,3.3490399813167326,0.3292081952095032,28789999616.0,0.8563353419303894,1,0,0,0,0,0,0,0
38553275716362724,36.38813836105978,-4.44215997569408,0.23563270270824432,14040000512.0,0.5800859928131104,1,0,0,0,0,0,0,0
75338949052113856,242.861697029654,53.639910677205016,0.22623902559280396,62683000832.0,0.8520280122756958,1,1,0,1,0,0,0,0
38553696623158002,35.90635138777766,-4.129017045936777,0.3074890971183777,13781000192.0,0.670810341835022,1,0,0,0,0,0,0,0
75959503106909294,242.92671828482798,55.84518836509223,0.13863860070705414,27608999936.0,0.6431977152824402,1,0,0,0,0,0,0,0
37494334349666580,36.62438311101344,-4.790199748290136,0.32507121562957764,8579999744.0,0.7438580393791199,1,0,0,0,0,0,0,0
75339391433743599,241.71090818823723,54.8720468787989,0.2639681398868561,23147999232.0,0.6835548281669617,1,0,0,0,0,0,0,0
41619427099181709,350.9275215458444,-0.32024831733861975,0.3021010160446167,52808998912.0,0.6541396379470825,1,0,0,0,0,0,0,0
41619272480364749,351.0373005296108,-1.0801537028888748,0.23497274518013,95420997632.0,0.8744039535522461,1,1,0,0,0,1,0,0
41619156516237960,351.30547680146867,-0.2055401442215068,0.2970936596393585,109739999232.0,0.4896867871284485,1,1,0,0,0,1,0,0
42090288658805017,149.15745569718686,0.9652116681720079,0.19924050569534302,68544000000.0,0.5149576663970947,1,1,0,0,0,1,1,0
37489098784528966,36.19872815100781,-5.455776194904168,0.16174092888832092,17004000256.0,0.5426661372184753,1,0,0,0,0,0,0,0
37489111669437189,36.24680903285439,-4.792913224457289,0.34219661355018616,123660001280.0,0.850814700126648,1,1,0,0,0,1,1,0
37489936303166966,35.094664990121586,-4.7753645628958745,0.15708495676517487,75514003456.0,0.8603464365005493,1,0,0,0,0,0,0,0
75338704238978846,243.53328352628154,54.92813798296245,0.18154633045196533,213539995648.0,0.6421341300010681,1,1,1,0,0,0,1,0
43153658136769898,149.42313224811363,2.534116317079711,0.22378775477409363,21439000576.0,0.6789235472679138,1,0,0,0,0,0,0,1
44227722083331493,151.1015863337051,3.1291795977987893,0.31214216351509094,79289999360.0,0.5004673004150391,1,0,0,0,0,0,0,0
43158197917219752,150.84053225529595,2.838963448283484,0.1998348981142044,23093999616.0,0.9580104351043701,1,0,0,0,0,0,0,0
38558236403595702,37.10960853873832,-3.8250158690798624,0.29678574204444885,134119997440.0,0.7437168955802917,1,0,0,0,0,0,0,0
43163278863523295,151.38166749122206,2.5856127482663087,0.3833152651786804,255200002048.0,0.9162352681159973,1,1,0,0,0,0,1,0
42094824144269024,150.38308056208976,0.9777416810725943,0.22607289254665375,30663000064.0,0.5409982800483704,1,0,0,0,0,0,0,0
44218114241483743,149.387758933382,3.684213133852378,0.2401999831199646,16366000128.0,0.5314429998397827,1,0,0,0,0,0,0,0
75339533167652875,241.3776322118079,54.99324915394777,0.2555413544178009,36323000320.0,0.8699699640274048,1,0,0,0,0,0,0,0
75954705628419800,241.3209529519803,56.405422652528216,0.21923163533210754,108889997312.0,0.44245341420173645,1,1,0,0,0,1,0,1
75338553915117919,243.71640028206735,54.337078750762316,0.3781720995903015,38786998272.0,0.6651583313941956,1,1,0,0,0,1,1,0
38558090374697683,37.294642228803475,-4.338824766080717,0.19630122184753418,23401000960.0,0.5715742707252502,1,0,0,0,0,0,0,0
74696731182268958,242.3760742397805,53.54881938173334,0.2901526391506195,29091000320.0,0.7666797637939453,1,0,0,0,0,0,0,0
75343372868411661,245.22816735930667,54.63237818951437,0.07294093072414398,13379000320.0,0.8718448877334595,1,0,0,0,0,0,0,0
38549436015599276,34.25211015760312,-4.175044696099338,0.09379104524850845,24696000512.0,0.803469181060791,1,0,0,0,0,0,0,0
41623661936930041,352.6215208410726,-1.4835897159574052,0.2582233250141144,75608997888.0,0.8399307727813721,1,1,0,0,0,1,1,0
75958674178204920,244.68192399027086,55.51895757838127,0.14898896217346191,21849999360.0,0.9847126007080078,1,1,0,0,1,0,1,0
38549569159599612,34.046038130952425,-4.211945789224633,0.3671477138996124,34646999040.0,0.8889402747154236,1,0,0,0,0,0,0,0
41619289660229627,351.20294006646975,-0.3182359909088634,0.09132494032382965,48793001984.0,0.9094496369361877,1,0,0,0,0,0,0,0
75959232523971700,243.61803708247703,56.03620539050407,0.3986435532569885,58885001216.0,0.869491696357727,1,0,0,0,0,0,0,0
43153649546838791,149.49293538219447,2.1573595022174277,0.25224941968917847,14871000064.0,0.9357215166091919,1,0,0,0,0,0,0,0
75959365667952546,243.25044421158418,55.809627750715556,0.2249891310930252,102180003840.0,0.6566909551620483,1,0,0,0,0,0,0,0
37489236223490705,36.1037911326655,-5.343613956736702,0.161591574549675,35408998400.0,0.6165833473205566,1,1,0,0,0,1,1,0
43158060478260873,150.94492741593783,2.7710302179243946,0.3822263181209564,120269996032.0,0.7429950833320618,1,1,0,0,0,1,1,0
74696731182264051,242.2146011851521,53.50162505733701,0.19052520394325256,78934999040.0,0.9494686126708984,1,1,0,0,0,1,1,0
75959369962924474,242.98401075302502,56.036492843179516,0.1994667947292328,172209995776.0,0.8423663377761841,1,0,0,0,0,0,0,0
37489670015173693,35.48171574138708,-4.545820430478141,0.2303246408700943,7246300160.0,0.6597988605499268,1,0,0,0,0,0,0,0
42090434687693578,148.95473186153646,1.3486762451982548,0.24518939852714539,40589000704.0,0.5488519072532654,1,0,0,0,0,0,0,0
75959644840828503,242.4963961551584,56.01223781434176,0.2210773378610611,32355000320.0,0.9303668737411499,1,0,0,0,0,0,0,1
41623696296662585,352.61065547443735,-0.08323020471375675,0.2710142731666565,27281000448.0,0.507315993309021,1,0,0,0,0,0,0,0
44227717788372565,151.23846806434656,3.065491723188619,0.29032447934150696,121100001280.0,0.6113948225975037,1,1,0,0,0,1,1,0
42687860343597585,351.28354925168406,0.30796104364418764,0.19461402297019958,10106000384.0,0.7058604955673218,1,0,0,0,0,0,0,0
38558227813654065,37.20563401024922,-4.294807204276907,0.19969964027404785,26712999936.0,0.5727631449699402,1,0,0,0,0,0,0,0
42691992102148550,353.13797499534286,0.7891847030714498,0.399911493062973,44493000704.0,0.6503886580467224,1,0,0,0,0,0,0,0
42090013780888422,149.44852350416326,0.8599493462245917,0.30264943838119507,13909000192.0,0.5136957168579102,1,0,0,0,0,0,0,0
42692662117046930,352.1478296067793,0.08454150406570445,0.29915106296539307,111740002304.0,0.8213459253311157,1,0,0,0,0,0,0,0
76552951623082493,241.92387849195612,56.700385938921805,0.1462036520242691,15443000320.0,0.5294398665428162,1,0,0,0,0,0,0,0
38553967206108806,35.564080555550234,-4.19404092010545,0.31055086851119995,29774000128.0,0.7622585296630859,1,1,0,0,0,1,1,0
37488952755637729,36.40652842614043,-5.821072313627916,0.27006903290748596,216689999872.0,0.7953295707702637,1,0,0,0,0,0,0,0
38554254968909759,35.184059814787226,-3.6630422449699083,0.30379143357276917,127100002304.0,0.8212282061576843,1,0,0,0,0,0,0,0
40555108433417047,352.46390304735735,-1.562192653899666,0.14282281696796417,13011000320.0,0.7789280414581299,1,0,0,0,0,0,0,0
75339666311653889,241.3394655628415,54.92995842230154,0.2675330638885498,48948998144.0,0.6196403503417969,1,1,0,0,0,1,1,0
37494338644629346,36.68224730277672,-4.683466370599516,0.16966211795806885,17837000704.0,0.5686221122741699,1,0,0,0,0,0,0,0
43163145719537428,151.59184207043344,2.7527505207601046,0.1291547268629074,59218001920.0,0.8276322484016418,1,0,0,0,0,0,0,0
38553967206104567,35.53871291753905,-4.231978721958305,0.17132791876792908,42834001920.0,0.8616331219673157,1,0,0,0,0,0,0,0
44227730673263694,151.2358717130431,3.5222346225138352,0.09952086955308914,48050999296.0,0.9516385197639465,1,1,0,0,0,0,1,0
75959515991807146,242.80127175281262,56.3807842516754,0.10372530668973923,24305999872.0,0.8555936813354492,1,0,0,0,0,0,0,0
38553846947008595,35.665376001376295,-3.571462489704071,0.2652263045310974,29813000192.0,0.7138780951499939,1,0,0,0,0,0,0,0
37489944893083617,35.17547539451785,-4.522959162429638,0.20079274475574493,85310996480.0,0.5655379295349121,1,0,0,0,0,0,0,0
38549431720644007,34.28690361917538,-4.229341599109856,0.3137689530849457,3854500096.0,0.9938691854476929,1,0,0,0,0,0,0,1
75343926919207846,244.16835353295568,54.89289359254154,0.22492191195487976,144380002304.0,0.6268441081047058,1,0,0,0,0,0,0,0
43154328151669802,148.52361401620874,1.7872034595794173,0.1347511261701584,47225999360.0,0.9748204946517944,1,0,0,0,0,0,0,1
37488965640541530,36.40620873619385,-5.244068795231989,0.3424532413482666,15518000128.0,0.7840155363082886,1,0,0,0,0,0,0,0
75334435041479097,240.79080062703048,54.5530764932342,0.20429567992687225,23757000704.0,0.712909460067749,1,1,0,0,0,1,1,0
42687997782551605,351.14041792474137,0.32649197418218984,0.13678520917892456,31928000512.0,0.8582358360290527,1,0,0,0,0,0,0,0
75959769394863717,242.25889778989358,55.323570189765434,0.12303159385919571,5894000128.0,0.7514909505844116,1,0,0,0,0,0,0,0
38558232108616627,37.22580585740957,-4.15691084508557,0.20801877975463867,15628000256.0,0.596485435962677,1,1,0,0,0,1,0,0
42697214782375711,353.5635882547488,0.7839102938685746,0.13309890031814575,13701999616.0,0.7168554663658142,1,0,0,0,0,0,0,0
42692395829066437,352.6481281564019,0.33058814476821596,0.2998896539211273,76073000960.0,0.4136485755443573,1,1,0,1,0,1,1,0
75338699944011957,243.4894718546165,54.75586338272279,0.21716967225074768,44934000640.0,0.5962131023406982,1,0,0,0,0,0,0,0
41623679116813315,352.5142557071418,-0.6540355389828497,0.2793141007423401,32991000576.0,0.7921395301818848,1,1,0,0,0,1,0,0
42687456616670057,351.7968386620989,0.6597214052753779,0.3205893039703369,20873000960.0,0.5710934400558472,1,0,0,0,0,0,0,0
42089472615007942,150.28119526372254,1.2134527991861273,0.0916021391749382,16826000384.0,0.6326923966407776,1,0,0,0,0,0,0,0
75959241113889785,243.51912399199006,56.26821648713717,0.254395067691803,4514500096.0,0.8225349187850952,1,0,0,0,0,0,0,0
42692400124030309,352.67049241076006,0.5043465874469908,0.31032225489616394,186470006784.0,0.563261091709137,1,0,0,0,0,0,0,0
43158717608264747,150.0614685131326,1.5644748618931594,0.30734217166900635,75046002688.0,0.5033844709396362,1,0,0,0,0,0,0,0
37494471788616344,36.511242226647624,-4.881024335706221,0.26276013255119324,7050200064.0,0.8810407519340515,1,0,0,0,0,0,0,0
75338815908112810,243.25422997453,53.6809352098836,0.14253756403923035,26502000640.0,0.761247992515564,1,0,0,0,0,0,0,0
37489657130284494,35.52749455940144,-4.98752581412018,0.1987275630235672,104609996800.0,0.8555901050567627,1,1,0,0,0,1,0,0
43163407712546472,151.14013869020022,2.240228005048247,0.15342923998832703,72149000192.0,0.7703346014022827,1,1,0,0,0,1,0,0
38553829767149607,35.732804852865954,-4.277679220956221,0.2531150281429291,49078001664.0,0.9574564695358276,1,1,0,0,0,1,1,0
41618864458469593,351.7621754662938,-0.8665889616095517,0.2494645118713379,14346999808.0,0.5612038969993591,1,0,0,0,0,0,0,1
75339662016670992,241.2703140992764,54.60058203413705,0.12230763584375381,10193999872.0,0.8104385733604431,1,0,0,0,0,0,0,0
41623258210002836,353.09807640622944,-1.1230674515225016,0.07669112831354141,15500999680.0,0.6577355861663818,1,0,0,0,0,0,0,0
41623812260803383,352.3432699364793,-0.8416974829976602,0.1660374402999878,6614000128.0,0.6939897537231445,1,0,0,0,0,0,0,0
43153791280773528,149.33577753723011,2.464163711441231,0.1701492816209793,22898999296.0,0.8329801559448242,1,1,0,0,0,1,1,0
44223186597866098,149.90660602175146,3.167029686249247,0.2668587565422058,242499993600.0,0.5070446729660034,1,0,0,0,0,0,0,0
75959511696844012,242.66267175789676,56.24908766900786,0.15425555408000946,130919997440.0,0.8811521530151367,1,1,0,0,0,1,0,0
38553962911133941,35.49166564757715,-4.425880239487847,0.12101353704929352,12042000384.0,0.661078155040741,1,0,0,0,0,0,0,0
43158747673025668,150.0878879757187,2.779764149714272,0.18481965363025665,7453300224.0,0.7445918321609497,1,0,0,0,0,0,0,0
43162982510775916,151.7487633774641,1.680553322557109,0.109856016933918,24557000704.0,0.6553691029548645,1,0,0,0,0,0,0,1
42692958469788456,351.92906750380945,0.9670557345849813,0.2815147042274475,232539996160.0,0.8153501152992249,1,0,0,0,0,0,0,0
74696864326246569,241.95150304334032,53.386815615794404,0.10271644592285156,20226000896.0,0.9667677283287048,1,0,0,0,0,0,0,0
44222649726944944,150.59857415411415,3.6298617348498303,0.13671638071537018,82869002240.0,0.8333553075790405,1,1,0,0,0,1,1,0
38554100350087024,35.26227754105986,-4.434477704308173,0.12981723248958588,92070002688.0,0.9896159172058105,1,0,0,0,0,0,0,0
75959507401869697,242.72910758926315,55.955911206016815,0.22526182234287262,9569899520.0,0.5667192935943604,1,0,0,0,0,0,0,0
38558227813655571,37.19620312386081,-4.2606985109308155,0.27553310990333557,113909997568.0,0.9830784797668457,1,0,0,0,0,0,0,0
37494059471758128,37.06494260001145,-4.846505505648149,0.13977636396884918,24824000512.0,0.7179577350616455,1,0,0,0,0,0,0,0
75338833087986406,243.1805758569405,54.46004539106782,0.0947895422577858,45788999680.0,0.9426403045654297,1,0,0,0,0,0,0,0
38554113234989631,35.30162601022611,-3.8940004485597384,0.2833794951438904,21941999616.0,0.5626783967018127,1,0,0,0,0,0,0,0
74701816423543979,243.19807166048233,53.517250894424485,0.14646479487419128,64064999424.0,0.6281434297561646,1,0,0,0,0,0,0,0
43158734788118348,150.05657527667464,2.2085188631961836,0.1745193749666214,26385999872.0,0.35838013887405396,1,1,0,0,0,1,0,0
38557957230708703,37.48936977468979,-4.173132886736364,0.1806926429271698,26400999424.0,0.6150482296943665,1,0,0,0,0,0,0,0
75338691354067101,243.5840600646713,54.37477280743555,0.36314913630485535,48293998592.0,0.7116719484329224,1,0,0,0,0,0,0,1
37484979910891411,34.4444341167057,-5.298949896596366,0.1267700344324112,22311000064.0,0.5944671630859375,1,0,0,0,0,0,0,0
74696589448344867,242.67733202278967,53.361265250180196,0.13927316665649414,53020999680.0,0.9307971596717834,1,0,0,0,0,0,0,0
38558232108628480,37.23104491222081,-4.0008767362227236,0.25691312551498413,68650999808.0,0.9081249237060547,1,1,0,0,0,1,0,0
38554259263867849,35.160550118902655,-3.5902891226240015,0.30630141496658325,14600999936.0,0.8203626871109009,1,0,0,0,0,0,0,0
75954963326464057,240.61333558767356,55.61911025476947,0.3025510907173157,121889996800.0,0.8786458969116211,1,1,0,0,0,1,0,0
75334581070361740,240.3509746932721,54.88161254412515,0.28039729595184326,44643999744.0,0.898385763168335,1,0,0,0,0,0,0,0
37494192615744773,36.86261123235846,-5.000557054742641,0.28520748019218445,11594000384.0,0.5808495879173279,1,0,0,0,0,0,0,0
75958811617160399,244.3190826916321,55.54434197008163,0.21528492867946625,22395000832.0,0.49560779333114624,1,1,0,0,0,1,0,1
41623807965833703,352.4596584332017,-1.0726017789230697,0.12277863919734955,64594001920.0,0.9107269048690796,1,0,0,0,0,0,0,0
41623271094910464,353.0754115212735,-0.5614851222832363,0.2679922580718994,10401000448.0,0.5346714854240417,1,0,0,0,0,0,0,0
37489807454131179,35.41042519824571,-4.516963410236258,0.20759978890419006,24743999488.0,0.9032862782478333,1,0,0,0,0,0,0,0
37494201205680686,36.726596941554206,-4.619383238898725,0.23310096561908722,9877600256.0,0.953753650188446,1,0,0,0,0,0,0,0
44223182302899936,149.8608160064693,3.0016919209411235,0.14248548448085785,11973999616.0,0.9636201858520508,1,0,0,0,0,0,0,0
37489223338587369,36.1310534139676,-5.884506285424392,0.24321672320365906,31612000256.0,0.8185428380966187,1,0,0,0,0,0,0,0
37485117349847248,34.292686975638766,-5.2863386203281495,0.1614987850189209,17329000448.0,0.583406388759613,1,0,0,0,0,0,0,0
75958966235980949,244.20166992300526,56.26877142809008,0.150887131690979,14200999936.0,0.5124703645706177,1,0,0,0,0,0,0,0
37493917737837786,37.12231815844242,-4.999919864184053,0.333040714263916,39853998080.0,0.8149439096450806,1,0,0,0,0,0,0,0
42094407532434347,150.93048044739763,0.7004564263251204,0.2959432005882263,35064999936.0,0.8551727533340454,1,0,0,0,0,0,0,0
41619001897427013,351.4041400171489,-0.8518994028641396,0.1688692718744278,23747000320.0,0.5673269629478455,1,1,0,0,1,1,1,0
75959631955921536,242.36690133100277,55.43762309402913,0.20164160430431366,101579997184.0,0.4877263903617859,1,1,0,0,0,1,0,0
41618993307487425,351.5021306622286,-1.2221388431370053,0.0797068327665329,27164999680.0,0.9615612030029297,1,0,0,0,0,0,0,0
42687993487581886,351.0285949506066,0.1692780477801053,0.31558290123939514,24166000640.0,0.773094654083252,1,0,0,0,0,0,0,0
75339528872696551,241.6161905373629,54.93744499542664,0.23097111284732819,165839994880.0,0.8910072445869446,1,0,0,0,0,0,0,1
38553971501072203,35.44536665071608,-4.023226157451309,0.23701007664203644,5867599872.0,0.37994420528411865,1,1,0,0,0,1,1,0
75959769394868211,242.1654081388619,55.36444291255488,0.19959083199501038,47060000768.0,0.747912585735321,1,0,0,0,0,0,0,0
76552401867274723,243.02734108407572,56.68345607811034,0.1816485971212387,36763000832.0,0.5284218192100525,1,0,0,0,0,0,0,0
75959507401882388,242.94672905044027,56.05763814026117,0.21393711864948273,62597001216.0,0.701814591884613,1,0,0,0,0,0,0,0
38558236403591441,37.189262739793314,-3.8924414037333115,0.22101488709449768,51819999232.0,0.7916008830070496,1,0,0,0,0,0,0,0
37494196910706288,36.85954289857199,-4.904117376082405,0.27338260412216187,35461001216.0,0.8750311136245728,1,0,0,0,0,0,0,0
43153658136788608,149.4583145845873,2.672848144328271,0.06907808035612106,24560001024.0,0.5080711245536804,1,0,0,0,0,0,0,0
38553430335181607,36.35357025672756,-3.7787682564108063,0.05485013872385025,8069499904.0,0.9966749548912048,1,0,0,0,0,0,0,0
75959507401867250,242.81410472967002,55.930583209379385,0.20657411217689514,70326001664.0,0.8821523785591125,1,0,0,0,0,0,0,0
43159155694930950,149.51208712404795,2.6891083463562437,0.22835248708724976,60153999360.0,0.42686331272125244,1,1,0,0,0,1,0,0
37493922032805805,37.20482333301152,-4.821306828464306,0.25205400586128235,46306000896.0,0.672398567199707,1,0,0,0,0,0,0,0
43153911539854726,149.04896794364444,1.664504818677081,0.10349829494953156,17899999232.0,0.6401178240776062,1,0,0,0,0,0,0,0
43158455615240784,150.3606723804429,1.9879927196335276,0.17768463492393494,158230003712.0,0.9397901296615601,1,1,0,0,0,1,0,0
43158855047212444,149.90607702175564,1.5437805360350936,0.17390692234039307,112869998592.0,0.8505846261978149,1,0,0,0,0,0,0,0
75954679858621210,241.26980960754065,55.14449416397448,0.11410800367593765,9160200192.0,0.7765665650367737,1,1,1,0,0,0,0,0
41619147926300972,351.37860022173754,-0.6095541416417121,0.09884318709373474,31220000768.0,0.8978961706161499,1,0,0,0,0,0,0,0
75959515991796388,242.67286272718832,56.269850068746024,0.14446957409381866,3694200064.0,0.9396094679832458,1,0,0,0,0,0,0,0
38553846947005039,35.750040578982066,-3.618152936996552,0.3232223689556122,37254000640.0,0.8674463033676147,1,0,0,0,0,0,0,0
74696860031264532,242.04083872150017,53.256648162547506,0.34605705738067627,19810000896.0,0.8384169340133667,1,0,0,0,0,0,0,0
38558644425477079,36.64014484114223,-4.142687356895639,0.3103775382041931,205089996800.0,0.8476733565330505,1,0,0,0,0,0,0,0
37494188320775479,36.803398435208855,-5.123421798034414,0.3926098644733429,51490000896.0,0.5565671920776367,1,0,0,0,0,0,0,0
37494467493648276,36.499983079216996,-5.029254691994979,0.1258222758769989,28145000448.0,0.5135878324508667,1,0,0,0,0,0,0,0
43153786985789110,149.326313363876,2.2110397265522295,0.22846359014511108,68600999936.0,0.7115744352340698,1,1,0,0,0,1,0,0
38554100350088830,35.380301906002664,-4.409570661227167,0.25909703969955444,7129200128.0,0.9826863408088684,1,0,0,0,0,0,0,0
41618739904409713,351.7847596170228,-0.3990949902065499,0.2962469160556793,30840999936.0,0.6271029114723206,1,0,0,0,0,0,0,0
38558232108622665,37.13486489774591,-4.0763204287624015,0.17197823524475098,74323001344.0,0.8655328750610352,1,0,0,0,0,0,0,0
37489639950413913,35.608333711814375,-5.724157224555255,0.2019784301519394,75283996672.0,0.7035514116287231,1,1,0,0,0,1,0,0
43153911539850942,149.04301978856856,1.6241016248726428,0.17666901648044586,72957001728.0,0.5545597076416016,1,0,0,0,0,0,0,0
75339245404837702,242.2510192755023,54.3919592517779,0.1412828117609024,24655998976.0,0.6750483512878418,1,1,0,1,0,0,0,0
37494059471759465,36.958228242093355,-4.826390481756748,0.2940029799938202,42259001344.0,0.7284446954727173,1,0,0,0,0,0,0,0
42692537562990601,352.3523654199254,0.5636672682161005,0.3503279983997345,54388998144.0,0.3525819182395935,1,1,0,0,1,1,1,0
41619019077290470,351.4342477819429,-0.12698109319330833,0.1426890343427658,33062000640.0,0.967145562171936,1,1,0,0,0,1,0,0
75959241113888989,243.58863477900164,56.25835394984251,0.2835141122341156,139280007168.0,0.5021694898605347,1,0,0,0,0,0,0,0
75959644840832484,242.5138991505816,56.05967479331518,0.09845739603042603,22240000000.0,0.9208502769470215,1,0,0,0,0,0,0,0
75338841677924162,243.10836904277994,54.84940913388371,0.2226194143295288,21673000960.0,0.5113667249679565,1,0,0,0,0,0,0,0
38558098964634028,37.345008534149265,-3.944390643306387,0.28706446290016174,10088999936.0,0.8519092202186584,1,0,0,0,0,0,0,0
75959348488080107,242.99988922344633,55.06091394097654,0.14290118217468262,26414999552.0,0.661554217338562,1,1,0,0,0,1,0,0
43158189327287145,150.8028374228891,2.48885229756944,0.1735687404870987,75785003008.0,0.94078528881073,1,1,0,1,0,0,1,0
37494192615737318,36.76077087279413,-5.086009957625754,0.12617111206054688,26631000064.0,0.8808989524841309,1,0,0,0,0,0,0,0
42692400124037171,352.6397558263751,0.5987079983427303,0.325741171836853,54457999360.0,0.838518500328064,1,0,0,0,0,0,0,0
41618881638336705,351.58128635982723,-0.16303434544311618,0.2584870159626007,26823999488.0,0.9324734210968018,1,0,0,0,0,0,0,0
43153769805934396,149.23599081980424,1.527025523935397,0.26212579011917114,5297800192.0,0.7090983390808105,1,0,0,0,0,0,0,0
37489094489571332,36.185536932295506,-5.499471278412515,0.20815172791481018,14540999680.0,0.8524110913276672,1,0,0,0,0,0,0,0
37489940598122201,35.05040752976813,-4.677697348495701,0.23193266987800598,29557999616.0,0.8507436513900757,1,1,0,0,0,1,0,0
37489661425243830,35.43033899808482,-4.886588700028439,0.11317466199398041,31033999360.0,0.8757205605506897,1,0,0,0,0,0,0,0
75959223934023912,243.59751166782274,55.576245243326525,0.15747952461242676,20939999232.0,0.6964796781539917,1,0,0,0,0,0,0,0
41623399943928334,352.98105975114896,-0.9296210680005966,0.32073748111724854,146280005632.0,0.6798113584518433,1,1,0,0,0,1,0,0
37493917737839012,37.21723451540381,-4.986854871259181,0.2683146297931671,13477000192.0,0.7455739378929138,1,0,0,0,0,0,0,0
37494338644633151,36.69187304256647,-4.6257336479557285,0.1005445048213005,20853999616.0,0.8734138011932373,1,0,0,0,0,0,0,0
75338837382963647,243.0810973645099,54.73068975555153,0.3324832022190094,70123003904.0,0.4150865077972412,1,1,0,0,0,1,0,0
43159151399939192,149.53425309358454,2.4931081636586083,0.05861495062708855,15603000320.0,0.9932411909103394,1,0,0,0,0,0,0,0
42692116656200299,352.9224219806884,0.24127578836666574,0.2059800773859024,208370008064.0,0.9609673023223877,1,0,0,0,0,0,0,0
74696593743313954,242.40041598708183,53.54640143879264,0.10875571519136429,11102999552.0,0.7078242897987366,1,0,0,0,0,0,0,0
37489115964399579,36.25582097308933,-4.654348481192557,0.20540206134319305,89561997312.0,0.5745024085044861,1,0,0,0,0,0,0,0
37489090194599794,36.32148268159014,-5.737917409441857,0.24170461297035217,8191699968.0,0.8311972618103027,1,0,0,0,0,0,0,0
75334301897495679,240.82410657643618,54.71139154520309,0.22052007913589478,5597000192.0,0.5524520874023438,1,0,0,0,0,0,0,0
38558511281496286,36.77544887184835,-3.8842813438336368,0.23238137364387512,4455799808.0,0.630652904510498,1,0,0,0,0,0,0,0
38553567774137074,36.08745885719754,-3.7680668885907074,0.3047269582748413,99753000960.0,0.8375106453895569,1,0,0,0,0,0,0,0
41618864458467773,351.64537373036706,-0.8947425831947121,0.20001010596752167,22911000576.0,0.37044426798820496,1,1,0,0,1,0,0,0
41623807965834040,352.36911777824923,-1.0770653192847748,0.39825066924095154,37667999744.0,0.5684641599655151,1,0,0,0,0,0,0,1
38553572069100632,36.072351126826746,-3.6138749431110515,0.27643731236457825,145150001152.0,0.7291836738586426,1,0,0,0,0,0,0,0
75343652041296646,244.57396281768774,54.866201473763056,0.2991185486316681,13504000000.0,0.8720185160636902,1,0,0,0,0,0,0,0
43158584464260433,150.1895953639758,1.650042795935159,0.3093157410621643,147280003072.0,0.7969980835914612,1,1,0,0,0,1,1,0
42089326586133778,150.3339992662715,1.017110779179551,0.13732126355171204,19707000832.0,0.8537672758102417,1,0,0,0,0,0,0,0
42089610053964211,150.04449970416962,1.287097995960162,0.3896898925304413,46802001920.0,0.683527946472168,1,0,0,0,0,0,0,1
44217968212610786,149.47279604012843,3.4297820815797517,0.06573224812746048,52109000704.0,0.8786541223526001,1,0,0,0,0,0,0,0
44227588939350038,151.34640576742834,3.42045960227782,0.149003803730011,3928399872.0,0.8747767210006714,1,1,0,0,0,1,0,1
75959215344096877,243.34699122393994,55.27434990594774,0.07376895099878311,19576999936.0,0.830480694770813,1,0,0,0,0,0,0,0
37493647154896000,37.53962638037808,-4.835495635776056,0.2005264312028885,35195998208.0,0.6549754738807678,1,0,0,0,0,0,0,0
42692262685088530,352.87065295814233,0.6081923025935335,0.27422741055488586,160050003968.0,0.6371496915817261,1,0,0,0,0,0,0,0
42691992102147725,353.11583356337565,0.7855444939064063,0.11621225625276566,19597000704.0,0.8687141537666321,1,0,0,0,0,0,0,0
41623692001707194,352.64049919868495,-0.17409279378935047,0.1560429334640503,3753900032.0,0.42431843280792236,1,1,0,0,0,1,0,0
43163150014500006,151.56076383597357,2.901118779780332,0.24434345960617065,11317000192.0,0.9455890655517578,1,0,0,0,0,0,0,1
43158605939112632,150.24578492488428,2.6402987856556215,0.2234969288110733,15548000256.0,0.9422401785850525,1,0,0,0,0,0,0,0
42697077343423525,353.6315014726798,0.8271528904411327,0.0628807544708252,13153000448.0,0.6834222078323364,1,0,0,0,0,0,0,0
75343914034292594,244.0267976241526,54.23080390390937,0.20094072818756104,16106999808.0,0.6430681943893433,1,0,0,0,0,0,0,0
38553554889240468,36.145882678291564,-4.239383930639395,0.22820813953876495,121500000256.0,0.961621105670929,1,0,0,0,0,0,0,0
44223186597860778,149.83179167029675,3.111871218600652,0.15387697517871857,126209998848.0,0.7967991828918457,1,0,0,0,0,0,0,0
38558653015407129,36.703532812980725,-3.812018536206328,0.13116371631622314,16529999872.0,0.8927478790283203,1,1,0,0,0,1,0,0
75343931214165927,244.03896879796764,54.99148636817656,0.30975422263145447,114519998464.0,0.5986560583114624,1,1,0,1,0,0,0,0
75343381458352321,245.1831809182945,55.0345113853592,0.054857153445482254,3540000000.0,0.7152232527732849,1,0,0,0,0,0,0,0
44223186597860779,149.83353457572585,3.113682158715969,0.12770403921604156,8236000256.0,0.7731641530990601,1,1,0,0,0,1,0,0
75959369962921951,243.1201581855775,56.01886119470142,0.10887967795133591,11717999616.0,0.8779407143592834,1,1,0,0,0,1,1,0
75954679858621411,241.23401451822184,55.13991499150565,0.317903071641922,8845700096.0,0.5155826807022095,1,0,0,0,0,0,0,0
75959631955921546,242.38129128019432,55.42499377423912,0.29786208271980286,6906800128.0,0.927783727645874,1,0,0,0,0,0,0,0
75338824498059446,243.24436288514926,54.14581170139619,0.32835471630096436,19566000128.0,0.7718750238418579,1,0,0,0,0,0,0,0
37493917737841690,37.10472400902476,-4.950697944248666,0.24689574539661407,19854000128.0,0.47961750626564026,1,1,0,0,0,1,0,0
42692262685088762,352.83041150685,0.6116060566549857,0.3143569529056549,160850001920.0,0.6161234378814697,1,1,0,1,0,1,0,0
37485254788809415,34.09929032109327,-5.15363817975474,0.09215732663869858,28644999168.0,0.8831994533538818,1,0,0,0,0,0,0,0
75343643451365236,244.72665291253747,54.545091951797524,0.11723803728818893,9998999552.0,0.8025357723236084,1,1,0,0,0,1,0,0
41623399943934673,352.8798712887205,-0.8516292585388213,0.17208322882652283,67703001088.0,0.8685879707336426,1,0,0,0,0,0,0,0
41628364926115657,353.78621585363635,-0.23056141665377872,0.13119381666183472,131659997184.0,0.8486860394477844,1,0,0,0,0,0,0,0
41618731314481132,351.77476396854667,-0.6589389505824915,0.34420910477638245,46008999936.0,0.6534479260444641,1,0,0,0,0,0,0,1
42692941289913701,351.8654429937702,0.1607232061188972,0.27343088388442993,54371999744.0,0.5883942246437073,1,0,0,0,0,0,0,0
75338953347070945,242.84103945938335,53.7511453436891,0.13556770980358124,16993000448.0,0.5574567914009094,1,0,0,0,0,0,0,0
75339253994791656,242.1434840362795,54.90571028230336,0.10947340726852417,4435299840.0,0.921202540397644,1,0,0,0,0,0,0,0
37484709327956001,34.845711985870814,-5.081752758559674,0.25791436433792114,54977998848.0,0.5268538594245911,1,0,0,0,0,0,0,0
75338837382964035,243.03370685458788,54.73510228035208,0.1297951489686966,5816000000.0,0.7628251910209656,1,0,0,0,0,0,0,0
43158193622233969,150.71855089028935,2.690431418608183,0.16226765513420105,79192997888.0,0.9020928144454956,1,1,1,0,0,0,0,0
38553696623160313,35.92366728799635,-4.103848492675783,0.19062982499599457,51319001088.0,0.8245002627372742,1,0,0,0,0,0,0,0
43159022550945142,149.70279587240535,2.878701490093968,0.05773118883371353,14394000384.0,0.8384552001953125,1,0,0,0,0,0,0,0
75959223934017884,243.56506387876658,55.530006594596905,0.12023568153381348,19729000448.0,0.938123345375061,1,0,0,0,0,0,0,0
38557952935744402,37.643340433111284,-4.3273947969033895,0.13540352880954742,6208500224.0,0.7374193668365479,1,0,0,0,0,0,0,0
75338974821918380,242.80833563168585,54.752742146104474,0.22576841711997986,15664000000.0,0.5332754850387573,1,0,0,0,0,0,0,0
43158189327270786,150.75598392463186,2.3529787711244095,0.17498138546943665,49642000384.0,0.9853278994560242,1,0,0,0,0,0,0,0
75338541030204073,243.73633665708078,53.666179065605654,0.1581254005432129,4181900032.0,0.6054447293281555,1,0,0,0,0,0,0,0
75339511692811894,241.5773139305341,54.04206681583752,0.3234662413597107,23544999936.0,0.7843910455703735,1,0,0,0,0,0,0,1
38553834062118924,35.667162388120346,-4.012671243678213,0.19285942614078522,32507000832.0,0.8335409760475159,1,0,0,0,0,0,0,0
75339369958895617,241.8268942439678,53.88329538724165,0.235728919506073,10592000000.0,0.6604523658752441,1,0,0,0,0,0,0,0
75958944761157233,243.99518667675352,55.41821798490892,0.23174665868282318,103420002304.0,0.784098744392395,1,0,0,0,0,0,0,0
38557948640784351,37.63339242037475,-4.4277785350165715,0.18837401270866394,134180003840.0,0.9362183213233948,1,0,0,0,0,0,0,0
42094270093488546,151.16887598808825,0.8003729810949552,0.11491607874631882,15454000128.0,0.8857198357582092,1,0,0,0,0,0,0,0
75959511696833712,242.86894333284974,56.155978969230674,0.26608362793922424,29140000768.0,0.795920193195343,1,0,0,0,0,0,0,1
37489657130287491,35.49275683837087,-4.951293155506432,0.35932332277297974,25629999104.0,0.7900766134262085,1,0,0,0,0,0,0,0
41619701977090830,350.591083881758,-0.28757397487102815,0.274853378534317,8974000128.0,0.6509072184562683,1,0,0,0,0,0,0,1
42687993487596691,351.0233839069227,0.2721891850152895,0.21931405365467072,33277999104.0,0.9049032926559448,1,0,0,0,0,0,0,1
75959103674939522,243.62247629515304,56.293368870215616,0.11827902495861053,33277999104.0,0.8793773651123047,1,1,0,0,0,1,0,0
44223324036820973,149.7503422485883,3.1922711817685827,0.21973340213298798,146719997952.0,0.9747699499130249,1,1,0,0,0,1,1,0
75959631955929246,242.32178139716666,55.48756800316877,0.2460140585899353,81017004032.0,0.683055579662323,1,0,0,0,0,0,0,0
38558644425481878,36.63894953519092,-4.068642350259161,0.3891257047653198,77129998336.0,0.9179275631904602,1,0,0,0,0,0,0,0
43163265978618289,151.38541180801525,1.9857535533433075,0.20649100840091705,37860999168.0,0.8440819978713989,1,1,0,1,0,0,0,1
75338682764140094,243.44602280205783,53.97436320757483,0.18578560650348663,88917999616.0,0.7885449528694153,1,1,0,0,0,1,0,0
43162978215815055,151.79814757348447,1.553872792003234,0.21014182269573212,73746997248.0,0.5545527935028076,1,0,0,0,0,0,0,0
37489382252379113,35.94105432919773,-4.970427332158122,0.23764769732952118,28274999296.0,0.9685163497924805,1,0,0,0,0,0,0,0
75954688448559828,241.10326024343135,55.64719764344146,0.24725188314914703,15267000320.0,0.5699537992477417,1,0,0,0,0,0,0,0
42692125246130867,352.9983663551036,0.5775022506074168,0.15346409380435944,16000000000.0,0.8614083528518677,1,0,0,0,0,0,0,0
37489115964401888,36.315535348064756,-4.622700772144036,0.19906100630760193,50880000000.0,0.5965873599052429,1,0,0,0,0,0,0,0
41619160811205592,351.25004109263585,-0.011424453599126362,0.26756933331489563,11854000128.0,0.8287205696105957,1,0,0,0,0,0,0,0
42691983512206871,353.13096380302244,0.36907814110201936,0.12969602644443512,20860999680.0,0.5317608714103699,1,0,0,0,0,0,0,0
38553559184197368,36.00880981613126,-4.1579756587548315,0.26888853311538696,16195999744.0,0.9963561296463013,1,1,0,1,0,0,1,0
37484709327956000,34.8439858480603,-5.079379066383444,0.15262505412101746,7342199808.0,0.681114673614502,1,0,0,0,0,0,0,0
37485400817700489,33.844399206962954,-4.7837770627908744,0.17007030546665192,4935499776.0,0.5071418285369873,1,0,0,0,0,0,0,0
75334160163570107,241.15743788129328,54.52045224400601,0.2778608202934265,36993998848.0,0.5839746594429016,1,0,0,0,0,0,0,0
37494196910718631,36.8246819647348,-4.74418172039205,0.38421475887298584,21020999680.0,0.7087814211845398,1,0,0,0,0,0,0,0
75339090786024851,242.5535271867355,53.729563035510814,0.24445053935050964,37424001024.0,0.8784802556037903,1,0,0,0,0,0,0,0
75959773689847033,242.2025516652539,55.65352065924057,0.3224378824234009,27309000704.0,0.5611570477485657,1,1,0,0,0,1,0,0
74701537250671269,243.7396824256853,53.43195908816702,0.34938129782676697,62897999872.0,0.8433523774147034,1,0,0,0,0,0,0,1
75339382843793156,241.7134543747463,54.40908577933352,0.3722054958343506,54136000512.0,0.7966212034225464,1,0,0,0,0,0,0,0
75338699944009418,243.55200436375532,54.728712919892644,0.34700092673301697,191899992064.0,0.9201879501342773,1,1,0,0,0,0,1,0
37489940598127977,35.141836437297606,-4.637313888276604,0.2836182713508606,10613000192.0,0.9320323467254639,1,1,0,0,1,0,1,0
42692120951156212,352.99807684717223,0.2873869336711555,0.24644313752651215,23021000704.0,0.8656712770462036,1,0,0,0,0,0,0,1
37484975615922362,34.31973685472821,-5.482440547226343,0.274122029542923,39543001088.0,0.8823060393333435,1,1,0,0,0,1,0,0
37494192615738313,36.78026715447183,-5.078147015744528,0.2175140380859375,9599299584.0,0.8466471433639526,1,0,0,0,0,0,0,0
75954817297577005,240.70457290746873,55.18372344001851,0.39051249623298645,240490004480.0,0.42091211676597595,1,1,0,0,0,1,0,0
75959382847812173,242.96730309249034,56.48052624065081,0.14271658658981323,18011000832.0,0.8611915111541748,1,0,0,0,0,0,0,0
37484988500830951,34.43654339147601,-4.877102246183417,0.11666713654994965,38037999616.0,0.9554131031036377,1,0,0,0,0,0,0,0
38553975796031523,35.56228409875841,-3.92009978893135,0.21922846138477325,6984000000.0,0.7086997628211975,1,0,0,0,0,0,0,0
37485113054886801,34.27148229298354,-5.37600492811087,0.20326466858386993,82466996224.0,0.8352452516555786,1,0,0,0,0,0,0,0
37494463198688894,36.4780897801435,-5.121704326442094,0.21465253829956055,14044999680.0,0.8278849124908447,1,0,0,0,0,0,0,0
41623408533863905,352.8937986016839,-0.5487038285223592,0.31567803025245667,25457000448.0,0.5541771054267883,1,0,0,0,0,0,0,0
41619835121073595,350.4545680766724,-0.5097323370738165,0.1638387143611908,67247001600.0,0.5317573547363281,1,0,0,0,0,0,0,0
41618868753430010,351.6737397258316,-0.7636201541621277,0.22414223849773407,9932900352.0,0.5707009434700012,1,0,0,0,0,0,0,0
41624087138700229,352.05551100785243,-0.916583080302123,0.29870596528053284,44513001472.0,0.8669812679290771,1,0,0,0,0,0,0,0
75338695649029312,243.3850885823955,54.426831246221944,0.10120154172182083,44934000640.0,0.8259191513061523,1,0,0,0,0,0,0,0
38554113234982658,35.35831933603063,-3.978204336820122,0.07138650119304657,9998100480.0,0.7198355197906494,1,0,0,0,0,0,0,0
75343518897303633,245.05355064636944,54.979580134835665,0.34044694900512695,24886999040.0,0.818447470664978,1,0,0,0,0,0,0,0
44227447205416287,151.5479968811982,3.0669551355177935,0.23640428483486176,63276998656.0,0.9233688116073608,1,0,0,0,0,0,0,0
75338961937010200,242.91670524958715,54.0988656781627,0.3692992031574249,25528999936.0,0.8112596273422241,1,0,0,0,0,0,0,0
38553834062110125,35.64359748731721,-4.091959372947401,0.09707228094339371,6512500224.0,0.891254186630249,1,0,0,0,0,0,0,0
37489498216492445,35.747448081126436,-5.936552173550239,0.2793771028518677,117579997184.0,0.45134371519088745,1,1,0,0,0,1,0,0
37494192615739160,36.737613033052526,-5.076394806313378,0.2156967967748642,37454999552.0,0.8509169816970825,1,0,0,0,0,0,0,0
37493922032802859,37.128675709459934,-4.858900739746706,0.1794307976961136,17674999808.0,0.9573457837104797,1,0,0,0,0,0,0,0
75339515987793411,241.6617724699107,54.387635877992516,0.3399348556995392,221170008064.0,0.8687748312950134,1,0,0,0,0,0,0,0
41619143631344003,351.33070651787204,-0.6962867372447368,0.14066463708877563,68043001856.0,0.7120532989501953,1,0,0,0,0,0,0,0
43153924424754702,149.17007533396006,2.240341888749965,0.11577921360731125,72218001408.0,0.9710506200790405,1,1,1,1,0,0,0,0
38553554889230098,36.086896501842595,-4.365818843189787,0.27666833996772766,195690004480.0,0.8932344913482666,1,1,0,0,0,1,1,0
41623803670864031,352.37756284997124,-1.2172199226730307,0.1088060662150383,37056999424.0,0.9607258439064026,1,0,0,0,0,0,0,0
75954559599541881,241.66718552230788,55.95997390747026,0.2251724749803543,20016001024.0,0.5975903868675232,1,0,0,0,0,0,0,0
75959498811941772,242.62660653422643,55.66045253475237,0.2268344610929489,70356000768.0,0.7647997140884399,1,0,0,0,0,0,0,0
37489648540352159,35.58772699094292,-5.3509919853353045,0.16341176629066467,81579999232.0,0.9327951669692993,1,0,0,0,0,0,0,0
43158876522051345,149.8834729171869,2.450185201252866,0.3511193096637726,83242000384.0,0.6189299821853638,1,0,0,0,0,0,0,0
43154207892598486,148.8048531932336,2.608993158088262,0.3755708634853363,69249998848.0,0.813072919845581,1,0,0,0,0,0,0,0
42691992102148549,353.13680249032154,0.7911971557411498,0.24440975487232208,93958995968.0,0.8512219190597534,1,1,0,0,0,1,1,0
75959369962911087,243.0708156319783,55.9248657757067,0.18180342018604279,47608999936.0,0.9316313862800598,1,0,0,0,0,0,0,0
74701537250673216,243.80337551731049,53.41937234855654,0.11512548476457596,49608998912.0,0.920183539390564,1,0,0,0,0,0,0,0
75339103670929176,242.54710654993207,54.289810806175524,0.3326534330844879,240610000896.0,0.862565279006958,1,0,0,0,0,0,0,0
37484855356847325,34.66581691009063,-4.675687074835175,0.21322420239448547,26961999872.0,0.8102995157241821,1,1,0,0,0,1,1,0
44218238795542934,149.13842937767186,3.1522741823656437,0.18746554851531982,95635996672.0,0.4646366238594055,1,1,0,0,1,0,0,0
43158060478253378,150.9272120809513,2.7054763068642655,0.17287741601467133,83276996608.0,0.5426675081253052,1,0,0,0,0,0,0,0
37489098784531463,36.20705689613049,-5.422070843859464,0.2146129161119461,4878900224.0,0.8859971761703491,1,1,0,0,0,1,0,0
37488969935513907,36.38794089457604,-4.960641255509147,0.29959169030189514,26811000832.0,0.891862154006958,1,0,0,0,0,0,0,0
75958966235985276,243.97798241761262,56.34196132171277,0.09732705354690552,41529999360.0,0.7819130420684814,1,0,0,0,0,0,0,0
38553980091005361,35.58195408655365,-3.6297065298381055,0.18867696821689606,48097001472.0,0.6139230728149414,1,0,0,0,0,0,0,0
38549161137692304,34.54084476908388,-4.1732550095739835,0.20430101454257965,102889996288.0,0.5592114925384521,1,0,0,0,0,0,0,0
42089330881088115,150.3580196358001,1.038933614289992,0.06601866334676743,34921000960.0,0.9894140362739563,1,1,0,0,1,1,0,0
37489798864202252,35.380195329655855,-4.845554841696818,0.09816880524158478,20103999488.0,0.8295955657958984,1,0,0,0,0,0,0,0
75343780890322779,244.3201828286061,54.57003854116078,0.15724000334739685,46784999424.0,0.5518078207969666,1,0,0,0,0,0,0,0
38553280011328023,36.39453648118174,-4.266845351839045,0.1407870501279831,22960001024.0,0.5117530226707458,1,0,0,0,0,0,0,0
38553559184199583,36.12849516856747,-4.131839317708844,0.376015305519104,26639998976.0,0.5034884810447693,1,0,0,0,0,0,0,0
75339524577716898,241.57331204831604,54.61102810118921,0.2504335045814514,84845002752.0,0.8934680223464966,1,0,0,0,0,0,0,0
75954426455563955,241.70503652204718,56.21544008202634,0.300724595785141,25280000000.0,0.8579603433609009,1,0,0,0,0,0,0,0
75343926919206399,243.87328640496617,54.87504156301292,0.32296615839004517,80125001728.0,0.4504031538963318,1,1,0,0,0,1,0,0
38553851241972199,35.77387720347466,-3.43218303214986,0.22329959273338318,74942996480.0,0.6460516452789307,1,1,0,0,0,1,0,0
42692958469787936,351.902441109197,0.9531322031937565,0.2756096124649048,52702998528.0,0.7359461784362793,1,0,0,0,0,0,0,0
37489094489571711,36.3206031565826,-5.496560753172563,0.09217865020036697,21486999552.0,0.9719787836074829,1,0,0,0,0,0,0,0
42692541857949763,352.3263715834615,0.6791228217982483,0.12636753916740417,20558000128.0,0.508363664150238,1,0,0,0,0,0,0,0
41619701977090400,350.6158829062776,-0.2970426853458733,0.3748667538166046,36502999040.0,0.5000078082084656,1,0,0,0,0,0,0,0
41618855868532539,351.6218231848266,-1.2289057990308934,0.19785495102405548,16977999872.0,0.8872717022895813,1,0,0,0,0,0,0,1
75964034297382823,245.0671134374569,55.508141595630484,0.24446718394756317,4755100160.0,0.5708860754966736,1,0,0,0,0,0,0,1
44223195187801435,149.83853032820224,3.5357824478638125,0.1305445432662964,19979999232.0,0.5179027318954468,1,0,0,0,0,0,0,0
41618744199386507,351.8057011290475,-0.13136676853830087,0.15085135400295258,62767001600.0,0.8509925603866577,1,0,0,0,0,0,0,0
75339528872684099,241.46063426882205,54.790935552004875,0.21466653048992157,153370001408.0,0.8182289600372314,1,0,0,0,0,0,0,0
43163412007504917,151.2369525004512,2.3401020338593335,0.20413371920585632,47887998976.0,0.4870220422744751,1,1,0,0,0,1,0,0
37494467493650666,36.512199571911935,-4.98957567951156,0.3829616606235504,145699995648.0,0.9304814338684082,1,0,0,0,0,0,0,0
40554970994468890,352.51706571636464,-1.504097988260002,0.24741539359092712,17451999232.0,0.8436295986175537,1,0,0,0,0,0,0,0
41624074253796856,352.08810531419425,-1.4222757835008715,0.15670154988765717,59723001856.0,0.5801043510437012,1,0,0,0,0,0,0,0
75339528872696546,241.37950724793868,54.92845523202325,0.21980783343315125,22705000448.0,0.8327199220657349,1,0,0,0,0,0,0,1
74696589448348431,242.5687592721626,53.403848008123,0.13857217133045197,62677000192.0,0.8794728517532349,1,0,0,0,0,0,0,0
42692387239137232,352.6095847080663,0.08124473751279189,0.1720115691423416,61865000960.0,0.8077555894851685,1,0,0,0,0,0,0,0
42691979217234626,353.1338384478956,0.09077754109815045,0.2299690991640091,25881999360.0,0.876957893371582,1,0,0,0,0,0,0,0
37494188320775480,36.81335004620315,-5.119051596322801,0.1302122324705124,23949000704.0,0.8885139226913452,1,0,0,0,0,0,0,0
42691846073260890,353.2696910924339,0.45112397806436777,0.2795133888721466,44629999616.0,0.721206784248352,1,0,0,0,0,0,0,0
75338815908117795,243.07728570273622,53.73965199042939,0.18177834153175354,22595000320.0,0.9497001767158508,1,0,0,0,0,0,0,0
44223044863946474,150.1243493387829,3.019193015149427,0.23514872789382935,5363700224.0,0.6168988943099976,1,0,0,0,0,0,0,0
37484563299068163,34.932782347336165,-5.4056809992999595,0.20883896946907043,38613000192.0,0.8442210555076599,1,0,0,0,0,0,0,0
38553559184197212,36.12105736768328,-4.163398207292938,0.24089442193508148,103429996544.0,0.9312030673027039,1,1,0,1,0,0,1,0
75954675563658608,241.16858410992677,55.04298709519257,0.23731032013893127,113569996800.0,0.891352117061615,1,0,0,0,0,0,0,0
75334160163569977,241.22059228427335,54.51616014254946,0.1711517870426178,16723000320.0,0.43199655413627625,1,1,0,1,0,0,0,0
42090297248735669,149.10960229069195,1.3029299477961698,0.34509745240211487,62128001024.0,0.782029390335083,1,0,0,0,0,0,0,0
75339528872686093,241.449410771564,54.83585669827965,0.2549070715904236,79378997248.0,0.8232716917991638,1,1,0,0,0,1,1,0
75334439336439549,240.73709657743188,54.61433333346101,0.2103828340768814,190929993728.0,0.87813401222229,1,0,0,0,0,0,0,0
42089747492920371,149.81016721514516,1.3075813554637483,0.2096678763628006,114330001408.0,0.8149085640907288,1,0,0,0,0,0,0,0
75338699944010907,243.51734081847496,54.73906418991069,0.2901996672153473,37270999040.0,0.716779887676239,1,0,0,0,0,0,0,0
74701537250675195,243.6500594196631,53.44582484080364,0.29033562541007996,42666000384.0,0.7749563455581665,1,0,0,0,0,0,0,0
75338687059105346,243.40203418136585,54.157499080665325,0.21868230402469635,31527000064.0,0.6591305732727051,1,0,0,0,0,0,0,0
42697068753482225,353.7327316984365,0.3927010997749878,0.29108455777168274,153839992832.0,0.9218979477882385,1,0,0,0,0,0,0,0
37489798864208398,35.237533947843644,-4.774932834357164,0.1573171317577362,10124000256.0,0.5202376246452332,1,0,0,0,0,0,0,0
75959644840824014,242.5117077873638,55.9926693702613,0.126609206199646,15731999744.0,0.8432444334030151,1,0,0,0,0,0,0,1
38549427425679277,34.28029262537905,-4.4205249337865276,0.09181118756532669,14382000128.0,0.8575356006622314,1,1,0,0,1,0,0,0
37485134529714076,34.129912988774514,-4.538877507788604,0.18065804243087769,8483200000.0,0.8795468807220459,1,0,0,0,0,0,0,0
37494192615737490,36.80804428656289,-5.099653773257177,0.2080494463443756,17272000512.0,0.7758787870407104,1,0,0,0,0,0,0,0
41623799375882704,352.41704161218036,-1.4845610432967034,0.34448325634002686,44111998976.0,0.8175185918807983,1,0,0,0,0,0,0,0
43158060478261460,150.9607504788751,2.777737298196906,0.16392621397972107,71797997568.0,0.957607626914978,1,0,0,0,0,0,0,0
75959223934016362,243.49900638021808,55.527238298503285,0.10180468112230301,19341000704.0,0.6467773914337158,1,0,0,0,0,0,0,0
41623408533863904,352.8945270083412,-0.546229825068386,0.32718944549560547,105510002688.0,0.6660641431808472,1,0,0,0,0,0,0,0
43154048978808271,148.86354776150117,1.6942000550835066,0.11503852158784866,6981600256.0,0.8486335277557373,1,0,0,0,0,0,0,0
42692258390114619,352.78645082370787,0.3774934740590705,0.3710198998451233,140629999616.0,0.6947058439254761,1,0,0,0,0,0,0,0
38553962911134483,35.52326006531278,-4.422542113434283,0.3329818844795227,16736000000.0,0.5272823572158813,1,0,0,0,0,0,0,0
41628364926117169,353.648694695784,-0.20064497525682784,0.16064167022705078,22712000512.0,0.8765754699707031,1,0,0,0,0,0,0,0
38558648720447477,36.70040879544254,-3.8987885341776334,0.25021207332611084,18143000576.0,0.897689700126648,1,0,0,0,0,0,0,0
36429328489139386,36.21316761780542,-5.997131030202943,0.21170303225517273,112189997056.0,0.8834818601608276,1,0,0,0,0,0,0,0
75959245408860121,243.3351856645551,56.5118757513223,0.1562972366809845,74438000640.0,0.9031462669372559,1,0,0,0,0,0,0,0
75339249699821914,242.33210292340362,54.72003252065207,0.22689948976039886,167560003584.0,0.6742972731590271,1,0,0,0,0,0,0,0
37488969935489586,36.41512952676555,-5.0298074932193195,0.37654250860214233,16606999552.0,0.5097941756248474,1,0,0,0,0,0,0,0
75959369962916828,243.04068122423263,55.96542511008606,0.285134881734848,240509992960.0,0.7740674018859863,1,0,0,0,0,0,0,0
42089605758993515,149.98173000613406,1.0243800669670104,0.26662778854370117,13132000256.0,0.8411402702331543,1,0,0,0,0,0,0,0
75334306192458115,240.87770288880392,54.84283586032045,0.09470859169960022,44790001664.0,0.948067843914032,1,0,0,0,0,0,0,0
37490065152182190,34.970561876604606,-5.187446540987686,0.15782950818538666,5000800256.0,0.8566128611564636,1,1,0,0,0,1,0,0
75338820203098112,243.16592319269597,54.00502925906759,0.15338703989982605,35356000256.0,0.620215654373169,1,0,0,0,0,0,0,0
37484580478945697,34.918122513686036,-4.6193369731633895,0.08248589187860489,13802000384.0,0.9135928750038147,1,0,0,0,0,0,0,0
42692541857960068,352.43751009100913,0.8117482794303659,0.21707497537136078,213950005248.0,0.5304498672485352,1,0,0,0,0,0,0,0
42692391534095619,352.6270144687137,0.1344697364152936,0.2647108733654022,60392001536.0,0.8202253580093384,1,0,0,0,0,0,0,0
75334435041470777,240.60075091871101,54.44021069435278,0.21336202323436737,37413998592.0,0.5028887987136841,1,0,0,0,0,0,0,0
75954563894503153,241.4003214732914,56.085188712728,0.17261119186878204,7789400064.0,0.9040122628211975,1,0,0,0,0,0,0,1
75339662016687448,241.28894002470184,54.75637483721081,0.16619406640529633,77005996032.0,0.6730164289474487,1,0,0,0,0,0,0,0
43158739083089496,150.0723553700567,2.3679380245450488,0.305127888917923,79012003840.0,0.5594322085380554,1,0,0,0,0,0,0,0
75959077905132066,243.74765399886775,55.14258801010412,0.1743825227022171,16010000384.0,0.6263828277587891,1,0,0,0,0,0,0,1
38558227813656763,37.10165986999785,-4.230230522033347,0.22830422222614288,43726000128.0,0.8582215309143066,1,0,0,0,0,0,0,1
43158889406936379,149.9023921233358,2.9488228021763563,0.3848230540752411,33650999296.0,0.45614078640937805,1,1,0,0,0,1,1,0
42692821030832547,352.0945899782282,0.9419176976971355,0.23597225546836853,47727001600.0,0.5572233200073242,1,0,0,0,0,0,0,0
37489249108383104,36.07381781311897,-4.9028682296626895,0.24142074584960938,276089995264.0,0.865613579750061,1,0,0,0,0,0,0,0
37489940598120786,35.23236193693407,-4.694730743945137,0.13571101427078247,35979001856.0,0.9135043025016785,1,0,0,0,0,0,0,0
42692816735871749,352.0309176937847,0.8363968929468633,0.2957732379436493,9754200064.0,0.5155668258666992,1,0,0,0,0,0,0,0
37489506806427965,35.736177300559284,-5.545692223213945,0.18109862506389618,6233500160.0,0.4116259515285492,1,1,0,0,0,1,0,0
37489090194596919,36.31336381823744,-5.784780652307893,0.09370876848697662,6867100160.0,0.9018571376800537,1,0,0,0,0,0,0,0
41624108613534426,352.08233278120554,-0.0060480170892074255,0.22609074413776398,95238995968.0,0.8829101324081421,1,1,0,0,1,1,0,0
41623816555751088,352.4509547575143,-0.8022264609634516,0.23617622256278992,16775000064.0,0.652704656124115,1,0,0,0,0,0,0,0
38553975796033464,35.525615868633274,-3.885101914058784,0.26533788442611694,66241998848.0,0.5072090029716492,1,0,0,0,0,0,0,0
38553975796036987,35.459528646687325,-3.8341059902540007,0.1347137987613678,16970000384.0,0.7266311645507812,1,0,0,0,0,0,0,0
38558236403589977,37.20896875813327,-3.908853663073827,0.22223420441150665,40777998336.0,0.6222529411315918,1,1,0,0,0,1,0,0
75959507401868153,242.66964178389952,55.940067642707994,0.18820932507514954,16464000000.0,0.5555270910263062,1,0,0,0,0,0,0,0
41619139336371179,351.22247029885114,-0.9557705765292648,0.0988231673836708,5335399936.0,0.9812234044075012,1,1,0,0,1,1,0,0
37490060857208427,34.988718679716456,-5.396837479672674,0.18661098182201385,108480004096.0,0.9307073354721069,1,1,0,0,0,1,1,0
75954825887512339,240.96018344990722,55.62081660625955,0.3615109324455261,19484000256.0,0.5077434778213501,1,0,0,0,0,0,0,0
75334310487417593,241.04331909489693,54.96652062207709,0.38172563910484314,43504001024.0,0.8525297045707703,1,0,0,0,0,0,0,0
37489244813417997,36.03684303292612,-5.0628849247710255,0.2101852148771286,14999000064.0,0.5294994115829468,1,0,0,0,0,0,0,0
37494192615736588,36.73053894700244,-5.105972217930848,0.23465284705162048,37753999360.0,0.7150495052337646,1,1,0,0,0,0,1,0
43163145719542495,151.61387816080432,2.865082768965985,0.21124742925167084,63450001408.0,0.9369677305221558,1,0,0,0,0,0,0,0
37493651449869101,37.60967931127122,-4.584668454786539,0.24858687818050385,5426800128.0,0.7937185764312744,1,0,0,0,0,0,0,0
75343780890318381,244.25003176884235,54.534363547764734,0.20525075495243073,12472999936.0,0.8703048229217529,1,0,0,0,0,0,0,0
43154323856708331,148.59169535199018,1.6047873172284288,0.07859021425247192,45390000128.0,0.681726336479187,1,0,0,0,0,0,0,0
37489665720220493,35.43004153648579,-4.598816511620927,0.2621098756790161,22496000000.0,0.5801196098327637,1,0,0,0,0,0,0,0
37494201205680599,36.855093821119674,-4.603052710217899,0.27647730708122253,118869999616.0,0.8404445052146912,1,0,0,0,0,0,0,0
42696935609483766,353.8535966489305,0.5748673653142116,0.17653623223304749,39187001344.0,0.697374701499939,1,1,0,0,0,1,1,1
75959241113895861,243.49824182964392,56.33868805616257,0.170697882771492,73883000832.0,0.7352554202079773,1,0,0,0,0,0,0,0
36429465928095276,36.09308862720513,-5.992937086374639,0.278761625289917,68261998592.0,0.7725591063499451,1,0,0,0,0,0,0,0
75959627660957612,242.35170256394173,55.283486418593654,0.3478202223777771,84906999808.0,0.5621515512466431,1,1,0,0,1,0,0,0
38558640130507843,36.71622367146956,-4.355261754173462,0.23320694267749786,93307002880.0,0.7485296726226807,1,0,0,0,0,0,0,0
42692524678089428,352.3454683941265,0.010343769977384376,0.14723297953605652,59750998016.0,0.5767308473587036,1,0,0,0,0,0,0,0
75338824498054777,243.0735676640884,54.10211515684813,0.15935122966766357,18855000064.0,0.6545971632003784,1,0,0,0,0,0,0,0
75338833087986412,243.1776230251728,54.46044860461925,0.39036571979522705,39390998528.0,0.9544699192047119,1,0,0,0,0,0,0,0
75343656336255598,244.57962702465522,54.982492070249904,0.3255341351032257,132550000640.0,0.7839072942733765,1,0,0,0,0,0,0,0
75959503106909938,242.86661026007425,55.86223839211866,0.23486100137233734,97929003008.0,0.9573410153388977,1,1,0,0,1,1,1,0
75338691354069476,243.53045392036648,54.318821367778476,0.23421119153499603,59803000832.0,0.9394388794898987,1,0,0,0,0,0,0,0
43163278863531356,151.36001614837173,2.6548021140812734,0.0704934298992157,8443899904.0,0.9376577138900757,1,1,1,0,0,0,0,0
38554108940014847,35.40188327726131,-4.15882887064371,0.33092889189720154,61540999168.0,0.7193924188613892,1,1,0,0,0,1,1,0
44227868112227127,151.08002375567548,3.615826525593468,0.2034541517496109,36181000192.0,0.36621731519699097,1,1,0,0,0,1,1,0
37494055176783176,36.99464142056298,-5.103562486518543,0.335222452878952,21927999488.0,0.5076481699943542,1,0,0,0,0,0,0,0
75338953347071795,242.69943712487466,53.74199297410377,0.24004380404949188,5484100096.0,0.9110044240951538,1,0,0,0,0,0,0,0
37489244813420958,36.14175825199432,-5.021226328277565,0.28765439987182617,197340004352.0,0.7199059128761292,1,0,0,0,0,0,0,0
42085207712483514,148.533534912091,1.198810476166634,0.2655239999294281,19018999808.0,0.7611952424049377,1,0,0,0,0,0,0,1
75339528872692734,241.37603513299882,54.867083887046626,0.14839090406894684,17429000192.0,0.5076131224632263,1,0,0,0,0,0,0,0
37490060857210269,34.98232594864119,-5.377991207467951,0.09717319905757904,11719999488.0,0.8269721865653992,1,0,0,0,0,0,0,0
74696722592320998,242.1234772841146,53.24729725832778,0.19253820180892944,26475999232.0,0.9042357206344604,1,0,0,0,0,0,0,0
75959232523971701,243.61959451437951,56.032756125379,0.24330896139144897,47834001408.0,0.8459615707397461,1,0,0,0,0,0,0,0
41624100023590367,351.9850850499483,-0.4609008312402012,0.28666791319847107,42953998336.0,0.8726977109909058,1,0,0,0,0,0,0,0
38554108940026922,35.338905305203276,-4.02346219923478,0.08801453560590744,11228000256.0,0.7435287237167358,1,0,0,0,0,0,0,0
37485263378737794,34.09527619849789,-4.887081485277573,0.22947165369987488,14624000000.0,0.7208704948425293,1,0,0,0,0,0,0,0
37494201205682333,36.80247119350241,-4.600499993411009,0.2555214464664459,178080006144.0,0.7709301114082336,1,1,0,0,0,1,0,0
37489519691324829,35.61588098132868,-5.0902334145079005,0.2559577226638794,8056500224.0,0.6603747606277466,1,0,0,0,0,0,0,0
75339498807912336,241.49448033169918,53.57723873978888,0.23786300420761108,40410001408.0,0.8514196872711182,1,0,0,0,0,0,0,0
37489103079504153,36.24079551015144,-5.153086361544718,0.11903650313615799,17933000704.0,0.9442765116691589,1,0,0,0,0,0,0,0
38554388112887976,34.99001071012703,-3.9560421303713706,0.10727613419294357,17220999168.0,0.9426271915435791,1,1,0,1,0,0,0,0
74696864326246354,242.06154070172965,53.379990014312284,0.17389418184757233,20017000448.0,0.3653365969657898,1,1,0,0,0,1,0,0
74701812128576866,242.9936605174706,53.32267774275526,0.17709358036518097,5203400192.0,0.7658454775810242,1,0,0,0,0,0,0,0
37489803159178168,35.363995946616754,-4.566388082204873,0.1323869824409485,7165899776.0,0.9977036714553833,1,0,0,0,0,0,0,0
42090301543699643,149.001464962334,1.4386418322190593,0.32797032594680786,67490000896.0,0.5269487500190735,1,0,0,0,0,0,0,0
75954821592543272,240.78387882138554,55.38297356602195,0.1071382611989975,7198300160.0,0.8663305044174194,1,0,0,0,0,0,0,0
38548894849716827,34.91839056500629,-3.7324007793750753,0.23660743236541748,225070006272.0,0.9547477960586548,1,0,0,0,0,0,0,1
38558227813659780,37.166989938668664,-4.217506617747758,0.11425914615392685,48908001280.0,0.9528056383132935,1,0,0,0,0,0,0,0
75338957642042903,242.88246033616284,53.92683630969442,0.30579155683517456,16881000448.0,0.8132765293121338,1,0,0,0,0,0,0,0
42089747492913875,149.85431036228218,1.2516940701945758,0.37276649475097656,195869999104.0,0.9279184937477112,1,1,0,0,0,0,1,0
37484709327955348,34.80184353478718,-5.083820350701914,0.1590476781129837,229549998080.0,0.9909970760345459,1,1,1,0,0,0,1,0
42692133836055190,353.0477009408985,0.8404124866998162,0.2677975594997406,114400002048.0,0.46122977137565613,1,1,0,0,1,1,0,0
43154190712729867,148.76589668168634,1.896284891520583,0.20355874300003052,81838997504.0,0.8084651827812195,1,0,0,0,0,0,0,0
75344047178284184,243.81625652054785,54.118403397089004,0.2259189337491989,73363996672.0,0.8761004209518433,1,1,0,0,0,1,1,0
44227314061421600,151.67812520544956,3.3193494238249515,0.28785240650177,134429999104.0,0.8688580989837646,1,1,0,0,0,1,1,0
44223324036820980,149.75622015772893,3.1904467921231854,0.144786536693573,54148001792.0,0.7968281507492065,1,0,0,0,0,0,0,0
75339086491064959,242.3833675756953,53.62017804100637,0.06411481648683548,25124999168.0,0.9688253402709961,1,0,0,0,0,0,0,0
44223049158902178,150.0050246088129,3.0863983085437754,0.20775988698005676,4591900160.0,0.943587064743042,1,0,0,0,0,0,0,0
41619680502243799,350.537515060082,-1.3534374972346888,0.3777710497379303,41028001792.0,0.6591653227806091,1,0,0,0,0,0,0,0
43159159989890289,149.58899058950914,2.8083691194063767,0.24688275158405304,42154000384.0,0.59842449426651,1,1,0,0,0,1,0,0
75338820203094949,243.28196826106432,53.97231173551106,0.3464525640010834,25056999424.0,0.5734891891479492,1,0,0,0,0,0,0,0
74696864326246920,242.0290613033353,53.39073100690337,0.0653948187828064,16771999744.0,0.8663526773452759,1,0,0,0,0,0,0,0
37489115964394437,36.33597146574642,-4.713395502914105,0.23822396993637085,25398999040.0,0.6464678645133972,1,0,0,0,0,0,0,0
42094686705309400,150.48623819928386,0.8746410386353332,0.23478014767169952,79516000256.0,0.5462791919708252,1,0,0,0,0,0,0,0
37494205500644339,36.78051967150124,-4.47142462697404,0.24705518782138824,32977000448.0,0.9963574409484863,1,0,0,0,0,0,0,0
38554113234993602,35.32105748482466,-3.841563305830584,0.2885311245918274,31718000640.0,0.6096106767654419,1,0,0,0,0,0,0,0
41623816555764574,352.4949834647375,-0.6610796633586108,0.22568432986736298,19772000256.0,0.69767165184021,1,0,0,0,0,0,0,0
43163145719520425,151.6251711219563,2.84676846399464,0.24397747218608856,10956999680.0,0.9442367553710938,1,0,0,0,0,0,0,1
75343785185280035,244.45186463999494,54.633382999228374,0.3438050150871277,19271999488.0,0.6454038023948669,1,0,0,0,0,0,0,0
37494476083583891,36.47870703141049,-4.6496558302508495,0.09544557332992554,18852999168.0,0.8968022465705872,1,0,0,0,0,0,0,0
42094141244466073,151.22554473776663,1.0847465363909954,0.33768776059150696,19889000448.0,0.944473385810852,1,1,0,0,0,1,1,0
37493793183785297,37.47071234692,-4.476995259891903,0.17841847240924835,74185998336.0,0.8638321161270142,1,0,0,0,0,0,0,0
38554113234988489,35.30331355255213,-3.9122747141724914,0.26601287722587585,15109000192.0,0.8612366914749146,1,0,0,0,0,0,0,0
43163407712545464,151.13655837309855,2.221089831875556,0.3313260078430176,94323998720.0,0.560196578502655,1,0,0,0,0,0,0,0
38553971501069586,35.49354986595655,-4.04593543125983,0.13772468268871307,64571998208.0,0.8016290664672852,1,1,0,0,0,1,0,0
75338691354064268,243.33824193510014,54.27794468264286,0.24929992854595184,40212000768.0,0.919166088104248,1,0,0,0,0,0,0,0
38558086079738058,37.36626234739302,-4.426988688944234,0.2525339722633362,15530999808.0,0.5922561883926392,1,0,0,0,0,0,0,0
37489231928517274,36.113019357465056,-5.610900665882089,0.2953006327152252,175969992704.0,0.9266366362571716,1,0,0,0,0,0,0,0
37494338644638256,36.5363263536356,-4.574211351825031,0.16207127273082733,10581999616.0,0.9238307476043701,1,0,0,0,0,0,0,0
37493922032802858,37.13336295276667,-4.859437608535387,0.12161847203969955,26289999872.0,0.8868027925491333,1,0,0,0,0,0,0,0
42692679296914972,352.17417314823865,0.8251714154669382,0.28340521454811096,17799000064.0,0.9097625613212585,1,0,0,0,0,0,0,0
42697073048459745,353.7043079146974,0.6283168331337246,0.23968219757080078,11290999808.0,0.53028804063797,1,0,0,0,0,0,0,0
43163128539657360,151.48190802583247,1.9662698535709615,0.3466048836708069,17301000192.0,0.7660325765609741,1,0,0,0,0,0,0,0
75338811613156628,243.12594624373415,53.60263428278627,0.05852479860186577,15505999872.0,0.8019598722457886,1,0,0,0,0,0,0,0
75959511696844041,242.66413694516814,56.2450333999118,0.26821190118789673,7120000000.0,0.879571795463562,1,0,0,0,0,0,0,0
41623404238899339,352.93613797312946,-0.6730420762028779,0.14601528644561768,167270006784.0,0.8916074633598328,1,0,0,0,0,0,0,0
37485263378737965,33.93880408327414,-4.852264510545469,0.11362992972135544,11777999872.0,0.6995367407798767,1,0,0,0,0,0,0,1
75339520282762719,241.38796398841276,54.52920234974455,0.10891664773225784,9515200512.0,0.931842565536499,1,0,0,0,0,0,0,0
75959498811929924,242.80505704730038,55.57131646412738,0.17814676463603973,65437999104.0,0.9761273860931396,1,1,0,0,0,1,1,0
75343780890319749,244.46807705937857,54.55309894494492,0.29616785049438477,38122000384.0,0.4797140955924988,1,1,0,0,0,1,1,0
38553709508058690,35.902989337249494,-3.5210001951832,0.2032041996717453,38385999872.0,0.6857103109359741,1,0,0,0,0,0,0,0
41619156516244547,351.21103722734864,-0.12671144429844558,0.1709846705198288,16704000000.0,0.8450444936752319,1,0,0,0,0,0,0,0
76552676745172567,242.3407378322948,56.70413335182768,0.2950249910354614,11870999552.0,0.7455855011940002,1,0,0,0,0,0,0,0
37489661425241505,35.53990219826688,-4.916208733328558,0.2205195277929306,111309996032.0,0.6538239121437073,1,0,0,0,0,0,0,0
75343901149401445,244.05213625647662,53.826914311988915,0.12552568316459656,28797999104.0,0.9021235704421997,1,0,0,0,0,0,0,0
41618993307487428,351.50086719682554,-1.2250259218075041,0.35099145770072937,67803000832.0,0.9232774972915649,1,0,0,0,0,0,0,0
41624095728621871,352.1220870354908,-0.6408477123956731,0.22505733370780945,129499996160.0,0.7587802410125732,1,0,0,0,0,0,0,0
75959361372988749,242.97474376611754,55.652359055450006,0.21401222050189972,250310000640.0,0.7370195984840393,1,0,0,0,0,0,0,0
75954684153597008,241.08247407088206,55.45364695642187,0.15447872877120972,55623999488.0,0.5616163015365601,1,0,0,0,0,0,0,0
38554259263866560,35.11929959957141,-3.6069416948797706,0.2542208433151245,131180003328.0,0.7772533893585205,1,0,0,0,0,0,0,0
75343643451352195,244.5294383781287,54.40659501706974,0.10412120074033737,13319999488.0,0.9866423606872559,1,0,0,0,0,0,0,0
41619276775323936,351.05961028456056,-0.9383347908026485,0.14397761225700378,44254998528.0,0.8800983428955078,1,0,0,0,0,0,0,0
37494050881816298,36.952078219251874,-5.168905703664441,0.24159033596515656,223800000512.0,0.8415731191635132,1,0,0,0,0,0,0,0
37494055176784292,37.03122667390887,-5.089686553168648,0.22827690839767456,16440999936.0,0.6154289245605469,1,0,0,0,0,0,0,0
38553834062112823,35.70694469422032,-4.074423270541341,0.3033842444419861,20287000576.0,0.8904685974121094,1,0,0,0,0,0,0,0
44223328331781944,149.68063214843676,3.3133283272019938,0.23741939663887024,94227996672.0,0.4791460931301117,1,1,0,0,0,1,1,0
37489231928518018,36.119296099524604,-5.60307404835581,0.2577230930328369,104970002432.0,0.7850538492202759,1,1,0,0,0,1,1,0
37489807454132938,35.37969540594179,-4.494466311261113,0.3448501229286194,52265000960.0,0.8640356063842773,1,0,0,0,0,0,0,0
75959241113897022,243.57599531372182,56.352722791227166,0.1314578503370285,89457999872.0,0.9546632170677185,1,0,0,0,0,0,0,0
42697064458510736,353.6277300089896,0.12718968135289688,0.10241513699293137,10206999552.0,0.5094305276870728,1,0,0,0,0,0,0,0
38549569159596675,34.050252878223,-4.248906843880809,0.10337746143341064,27737999360.0,0.9799942970275879,1,1,0,0,0,0,1,0
43158051888326439,150.98301579723523,2.4132937977242372,0.18154984712600708,20423999488.0,0.9312827587127686,1,0,0,0,0,0,0,1
42089743197948785,149.77213589467797,1.0779627625940824,0.06713751703500748,12428999680.0,0.9231910109519958,1,0,0,0,0,0,0,0
41619551653234494,350.72505314810417,-0.8902342508835985,0.21910183131694794,89138003968.0,0.7907320857048035,1,0,0,0,0,0,0,0
37489236223489106,36.0510017595099,-5.362671139757233,0.24548828601837158,15018999808.0,0.615340530872345,1,0,0,0,0,0,0,0
41619135041405981,351.23310345109536,-1.1132720884965437,0.25102028250694275,68639997952.0,0.518694281578064,1,0,0,0,0,0,0,0
42692524678088330,352.3469467382601,0.003450326391821974,0.10614413022994995,28054999040.0,0.893142580986023,1,0,0,0,0,0,0,0
42691837483319875,353.3115541061177,0.01933113346747606,0.22286131978034973,70289997824.0,0.9587153196334839,1,1,0,0,0,1,0,0
41619147926299863,351.32323625226184,-0.6221447262836951,0.33331385254859924,102710001664.0,0.8577162027359009,1,0,0,0,0,0,0,0
43158610234079271,150.28737900487027,2.8560420983973387,0.203783318400383,32465999872.0,0.9339125156402588,1,0,0,0,0,0,0,0
75954825887504601,240.81989132950486,55.51617472759663,0.30223309993743896,9030599680.0,0.84702068567276,1,0,0,0,0,0,0,0
37489794569239804,35.25064774838373,-4.997617814228695,0.15651322901248932,35399999488.0,0.5072469115257263,1,0,0,0,0,0,0,0
75959507401882389,242.94548035726365,56.06042884864027,0.20488807559013367,40919998464.0,0.7040983438491821,1,0,0,0,0,0,0,0
75344047178284352,243.80339797782227,54.12839421642445,0.18228057026863098,14362999808.0,0.998858630657196,1,0,0,0,0,0,0,0
75339662016680371,241.33940326112412,54.69241791563803,0.16711542010307312,40428998656.0,0.9225411415100098,1,0,0,0,0,0,0,0
42090421802777158,148.9286138193518,0.7416167095290978,0.1635282337665558,37839998976.0,0.7742605209350586,1,1,0,0,1,1,0,0
42697201897476507,353.45313093727464,0.2585585659612731,0.29493579268455505,103620001792.0,0.5328689813613892,1,0,0,0,0,0,0,0
75334443631405819,240.48604825819473,54.7794948157999,0.22365744411945343,41329000448.0,0.36648255586624146,1,1,0,0,1,0,0,0
37488978525439215,36.40234057260211,-4.724101822155181,0.2969607412815094,10826000384.0,0.6864209175109863,1,0,0,0,0,0,0,0
43163141424566168,151.60336851339517,2.515710589920359,0.15295366942882538,102729998336.0,0.863176703453064,1,0,0,0,0,0,0,0
38553967206094424,35.463747810592075,-4.3411964757378625,0.10832835733890533,20297000960.0,0.8739026784896851,1,0,0,0,0,0,0,0
43158477090076411,150.3669680573975,2.961540180759148,0.21018685400485992,136339996672.0,0.6282146573066711,1,1,0,0,0,1,1,0
37485263378734996,33.98875775229025,-4.909978158346072,0.23947396874427795,125739999232.0,0.36036917567253113,1,1,0,0,0,1,0,0
42687997782547303,351.1079226458771,0.3479231451657172,0.1464441567659378,13692999680.0,0.3516272008419037,1,1,0,0,0,1,1,1
42692679296913795,352.21423521439914,0.8019628988964486,0.2834877073764801,26372999168.0,0.685057520866394,1,0,0,0,0,0,0,0
41623962584643054,352.2823569373352,-0.3987005579043566,0.2896740734577179,74575003648.0,0.6881890892982483,1,1,0,0,0,1,0,0
37493917737831973,37.163498292932886,-5.085588920691257,0.19755926728248596,4328099840.0,0.8460232019424438,1,0,0,0,0,0,0,0
42090009485936184,149.4099952954969,0.8310150569332329,0.2797226011753082,26973999104.0,0.9089314937591553,1,1,0,0,0,1,1,0
42697068753481674,353.6947847298247,0.38710804763260587,0.3230368196964264,46719000576.0,0.9647485613822937,1,0,0,0,0,0,0,0
75338566800024228,243.65320781935694,54.9147780257976,0.24187977612018585,26370000896.0,0.5139878988265991,1,0,0,0,0,0,0,0
43158322471262129,150.6812946299018,2.2061964476396514,0.10875555127859116,18660999168.0,0.5027479529380798,1,0,0,0,0,0,0,0
43158730493148815,149.9771510984679,2.0048642617099164,0.10182259976863861,16062999552.0,0.9601067900657654,1,0,0,0,0,0,0,0
43163261683654973,151.406788478577,1.842042567689583,0.06057991087436676,55958999040.0,0.9793680906295776,1,0,0,0,0,0,0,0
37494471788625903,36.46069694430294,-4.751739121012361,0.10557585209608078,7189400064.0,0.703653872013092,1,0,0,0,0,0,0,1
41623550267782340,352.84322971246894,-0.3863325783087436,0.23094351589679718,34191998976.0,0.7839862108230591,1,0,0,0,0,0,0,1
38553709508058219,35.91466922415442,-3.511732530105739,0.24622517824172974,160960004096.0,0.7446762919425964,1,0,0,0,0,0,0,1
40550710386910810,350.92934558050393,-1.5018178798375237,0.09218378365039825,23108999168.0,0.8273028135299683,1,0,0,0,0,0,0,0
38554246378977449,35.11186875982916,-4.018585285304979,0.3928052484989166,108640002048.0,0.7110412120819092,1,0,0,0,0,0,0,0
74701812128575323,243.05921141561365,53.30965833790365,0.1055939793586731,44036001792.0,0.9727921485900879,1,0,0,0,0,0,0,0
75339365663927392,241.93634182355078,53.6950734263311,0.17556366324424744,5351300096.0,0.9935277700424194,1,0,0,0,0,0,0,0
42687864638568744,351.215192942042,0.5390964959506003,0.18109358847141266,34892001280.0,0.6878311634063721,1,1,0,0,0,1,0,0
37484838176970549,34.54974127498277,-5.478896786085644,0.31373339891433716,103280001024.0,0.46223241090774536,1,1,0,0,0,1,1,0
38549023698750642,34.75427546273634,-4.010241517176792,0.1376514434814453,53356998656.0,0.8848999738693237,1,1,0,0,0,1,0,1
75338687059092241,243.54599141774116,54.030352791341805,0.19364379346370697,16949000192.0,0.6739921569824219,1,1,0,0,0,1,0,0
38557952935743197,37.51473363438828,-4.344393045051543,0.3195035457611084,21571999744.0,0.5018880367279053,1,0,0,0,0,0,0,0
38553280011330147,36.37589472013189,-4.235628547440106,0.16628438234329224,35600998400.0,0.9962791800498962,1,0,0,0,0,0,0,0
37493917737838856,37.18771182704478,-4.992547560022017,0.08474624156951904,60358000640.0,0.9976895451545715,1,0,0,0,0,0,0,0
43153937309654439,149.16795426587794,2.750783191481489,0.07430175691843033,14259999744.0,0.8344072103500366,1,0,0,0,0,0,0,0
44227588939342906,151.3028771364762,3.323196217025458,0.17490427196025848,23655999488.0,0.5967884659767151,1,0,0,0,0,0,0,0
37489244813427388,36.072282185349664,-4.944563977627636,0.24899165332317352,7732599808.0,0.7998454570770264,1,0,0,0,0,0,0,0
42089880636898702,149.65739575957406,1.0364321189767116,0.14945349097251892,19021000704.0,0.5638585686683655,1,0,0,0,0,0,0,0
75338691354064668,243.618521064513,54.277677065131996,0.16548684239387512,16693000192.0,0.8004969954490662,1,0,0,0,0,0,0,0
38558373842546178,37.05327904189582,-3.855090986714159,0.14497417211532593,15388999680.0,0.5993825197219849,1,0,0,0,0,0,0,0
75954546714641194,241.41516587616672,55.415251075163184,0.2648301124572754,27196000256.0,0.5470713376998901,1,0,0,0,0,0,0,0
42697206192437624,353.5414203475127,0.3389308775035827,0.23543773591518402,74018996224.0,0.5548040866851807,1,0,0,0,0,0,0,0
75959369962924477,242.9927646200376,56.03437972754528,0.22665658593177795,26383998976.0,0.909572958946228,1,0,0,0,0,0,0,0
41623674821834401,352.5923170755014,-0.971747432571047,0.1528419554233551,129439997952.0,0.9499280452728271,1,0,0,0,0,0,0,0
37489098784528309,36.3403817074314,-5.464016161766994,0.20131683349609375,9344199680.0,0.6728071570396423,1,1,0,0,0,1,0,0
43159142810005111,149.56769464926197,1.9689952560880097,0.14289186894893646,15265999872.0,0.5197783708572388,1,0,0,0,0,0,0,0
41623812260788256,352.4081545138995,-1.0226701315949531,0.24375209212303162,36086001664.0,0.7551389336585999,1,0,0,0,0,0,0,1
37489940598128402,35.152691542352095,-4.622737240602338,0.20030443370342255,151239999488.0,0.9820441603660583,1,0,0,0,0,0,0,0
75964171736353504,244.84702177709931,55.6054851658103,0.2183401733636856,23346999296.0,0.6069196462631226,1,0,0,0,0,0,0,0
37489386547336857,35.88547966537413,-4.881805707105451,0.2032339721918106,5139400192.0,0.5575332641601562,1,0,0,0,0,0,0,0
42093999510539923,151.41335014215895,0.8533191699749827,0.07397843152284622,12629000192.0,0.9529209136962891,1,1,0,1,0,0,1,0
38558511281492196,36.88973181443231,-3.9385203679060914,0.14348839223384857,7912399872.0,0.6132010221481323,1,0,0,0,0,0,0,0
38558094669673565,37.291577148134536,-4.027129557669198,0.07789591699838638,3165499904.0,0.957844614982605,1,1,0,0,0,1,0,0
42090284363831783,149.07489175608666,0.7190345119254938,0.15939961373806,12277000192.0,0.5810202956199646,1,0,0,0,0,0,0,0
75339241109884713,242.24156506805974,54.30499788869629,0.17389412224292755,148549992448.0,0.9596563577651978,1,1,0,0,1,1,0,0
42692945584892770,351.8633215738411,0.43972294450764016,0.2657899856567383,13920000000.0,0.6052603721618652,1,0,0,0,0,0,0,0
37494192615737674,36.82925608034267,-5.096212970533723,0.24150778353214264,18740000768.0,0.5120775699615479,1,0,0,0,0,0,0,0
75338957642048255,242.72829565637403,53.98328607229944,0.24705587327480316,46053998592.0,0.5191128849983215,1,0,0,0,0,0,0,0
75339653426741402,241.28943694437282,54.29837051494586,0.09954121708869934,18013999104.0,0.8084079027175903,1,0,0,0,0,0,0,0
37489794569229447,35.266550414725664,-5.102985110987426,0.27260974049568176,37830000640.0,0.9471511840820312,1,1,0,0,0,0,1,0
37489115964396776,36.209102491968835,-4.6875343273214956,0.1718844473361969,18709000192.0,0.7502641677856445,1,0,0,0,0,0,0,0
37489652835317876,35.5055134370287,-5.176162904516816,0.19937732815742493,28981000192.0,0.8727483749389648,1,1,0,1,0,0,0,0
75959503106906938,242.90937723311754,55.82258251538959,0.24328282475471497,6238799872.0,0.5945368409156799,1,1,0,0,0,1,1,0
42692400124040486,352.55117222217984,0.6424525629227568,0.27808287739753723,170210000896.0,0.8289605975151062,1,0,0,0,0,0,0,0
74701807833605285,242.99028309826832,53.26021785977903,0.22445669770240784,38523998208.0,0.5888585448265076,1,1,0,0,0,1,0,0
41623941109806988,352.2134365814107,-1.3390647690363362,0.19277332723140717,31295000576.0,0.8653247356414795,1,1,0,0,0,1,0,0
75338691354070150,243.38877408600723,54.3273498987931,0.1678866595029831,45120000000.0,0.5050053596496582,1,0,0,0,0,0,0,0
42687868933540880,351.2847777821169,0.80620308966432,0.221904456615448,68268998656.0,0.9160308837890625,1,1,0,0,1,0,0,0
44227730673272829,151.12736741693433,3.6148099626064654,0.21683797240257263,3358099968.0,0.758564829826355,1,1,0,0,0,1,0,0
38557952935745405,37.65449599986944,-4.314271288536949,0.3348371684551239,33002000384.0,0.8750206828117371,1,0,0,0,0,0,0,1
75339533167656156,241.58935689836488,55.02046489404982,0.200339213013649,31318999040.0,0.5262842774391174,1,0,0,0,0,0,0,0
44223049158902181,149.9973569505159,3.08912171768376,0.16782817244529724,29951000576.0,0.36810052394866943,1,1,0,0,0,1,0,0
74701537250675194,243.6498915421131,53.4442070579348,0.2844413220882416,189890002944.0,0.6419286131858826,1,0,0,0,0,0,0,0
43159022550932847,149.60008547466188,2.8211612456427697,0.3055945634841919,256769998848.0,0.5786677002906799,1,0,0,0,0,0,0,0
38549015108820279,34.793653232560494,-4.38255650707682,0.20627480745315552,40452001792.0,0.5589513778686523,1,1,0,0,0,1,0,0
76557761986454544,243.4111499957042,56.63021850642864,0.07771364599466324,29842999296.0,0.9410690665245056,1,0,0,0,0,0,0,0
37489253403357881,36.12498720426872,-4.603797843992939,0.08280344307422638,32995000320.0,0.998013973236084,1,0,0,0,0,0,0,0
75959631955927180,242.53209160845557,55.473620852160835,0.3690829575061798,30044999680.0,0.9509040713310242,1,0,0,0,0,0,0,1
75338691354056996,243.47416211746307,54.20520922712109,0.12454342842102051,37615001600.0,0.7707429528236389,1,0,0,0,0,0,0,0
38553838357080805,35.68567164476557,-3.8586050759920445,0.25274884700775146,46341001216.0,0.9776186943054199,1,0,0,0,0,0,0,0
42085070273542420,148.78865720903926,1.1758409989180776,0.14041943848133087,32898000896.0,0.5798373818397522,1,1,0,0,0,1,0,0
42697073048459206,353.6995136550893,0.6317072697587149,0.10170202702283859,28827000832.0,0.8841082453727722,1,1,0,0,0,1,0,0
37489657130284495,35.522414972324206,-4.987495861299264,0.19926176965236664,20459999232.0,0.8232063055038452,1,0,0,0,0,0,0,0
38553692328191538,35.902808392440996,-4.293156792496626,0.18988293409347534,7738899968.0,0.7857552170753479,1,1,0,0,0,1,0,0
75334173048469808,241.16758698942604,55.00548487007082,0.15109556913375854,113139998720.0,0.686495840549469,1,0,0,0,0,0,0,0
75338562505042305,243.70118439792947,54.59284288223065,0.3680427372455597,9690000384.0,0.5371668934822083,1,0,0,0,0,0,0,0
74696593743313952,242.40053522480446,53.54085018910153,0.18245501816272736,58187001856.0,0.8914342522621155,1,0,0,0,0,0,0,0
38558365252607281,36.996183282158164,-4.312693468608387,0.05891640484333038,10053999616.0,0.8198294043540955,1,0,0,0,0,0,0,0
43163412007493808,151.23407054807217,2.4928271359662006,0.23231364786624908,6382400000.0,0.6441241502761841,1,0,0,0,0,0,0,0
44227726378300529,151.2007011042689,3.3474987218637176,0.33698537945747375,153609994240.0,0.7438262701034546,1,1,0,0,1,0,1,0
75959378552852272,243.15723090156564,56.34640965423234,0.19894050061702728,34215000064.0,0.7754453420639038,1,0,0,0,0,0,0,0
38553692328187759,35.957684353363696,-4.34082186590559,0.27616357803344727,6278499840.0,0.8115654587745667,1,0,0,0,0,0,0,0
41623533087912981,352.84415336833257,-1.153735465293874,0.230107381939888,53596000256.0,0.6853342056274414,1,0,0,0,0,0,0,0
43159013961001771,149.59792081420363,2.341642761851859,0.09059600532054901,30159998976.0,0.9795002937316895,1,0,0,0,0,0,0,1
41619281070298087,351.1960327612252,-0.6990594986847817,0.3861638009548187,108349997056.0,0.8212277889251709,1,0,0,0,0,0,0,0
75959490221996506,242.88867397734725,55.21017921656172,0.1782161444425583,45839998976.0,0.8721399903297424,1,1,0,0,0,1,1,0
37489090194595642,36.20791370906166,-5.805669203680919,0.15044952929019928,16160000000.0,0.7863578200340271,1,1,0,0,1,1,0,0
75343905444369659,243.9382341184339,53.98728685224614,0.13926932215690613,27616000000.0,0.9535841941833496,1,0,0,0,0,0,0,0
37489094489566907,36.17442084588625,-5.565401228189082,0.2985121011734009,39429001216.0,0.8476437926292419,1,1,0,0,0,1,1,0
42687448026750335,351.77963292607467,0.3955761949277684,0.20370328426361084,34108000256.0,0.5709782242774963,1,0,0,0,0,0,0,0
75338837382953616,243.1009357352316,54.63971987128833,0.24745072424411774,56732999680.0,0.5402769446372986,1,1,0,0,0,0,1,0
44227442910460211,151.54360534498377,3.0349246007877757,0.3978401720523834,29846999040.0,0.9576205611228943,1,0,0,0,0,0,0,1
41623399943934817,352.89085743076606,-0.8502185805077508,0.16798844933509827,71296000000.0,0.8541378974914551,1,0,0,0,0,0,0,0
42697201897473345,353.6067244570168,0.21953517801668762,0.08753201365470886,12389000192.0,0.8365246057510376,1,1,1,0,0,0,0,0
37494330054690681,36.626688596918505,-5.085674435285682,0.19592991471290588,104490000384.0,0.8925143480300903,1,0,0,0,0,0,0,0
75338687059098557,243.57746521365243,54.106926925498854,0.17825858294963837,76457000960.0,0.881238579750061,1,1,0,0,0,1,0,0
75959507401872223,242.95252968709022,55.97629879202513,0.13970041275024414,6248500224.0,0.8200622200965881,1,0,0,0,0,0,0,0
41619293955184677,351.02453034128627,-0.2735423667289921,0.17612884938716888,49342001152.0,0.6975998282432556,1,0,0,0,0,0,0,0
44218109946519566,149.3943302122773,3.5072014635407034,0.15145044028759003,33784000512.0,0.3922935128211975,1,1,0,0,0,1,1,0
42090009485936183,149.4113175304611,0.8322542689572503,0.2190399467945099,96185999360.0,0.8416632413864136,1,1,0,0,0,0,1,0
41619298250156635,351.07942570852146,-0.028697763159406874,0.2989580035209656,194969993216.0,0.7421571016311646,1,1,0,0,1,0,1,0
75343785185287438,244.3507992760265,54.7169666420496,0.13154810667037964,58152001536.0,0.8077332973480225,1,0,0,0,0,0,0,0
37488961345575901,36.405316948810835,-5.428243786060882,0.05955711752176285,10092000256.0,0.9669938087463379,1,0,0,0,0,0,0,0
43158189327275049,150.85941275432768,2.395065947436881,0.12708045542240143,15486999552.0,0.6581791639328003,1,0,0,0,0,0,0,0
37493784593848128,37.37395581031243,-4.8609866897400025,0.11418139934539795,36672000000.0,0.9233525991439819,1,1,0,0,0,1,0,0
41623253915020998,353.0815928059886,-1.3327038550504247,0.07000743597745895,13543000064.0,0.8650375604629517,1,1,0,0,0,1,0,1
44218114241481578,149.36857801533029,3.6502775426054823,0.14802996814250946,40136998912.0,0.7172003388404846,1,0,0,0,0,0,0,0
75338841677924224,243.12669372142892,54.852635857271316,0.3568713366985321,208750002176.0,0.5105811953544617,1,0,0,0,0,0,0,0
38553288601257758,36.396314004188945,-3.98821794580361,0.13878591358661652,9330199552.0,0.6999582648277283,1,0,0,0,0,0,0,0
42687864638578050,351.364250990839,0.6481139327069311,0.32307660579681396,69064998912.0,0.6094197630882263,1,0,0,0,0,0,0,0
44227859522275054,151.00036034615096,3.104647592529616,0.3516135811805725,32340000768.0,0.5049992799758911,1,0,0,0,0,0,0,0
41623692001706226,352.6352199303273,-0.1884683065897235,0.14419542253017426,25959000064.0,0.8815552592277527,1,1,0,0,0,1,0,0
37494330054692147,36.59269751023007,-5.077954201666622,0.1773218810558319,103639998464.0,0.9651539325714111,1,0,0,0,0,0,0,0
76557624547489751,243.84697263689708,56.650534985603194,0.35262197256088257,36813000704.0,0.8188114166259766,1,0,0,0,0,0,0,1
41619547358262626,350.81816743948167,-1.1364236584226035,0.23379720747470856,35510001664.0,0.9576611518859863,1,1,0,0,0,1,1,0
41623807965832087,352.4733223655223,-1.103886244247105,0.10787244141101837,21465999360.0,0.8827841281890869,1,0,0,0,0,0,0,0
43154207892605285,148.7920485948025,2.686047525222798,0.10241350531578064,34481000448.0,0.5159258842468262,1,0,0,0,0,0,0,0
42687460911640869,351.7806684291107,0.8662705929602722,0.31227201223373413,12321000448.0,0.5068336129188538,1,0,0,0,0,0,0,0
38554117529957302,35.39791695015229,-3.657929274863264,0.24486204981803894,60417998848.0,0.5502011775970459,1,0,0,0,0,0,0,0
38553834062106519,35.768699946422664,-4.160361227372712,0.1766587644815445,34898001920.0,0.8536486625671387,1,0,0,0,0,0,0,0
37489657130283276,35.60788065992905,-5.004156376133298,0.14974209666252136,46128001024.0,0.889912486076355,1,0,0,0,0,0,0,0
37484696443054514,34.7534809178292,-5.557734931765,0.21406294405460358,12384000000.0,0.627612829208374,1,0,0,0,0,0,0,1
37489661425240390,35.58165404002137,-4.925366836867861,0.2802458107471466,39802998784.0,0.8343868255615234,1,0,0,0,0,0,0,0
74696589448344520,242.5632046743193,53.379269678839705,0.17681728303432465,13121999872.0,0.5878955125808716,1,0,0,0,0,0,0,0
44223049158915877,150.08734300108372,3.24061638425101,0.32345524430274963,14636999680.0,0.8694615364074707,1,0,0,0,0,0,0,1
75343918329270096,244.18974325854262,54.51992879284797,0.0689176544547081,9918799872.0,0.9540728330612183,1,0,0,0,0,0,0,0
38554242084014330,35.18336389070788,-4.231843805501799,0.1244581937789917,26962999296.0,0.7982728481292725,1,0,0,0,0,0,0,0
75338983411842499,242.708935154899,55.02438681511593,0.23294638097286224,65060999168.0,0.6386401653289795,1,0,0,0,0,0,0,0
75954417865626699,241.87672298461678,55.81820970357184,0.08530685305595398,10110999552.0,0.7267013788223267,1,0,0,0,0,0,0,0
43153937309658103,149.2191545363975,2.787222765162004,0.30267971754074097,190680006656.0,0.5322641134262085,1,1,1,0,0,0,1,0
74701949567526150,242.85950232600612,53.29868356493028,0.22258086502552032,45774000128.0,0.7003350257873535,1,0,0,0,0,0,0,0
38558373842547794,36.9420878758839,-3.8340157274724267,0.2984524071216583,24985999360.0,0.8571407794952393,1,0,0,0,0,0,0,0
42692803850963037,352.0385204231988,0.18591349694765433,0.2209719866514206,189019996160.0,0.9537439942359924,1,1,0,0,0,1,1,0
42089747492926053,149.85585272269043,1.3608823482691148,0.10867587476968765,18127998976.0,0.5141251087188721,1,0,0,0,0,0,0,0
44223324036820984,149.7595395393677,3.175786315384855,0.3113664984703064,43703001088.0,0.6975969076156616,1,0,0,0,0,0,0,0
75338691354066528,243.37111334371946,54.31533902054939,0.2455482929944992,75201003520.0,0.7937440872192383,1,0,0,0,0,0,0,0
75959369962924475,242.99463384729307,56.03666376200153,0.17953966557979584,22211000320.0,0.8330028057098389,1,0,0,0,0,0,0,0
75959640545857021,242.50857093291643,55.77345140239861,0.1675073355436325,5362299904.0,0.7807745933532715,1,0,0,0,0,0,0,0
43158197917212903,150.73549119856926,2.764854936042254,0.20896461606025696,9187399680.0,0.6061561107635498,1,0,0,0,0,0,0,0
75954417865622512,241.92890224357322,55.77609825458482,0.25984472036361694,56078999552.0,0.6312889456748962,1,0,0,0,0,0,0,0
75339395728702476,241.89947167991477,55.03077022150572,0.27303069829940796,7029100032.0,0.7333734035491943,1,0,0,0,0,0,0,0
41623949699742835,352.14571348926154,-0.9520078480463878,0.2753152847290039,253219995648.0,0.8412843942642212,1,1,0,0,0,1,0,0
75959649135786030,242.5727050510465,56.19285834208219,0.11989779025316238,26834999296.0,0.8101264238357544,1,0,0,0,0,0,0,0
41623253915022306,353.09875432855404,-1.2746567361417929,0.07972452044487,41116000256.0,0.9530659914016724,1,0,0,0,0,0,0,0
41624095728629597,352.0612137802962,-0.5542359383396104,0.22540616989135742,131029999616.0,0.7532598972320557,1,0,0,0,0,0,0,0
75339524577725069,241.4340527021971,54.69024019651874,0.2531999349594116,86886998016.0,0.6732403635978699,1,0,0,0,0,0,0,0
42094136949498235,151.3902453307601,0.9116441650642014,0.11949975043535233,23369000960.0,0.8868900537490845,1,0,0,0,0,0,0,0
42692125246125297,352.9153444931783,0.5161087997233265,0.26591581106185913,12984000512.0,0.9050562381744385,1,0,0,0,0,0,0,0
38554375227998362,34.96837677751625,-4.439735977125964,0.16112521290779114,73816997888.0,0.9203070402145386,1,0,0,0,0,0,0,0
75339528872696544,241.6486410060143,54.944335989772455,0.2828418016433716,46597001216.0,0.921567976474762,1,0,0,0,0,0,0,1
38553559184196391,36.154989281425976,-4.168890149873694,0.33514145016670227,16951000064.0,0.9159423112869263,1,1,0,1,0,0,1,0
43158751967988006,150.03729840821603,2.9504908649999537,0.29289865493774414,124889997312.0,0.6471089124679565,1,0,0,0,0,0,0,0
42093870661528920,151.70995134013475,1.3491489239313759,0.22351616621017456,40816001024.0,0.7627376317977905,1,0,0,0,0,0,0,0
74701812128580937,243.1231087252654,53.367644130829845,0.2160203754901886,4199399936.0,0.8261952996253967,1,0,0,0,0,0,0,0
37489240518459223,36.168474769193274,-5.150067984336268,0.20624130964279175,128250003456.0,0.8738056421279907,1,1,0,0,0,1,0,0
42085074568506170,148.62065175157906,1.3029382235904214,0.1829298585653305,117979996160.0,0.546099841594696,1,0,0,0,0,0,0,0
75339086491065569,242.52386092606656,53.62642034385972,0.33429020643234253,22905999360.0,0.4036540389060974,1,1,0,0,1,0,0,0
41624100023597849,351.95000365253685,-0.39356771766860943,0.24696271121501923,14513999872.0,0.5465841293334961,1,0,0,0,0,0,0,0
42691992102137425,353.12515698228003,0.6779021008944139,0.2431449443101883,26720999424.0,0.8078219890594482,1,1,0,0,0,1,1,0
75344060063190480,243.80947129303337,54.677071240485404,0.20435398817062378,160719994880.0,0.717241644859314,1,0,0,0,0,0,0,0
38549569159596592,34.01925755108764,-4.252639986330931,0.11599258333444595,3847600128.0,0.544224739074707,1,0,0,0,0,0,0,0
38557957230715423,37.53897335215656,-4.011861696619801,0.10211167484521866,26872999936.0,0.828853964805603,1,0,0,0,0,0,0,1
43163278863521905,151.4486232237467,2.5627190954162913,0.09237559139728546,14103000064.0,0.6199913620948792,1,0,0,0,0,0,0,0
43162978215815176,151.73162350762965,1.5500083916223797,0.2005111575126648,40388001792.0,0.6114193201065063,1,0,0,0,0,0,0,0
38549019403787899,34.76644760648229,-4.1887277733484325,0.19565311074256897,36515000320.0,0.6350456476211548,1,0,0,0,0,0,0,0
75339374253869845,241.9354558893453,54.16150185879902,0.2027702033519745,55206998016.0,0.4373013377189636,1,1,0,0,0,1,0,0
41623545972823787,352.7468128341869,-0.49142719501555104,0.28069746494293213,23118999552.0,0.8688725233078003,1,0,0,0,0,0,0,0
43163424892409810,151.1636046199255,2.9748167267794687,0.09463652223348618,21205999616.0,0.967846155166626,1,0,0,0,0,0,0,0
37489382252382796,35.973529642170206,-4.932435075320924,0.33726203441619873,37549998080.0,0.6952620148658752,1,1,0,0,0,1,0,1
75343896854422290,243.95461024091838,53.55905516591254,0.1991862803697586,8647700480.0,0.7914410829544067,1,0,0,0,0,0,0,0
75338970526934154,242.97296942582614,54.417006513984056,0.12570948898792267,13528999936.0,0.8926459550857544,1,0,0,0,0,0,0,0
38558640130518374,36.65676971366645,-4.226854633202447,0.15656234323978424,18680000512.0,0.5546659231185913,1,0,0,0,0,0,0,0
74696726887293751,242.31631566769468,53.297790309130164,0.11866898089647293,11425999872.0,0.6008006930351257,1,0,0,0,0,0,0,1
38558098964636170,37.35368767242435,-3.914915964418715,0.31002968549728394,12055000064.0,0.5036805272102356,1,0,0,0,0,0,0,0
37489369367466472,35.89279219174827,-5.6622802791776286,0.33011457324028015,67592998912.0,0.5319070816040039,1,0,0,0,0,0,0,0
38558640130519557,36.69717998417513,-4.19646440592141,0.16170740127563477,55976001536.0,0.8740289211273193,1,0,0,0,0,0,0,0
37489807454133123,35.393534726619855,-4.495083987844844,0.07375413179397583,13575999488.0,0.8536326885223389,1,0,0,0,0,0,0,0
42089743197952448,149.7265121092406,1.112751089047681,0.345086008310318,62856998912.0,0.5063452124595642,1,0,0,0,0,0,0,0
37485121644826259,34.2730231225673,-4.978483391810262,0.24669021368026733,15443000320.0,0.6227008104324341,1,0,0,0,0,0,0,0
37488952755636829,36.39659600830878,-5.851833989522595,0.24153025448322296,5045400064.0,0.9293984770774841,1,0,0,0,0,0,0,0
37490060857208428,34.9904615822345,-5.397733923745709,0.14942090213298798,19402000384.0,0.9396369457244873,1,1,0,0,0,1,1,0
41619272480353241,351.0467787446928,-1.2059930473229472,0.2873835563659668,25339000832.0,0.5944429636001587,1,0,0,0,0,0,0,0
37489365072504158,35.873289047039535,-5.770822480502711,0.3463341295719147,44757000192.0,0.6657491326332092,1,0,0,0,0,0,0,0
38558373842540035,37.01655457119829,-3.9365250982199624,0.1989176720380783,11664000000.0,0.7388516664505005,1,0,0,0,0,0,0,0
41618868753428862,351.6170985717924,-0.7779195437559165,0.23398782312870026,19691999232.0,0.681540310382843,1,0,0,0,0,0,0,0
37484722212857323,34.84257993551437,-4.503968248640191,0.2324838936328888,63451000832.0,0.9346893429756165,1,0,0,0,0,0,0,0
75334439336448469,240.61895002686975,54.69872645134993,0.37685123085975647,14824999936.0,0.7051568627357483,1,0,0,0,0,0,0,0
75338820203093434,243.1459255933614,53.96382650299577,0.15003244578838348,9903099904.0,0.8576955795288086,1,0,0,0,0,0,0,0
75959103674945715,243.88100259643005,56.367656031683566,0.1996138095855713,27394000896.0,0.76210618019104,1,1,0,0,0,1,0,0
75343381458350673,245.46642069503173,55.00918583100054,0.28351709246635437,13802000384.0,0.7079149484634399,1,0,0,0,0,0,0,0
38553967206102229,35.43220445959798,-4.25602387634468,0.26122966408729553,80116998144.0,0.8061021566390991,1,1,0,0,0,0,1,0
42687598350590042,351.71381757487416,0.8468703671900181,0.09609989821910858,21170999296.0,0.953876793384552,1,1,0,0,0,1,0,0
38553700918135252,35.96318020164835,-3.831754811027751,0.11439339071512222,36897001472.0,0.8694342970848083,1,0,0,0,0,0,0,0
75954821592541503,240.93608571340366,55.36209091935353,0.35696443915367126,54139998208.0,0.6689115762710571,1,0,0,0,0,0,0,0
75338558210082071,243.70069577142368,54.477566444030664,0.25127384066581726,46697000960.0,0.9455528259277344,1,0,0,0,0,0,0,0
44218114241482955,149.2501848084801,3.6658866020668763,0.18936897814273834,9107600384.0,0.5850495100021362,1,0,0,0,0,0,0,0
75959103674944471,243.6288533296605,56.35035720060159,0.1964784860610962,99148996608.0,0.8289756178855896,1,0,0,0,0,0,0,0
42692679296909658,352.2726678260508,0.7530061603144816,0.20551325380802155,54959001600.0,0.660796046257019,1,0,0,0,0,0,0,0
42687856048641881,351.2649532470978,0.2693762127909693,0.2636185884475708,231519993856.0,0.6216392517089844,1,1,0,0,0,1,0,0
41623404238899876,352.9591046549457,-0.6620056283995417,0.2611999213695526,14752000000.0,0.8927310109138489,1,0,0,0,0,0,0,0
42085070273536964,148.66655942453775,1.097303744591204,0.15868832170963287,48989999104.0,0.8892090916633606,1,0,0,0,0,0,0,0
37489107374459611,36.288007959638634,-5.100589552776512,0.0806766152381897,21364000768.0,0.9644701480865479,1,1,0,1,0,0,0,0
43154345331547301,148.62127270700535,2.62421980848403,0.13195092976093292,23573000192.0,0.552702009677887,1,0,0,0,0,0,0,0
42692120951161080,352.9216869976903,0.3390754316288732,0.10620660334825516,17600999424.0,0.6390575170516968,1,1,0,0,0,1,0,0
42687722904653742,351.56133947829574,0.38595408392748515,0.24621504545211792,22882000896.0,0.5853792428970337,1,0,0,0,0,0,0,0
37489227633555705,36.15506077227097,-5.692361100024273,0.13577240705490112,5366499840.0,0.7843537926673889,1,0,0,0,0,0,0,0
42697201897473201,353.591507294472,0.21791375032211024,0.14988034963607788,5018899968.0,0.6076245307922363,1,0,0,0,0,0,0,0
41623936814840904,352.14658012033436,-1.4382554257283087,0.16557496786117554,15367999488.0,0.8285535573959351,1,1,0,0,0,0,1,0
75338699944011630,243.3319713899208,54.743703198871344,0.1759495586156845,12465999872.0,0.8954859375953674,1,1,0,0,1,0,1,0
41619263890421656,351.0260107526734,-1.4593397757085957,0.1267305463552475,7066200064.0,0.6248985528945923,1,1,0,0,0,1,0,0
75344051473254466,243.82447273891287,54.32020545942708,0.2813650369644165,28241000448.0,0.5926831960678101,1,1,0,0,0,1,0,0
42691979217236815,353.07926546477046,0.11019655027765693,0.11515001207590103,8372499968.0,0.7734586000442505,1,0,0,0,0,0,0,0
38553834062119056,35.632304125109194,-4.011613421179497,0.12991642951965332,34406998016.0,0.9555405378341675,1,0,0,0,0,0,0,0
75959515991800429,242.829640595877,56.33860192138752,0.180834099650383,19704000512.0,0.5649293065071106,1,0,0,0,0,0,0,0
38553430335189209,36.178242660910534,-3.6725033553956927,0.21322256326675415,14590999552.0,0.5114081501960754,1,0,0,0,0,0,0,0
44227730673272827,151.12369210419834,3.617276896576964,0.23408281803131104,24313999360.0,0.8619951009750366,1,1,0,0,0,1,1,0
75338824498047397,243.2092634680457,54.03477934385464,0.24554608762264252,5264200192.0,0.7190175652503967,1,0,0,0,0,0,0,0
38553971501058787,35.607167640780766,-4.1702908842365085,0.31932780146598816,60713000960.0,0.9311157464981079,1,0,0,0,0,0,0,0
75338553915114818,243.70578056372855,54.32633769443478,0.2415783554315567,19313000448.0,0.5939954519271851,1,0,0,0,0,0,0,0
42094544971391568,150.7664306602606,0.7317121907926036,0.1779247671365738,41649999872.0,0.3895612359046936,1,1,0,0,0,1,1,0
44227455795346308,151.5223015039725,3.449424127249426,0.08582102507352829,15114000384.0,0.7667766809463501,1,1,0,0,0,1,0,0
41619835121072120,350.4471309703565,-0.5315502545737866,0.10705843567848206,33650999296.0,0.8669402599334717,1,1,0,0,0,1,0,0
42089880636911053,149.70962484414466,1.1626309186953279,0.14343377947807312,3190400000.0,0.5166918635368347,1,0,0,0,0,0,0,0
38553971501065617,35.56216959579401,-4.082282799778896,0.249985933303833,51316998144.0,0.7800649404525757,1,0,0,0,0,0,0,1
75338828793026305,243.2940501162397,54.35100238285718,0.2666253447532654,103999995904.0,0.8501371741294861,1,1,0,0,0,1,0,1
37489369367479080,35.82692243738819,-5.494475430541731,0.2987794280052185,3311800064.0,0.7504081726074219,1,0,0,0,0,0,0,1
38553434630143129,36.182947709464585,-3.584766418672308,0.2520911693572998,24809000960.0,0.5207729339599609,1,0,0,0,0,0,0,0
75338691354063203,243.52499412894312,54.26383023037763,0.11805271357297897,55698001920.0,0.9659205079078674,1,0,0,0,0,0,0,0
43158034708460182,150.92411045652335,1.6908103112729322,0.15843914449214935,73703997440.0,0.34350234270095825,1,1,0,1,0,0,0,0
38553967206104720,35.445140725603494,-4.234390085574944,0.19029301404953003,95819997184.0,0.7910614013671875,1,0,0,0,0,0,0,0
43154182122793882,148.71746970566625,1.5003591815526562,0.28589677810668945,42951000064.0,0.5496127009391785,1,0,0,0,0,0,0,0
42696935609483765,353.8516435080606,0.5768125861683442,0.11855624616146088,42205999104.0,0.7352154850959778,1,1,0,0,0,1,1,1
75339361368972927,241.7834905702499,53.640759914672294,0.20022687315940857,75231002624.0,0.5094639658927917,1,0,0,0,0,0,0,0
75959498811936342,242.81382414064592,55.6176499228359,0.32582369446754456,21453000704.0,0.8346813321113586,1,0,0,0,0,0,0,0
43158189327287144,150.80449246419684,2.485962204686683,0.14981482923030853,7459100160.0,0.8308911323547363,1,1,0,0,1,0,0,0
42697064458510252,353.7409443948321,0.11214087970254333,0.18328377604484558,15845000192.0,0.6934646368026733,1,0,0,0,0,0,0,0
37490060857217212,35.01274914082226,-5.306762740235756,0.1673230081796646,87789002752.0,0.6786264777183533,1,0,0,0,0,0,0,1
75344034293381870,243.81659130803615,53.576902477354864,0.27680504322052,39521001472.0,0.5300862789154053,1,0,0,0,0,0,0,0
38553825472186292,35.73475528221574,-4.381464447571178,0.2859467566013336,79753003008.0,0.8872082233428955,1,0,0,0,0,0,0,0
75338966231985050,242.88732178559087,54.38738990662688,0.23666931688785553,152200003584.0,0.7968806028366089,1,1,0,0,0,1,0,0
42687714314718051,351.4882100414195,0.042992845967030395,0.16964760422706604,56647999488.0,0.7967004776000977,1,0,0,0,0,0,0,0
37494055176790414,37.036104839899174,-5.002812823224966,0.0694652795791626,18510000128.0,0.9469788074493408,1,0,0,0,0,0,0,0
38558648720442045,36.5703501217112,-3.9751547310114623,0.1736002266407013,27847000064.0,0.7765135765075684,1,0,0,0,0,0,0,0
41623404238893522,352.8866516708568,-0.7510546982761478,0.34792596101760864,112780001280.0,0.5766149163246155,1,1,0,1,0,0,1,0
43163562331367087,151.01844822280947,2.9640389092308856,0.10146428644657135,37973999616.0,0.9284632205963135,1,1,0,0,0,1,0,0
44222649726950894,150.54552389173728,3.7283111684869903,0.1479586362838745,126060003328.0,0.6387030482292175,1,0,0,0,0,0,0,0
37489377957413451,35.84838996078942,-5.1229239323404325,0.23368358612060547,18109999104.0,0.5698177218437195,1,0,0,0,0,0,0,0
44217972507572606,149.49466701080087,3.5827222194235433,0.320450097322464,104970002432.0,0.757932186126709,1,0,0,0,0,0,0,0
75339503102880988,241.50196526131225,53.71098368126209,0.11202935874462128,35768999936.0,0.5327185988426208,1,0,0,0,0,0,0,0
37494325759727157,36.678871304067364,-5.212220259896161,0.2633313536643982,101700001792.0,0.7178004384040833,1,0,0,0,0,0,0,0
37489120259367943,36.310080785053536,-4.480419071972294,0.18397952616214752,140319997952.0,0.9013220071792603,1,0,0,0,0,0,0,0
41619156516234150,351.36696819078514,-0.1997396488213596,0.38306725025177,321559986176.0,0.9683132171630859,1,0,0,0,0,0,0,0
75338824498062595,243.25399500210733,54.192759083453275,0.1570664495229721,15603000320.0,0.5303091406822205,1,0,0,0,0,0,0,0
37493917737831264,37.2458352731385,-5.079904132004397,0.19948798418045044,10380000256.0,0.8596166372299194,1,0,0,0,0,0,0,0
43163412007510925,151.12145594814962,2.3913452542896354,0.11554545164108276,103839997952.0,0.9578746557235718,1,0,0,0,0,0,0,0
76552951623078387,241.73576121184334,56.64234866978269,0.32955724000930786,27522000896.0,0.8549214005470276,1,0,0,0,0,0,0,0
41623279684848993,353.2255643525792,-0.10523719770755845,0.09515739977359772,20374999040.0,0.927418053150177,1,0,0,0,0,0,0,0
75959644840828645,242.39735998396048,56.01315399387784,0.09612442553043365,18250999808.0,0.5529825687408447,1,0,0,0,0,0,0,0
75339120850788678,242.6062050960836,54.97852886458761,0.25417107343673706,103399997440.0,0.6783242225646973,1,1,1,0,0,0,1,0
41623399943927693,352.89594850177747,-0.9304614971871362,0.20326271653175354,53432000512.0,0.8992988467216492,1,0,0,0,0,0,0,1
75338966231984830,242.91877396519794,54.37821548227135,0.2784396708011627,15660999680.0,0.5850605368614197,1,1,0,0,0,1,1,0
75344047178288163,243.85510869189878,54.18583077088096,0.2650917172431946,44059000832.0,0.5161139965057373,1,0,0,0,0,0,0,0
42094686705310700,150.61917944523606,0.8915282848025354,0.17390355467796326,87625998336.0,0.9646409749984741,1,0,0,0,0,0,0,0
75958811617170460,244.5425858592443,55.63427786577634,0.20411887764930725,6599199744.0,0.5031777620315552,1,0,0,0,0,0,0,0
38553692328193949,35.84091704367054,-4.260103605318636,0.20688490569591522,62294999040.0,0.7766634225845337,1,0,0,0,0,0,0,0
37489652835314101,35.48643554133704,-5.2304164227153,0.1329694241285324,5242299904.0,0.8627004623413086,1,0,0,0,0,0,0,0
42094544971389531,150.7001448474909,0.712349148791523,0.17533759772777557,5468199936.0,0.856276273727417,1,0,0,0,0,0,0,0
75339232519939403,242.052610110592,53.83271668806175,0.161614790558815,56441999360.0,0.8554147481918335,1,0,0,0,0,0,0,0
44218101356596264,149.40815411650343,3.227174297163991,0.13359341025352478,34612998144.0,0.5386038422584534,1,0,0,0,0,0,0,0
41619551653231181,350.7157703667291,-0.9206589893595649,0.14582346379756927,7640500224.0,0.6680190563201904,1,0,0,0,0,0,0,0
44222911719948756,150.19677916649516,3.096798101642573,0.07528729736804962,20238999552.0,0.907256007194519,1,0,0,0,0,0,0,0
44217968212611650,149.4635919927433,3.4344092499995584,0.1404666006565094,45918998528.0,0.5451812744140625,1,0,0,0,0,0,0,0
74701812128575324,243.05578525995375,53.31811468679055,0.15513557195663452,25251999744.0,0.864398717880249,1,0,0,0,0,0,0,0
38558232108625773,37.16881507702787,-4.029685786431224,0.3712994158267975,167169998848.0,0.6966155767440796,1,0,0,0,0,0,0,0
75339378548828159,241.7827107834683,54.262990502192814,0.22056852281093597,85900001280.0,0.5542055368423462,1,0,0,0,0,0,0,0
37493788888817552,37.383774758972166,-4.673835211271375,0.28551605343818665,95454003200.0,0.5939662456512451,1,0,0,0,0,0,0,0
38553559184196389,36.15117354023723,-4.181059215088622,0.1456364393234253,76042002432.0,0.9383134841918945,1,0,0,0,0,0,0,0
75339498807913531,241.68643171795196,53.59002600711884,0.13250495493412018,23892000768.0,0.3638530373573303,1,1,0,0,0,1,0,0
37489803159170609,35.30793085489448,-4.664486151107763,0.17665280401706696,15427000320.0,0.5769627094268799,1,0,0,0,0,0,0,0
38558365252604164,36.964650295235394,-4.346964728904394,0.20778514444828033,27772000256.0,0.7393927574157715,1,0,0,0,0,0,0,0
75334581070366975,240.3143120052826,54.93993831097455,0.33437907695770264,15290999808.0,0.5032680034637451,1,0,0,0,0,0,0,0
37489807454127509,35.27832092708848,-4.520756940885861,0.34108686447143555,54186000384.0,0.8248202800750732,1,0,0,0,0,0,0,0
41619263890422007,351.1062196753312,-1.4552124642343363,0.20804128050804138,68266999808.0,0.555023729801178,1,0,0,0,0,0,0,0
37494467493651302,36.490194356400465,-4.9796602502596325,0.1075395718216896,48575000576.0,0.9477019906044006,1,0,0,0,0,0,0,0
42085070273535862,148.76462192310981,1.089396624624458,0.10019618272781372,19356999680.0,0.6270224452018738,1,0,0,0,0,0,0,0
75959503106912834,242.83240066284873,55.87618554194113,0.19703885912895203,137729998848.0,0.5531195402145386,1,1,0,0,0,1,0,0
41623283979807073,353.1083254273977,-0.08432998311119397,0.13876895606517792,21393999872.0,0.8070241212844849,1,0,0,0,0,0,0,0
75338691354069475,243.52972446393608,54.322147731065606,0.15951773524284363,87564001280.0,0.9573101997375488,1,0,0,0,0,0,0,0
37484971320960545,34.48304037855003,-5.599380741212942,0.22869591414928436,164329996288.0,0.7955691814422607,1,1,0,0,0,1,0,0
75334443631419653,240.72613430469607,54.927986912860504,0.14452317357063293,85457002496.0,0.9812679886817932,1,0,0,0,0,0,0,0
43153937309667925,149.16666143761137,2.881596042684791,0.1769910454750061,67117998080.0,0.9675285816192627,1,1,0,0,1,0,0,0
43153937309663784,149.0945950161513,2.857183382027913,0.08624441176652908,31167000576.0,0.9495234489440918,1,0,0,0,0,0,0,0
41623803670860002,352.3331818376923,-1.2688610376543286,0.15991505980491638,60664000512.0,0.9755697250366211,1,0,0,0,0,0,0,0
75959653430766244,242.51812900565932,56.415927442947485,0.2518816292285919,111219998720.0,0.914849042892456,1,0,0,0,0,0,0,0
37488965640541344,36.43439622524822,-5.2514783246318135,0.09556451439857483,12337999872.0,0.8934320211410522,1,0,0,0,0,0,0,0
38553971501074411,35.58186641609459,-3.999329455646023,0.2811242640018463,38546001920.0,0.4734075665473938,1,1,0,0,0,1,0,0
37489249108382272,36.00765943960398,-4.914741749497961,0.1912911981344223,59426000896.0,0.8532007336616516,1,0,0,0,0,0,0,0
74701404106676531,243.95175795880823,53.49179708702917,0.12385784834623337,11592999936.0,0.7826577425003052,1,0,0,0,0,0,0,0
42090284363833773,149.05525433902548,0.7483865553633643,0.20082487165927887,46997999616.0,0.8913880586624146,1,0,0,0,0,0,0,0
37489940598127135,35.22718215104974,-4.62263654411756,0.11240646243095398,18886000640.0,0.9326701164245605,1,1,0,0,1,0,0,0
75339666311639540,241.36319602655817,54.7964764403306,0.2587858736515045,52395999232.0,0.5852357149124146,1,0,0,0,0,0,0,0
43154207892593818,148.78925932414163,2.5483243542268332,0.3411508798599243,243760005120.0,0.8456112742424011,1,0,0,0,0,0,0,0
38558498396601336,36.79756537746032,-4.392540736479437,0.24674953520298004,44131999744.0,0.8454444408416748,1,0,0,0,0,0,0,0
38554100350090406,35.254267483043385,-4.3974156398442,0.09740415215492249,18951000064.0,0.9049936532974243,1,0,0,0,0,0,0,0
38558236403586298,37.2466791865262,-3.959855750680317,0.09387147426605225,10812999680.0,0.600463330745697,1,0,0,0,0,0,0,0
37485108759917157,34.239169299957695,-5.559076417410356,0.14821018278598785,10931999744.0,0.8204392194747925,1,0,0,0,0,0,0,0
75958961941017084,244.1023151475885,56.10599494487472,0.3341611325740814,35756998656.0,0.8931775093078613,1,0,0,0,0,0,0,0
42692958469788458,351.9300611698872,0.9625284542999477,0.33397552371025085,100509999104.0,0.9164460897445679,1,0,0,0,0,0,0,0
37485117349855904,34.211959208426194,-5.193531061304143,0.18943195044994354,24846000128.0,0.5141438245773315,1,1,0,0,0,0,1,0
75343793775214893,244.19053726466103,55.03244385689407,0.13270558416843414,144260005888.0,0.9857032299041748,1,1,0,0,0,1,0,0
38553280011330148,36.37340155524891,-4.227740017175384,0.15167996287345886,34264999936.0,0.9133768081665039,1,0,0,0,0,0,0,0
41623661936930279,352.6856860577697,-1.4844955102332915,0.11973785609006882,19510999040.0,0.7331814169883728,1,0,0,0,0,0,0,0
43158197917224462,150.90193642275065,2.8809466214529955,0.1545141637325287,48908001280.0,0.8008341193199158,1,0,0,0,0,0,0,0
41618864458469842,351.7474654641952,-0.8759070554975442,0.08983763307332993,13013999616.0,0.9465501308441162,1,0,0,0,0,0,0,1
75339528872680887,241.41475707778585,54.76825292895189,0.3633558452129364,207819997184.0,0.9789777398109436,1,1,0,0,0,1,0,1
37493922032802718,37.263652299630614,-4.859899882307664,0.17705629765987396,13063999488.0,0.38200604915618896,1,1,0,0,0,1,0,1
40555383311325620,352.05556513062754,-1.5503956318745797,0.08310995250940323,6228199936.0,0.8436403274536133,1,0,0,0,0,0,0,0
75339090786028722,242.42882921161984,53.766636254063584,0.21516898274421692,9719400448.0,0.5934489965438843,1,0,0,0,0,0,0,0
37488965640541406,36.43051520369649,-5.255208184292979,0.2525049149990082,28105000960.0,0.8168046474456787,1,0,0,0,0,0,0,0
43163527971635018,151.0086265877153,1.5420051256467926,0.19326354563236237,198680002560.0,0.8951779007911682,1,0,0,0,0,0,0,0
37489657130281320,35.471229593284306,-5.0300297031048204,0.24440361559391022,88849997824.0,0.851717472076416,1,0,0,0,0,0,0,0
37489244813420442,36.11804317261399,-5.027024429752686,0.20014818012714386,95008997376.0,0.8111053705215454,1,0,0,0,0,0,0,0
75343518897306778,244.98244549661163,55.03456440031243,0.33921051025390625,33088999424.0,0.5050581097602844,1,0,0,0,0,0,0,0
44223049158913461,150.14436581022505,3.202397078702751,0.3325144350528717,31655000064.0,0.981060802936554,1,0,0,0,0,0,0,1
75338815908111480,243.09872692770483,53.67469215858361,0.12651802599430084,31391000576.0,0.9178403615951538,1,0,0,0,0,0,0,0
41628635509055489,353.41947591271287,-0.4205788637852061,0.19301284849643707,30702000128.0,0.6235051155090332,1,1,0,0,0,1,0,0
75954688448559058,241.23716679978764,55.626120605421114,0.21973568201065063,29218000896.0,0.6719130277633667,1,0,0,0,0,0,0,0
44227730673266888,151.20664590025925,3.557124044684942,0.16536176204681396,86996000768.0,0.5125674605369568,1,0,0,0,0,0,0,0
75344060063190481,243.8059693854342,54.6797812637255,0.26830482482910156,36657999872.0,0.761134922504425,1,1,0,0,0,1,1,0
43159009666032584,149.71664046215005,2.3037331976568707,0.18511319160461426,77363003392.0,0.8621314167976379,1,1,0,0,1,1,1,0
75959099379978482,243.68770496423002,56.21120206608466,0.20491065084934235,47360000000.0,0.9300694465637207,1,0,0,0,0,0,0,0
37489652835309983,35.53428756298345,-5.265211248642795,0.19422581791877747,11751000064.0,0.7093931436538696,1,1,0,0,0,1,0,1
43158197917219751,150.8431494878226,2.828266232559538,0.08664052188396454,24395999232.0,0.9954529404640198,1,1,0,0,0,1,1,0
38553275716365785,36.38824586977498,-4.401376692356176,0.28488439321517944,7499700224.0,0.873915433883667,1,0,0,0,0,0,0,0
41619293955190975,351.0618842896053,-0.19834456322764168,0.11888092011213303,11187000320.0,0.7991939783096313,1,0,0,0,0,0,0,0
37489657130277735,35.56332054598803,-5.075954167513284,0.11859924346208572,63274000384.0,0.9301800727844238,1,0,0,0,0,0,0,0
75338957642052191,242.9573112329079,54.01225242942039,0.22904837131500244,82813001728.0,0.5173429846763611,1,0,0,0,0,0,0,0
42692670706984460,352.2414102096632,0.4582762350860739,0.21807949244976044,31285999616.0,0.9290444850921631,1,1,0,0,0,1,1,0
42089614348926500,150.09141438264786,1.4140339198014633,0.18825078010559082,20829999104.0,0.9195319414138794,1,1,0,0,0,1,0,0
41624100023601404,352.01606111696145,-0.3563324565464385,0.1738492250442505,19882000384.0,0.9493894577026367,1,0,0,0,0,0,0,0
43153920129787059,149.10617720884684,2.048690508274996,0.19283458590507507,10133999616.0,0.8093248605728149,1,0,0,0,0,0,0,0
75959215344086592,243.57095989755067,55.16588578471651,0.14226076006889343,47250001920.0,0.6875825524330139,1,1,0,0,0,1,0,0
37494063766719157,37.03254168896597,-4.72102333697544,0.15809103846549988,25549000704.0,0.8619856238365173,1,0,0,0,0,0,0,0
75954813002615575,240.70913518989926,55.06333157285408,0.3266812860965729,24896000000.0,0.5917168855667114,1,0,0,0,0,0,0,0
38549564864633853,34.05167489941147,-4.3845779368287126,0.13006390631198883,3283599872.0,0.6953258514404297,1,0,0,0,0,0,0,0
75339090786032506,242.3610626912855,53.80124347668591,0.07676619291305542,11873000448.0,0.948636531829834,1,0,0,0,0,0,0,0
42089330881088388,150.31732886467984,1.0417961602860548,0.07195795327425003,19015999488.0,0.8840969800949097,1,0,0,0,0,0,0,0
43153941604616672,149.14686259208602,2.892347535336102,0.13660238683223724,11155000320.0,0.6333828568458557,1,1,0,0,1,0,0,0
44217968212609125,149.49192140553316,3.4135946413898792,0.13887962698936462,8247799808.0,0.5019322037696838,1,1,0,0,1,0,0,0
38558640130516001,36.63325937156963,-4.252531995873483,0.14297612011432648,25070000128.0,0.5802857875823975,1,1,0,0,0,1,0,0
74701541545632476,243.63918508045737,53.482328784412104,0.2957523763179779,15690999808.0,0.8481811285018921,1,0,0,0,0,0,0,0
37489661425241631,35.42235520765711,-4.911925955507173,0.2767063081264496,132820000768.0,0.8094465136528015,1,0,0,0,0,0,0,0
41623812260803384,352.34665431505016,-0.8389752935158542,0.2364886999130249,109790003200.0,0.7097431421279907,1,0,0,0,0,0,0,0
38558098964631037,37.43927225355967,-3.98495157881524,0.33313876390457153,71979999232.0,0.7688548564910889,1,1,0,0,1,0,1,0
75339232519943401,242.03576272766935,53.8827357655073,0.3822767436504364,24014000128.0,0.9160123467445374,1,0,0,0,0,0,0,0
75338704238973690,243.3154207128564,54.88194451649362,0.167167529463768,19886999552.0,0.7324697375297546,1,1,0,0,0,1,1,0
75954675563658739,241.2417775193302,55.04610818363341,0.10788336396217346,28724000768.0,0.8523249626159668,1,0,0,0,0,0,0,0
37489103079498296,36.261054392881086,-5.221262706178544,0.2671624422073364,9528099840.0,0.7508994936943054,1,0,0,0,0,0,0,0
75338695649032007,243.39333583121177,54.45224324421487,0.26203885674476624,54266998784.0,0.423848420381546,1,1,0,0,0,1,0,0
75339361368970610,241.7375958572884,53.62099029311377,0.207065612077713,42923999232.0,0.9530168175697327,1,0,0,0,0,0,0,0
41618873048398565,351.7540868983407,-0.49739173863984437,0.38475102186203003,59989000192.0,0.8782758712768555,1,0,0,0,0,0,0,0
38558090374698506,37.32352492873843,-4.327978329168481,0.14477519690990448,15704000512.0,0.6439032554626465,1,0,0,0,0,0,0,0
37489781684327673,35.24655712855012,-5.648500642998734,0.30866551399230957,15397000192.0,0.5505116581916809,1,0,0,0,0,0,0,0
44222911719962635,150.15791419888302,3.1916563498702275,0.13763777911663055,48306999296.0,0.5401424765586853,1,0,0,0,0,0,0,0
41618881638336466,351.65255291975706,-0.16905414950603592,0.23478204011917114,7538200064.0,0.8004370927810669,1,1,0,0,0,1,0,0
41614328973001376,350.3155222402899,-0.8800497266530592,0.1373651921749115,83778002944.0,0.9762584567070007,1,0,0,0,0,0,0,0
43158859342171636,149.93369084507842,1.5898308761508155,0.11295361071825027,19424000000.0,0.8039230108261108,1,1,0,0,0,1,0,0
42089747492924470,149.7893098413751,1.3537225431378341,0.1961565762758255,17767000064.0,0.6660014390945435,1,1,0,0,1,0,0,0
38558644425482262,36.67174904599451,-4.077284239068803,0.18886308372020721,10072000512.0,0.6551783084869385,1,0,0,0,0,0,0,0
42085078863470729,148.75753911823105,1.455186956875949,0.16509857773780823,27384999936.0,0.4737498164176941,1,1,0,0,0,1,1,0
41623387059012041,352.99022363004156,-1.4033095143820769,0.3464354872703552,24655998976.0,0.6456549167633057,1,0,0,0,0,0,0,0
75958674178207716,244.6916097856332,55.54229373929396,0.1517515927553177,58149998592.0,0.900938868522644,1,0,0,0,0,0,0,0
75958669883242227,244.6154918373246,55.36902511889112,0.12661617994308472,49022001152.0,0.907678484916687,1,0,0,0,0,0,0,0
75958665588280408,244.66595244686528,55.280796301157615,0.2710503339767456,93890002944.0,0.8067441582679749,1,0,0,0,0,0,0,0
38558648720442043,36.57609799120653,-3.976280758913148,0.18642452359199524,94632001536.0,0.8831768035888672,1,0,0,0,0,0,0,0
42090151219850124,149.1779451262381,0.9302213260950033,0.0985407829284668,24497999872.0,0.8858257532119751,1,0,0,0,0,0,0,0
38553280011324624,36.43572497399387,-4.326250857334289,0.14634649455547333,32864000000.0,0.9681552052497864,1,0,0,0,0,0,0,0
43163261683662669,151.31500198370688,1.9173402518657465,0.2211896777153015,22680999936.0,0.8843845725059509,1,0,0,0,0,0,0,0
38549294281692378,34.378546409537016,-4.201142489211611,0.09247959405183792,19851999232.0,0.9339646697044373,1,0,0,0,0,0,0,0
75958803027240058,244.46129361561322,55.30984092132611,0.24910801649093628,12775000064.0,0.5490692853927612,1,0,0,0,0,0,0,0
37484713622925546,34.74946466307197,-4.883995729912779,0.35366466641426086,11891999744.0,0.5709672570228577,1,0,0,0,0,0,0,0
41624237462556604,351.9335614473711,-0.3221072739543491,0.19853971898555756,25646000128.0,0.5412371754646301,1,0,0,0,0,0,0,0
75958811617173557,244.34328281522002,55.68106307389899,0.23659572005271912,96327000064.0,0.5696000456809998,1,0,0,0,0,0,0,0
43163403417585603,151.12259476708687,2.1178136182393663,0.09810593724250793,38430998528.0,0.9166909456253052,1,1,0,0,1,0,0,0
38554113234988183,35.4122744297063,-3.9123940787095046,0.25563281774520874,21958000640.0,0.9539285898208618,1,0,0,0,0,0,0,0
42687731494589786,351.4264946712166,0.7790549024604592,0.17922265827655792,33099999232.0,0.9126632213592529,1,0,0,0,0,0,0,0
41619152221276071,351.2739141036553,-0.3203938206433154,0.3326145112514496,19701999616.0,0.6466320753097534,1,0,0,0,0,0,0,0
43163403417573018,151.18969238620906,1.990424333621368,0.10493107885122299,58767998976.0,0.9771956205368042,1,0,0,0,0,0,0,0
44222911719966053,150.20943089600854,3.2334874967780465,0.09714885801076889,23622000640.0,0.9182853102684021,1,0,0,0,0,0,0,0
41619418509239623,351.0029828050816,-0.8342602319535097,0.30251607298851013,32502999040.0,0.7742176055908203,1,0,0,0,0,0,0,0
42089738902995238,149.75332244334186,0.9977230844757712,0.1409078985452652,4319699968.0,0.8028843402862549,1,1,0,0,0,1,0,0
42692670706977383,352.19281076926154,0.3833441618320869,0.1022987961769104,33902999552.0,0.9191686511039734,1,0,0,0,0,0,0,0
42089734608013532,149.86621467996062,0.7766458941127267,0.17436660826206207,94222000128.0,0.875801146030426,1,0,0,0,0,0,0,1
42687589760665387,351.62349009879165,0.5411832450357992,0.2897946238517761,72333000704.0,0.45215505361557007,1,1,0,1,0,0,0,0
38554104645049058,35.39409543502492,-4.337185412509248,0.21784260869026184,24373000192.0,0.699966311454773,1,0,0,0,0,0,0,0
37493917737834456,37.215433572718375,-5.049712462879456,0.13830167055130005,20831000576.0,0.8956636190414429,1,0,0,0,0,0,0,0
41623696296663560,352.55988300638603,-0.06820016140254069,0.2543717920780182,41776001024.0,0.6564813852310181,1,0,0,0,0,0,0,0
75954963326459971,240.64953593396825,55.56225895013546,0.2745835781097412,34186999808.0,0.5398688912391663,1,0,0,0,0,0,0,0
75954422160586413,241.86624952260968,55.91542378551931,0.1891152560710907,25629999104.0,0.7488468885421753,1,0,0,0,0,0,0,0
38557952935749357,37.50855777297648,-4.250154849560953,0.2905164361000061,15239000064.0,0.8641332387924194,1,0,0,0,0,0,0,0
43158747673015930,150.03862789375182,2.713200598759514,0.04881115257740021,3225200128.0,0.9097132682800293,1,0,0,0,0,0,0,0
42692533268018757,352.4698930187102,0.34311433512349493,0.28128451108932495,129660002304.0,0.5222883820533752,1,1,0,0,0,1,1,0
41619826531132576,350.37178429864855,-0.9824576081180679,0.16644513607025146,42710999040.0,0.40038686990737915,1,1,0,0,0,1,0,0
42090022370836463,149.3707120413034,1.344341959151251,0.10432662069797516,10791999488.0,0.7068447470664978,1,0,0,0,0,0,0,0
37493784593851033,37.41834010191178,-4.82191063620809,0.14858189225196838,13191000064.0,0.8756756782531738,1,0,0,0,0,0,0,0
42692400124036931,352.63080889408144,0.6018318134412076,0.35042205452919006,30862000128.0,0.8678092956542969,1,0,0,0,0,0,0,0
44227872407184868,151.012439982254,3.7340046601533614,0.12605427205562592,65796001792.0,0.7685422897338867,1,0,0,0,0,0,0,0
38553829767140138,35.72524423878928,-4.366412471310822,0.2666740119457245,113690001408.0,0.8796926736831665,1,0,0,0,0,0,0,0
38549015108815577,34.784851716954435,-4.3823002239105815,0.2537981867790222,15205000192.0,0.9149178266525269,1,0,0,0,0,0,0,0
38558506986535618,36.876033299026666,-4.006360224230825,0.330933153629303,42201001984.0,0.8556139469146729,1,0,0,0,0,0,0,0
75959245408856075,243.36804051938378,56.487113227684034,0.19956646859645844,108800000000.0,0.9429337978363037,1,0,0,0,0,0,0,0
41623687706735080,352.66941022660706,-0.3908945864554773,0.2130320966243744,85203001344.0,0.6103873252868652,1,1,0,0,1,1,0,0
75958953351088332,244.1396971468418,55.81043874540105,0.20730902254581451,7543900160.0,0.6509357690811157,1,0,0,0,0,0,0,1
38553559184196392,36.15422372952968,-4.167478266559363,0.20935353636741638,55597998080.0,0.9181852340698242,1,1,0,1,0,0,1,0
43153933014695215,149.2193121660803,2.6497275048510947,0.26707562804222107,9538499584.0,0.5587323307991028,1,0,0,0,0,0,0,0
37485250493839952,34.09305721505072,-5.357490609194164,0.24177151918411255,154840006656.0,0.6808407306671143,1,0,0,0,0,0,0,0
75339369958893175,241.77075538128395,53.856456705099994,0.2334951013326645,4667599872.0,0.502026379108429,1,0,0,0,0,0,0,0
75339378548836866,241.85579832640502,54.34060016507302,0.38242846727371216,16874999808.0,0.9295498132705688,1,0,0,0,0,0,0,1
75339662016681198,241.31393783964717,54.70177592861689,0.17162957787513733,87081000960.0,0.8747806549072266,1,1,0,0,1,0,1,0
38553559184197211,36.121326199139396,-4.165332295811926,0.2531341314315796,171069997056.0,0.9295231103897095,1,1,1,0,0,0,1,0
38553971501072753,35.49321012400914,-4.019933272927434,0.23462040722370148,15701999616.0,0.5755043029785156,1,0,0,0,0,0,0,0
42089743197947182,149.73495389683535,1.053497267241564,0.24255606532096863,23669000192.0,0.9624319672584534,1,0,0,0,0,0,0,1
37489244813416090,36.14912089769841,-5.087368933827521,0.23614643514156342,4873200128.0,0.7118596434593201,1,0,0,0,0,0,0,0
75964167441374653,244.7607676921069,55.32167831924857,0.053932808339595795,4856800256.0,0.982495903968811,1,0,0,0,0,0,0,1
75954542419677509,241.5266884760337,55.22156844490621,0.25255510210990906,78207000576.0,0.5374090671539307,1,0,0,0,0,0,0,0
75959236818934776,243.6098631836374,56.183186749627396,0.1419491469860077,7933400064.0,0.36780548095703125,1,1,0,0,0,1,1,0
75959090790042181,243.94370893766802,55.76211749963419,0.18504925072193146,46573998080.0,0.4890983998775482,1,1,0,0,0,1,0,0
42692958469785999,351.87564697413035,0.9477645077534161,0.2733190953731537,143240003584.0,0.8247649669647217,1,1,0,0,0,1,1,0
42692395829077478,352.62290182767197,0.45278934020561923,0.11664789170026779,3176300032.0,0.5815190672874451,1,0,0,0,0,0,0,0
42687456616679419,351.7756333833197,0.7721351197058991,0.36335060000419617,33117999104.0,0.9899086952209473,1,0,0,0,0,0,0,0
38553550594273408,36.16502603734744,-4.442551233589766,0.23641592264175415,9020199936.0,0.6566678285598755,1,0,0,0,0,0,0,0
42687598350596766,351.60105680867014,0.926635650274047,0.1072031781077385,29436999680.0,0.7151920795440674,1,0,0,0,0,0,0,0
37494192615738237,36.81458133677886,-5.080730947822348,0.25412338972091675,39834001408.0,0.9453649520874023,1,0,0,0,0,0,0,0
75959378552855284,243.1756209720375,56.37841691892602,0.054840441793203354,36088999936.0,0.9665324687957764,1,0,0,0,0,0,0,0
38553980091000480,35.467561886758254,-3.6892833053067107,0.16189971566200256,26383998976.0,0.8365651369094849,1,0,0,0,0,0,0,0
75954271836732257,242.14093631260323,55.40787300026542,0.21701043844223022,61878001664.0,0.7112748622894287,1,0,0,0,0,0,0,0
42090151219847628,149.21291065788247,0.9017913823890897,0.12479443103075027,56900001792.0,0.8333721160888672,1,1,0,0,0,1,0,0
44223053453880094,150.1245110172453,3.395237864748028,0.1999332308769226,33117999104.0,0.9347046613693237,1,0,0,0,0,0,0,0
75338699943996877,243.60918916143623,54.60836762166991,0.20058223605155945,66738999296.0,0.8314248323440552,1,1,0,0,0,1,0,0
41623953994716386,352.1990927383908,-0.7236776207947496,0.1873655468225479,127170002944.0,0.8695155382156372,1,0,0,0,0,0,0,0
42093862071574652,151.61126449912376,0.9620415963571998,0.17658482491970062,42500001792.0,0.9924969673156738,1,0,0,0,0,0,0,0
41619010487350337,351.42574040221973,-0.5682264438088718,0.12123075872659683,41179000832.0,0.9064692258834839,1,0,0,0,0,0,0,0
42697219077331007,353.5248701441663,0.8879136861364856,0.11358312517404556,51826999296.0,0.9138495922088623,1,0,0,0,0,0,0,0
41623825145697084,352.3494372136018,-0.3177687595913517,0.30971771478652954,59919998976.0,0.6990311145782471,1,0,0,0,0,0,0,0
37485121644830072,34.25067838500168,-4.942526232470671,0.0633733719587326,9706900480.0,0.8859001994132996,1,0,0,0,0,0,0,0
38549019403780740,34.75422533752046,-4.2535564097390095,0.18141613900661469,5480300032.0,0.5276389718055725,1,0,0,0,0,0,0,0
76557624547488876,243.65422242961364,56.632088680708186,0.07593419402837753,64497000448.0,0.9241323471069336,1,0,0,0,0,0,0,0
38558640130519823,36.65632881655329,-4.2095192632737275,0.1736558973789215,141629997056.0,0.970903217792511,1,0,0,0,0,0,0,0
42692666412009430,352.19645496192487,0.19884578355078483,0.22123874723911285,77535002624.0,0.5168775916099548,1,0,0,0,0,0,0,0
42691987807168206,353.1346652573487,0.4725234295762018,0.08910305798053741,5659599872.0,0.5468182563781738,1,0,0,0,0,0,0,0
41619564538125267,350.8189217701008,-0.44663897714078066,0.15881137549877167,22695999488.0,0.7340601682662964,1,0,0,0,0,0,0,0
75343914034290396,244.14302445692462,54.205001446627364,0.23549959063529968,131820003328.0,0.6376301646232605,1,0,0,0,0,0,0,0
42094544971396316,150.65291189335386,0.7943128918005903,0.18060950934886932,198370000896.0,0.9247332811355591,1,0,0,0,0,0,0,0
41619130746435994,351.30233664575314,-1.2848825399426687,0.15967068076133728,39869001728.0,0.8839331865310669,1,0,0,0,0,0,0,0
37485130234763146,34.26642772238491,-4.579935444262426,0.16940590739250183,14245000192.0,0.6104892492294312,1,0,0,0,0,0,0,0
37489528281266092,35.64374847474577,-4.619413175552609,0.31352508068084717,12817000448.0,0.5693299174308777,1,0,0,0,0,0,0,0
75954568189473905,241.64224723042787,56.33953375337165,0.14145463705062866,17389000704.0,0.3841174840927124,1,1,0,0,0,1,0,0
41619414214278056,350.99591376189824,-0.95888488927635,0.11724752187728882,4699299840.0,0.8332909345626831,1,1,0,0,0,1,1,0
44218109946518287,149.37730145363798,3.4958703600959007,0.29696327447891235,22972999680.0,0.456926167011261,1,1,0,0,0,1,0,0
75959520286767063,242.93756650765476,56.49613878510282,0.1653522402048111,57720999936.0,0.7314479351043701,1,0,0,0,0,0,0,0
42094553561326827,150.81668171679195,1.1440324513099311,0.07000849395990372,7334400000.0,0.8489863872528076,1,1,0,0,0,1,0,0
75334293307551877,240.85786862320032,54.34287845004277,0.23177872598171234,6730699776.0,0.9169881939888,1,0,0,0,0,0,0,1
41623807965825605,352.405725819596,-1.024713779172964,0.2809767723083496,34654998528.0,0.7211527824401855,1,0,0,0,0,0,0,1
75959099379981178,243.64394653886922,56.241096717018415,0.10037689656019211,14200999936.0,0.9523829817771912,1,0,0,0,0,0,0,0
37489111669436486,36.34002785788195,-4.8006105395439524,0.36789795756340027,20988000256.0,0.7972986102104187,1,0,0,0,0,0,0,0
75339528872696525,241.40656964028187,54.935442899399646,0.26834505796432495,199629996032.0,0.949195384979248,1,0,0,0,0,0,0,0
74696589448338893,242.42951474616657,53.296584806531136,0.29676592350006104,18979999744.0,0.8294696807861328,1,0,0,0,0,0,0,0
75959357078003753,243.08074745532267,55.3181618159567,0.36583006381988525,234959994880.0,0.5456631779670715,1,0,0,0,0,0,0,0
75954417865617963,241.9296691115963,55.7379253536557,0.09055787324905396,23327000576.0,0.9786367416381836,1,1,0,0,1,0,0,0
38553434630142339,36.200834800669945,-3.6070563969250937,0.1924341768026352,178110005248.0,0.9439332485198975,1,0,0,0,0,0,0,0
41624228872611452,351.8997848978713,-0.760001738076981,0.3563671112060547,22695999488.0,0.7770102024078369,1,0,0,0,0,0,0,0
38558223518687628,37.28328474549298,-4.458080639512928,0.11996976286172867,17449000960.0,0.9153050780296326,1,0,0,0,0,0,0,0
38553967206104938,35.55534480346887,-4.223454278530235,0.38984090089797974,4370500096.0,0.8890442848205566,1,0,0,0,0,0,0,0
42697073048447388,353.61981937588456,0.4933270861322274,0.20911532640457153,116839997440.0,0.8702383041381836,1,0,0,0,0,0,0,0
75344042883316685,243.86264547458353,53.90444132444813,0.15294043719768524,87656996864.0,0.6963062286376953,1,0,0,0,0,0,0,0
37484696443055678,34.68497000120388,-5.551902966093861,0.2706958055496216,40361000960.0,0.8697808980941772,1,0,0,0,0,0,0,0
37489506806431075,35.79426034655663,-5.513465980330204,0.1288338303565979,42567000064.0,0.8592239618301392,1,0,0,0,0,0,0,0
38557957230708764,37.55523203224687,-4.172363703687821,0.11900956928730011,61737000960.0,0.8689054250717163,1,0,0,0,0,0,0,0
43163553741434730,151.0364543884332,2.6122351838525044,0.19885960221290588,24024999936.0,0.52782142162323,1,0,0,0,0,0,0,0
74696589448347866,242.63347364955322,53.40957795624188,0.05617115646600723,13162999808.0,0.9843031167984009,1,0,0,0,0,0,0,0
41623670526872434,352.61219389163665,-1.0934147553938875,0.24048283696174622,23229999104.0,0.9764856100082397,1,0,0,0,0,0,0,0
75344051473254362,243.7873104679537,54.31008629361022,0.16940510272979736,12999999488.0,0.8308287262916565,1,1,0,0,0,1,0,0
37493647154899040,37.53297240326847,-4.781265606077845,0.08814216405153275,10622999552.0,0.8675297498703003,1,1,0,0,0,1,0,0
43154207892592896,148.76664057065193,2.53705647866989,0.32435688376426697,19413000192.0,0.9286156892776489,1,0,0,0,0,0,0,0
44218238795548761,149.11938114252598,3.202081644772182,0.19213712215423584,45041999872.0,0.6819337010383606,1,0,0,0,0,0,0,0
41624087138699021,352.11416475467826,-0.8892652348489141,0.14540846645832062,12522999808.0,0.9629137516021729,1,1,0,0,1,0,1,0
44227730673262107,151.2065190876889,3.4996480134845167,0.24083171784877777,47222001664.0,0.8054482936859131,1,0,0,0,0,0,0,0
75339378548830285,241.87583804759709,54.26936691960183,0.2322952151298523,10917999616.0,0.9065746068954468,1,0,0,0,0,0,0,1
41623803670864040,352.37659709033943,-1.2157858158024515,0.1525544375181198,3823000064.0,0.9500212669372559,1,0,0,0,0,0,0,1
44218234500576548,149.13458545603027,3.0086176777316243,0.09007731825113297,3996999936.0,0.5570570230484009,1,0,0,0,0,0,0,0
42687594055634983,351.7541931229183,0.7620337776707824,0.21251298487186432,18780000256.0,0.8870783448219299,1,0,0,0,0,0,0,0
75954404980717278,241.9912221690763,55.173697801676525,0.2886468768119812,114000003072.0,0.48507368564605713,1,1,0,0,0,1,1,0
37493651449870731,37.57924727150557,-4.56026461269085,0.171661376953125,19324000256.0,0.5799790620803833,1,0,0,0,0,0,0,0
75338691354063204,243.53202678178673,54.259758079880555,0.31487396359443665,21173000192.0,0.8559708595275879,1,0,0,0,0,0,0,0
43163424892411902,151.25263943167974,2.9517533900322412,0.08085912466049194,46519001088.0,0.7977539896965027,1,0,0,0,0,0,0,0
38558227813657690,37.23136362944859,-4.248153906818682,0.1926707625389099,68495998976.0,0.7756245732307434,1,0,0,0,0,0,0,0
37484992795803656,34.359541661962766,-4.659829902904202,0.20091530680656433,23235999744.0,0.6654093265533447,1,0,0,0,0,0,0,0
37489803159167855,35.360190399306184,-4.640515565637506,0.1989569365978241,32583999488.0,0.8456807136535645,1,0,0,0,0,0,0,1
42687997782547297,351.0920899831969,0.3097287830845838,0.3278825581073761,87291002880.0,0.9708853960037231,1,0,0,0,0,0,0,1
75338558210076562,243.64004873493803,54.43109906184105,0.2705862820148468,55383998464.0,0.9833511710166931,1,1,0,0,0,1,1,0
37493917737834499,37.185232417220845,-5.045927710345335,0.24607530236244202,76912001024.0,0.6227392554283142,1,0,0,0,0,0,0,0
37490065152178658,34.97360829077259,-5.228735707087161,0.17873047292232513,59901001728.0,0.5390193462371826,1,1,0,0,0,1,0,0
37488969935513902,36.38695828969196,-4.959088675387969,0.09695559740066528,11198000128.0,0.9190215468406677,1,0,0,0,0,0,0,0
38554108940021187,35.361200996821104,-4.09320794522517,0.15019455552101135,18877999104.0,0.9025337100028992,1,0,0,0,0,0,0,0
38554246378968839,35.10934699235023,-4.136415297670479,0.18715158104896545,4522200064.0,0.7160283327102661,1,0,0,0,0,0,0,0
37485259083773248,34.085493052595524,-5.013831454564255,0.3376433849334717,41936998400.0,0.5610893368721008,1,0,0,0,0,0,0,0
37494201205683467,36.801864588941086,-4.5781915968562314,0.15439803898334503,20603000832.0,0.8389294147491455,1,0,0,0,0,0,0,0
42691974922275497,353.2090615729312,0.0010929901733001705,0.24640463292598724,50119999488.0,0.8279545307159424,1,0,0,0,0,0,0,0
43163115654769243,151.6223241028381,1.5152825618176398,0.24668125808238983,21614000128.0,0.9434089064598083,1,0,0,0,0,0,0,0
38553984385961716,35.59927548979038,-3.5678049487079146,0.2247759997844696,5469799936.0,0.5320706963539124,1,0,0,0,0,0,0,0
37489231928512979,36.03454792630035,-5.668032113689098,0.32168591022491455,46905999360.0,0.7877280712127686,1,0,0,0,0,0,0,0
41614333267967748,350.3602426218389,-0.7064292343318613,0.19512008130550385,9341200384.0,0.6219117641448975,1,1,0,0,0,1,0,0
38558373842546667,37.074177721016135,-3.846629499932006,0.27711474895477295,7965300224.0,0.834186851978302,1,0,0,0,0,0,0,0
75339520282748075,241.67143452100768,54.39022239343239,0.3311763107776642,130700001280.0,0.8824290037155151,1,0,0,0,0,0,0,0
41619281070302633,351.06368784301293,-0.6531836362218569,0.14468541741371155,12650000384.0,0.6148079633712769,1,0,0,0,0,0,0,0
42089601464030834,150.03194949073793,0.8910304489625397,0.29990819096565247,213279997952.0,0.33604973554611206,1,1,0,1,0,1,0,0
38558236403583515,37.12703752311893,-3.9932412476477785,0.27517586946487427,25490999296.0,0.7874518632888794,1,0,0,0,0,0,0,0
75343510307371952,244.96932188662777,54.63524271255318,0.14352953433990479,77669998592.0,0.8845745325088501,1,0,0,0,0,0,0,0
75958944761154971,244.06262656609937,55.399426222642,0.2230789214372635,26132000768.0,0.6571349501609802,1,0,0,0,0,0,0,0
38554108940012656,35.302737656263496,-4.185416798692527,0.20177222788333893,24797999104.0,0.7185823321342468,1,0,0,0,0,0,0,0
40555245872373242,352.1529125156897,-1.525722707055407,0.27961453795433044,131310002176.0,0.7168297171592712,1,1,0,1,0,0,0,1
75338708533934716,243.40902442543998,55.014045279900735,0.17653357982635498,14890000384.0,0.5685412883758545,1,1,0,0,0,1,0,0
43153937309661507,149.08130905409888,2.8219274197026136,0.10002797842025757,22798999552.0,0.5460460782051086,1,0,0,0,0,0,0,0
37489511101399681,35.71254080560507,-5.327679025806693,0.11852990835905075,26055000064.0,0.9170265197753906,1,1,0,0,0,1,0,0
37494196910704149,36.79571527533816,-4.921467357823646,0.2643383741378784,68902002688.0,0.6297353506088257,1,0,0,0,0,0,0,1
41619130746435253,351.20573156300003,-1.3177690334117487,0.18828174471855164,44151001088.0,0.6163541674613953,1,0,0,0,0,0,0,0
44227584644379863,151.34816751634088,3.1878899351813406,0.2937462329864502,70800998400.0,0.7310318946838379,1,0,0,0,0,0,0,0
43154323856709273,148.50826099623464,1.6404670438440105,0.2344657927751541,56177999872.0,0.9238309860229492,1,0,0,0,0,0,0,0
41623253915010768,353.0690568850267,-1.2725248618279117,0.2708679735660553,7570699776.0,0.8543039560317993,1,0,0,0,0,0,0,0
37489657130279690,35.58915661654927,-5.05138344713876,0.14012272655963898,53519998976.0,0.8813537359237671,1,0,0,0,0,0,0,0
44223195187794453,149.85181607922814,3.4469179625187376,0.22681820392608643,137380003840.0,0.9480094909667969,1,1,1,0,0,0,0,0
41623271094909389,353.0881046989357,-0.5739500964538082,0.20727570354938507,23652999168.0,0.8501442670822144,1,1,0,0,0,1,1,1
37485405112654905,33.91002513699015,-4.713762412226337,0.3332480490207672,40704000000.0,0.7719358205795288,1,0,0,0,0,0,0,0
38549156842739599,34.55714245950688,-4.1889614161374755,0.19090735912322998,100990001152.0,0.6600629687309265,1,0,0,0,0,0,0,0
41619019077292408,351.4272797374027,-0.10967829303022447,0.2925831377506256,25774000128.0,0.6526005268096924,1,0,0,0,0,0,0,0
37488965640549940,36.40988423003483,-5.136131667161551,0.06774904578924179,4630700032.0,0.8367112278938293,1,0,0,0,0,0,0,0
75339382843791888,241.9927152866617,54.403217069239645,0.3173477053642273,125629997056.0,0.5367459654808044,1,0,0,0,0,0,0,0
43154345331545409,148.64301564537405,2.5927022339334176,0.11746169626712799,21186000896.0,0.963278591632843,1,0,0,0,0,0,0,0
74696726887295521,242.09445858054372,53.29949695231658,0.13560332357883453,33465999360.0,0.8505469560623169,1,0,0,0,0,0,0,0
37489390842315202,35.79674174020693,-4.568331101406062,0.3782988488674164,14268000256.0,0.7893109321594238,1,0,0,0,0,0,0,1
37494467493653805,36.515721328649946,-4.952918144870176,0.11424639821052551,37084000256.0,0.9494003057479858,1,0,0,0,0,0,0,0
37489120259368548,36.17281763416645,-4.474398637125555,0.13488298654556274,20454000640.0,0.5377124547958374,1,0,0,0,0,0,0,0
44223474360652783,149.55026818558275,3.7320617900330166,0.16489939391613007,4643100160.0,0.5988349318504333,1,0,0,0,0,0,0,1
76557757691500995,243.62361129350523,56.59010703352802,0.14170238375663757,118899998720.0,0.9553012847900391,1,1,0,0,0,1,0,0
42692262685091856,352.76460014555425,0.6478446148112372,0.22868716716766357,156169994240.0,0.8742836713790894,1,1,0,0,0,1,1,0
75338704238962500,243.52980748533489,54.76321992363567,0.31588631868362427,98047000576.0,0.5036532878875732,1,0,0,0,0,0,0,0
41623820850727886,352.3866969500677,-0.5321982045835928,0.08008306473493576,12209999872.0,0.7959818840026855,1,0,0,0,0,0,0,0
75343789480257504,244.4272978154625,54.93421147097426,0.3434801995754242,46622998528.0,0.5879430770874023,1,0,0,0,0,0,0,0
44222920309886591,150.21757370440054,3.451299271089394,0.10861875116825104,49344000000.0,0.9359535574913025,1,0,0,0,0,0,0,0
38549569159599944,34.05627750101138,-4.197530905261122,0.10555460304021835,42487001088.0,0.8015629649162292,1,0,0,0,0,0,0,0
37493784593849914,37.39117388372635,-4.84074491640124,0.25473281741142273,72427003904.0,0.39161306619644165,1,1,0,0,0,1,0,0
37484576183972388,34.948957852786016,-4.85827403037309,0.10576792806386948,14881000448.0,0.9498834013938904,1,0,0,0,0,0,0,0
44223186597868123,149.84513581247668,3.1829601720922627,0.21902495622634888,46748000256.0,0.44738835096359253,1,1,0,0,0,1,0,0
41623670526876709,352.53927097821355,-1.049301885869504,0.20706680417060852,112299999232.0,0.8543668389320374,1,1,0,0,0,1,1,0
42687997782551604,351.13316933042233,0.32680970124240516,0.09857126325368881,17503000576.0,0.9616048336029053,1,0,0,0,0,0,0,0
38558094669673564,37.28812462572514,-4.026469018585162,0.09587866067886353,28469999616.0,0.9300060868263245,1,1,0,0,0,1,1,0
42089876341947558,149.70740476290382,0.994792004457064,0.1546356976032257,7105900032.0,0.8889186978340149,1,0,0,0,0,0,0,0
44218243090516163,149.21060048177796,3.412312799765657,0.37391549348831177,39282999296.0,0.3403819799423218,1,1,0,0,0,1,1,0
75959245408858801,243.33125268979933,56.49580068108407,0.24104714393615723,64853000192.0,0.8987345695495605,1,0,0,0,0,0,0,0
37484709327959372,34.780091804269816,-5.046066050313956,0.30181658267974854,18855999488.0,0.9548991918563843,1,0,0,0,0,0,0,0
37493922032803589,37.14563277715265,-4.850653922589315,0.21689806878566742,27068999680.0,0.8914704322814941,1,0,0,0,0,0,0,0
38553984385957933,35.47184979924718,-3.6105151324627007,0.2453889101743698,45476999168.0,0.750933051109314,1,0,0,0,0,0,0,0
43159022550942839,149.60329243125864,2.848478474840356,0.3264297544956207,54684999680.0,0.6118261814117432,1,0,0,0,0,0,0,1
75959503106895257,242.9451349816444,55.71484227814776,0.09034372866153717,5538800128.0,0.6349117755889893,1,1,0,0,0,1,0,0
38553554889240469,36.13697773239345,-4.244532855605181,0.25472769141197205,105659998208.0,0.9628820419311523,1,1,0,0,0,1,1,0
41619697682120954,350.57408895951244,-0.520095338306207,0.10645364224910736,15425000448.0,0.8487445116043091,1,0,0,0,0,0,0,0
38553421745255414,36.302685165599726,-4.044297507568927,0.3599327802658081,5300800000.0,0.5069971680641174,1,0,0,0,0,0,0,0
43163403417580589,151.15860722245765,2.0563997188259364,0.13502612709999084,27139999744.0,0.9520450830459595,1,0,0,0,0,0,0,0
37494196910708630,36.87110774669017,-4.8717203685904265,0.25958603620529175,84867997696.0,0.7592653036117554,1,1,0,0,0,1,0,0
75959077905132814,243.61957907514426,55.15266659669109,0.17513400316238403,53562998784.0,0.9146543741226196,1,0,0,0,0,0,0,0
41623408533869217,352.91787996040273,-0.4786347512148293,0.16351492702960968,40403001344.0,0.7129873037338257,1,0,0,0,0,0,0,0
74701812128579084,243.06383537486494,53.3446570009417,0.25597327947616577,53384998912.0,0.7614082098007202,1,0,0,0,0,0,0,0
43154323856714844,148.4965199285682,1.698519846484597,0.10151630640029907,45650001920.0,0.6920256614685059,1,0,0,0,0,0,0,0
75338691354064672,243.5982914191491,54.28438289444659,0.10024575144052505,16574999552.0,0.8758130669593811,1,0,0,0,0,0,0,0
44223336921712567,149.69586115051604,3.64256172684617,0.3010176718235016,59549999104.0,0.6984317302703857,1,0,0,0,0,0,0,0
44223465770731104,149.59175270722437,3.257615280449383,0.07088914513587952,13676999680.0,0.9052176475524902,1,0,0,0,0,0,0,0
75959644840826411,242.36085762934107,56.01441959965716,0.21879974007606506,3166000128.0,0.749495804309845,1,1,0,0,0,1,0,0
75959769394872337,242.28319486026095,55.41226145079896,0.21376235783100128,37219999744.0,0.866432785987854,1,1,0,1,0,0,0,0
38553572069108046,36.0577780305607,-3.531493695063782,0.20603641867637634,15553999872.0,0.7253211736679077,1,0,0,0,0,0,0,0
76552951623078385,241.74366653764076,56.640501665804855,0.1055205762386322,50296999936.0,0.9643291234970093,1,0,0,0,0,0,0,0
75954284721628262,242.15035382307065,55.87596890897296,0.39422863721847534,46293000192.0,0.6073173880577087,1,0,0,0,0,0,0,0
38558506986526727,36.73931008441743,-4.1304634011714105,0.2115703523159027,31090999296.0,0.6833920478820801,1,0,0,0,0,0,0,0
42688006372482425,351.1747773062922,0.7020509196642982,0.2490343302488327,10942999552.0,0.7719718217849731,1,0,0,0,0,0,0,0
44222911719968455,150.30315525447963,3.249945852969254,0.3795050382614136,32354000896.0,0.8779425621032715,1,0,0,0,0,0,0,1
75959241113893251,243.3586602711183,56.307183528160785,0.19232475757598877,78275002368.0,0.4378550052642822,1,1,0,0,0,1,0,0
75959352783043105,243.15823002340494,55.21036939067926,0.1702185720205307,70218997760.0,0.8921078443527222,1,0,0,0,0,0,0,0
41623408533857492,352.92148010763896,-0.6295727410484394,0.3432520031929016,45179998208.0,0.7020382285118103,1,0,0,0,0,0,0,0
37494325759734924,36.652702140135254,-5.120737467680457,0.22235530614852905,30602000384.0,0.5027438998222351,1,0,0,0,0,0,0,0
37494342939590048,36.62604785215247,-4.549510977316793,0.05626332014799118,10259000320.0,0.8952978253364563,1,1,0,0,1,0,0,0
37493784593854171,37.33467566585851,-4.785422335980816,0.2187572866678238,28751998976.0,0.7949713468551636,1,0,0,0,0,0,0,0
38553967206102795,35.58949255545872,-4.2589801679917185,0.2644502520561218,69560000512.0,0.3722795844078064,1,1,0,0,0,1,0,0
75334310487419002,241.06813427961947,54.983066918827134,0.2817676365375519,30443999232.0,0.815209150314331,1,0,0,0,0,0,0,0
38558635835545651,36.68280419656767,-4.458688490118528,0.2592783272266388,218760003584.0,0.7861223220825195,1,0,0,0,0,0,0,0
41624246052487465,351.9194568155972,-0.018249122080471147,0.3911014199256897,84727996416.0,0.33411821722984314,1,1,0,0,0,1,1,0
37489369367466937,35.9099917988741,-5.6573070329686965,0.17903105914592743,35312001024.0,0.6207445859909058,1,0,0,0,0,0,0,0
41618851573543594,351.63752791287146,-1.401916817363502,0.17180493474006653,44368998400.0,0.5894480347633362,1,0,0,0,0,0,0,0
37489098784538864,36.33688482617232,-5.321963715185528,0.3658224940299988,132809998336.0,0.5637916922569275,1,1,0,0,0,1,0,0
43153658136784120,149.43460485203676,2.615053056582258,0.09428296983242035,26413000704.0,0.803889811038971,1,0,0,0,0,0,0,0
75339387138777424,241.82630247397205,54.73875594395774,0.2521790862083435,21110999040.0,0.6998903155326843,1,0,0,0,0,0,0,0
38553962911136534,35.52252506475392,-4.395616182462477,0.18600249290466309,54940000256.0,0.8678054809570312,1,0,0,0,0,0,0,0
75959503106892297,242.78166937913875,55.698957949164516,0.10228238999843597,19465000960.0,0.9234812259674072,1,1,0,0,0,1,0,1
38553842652048168,35.79068095064477,-3.6898517034481464,0.17660346627235413,5591600128.0,0.45677459239959717,1,1,0,0,0,1,1,1
43153791280776684,149.38156161207723,2.5021730359938106,0.3872063159942627,22569000960.0,0.7948219776153564,1,0,0,0,0,0,0,1
41623966879613297,352.1726552501146,-0.16372104460531278,0.1320817768573761,29707999232.0,0.6786463260650635,1,1,0,0,1,0,0,0
37489919123278926,35.17753323648676,-5.666170802868096,0.1630590707063675,9822499840.0,0.8107309341430664,1,0,0,0,0,0,0,0
38558511281500321,36.72506707387854,-3.8300800619584336,0.17393973469734192,16488999936.0,0.531850278377533,1,0,0,0,0,0,0,0
42093866366551305,151.62477083499397,1.0698983306089218,0.056349340826272964,12446999552.0,0.9413392543792725,1,0,0,0,0,0,0,0
75959365667951113,243.1897989076407,55.83330802901883,0.3025965690612793,24640000000.0,0.6375387907028198,1,0,0,0,0,0,0,1
74696589448342966,242.47818040211183,53.34656182184646,0.07137949764728546,51015000064.0,0.9926068782806396,1,1,0,0,0,1,0,0
75343785185287444,244.35748125584146,54.70916021853793,0.18477649986743927,29845999616.0,0.847241997718811,1,1,0,0,0,1,1,0
75338549620144501,243.6359974037597,54.10053849871931,0.25013840198516846,52147998720.0,0.8107211589813232,1,1,0,0,0,1,1,0
75343514602343002,244.8917235518893,54.91297337447757,0.3404744267463684,32217999360.0,0.5405657887458801,1,0,0,0,0,0,0,0
43163407712549557,151.1763326349835,2.2692880478455764,0.2477782815694809,10199000064.0,0.5034199953079224,1,0,0,0,0,0,0,0
75338957642035957,242.79662369411307,53.860717649752274,0.1016683354973793,19662999552.0,0.8081938624382019,1,0,0,0,0,0,0,0
75959636250893621,242.42351593788285,55.641544716362596,0.10526897013187408,9193299968.0,0.7023088932037354,1,0,0,0,0,0,0,0
41624100023601405,352.01625615199197,-0.3601611989236649,0.1441342681646347,36176998400.0,0.9710041284561157,1,0,0,0,0,0,0,0
44223190892820249,149.9110265662033,3.2673861619202595,0.18003587424755096,11267000320.0,0.8081466555595398,1,1,0,0,0,1,1,0
38553834062119771,35.68291923193974,-4.0027835120184605,0.3977651000022888,28881999872.0,0.5416609048843384,1,0,0,0,0,0,0,0
42697073048453823,353.65391397814426,0.5592286802769258,0.3787580728530884,40007999488.0,0.7817161083221436,1,0,0,0,0,0,0,0
38553421745244357,36.22210588068906,-4.171767505746928,0.23141324520111084,22976000000.0,0.5491531491279602,1,0,0,0,0,0,0,0
37489519691336020,35.67230913486868,-4.947779619765621,0.11048794537782669,35209998336.0,0.8810285925865173,1,0,0,0,0,0,0,0
42094686705316722,150.45899756297501,0.960351905467971,0.12586712837219238,22038999040.0,0.6501507759094238,1,1,0,0,0,1,0,0
37489923418247170,35.175013241657844,-5.484504571598652,0.1904141753911972,77832003584.0,0.8325110077857971,1,1,0,0,0,1,0,0
41619293955198768,351.1539238819385,-0.10924801134761122,0.09631841629743576,29688000512.0,0.9203347563743591,1,0,0,0,0,0,0,0
76552809889172074,241.9675923252317,56.56154391370194,0.3163520395755768,54101999616.0,0.6438523530960083,1,0,0,0,0,0,0,0
75959653430755436,242.56185560540027,56.31145566229824,0.14275020360946655,4384099840.0,0.6384570002555847,1,0,0,0,0,0,0,0
38554237789040416,35.11007108044887,-4.459042208249377,0.3473399579524994,26310000640.0,0.5757961273193359,1,1,0,0,0,1,0,0
42089738902994886,149.85378987178,1.016955454145821,0.20105411112308502,35425001472.0,0.5092822313308716,1,0,0,0,0,0,0,0
42692541857951761,352.4271102983926,0.7054559888017614,0.2900475561618805,76002000896.0,0.6279064416885376,1,0,0,0,0,0,0,1
44218101356584392,149.27214492381515,3.1198533965813255,0.2377423644065857,12355999744.0,0.5437264442443848,1,0,0,0,0,0,0,0
75343785185283842,244.50451963863014,54.67982630719131,0.25680768489837646,23967000576.0,0.9295153617858887,1,0,0,0,0,0,0,1
41619023372251069,351.5634786175943,-0.04844233348268351,0.09961886703968048,11617000448.0,0.6519922018051147,1,0,0,0,0,0,0,0
37494192615738310,36.78918746020208,-5.065264002912418,0.16003185510635376,57573998592.0,0.8928871154785156,1,0,0,0,0,0,0,0
75334301897487859,241.10942227413676,54.6248728962143,0.12378337234258652,54301999104.0,0.7113410234451294,1,1,0,1,0,0,0,0
75343909739333818,244.05666960068527,54.14072127472523,0.2093021124601364,22281000960.0,0.7242077589035034,1,0,0,0,0,0,0,0
42692262685089219,352.7248097987524,0.6184937961664245,0.27640780806541443,32706000896.0,0.7774444818496704,1,0,0,0,0,0,0,0
37488957050610782,36.38664060036793,-5.584761470340387,0.29975566267967224,12753000448.0,0.6490773558616638,1,0,0,0,0,0,0,0
75343780890312045,244.22946483395356,54.466146287425865,0.08420731872320175,3966599936.0,0.8791271448135376,1,1,0,0,0,1,0,0
37494463198680633,36.45099640244997,-5.231156265903701,0.18777067959308624,57714999296.0,0.8676443099975586,1,1,0,0,0,1,0,0
41619422804216976,350.8318042233791,-0.49882296541362464,0.33288639783859253,55586000896.0,0.8668819069862366,1,0,0,0,0,0,0,1
38554246378972327,35.06777728207875,-4.078034021192722,0.14277683198451996,95376998400.0,0.9948434829711914,1,1,0,0,0,1,1,0
75338815908118426,243.05459473095374,53.74257273628915,0.3077346384525299,32635000832.0,0.8824409246444702,1,0,0,0,0,0,0,0
37489094489566909,36.176489406811456,-5.566449464624293,0.2975802719593048,18089000960.0,0.8282705545425415,1,0,0,0,0,0,0,0
38553838357083959,35.64956998921554,-3.8249000512002604,0.22670917212963104,28522000384.0,0.7814925909042358,1,0,0,0,0,0,0,0
75339086491059587,242.50335426113298,53.56377571227475,0.2016589194536209,100869996544.0,0.8834009170532227,1,1,0,0,1,0,0,0
75959507401864359,242.808410872195,55.91112569200243,0.26525214314460754,11370999808.0,0.797814130783081,1,0,0,0,0,0,0,0
41623829440666006,352.46157069321396,-0.13717659386117,0.19099211692810059,27189000192.0,0.6557005047798157,1,0,0,0,0,0,0,0
75959369962923251,243.08264787270468,56.01502524163276,0.2678371071815491,81425997824.0,0.40822118520736694,1,1,0,0,0,1,0,0
42697214782369485,353.4777571800683,0.7134652291085533,0.1247623935341835,15571000320.0,0.7048616409301758,1,0,0,0,0,0,0,0
43154066158676429,148.97949447630594,2.4199680278388094,0.08477017283439636,11210000384.0,0.828278660774231,1,0,0,0,0,0,0,0
41623941109806304,352.14799059233195,-1.354808458441946,0.15645895898342133,32522999808.0,0.5732911229133606,1,0,0,0,0,0,0,0
42089751787885478,149.9047461709448,1.4448076567354433,0.131804421544075,46608998400.0,0.6524850726127625,1,0,0,0,0,0,0,0
41619431394138141,350.9106826731457,-0.27174833667855425,0.29484182596206665,19508000768.0,0.8997236490249634,1,0,0,0,0,0,0,1
75339528872699545,241.5083035786792,54.91128960960382,0.18995606899261475,34979999744.0,0.9360553026199341,1,0,0,0,0,0,0,1
38557948640788327,37.47881111396675,-4.375198059209402,0.2610304355621338,58460000256.0,0.4602352976799011,1,1,0,0,0,1,1,0
44222920309889567,150.215879795944,3.4876843189236446,0.2190113514661789,41538998272.0,0.9250614643096924,1,0,0,0,0,0,0,0
42090288658807350,149.13082456794714,0.9919832869580382,0.2810724973678589,60963999744.0,0.39438867568969727,1,1,0,0,0,1,1,0
37494330054692759,36.54657473710958,-5.066055396917885,0.17626535892486572,5788800000.0,0.9071179032325745,1,0,0,0,0,0,0,0
75959352783043000,243.10235947967652,55.200755325285236,0.12385457754135132,4984300032.0,0.5521312952041626,1,0,0,0,0,0,0,0
75338553915117922,243.7147598500669,54.33941640018084,0.2595230042934418,14014000128.0,0.7634235620498657,1,1,0,0,0,1,1,0
75339361368970609,241.73585550465896,53.62326614578342,0.21344320476055145,47985000448.0,0.9543659687042236,1,0,0,0,0,0,0,0
74696589448339612,242.55329805388305,53.3018427902038,0.18125370144844055,6460499968.0,0.708365797996521,1,0,0,0,0,0,0,0
75338691354063831,243.39671472507828,54.291022889641326,0.39774489402770996,43128999936.0,0.5534038543701172,1,0,0,0,0,0,0,0
37494476083581407,36.49067476752818,-4.684889309011837,0.05219010263681412,17536999424.0,0.9588801860809326,1,0,0,0,0,0,0,0
41624082843731943,352.0534097579308,-1.0866878028819313,0.2521294355392456,56249999360.0,0.5997899770736694,1,1,0,0,0,1,0,0
41628635509057385,353.3974873130175,-0.3962844231004083,0.14182782173156738,8790200320.0,0.8535420894622803,1,1,0,0,0,1,0,0
38553417450279450,36.33194944466655,-4.317038194123209,0.09758173674345016,78199996416.0,0.9966351985931396,1,1,0,0,0,1,0,0
43162982510778104,151.76643619652017,1.7208346035024722,0.19621574878692627,31224000512.0,0.5473226308822632,1,0,0,0,0,0,0,1
75339090786034605,242.4202169529653,53.819429036748375,0.3426923155784607,105329999872.0,0.5026623010635376,1,1,0,0,0,1,0,0
75959361372980572,243.12024208657635,55.57956215327362,0.24137958884239197,116949999616.0,0.6650390625,1,1,0,0,0,1,0,0
75343922624234927,244.05105065369509,54.665377424930035,0.2580222487449646,60404998144.0,0.7294970154762268,1,1,0,0,1,1,1,0
75338824498060197,243.2259657019502,54.14941316724636,0.369505375623703,30353999872.0,0.737575888633728,1,0,0,0,0,0,0,0
37494330054696310,36.578516204425505,-5.020810779682677,0.045903440564870834,18791999488.0,0.9826093912124634,1,1,0,0,0,1,0,0
74696722592322298,242.37712331069798,53.2428655420021,0.24681425094604492,6566199808.0,0.8395874500274658,1,0,0,0,0,0,0,0
44227726378301540,151.24804696684697,3.3662899163837054,0.06508982926607132,20856000512.0,0.6445022821426392,1,0,0,0,0,0,0,0
41623666231898872,352.602541900161,-1.3413443097204503,0.10972076654434204,44114001920.0,0.9045335054397583,1,0,0,0,0,0,0,0
41623820850723421,352.39062341191385,-0.5782813022777039,0.267952561378479,42308001792.0,0.6051287055015564,1,0,0,0,0,0,0,0
75338820203084434,243.2874461686555,53.88656490605322,0.0905248299241066,26594000896.0,0.9053041338920593,1,1,0,0,0,1,1,0
38553696623156387,35.92168895620042,-4.145362536780445,0.12051564455032349,31746000896.0,0.872557520866394,1,0,0,0,0,0,0,0
75339391433747331,241.94487080627715,54.90980221671607,0.1184273436665535,38562000896.0,0.6068918704986572,1,0,0,0,0,0,0,0
75959490221998431,242.71611720563158,55.21104641791243,0.12975884974002838,72337997824.0,0.8420702219009399,1,0,0,0,0,0,0,0
75343918329265326,244.09492983776647,54.470238952844,0.3415966331958771,22429999104.0,0.6846926212310791,1,0,0,0,0,0,0,0
41618744199385027,351.83860653204357,-0.14756297847896183,0.1319226771593094,30808000512.0,0.64339280128479,1,0,0,0,0,0,0,0
44223332626759566,149.75191640573914,3.6170939692242094,0.12461019307374954,28554999808.0,0.9403563737869263,1,1,0,0,0,0,1,0
43163278863522317,151.28858849438856,2.5676070771056168,0.1912291795015335,40214999040.0,0.8579285144805908,1,1,0,0,0,1,1,0
75959073610179369,243.72736270645171,55.096602108375656,0.24032282829284668,14085000192.0,0.5688765645027161,1,0,0,0,0,0,0,0
43158597349174758,150.28946761105314,2.2822354070282755,0.19542913138866425,20071999488.0,0.9644779562950134,1,1,0,0,0,1,1,0
37493655744832667,37.57879251510279,-4.465596908135093,0.27900227904319763,21873999872.0,0.7191954255104065,1,0,0,0,0,0,0,0
44223336921712490,149.72948058054692,3.6364129871949564,0.14659090340137482,17653000192.0,0.8272282481193542,1,0,0,0,0,0,0,0
37494454608751097,36.47844268585153,-5.579659148344006,0.2503889501094818,4719699968.0,0.7806684970855713,1,0,0,0,0,0,0,0
38553967206108638,35.50416366064854,-4.185911009661453,0.09312387555837631,11891999744.0,0.8803001642227173,1,0,0,0,0,0,0,0
75338708533935444,243.37461879983397,55.02603746806141,0.11825664341449738,21038000128.0,0.6440392732620239,1,0,0,0,0,0,0,0
75339378548822480,241.85304840921913,54.20327987701909,0.0883551612496376,12094999552.0,0.7819019556045532,1,1,0,0,0,1,0,0
37489502511457078,35.66832992226308,-5.793421727754267,0.12471309304237366,26944999424.0,0.8195511698722839,1,1,0,0,0,1,0,0
37485542551603082,33.68398816170845,-4.666863821670916,0.1675250381231308,4727600128.0,0.8287111520767212,1,0,0,0,0,0,0,1
43163274568558780,151.35442267538372,2.4049104659259646,0.22773036360740662,31687000064.0,0.5188389420509338,1,0,0,0,0,0,0,0
43158056183297859,150.96255689599252,2.6282833212624714,0.11797456443309784,7052400128.0,0.7188270688056946,1,0,0,0,0,0,0,0
75339657721700640,241.31716114444498,54.39986176734962,0.20458312332630157,9344000000.0,0.839995265007019,1,0,0,0,0,0,0,0
37484696443052606,34.75841233317765,-5.583095034009686,0.08255381882190704,40014000128.0,0.9882203340530396,1,0,0,0,0,0,0,0
41628644098991415,353.37907375234283,-0.061565555127938536,0.17024168372154236,55937998848.0,0.6387797594070435,1,0,0,0,0,0,0,0
75334435041476513,240.76898949933832,54.52332386686891,0.2265237718820572,85331001344.0,0.5939181447029114,1,1,0,0,1,0,0,0
41618860163490115,351.5867153433426,-1.1780239409986828,0.13124831020832062,6821100032.0,0.9090015888214111,1,1,0,0,1,0,1,0
43159151399939262,149.5387669357839,2.3816908845243128,0.13660363852977753,20625999872.0,0.5340510010719299,1,0,0,0,0,0,0,0
42692666412000444,352.1606043349064,0.09246236787793335,0.32840603590011597,23259000832.0,0.6429217457771301,1,0,0,0,0,0,0,0
37489257698315069,36.05596737970595,-4.544754251833152,0.08034013211727142,14414999552.0,0.8391434550285339,1,0,0,0,0,0,0,0
38558365252604624,36.976545344624405,-4.344860425427522,0.06607603281736374,15166000128.0,0.8812819719314575,1,0,0,0,0,0,0,0
37489665720210599,35.435662232699535,-4.709894631665063,0.3337603211402893,57864998912.0,0.8022572994232178,1,0,0,0,0,0,0,0
43154207892598487,148.80682346802803,2.610166249617919,0.3559567928314209,74308001792.0,0.8329564332962036,1,0,0,0,0,0,0,0
37489661425244753,35.48068501232569,-4.878932878479996,0.22838032245635986,13340000256.0,0.7159919142723083,1,0,0,0,0,0,0,0
43158060478260991,150.9146013938894,2.773259389071172,0.15689612925052643,91992997888.0,0.7476369142532349,1,0,0,0,0,0,0,0
38553421745256150,36.28146202102009,-4.0321705028758945,0.15917415916919708,93918003200.0,0.9440726041793823,1,0,0,0,0,0,0,0
41623541677847443,352.8695679176433,-0.7931874311549908,0.22112862765789032,24071000064.0,0.5607255697250366,1,0,0,0,0,0,0,0
37494063766723340,37.01798403411477,-4.6575349946334095,0.3866503834724426,5137399808.0,0.9286026358604431,1,0,0,0,0,0,0,0
75959773689847030,242.20065371149065,55.656090156942966,0.2555084526538849,89626001408.0,0.7350830435752869,1,1,0,0,0,1,0,0
43153937309663795,149.1038291045018,2.865012151182331,0.3807784914970398,122729996288.0,0.9622465372085571,1,0,0,0,0,0,0,0
75339657721708715,241.2619667847324,54.50958079296408,0.2681504189968109,26843000832.0,0.7775030136108398,1,0,0,0,0,0,0,0
42084932834583239,148.80989677366856,1.1092061111220421,0.3785439431667328,42097999872.0,0.8242436647415161,1,0,0,0,0,0,0,1
42090013780886169,149.41072430541675,0.8526189513239498,0.24195167422294617,69911003136.0,0.7551385164260864,1,0,0,0,0,0,0,0
42090284363830326,148.99505209774313,0.6972225432003415,0.14204035699367523,13141000192.0,0.6714190244674683,1,1,0,0,0,1,0,0
44227855227323906,151.0758852464353,3.022999303404477,0.07003748416900635,10021999616.0,0.7042598724365234,1,0,0,0,0,0,0,0
74701812128581646,242.99628110805594,53.37769080431676,0.17057450115680695,48285999104.0,0.9582074284553528,1,1,0,0,1,0,0,0
43162982510777708,151.73139293883358,1.7143405290705105,0.08609865605831146,25322000384.0,0.9950502514839172,1,1,0,0,0,1,1,0
43158060478253380,150.93122098571138,2.706299979141492,0.3027923107147217,18158999552.0,0.6196449398994446,1,0,0,0,0,0,0,0
38558232108615710,37.26405497381868,-4.177987896142598,0.19676625728607178,67463000064.0,0.8656051158905029,1,0,0,0,0,0,0,0
75954701333454100,241.1284757032595,56.09836831903333,0.24118457734584808,228439998464.0,0.517072319984436,1,0,0,0,0,0,0,0
43163403417572756,151.16849788125657,1.9778990558802094,0.14487072825431824,59620999168.0,0.8716464638710022,1,1,0,0,0,1,1,0
75338704238971700,243.32992335951758,54.860394620180976,0.07322537899017334,4252999936.0,0.9326568841934204,1,0,0,0,0,0,0,0
75338820203089578,243.00337095552973,53.93233556649294,0.17665354907512665,26413000704.0,0.5344414710998535,1,0,0,0,0,0,0,0
44218097061629843,149.23842946554103,3.0468945805948926,0.21416790783405304,22607998976.0,0.9482512474060059,1,1,0,0,0,1,0,0
41619272480359276,351.02502434513156,-1.1376115686454777,0.09657635539770126,27711000576.0,0.9327290058135986,1,0,0,0,0,0,0,0
42692400124030990,352.5903214099141,0.5167405053417318,0.27116990089416504,13093000192.0,0.5699772238731384,1,1,0,0,0,1,0,0
75339528872696533,241.38559729298206,54.93007173037815,0.2031714767217636,42245001216.0,0.8252315521240234,1,0,0,0,0,0,0,0
75343905444370350,244.08243341262045,53.99125848626255,0.14675962924957275,31913000960.0,0.792092502117157,1,0,0,0,0,0,0,0
44223049158906135,150.02345875793972,3.1662904389861684,0.2152056097984314,38185000960.0,0.9099287390708923,1,0,0,0,0,0,0,1
42093870661528921,151.7082279709701,1.352339507783723,0.2627580165863037,23643000832.0,0.6115527749061584,1,0,0,0,0,0,0,0
41624095728625890,352.0986372189613,-0.5986985034667293,0.16047517955303192,101849997312.0,0.8431172370910645,1,0,0,0,0,0,0,0
38554108940024636,35.4196803418004,-4.053149351110266,0.16629865765571594,5510099968.0,0.5218632817268372,1,0,0,0,0,0,0,0
37489803159176254,35.37695034837443,-4.5918164704372915,0.13797998428344727,64966000640.0,0.8635997772216797,1,0,0,0,0,0,0,0
44223328331783924,149.7121953327544,3.331738722091475,0.21657583117485046,246550003712.0,0.9373863935470581,1,1,0,0,0,1,1,0
75339232519953003,242.23261959739932,53.96454214720609,0.22128409147262573,29500000256.0,0.48566949367523193,1,1,0,0,0,1,1,0
41619298250157938,351.0432050143416,-0.017498875995985506,0.176218643784523,60347998208.0,0.6155909895896912,1,1,0,0,0,1,0,1
38553851241978130,35.7628311631699,-3.3484946164903846,0.17351174354553223,15326999552.0,0.6018558740615845,1,0,0,0,0,0,0,0
42697064458510254,353.74274430591385,0.11236266662721132,0.2718501389026642,69557002240.0,0.6409189105033875,1,1,0,0,1,0,0,0
38553430335187943,36.2166528510529,-3.6895339332324366,0.24965202808380127,149999992832.0,0.5284665822982788,1,0,0,0,0,0,0,0
42090164104745980,149.26193784243617,1.454003578576763,0.33656129240989685,37053001728.0,0.5306812524795532,1,0,0,0,0,0,0,0
42697073048445862,353.7600327938033,0.47495854428177714,0.1403571218252182,55437000704.0,0.8663371205329895,1,0,0,0,0,0,0,0
37485130234761724,34.216716220510015,-4.593012258313838,0.2663356065750122,81052999680.0,0.6354917287826538,1,1,0,0,0,1,0,0
75955092175476842,240.16179739679455,55.17182824971939,0.1350356489419937,32319000576.0,0.8731753826141357,1,0,0,0,0,0,0,0
75959511696837400,242.90054963765346,56.16279859379231,0.293979287147522,37410000896.0,0.5150565505027771,1,0,0,0,0,0,0,0
75959241113895775,243.3622572641235,56.340269838422614,0.2328735738992691,189729996800.0,0.5793078541755676,1,0,0,0,0,0,0,0
41619289660225700,351.0587531148408,-0.36530785425700696,0.2657761871814728,72775000064.0,0.5346025228500366,1,0,0,0,0,0,0,0
37489635655447287,35.604878562678,-5.861100017279737,0.07191134989261627,39634001920.0,0.9700450897216797,1,0,0,0,0,0,0,0
43158060478263777,150.9185914779793,2.803944054117624,0.16135817766189575,29052999680.0,0.7243546843528748,1,1,0,0,0,1,0,0
75959511696842104,242.94878195723993,56.217414860888866,0.2807849943637848,111440003072.0,0.7825438976287842,1,0,0,0,0,0,0,0
43163257388686488,151.42962410680633,1.6152380847033898,0.34345534443855286,4082599936.0,0.9384928941726685,1,0,0,0,0,0,0,0
37494201205683802,36.77376490861535,-4.562028009809382,0.2238287776708603,13966999552.0,0.8757745027542114,1,0,0,0,0,0,0,0
38554254968901619,35.23395616615466,-3.781453949629059,0.2666592597961426,66047000576.0,0.8373571634292603,1,0,0,0,0,0,0,0
76552951623077182,241.7960598510582,56.639917589351676,0.11315294355154037,16832000000.0,0.5526394844055176,1,0,0,0,0,0,0,0
37489107374467038,36.231381472257354,-5.002137507847247,0.3693885803222656,80126001152.0,0.8963429927825928,1,0,0,0,0,0,0,0
43153937309648626,149.07827524781734,2.6991082771946027,0.17896564304828644,77975003136.0,0.8153380155563354,1,0,0,0,0,0,0,0
37494338644633001,36.624430965526024,-4.642499067023178,0.16013562679290771,19800999936.0,0.665607213973999,1,0,0,0,0,0,0,0
75334297602525529,241.05988495250716,54.496118858002625,0.21442031860351562,7244700160.0,0.8055593967437744,1,0,0,0,0,0,0,0
41623812260800233,352.4237919992348,-0.8662479395465367,0.17543818056583405,32647000064.0,0.8916000723838806,1,0,0,0,0,0,0,0
75338953347066031,242.65989353325293,53.69708203921226,0.3998299241065979,60535001088.0,0.5199638605117798,1,0,0,0,0,0,0,0
44218109946522765,149.28231873194028,3.5381157225300686,0.2071855515241623,53037998080.0,0.5471625328063965,1,0,0,0,0,0,0,0
37489528281254639,35.7043376630992,-4.739296293084,0.30946022272109985,93874003968.0,0.6317493915557861,1,0,0,0,0,0,0,0
75959490221997573,242.9516810743859,55.20114318962901,0.24668951332569122,76426002432.0,0.3624483346939087,1,1,1,0,0,0,0,0
75343510307380950,245.11139216561907,54.724007987919386,0.16039900481700897,13784000512.0,0.6315286159515381,1,0,0,0,0,0,0,0
75959507401870262,242.7572660328949,55.96079580351626,0.20167963206768036,17372999680.0,0.8567588329315186,1,0,0,0,0,0,0,0
38553829767145204,35.74155910300176,-4.3113618455459966,0.23029033839702606,171729993728.0,0.8859947919845581,1,1,0,0,1,1,0,0
37489373662434927,35.83772619829717,-5.452161196557547,0.19628719985485077,97706999808.0,0.9941245317459106,1,0,0,0,0,0,0,0
37489661425240959,35.43295892423105,-4.919705221181359,0.25429314374923706,117139996672.0,0.3422453999519348,1,1,1,0,0,0,0,0
37489519691327716,35.73917124507788,-5.046139032828973,0.13407817482948303,91926003712.0,0.970556378364563,1,1,0,0,0,1,1,0
41619427099178274,350.95294803906665,-0.3649326160606767,0.17795518040657043,20935000064.0,0.44478607177734375,1,1,0,0,1,1,0,0
38558648720441439,36.657521713560385,-3.978266063242358,0.05388415604829788,14247999488.0,0.9489927887916565,1,0,0,0,0,0,0,0
38553554889243252,36.136714301071684,-4.225792445776483,0.2601516544818878,216149999616.0,0.8547619581222534,1,0,0,0,0,0,0,0
37494188320771805,36.79025204674895,-5.166045227968245,0.2428855299949646,9279200256.0,0.6742322444915771,1,0,0,0,0,0,0,0
75339112260867324,242.39043325586283,54.75795436980408,0.22792111337184906,79309996032.0,0.6054339408874512,1,0,0,0,0,0,0,0
43154190712719926,148.6695692003127,1.7666735675690426,0.11401659995317459,11420000256.0,0.6430187821388245,1,0,0,0,0,0,0,0
44227868112212235,151.02001410619377,3.439206560582327,0.20665977895259857,176419995648.0,0.40127626061439514,1,1,0,0,0,1,0,0
40555383311325618,352.0474005582846,-1.5544339793459598,0.06008407846093178,20612999168.0,0.9991735816001892,1,0,0,0,0,0,0,0
75338970526935807,242.86184348502928,54.4336883204863,0.20761524140834808,12837999616.0,0.6785883903503418,1,0,0,0,0,0,0,0
75338837382947853,243.27491214405092,54.58318037161481,0.1998177319765091,38917001216.0,0.8325169682502747,1,0,0,0,0,0,0,0
38553426040204773,36.32548883960071,-3.9682071646992916,0.10417250543832779,6583199744.0,0.748232364654541,1,0,0,0,0,0,0,0
75339228224988189,242.17350100363973,53.81692934089992,0.22797851264476776,90870996992.0,0.7179118394851685,1,0,0,0,0,0,0,0
75339253994780103,242.22335785876834,54.788827804743384,0.20329006016254425,14510000128.0,0.867901086807251,1,1,0,0,0,1,1,0
41618744199380715,351.78695263019216,-0.19932808287619663,0.11084076017141342,20461000704.0,0.47843730449676514,1,1,0,0,0,1,0,1
37489369367478141,35.852876804582515,-5.509658228903541,0.23962558805942535,110020001792.0,0.8577916622161865,1,0,0,0,0,0,0,0
75338824498056042,243.07706383222796,54.12125449725026,0.09970442205667496,55921000448.0,0.880009114742279,1,0,0,0,0,0,0,0
40550847825867014,350.7189578025609,-1.4890501306087662,0.21898683905601501,4901499904.0,0.4296168386936188,1,1,0,0,0,1,0,0
75343518897302573,245.0854219957981,55.00134534495632,0.10257209092378616,101160001536.0,0.9899718761444092,1,1,0,1,1,0,0,0
75959077905132930,243.66754254692316,55.15160317427273,0.11956025660037994,42396999680.0,0.7462961077690125,1,0,0,0,0,0,0,0
41619010487351334,351.467483173923,-0.5542609978345655,0.10418777167797089,16606999552.0,0.743035614490509,1,0,0,0,0,0,0,0
75339528872696526,241.40030276484686,54.939930755239345,0.20271112024784088,30581000192.0,0.7946240901947021,1,1,0,0,0,1,0,0
75954817297582982,241.00515198242124,55.25073729993409,0.2049780637025833,16140000256.0,0.8952629566192627,1,1,0,0,0,1,1,0
75959507401881745,242.79942315330482,56.05797239273527,0.16258054971694946,23459999744.0,0.9126778244972229,1,0,0,0,0,0,0,0
37489665720211963,35.52815962562403,-4.694055192149236,0.36514928936958313,15594000384.0,0.8635326027870178,1,0,0,0,0,0,0,0
44223328331783926,149.7086439748466,3.3320484905097856,0.2705180048942566,37233999872.0,0.4772692620754242,1,1,0,0,0,0,1,0
37493780298884540,37.35224853482082,-4.9800975563654415,0.23683921992778778,177299996672.0,0.9184112548828125,1,0,0,0,0,0,0,0
75343785185280958,244.49179697519665,54.668176728912755,0.361564964056015,59387998208.0,0.8489876985549927,1,1,0,0,0,1,0,1
75954404980717044,241.8951899345172,55.166752022421555,0.3314654529094696,46653001728.0,0.3854362368583679,1,1,0,0,0,1,0,0
41619427099179044,350.87920404041756,-0.3550868745452652,0.12249574810266495,4416099840.0,0.718540608882904,1,1,1,0,0,0,0,0
76552401867271771,243.06019179020296,56.6617081880945,0.2224399298429489,69846999040.0,0.6650944948196411,1,0,0,0,0,0,0,0
42692812440901449,352.1200318081895,0.5960425160116849,0.24633632600307465,41079001088.0,0.6736387610435486,1,0,0,0,0,0,0,0
75339507397849156,241.59065479172907,53.9039771921637,0.09562597423791885,5956800000.0,0.8524595499038696,1,0,0,0,0,0,0,0
41619001897428271,351.4421244598676,-0.8410850987174436,0.2074064314365387,60130000896.0,0.5397294163703918,1,0,0,0,0,0,0,0
41624082843735604,352.0572587040244,-1.0472300737414821,0.16911843419075012,170000007168.0,0.8010787963867188,1,0,0,0,0,0,0,0
75959095085005600,243.92508892809815,55.9768805658492,0.17615889012813568,199539998720.0,0.998845100402832,1,0,0,0,0,0,0,0
43153653841816257,149.48297628123174,2.4356480638412283,0.1272735446691513,16149000192.0,0.6560486555099487,1,0,0,0,0,0,0,0
41623820850723038,352.47544211232014,-0.5802992276814102,0.1749834269285202,78449000448.0,0.9530037641525269,1,0,0,0,0,0,0,0
74701816423539006,243.11545072499092,53.466066909736455,0.1508030742406845,14622999552.0,0.7839775085449219,1,0,0,0,0,0,0,0
41623683411767896,352.51195962112394,-0.605400465797504,0.3324550986289978,29646000128.0,0.9431149959564209,1,1,0,0,1,0,1,0
42692541857960847,352.4627518655084,0.8238694007698011,0.1123938336968422,18260000768.0,0.6805784702301025,1,0,0,0,0,0,0,0
75954555304575088,241.62331696087853,55.80215194786406,0.08320114016532898,7175600128.0,0.5654321312904358,1,0,0,0,0,0,0,0
41619564538132147,350.64674610585445,-0.34122665362090177,0.19044630229473114,85912002560.0,0.8526828289031982,1,0,0,0,0,0,0,1
75959232523973180,243.32504954578314,56.05787911268361,0.32795602083206177,19416999936.0,0.6477929353713989,1,0,0,0,0,0,0,0
44223182302885019,149.9336612820076,3.031749579394144,0.12179388850927353,27147999232.0,0.6653397679328918,1,0,0,0,0,0,0,0
74701812128579164,243.09365346656165,53.35159328481843,0.1602097749710083,47023001600.0,0.969556450843811,1,0,0,0,0,0,0,0
37489665720211962,35.52763563955697,-4.695599000437164,0.18546737730503082,14026999808.0,0.8460583090782166,1,0,0,0,0,0,0,0
42692670706969080,352.1302400809242,0.3088496266665122,0.10850817710161209,74737000448.0,0.8432987928390503,1,0,0,0,0,0,0,0
41624091433667120,352.1027957006955,-0.7343668269975626,0.1840701848268509,18264999936.0,0.5130945444107056,1,0,0,0,0,0,0,0
41619006192389861,351.4640766524731,-0.6902500540259292,0.13461190462112427,5257099776.0,0.654295802116394,1,0,0,0,0,0,0,0
75339528872696579,241.6424222083354,54.94341409972826,0.2776355445384979,15877999616.0,0.9124932289123535,1,0,0,0,0,0,0,1
43159013960986487,149.6061007507336,2.3872059135684,0.135785773396492,22300999680.0,0.9224183559417725,1,0,0,0,0,0,0,0
42094544971394463,150.75553878012235,0.7661416055092389,0.09058146923780441,86216998912.0,0.8290631771087646,1,0,0,0,0,0,0,0
37488961345582320,36.395959930619455,-5.332666956887975,0.37899717688560486,30439999488.0,0.6135640740394592,1,0,0,0,0,0,0,0
75959232523974437,243.5436672091924,56.06011012242533,0.10265984386205673,20394000384.0,0.8601224422454834,1,0,0,0,0,0,0,0
42692391534099455,352.6457813898032,0.1845164288299611,0.24250002205371857,62469001216.0,0.8384265899658203,1,0,0,0,0,0,0,0
75954692743521985,241.35612524451858,55.791211134140376,0.09741567075252533,16600999936.0,0.5242947936058044,1,0,0,0,0,0,0,0
38553280011334206,36.38205780208243,-4.200686620335156,0.3339204490184784,33138999296.0,0.5685566663742065,1,0,0,0,0,0,0,0
42094003805520664,151.5074739070457,1.1996979861085835,0.14799058437347412,55914999808.0,0.9700891375541687,1,1,0,0,0,1,1,0
43162982510773731,151.75730438250187,1.6243565829959339,0.1558268815279007,42317000704.0,0.8002273440361023,1,0,0,0,0,0,0,0
43154048978800160,148.89558266783493,1.5952950907600154,0.2159474790096283,10816000000.0,0.5225650668144226,1,0,0,0,0,0,0,0
43158885111991178,149.92914647847743,2.8710706296607627,0.06474842131137848,42247999488.0,0.9356997609138489,1,0,0,0,0,0,0,0
42090013780896557,149.44096275260927,0.9588311708166171,0.29155030846595764,200100003840.0,0.7599433064460754,1,1,0,0,0,1,1,0
41628635509059699,353.4075171265522,-0.35734409997263433,0.0962069034576416,50518999040.0,0.9992050528526306,1,0,0,0,0,0,0,0
75344051473251459,243.76704773812398,54.276435639966586,0.2250363826751709,33617999872.0,0.6843978762626648,1,0,0,0,0,0,0,0
44227726378296780,151.15615463713615,3.325702333284912,0.11160372197628021,56386998272.0,0.9563088417053223,1,1,0,0,0,1,1,0
38554250673945030,35.106653205281454,-3.8207442115360393,0.18262164294719696,90143997952.0,0.8172397613525391,1,0,0,0,0,0,0,0
37494205500638702,36.85475718199194,-4.543625214451284,0.2818778157234192,276530003968.0,0.9265152812004089,1,1,0,0,0,1,1,0
42687722904651148,351.4299821879822,0.36219293010054915,0.21814928948879242,50153000960.0,0.9262581467628479,1,0,0,0,0,0,0,0
38553984385965143,35.55411518891239,-3.5217274797796496,0.17732234299182892,71092002816.0,0.8862767219543457,1,0,0,0,0,0,0,1
75343896854425979,243.9411827022081,53.621173234934226,0.21638089418411255,20128999424.0,0.7399246692657471,1,0,0,0,0,0,0,0
42691974922280475,353.2263719949659,0.053108612883847495,0.34414270520210266,102389997568.0,0.795935332775116,1,0,0,0,0,0,0,0
38553984385957456,35.59319128683176,-3.6229022704696274,0.20278848707675934,48727998464.0,0.7891707420349121,1,0,0,0,0,0,0,0
42687856048638175,351.26921399972406,0.2125284618117782,0.17022573947906494,46188998656.0,0.8592672348022461,1,0,0,0,0,0,0,0
38549569159596677,34.05694945004379,-4.250363213391342,0.13902829587459564,29461999616.0,0.8246809244155884,1,0,0,0,0,0,0,0
75338558210080118,243.6771603909379,54.474503826293315,0.23664282262325287,78407999488.0,0.9824008941650391,1,1,0,0,0,0,1,0
74701812128580936,243.12802428187786,53.37237253785755,0.14273925125598907,25728000000.0,0.9715004563331604,1,0,0,0,0,0,0,0
38553554889240497,36.14187094927044,-4.261073897424956,0.31777623295783997,63916998656.0,0.9273096323013306,1,0,0,0,0,0,0,0
75339378548835285,241.74531144909474,54.3298209728931,0.23502641916275024,65612001280.0,0.8590108156204224,1,0,0,0,0,0,0,0
38558648720444491,36.691168850691426,-3.9465248789573497,0.3589564561843872,11914000384.0,0.9161360263824463,1,0,0,0,0,0,0,0
38557957230709284,37.482964357688495,-4.163030211520341,0.31198206543922424,52434001920.0,0.7288089990615845,1,0,0,0,0,0,0,0
37484855356852931,34.62286824654383,-4.6323094593930625,0.31002309918403625,67911000064.0,0.539837121963501,1,1,0,0,0,1,1,0
38557952935749356,37.51081299831409,-4.253008568484823,0.13591192662715912,37631000576.0,0.8582053184509277,1,0,0,0,0,0,0,0
37489231928518301,36.081588531251825,-5.599621691313944,0.28542810678482056,10929999872.0,0.513875424861908,1,0,0,0,0,0,0,0
75339228224972278,242.25937009206487,53.69800574008272,0.3026992678642273,26552999936.0,0.9407207369804382,1,0,0,0,0,0,0,0
41624087138706114,351.94213340835046,-0.8508300166889492,0.24645423889160156,12944000000.0,0.9118855595588684,1,0,0,0,0,0,0,0
42089326586123130,150.34344675984752,0.9426460134189855,0.16161328554153442,33241999360.0,0.6091302633285522,1,0,0,0,0,0,0,0
44223324036820976,149.75040534572446,3.1757349669973984,0.22110117971897125,113250000896.0,0.8626461029052734,1,0,0,0,0,0,0,0
37489940598117827,35.14578971792934,-4.716489741229013,0.17667512595653534,37956001792.0,0.8329346776008606,1,1,0,1,0,1,0,0
43163261683660134,151.3243937893712,1.8895864933370663,0.21938888728618622,31577999360.0,0.8599282503128052,1,0,0,0,0,0,0,0
75338820203092138,243.13308084821085,53.9567592539682,0.13532166182994843,74640998400.0,0.9117621183395386,1,0,0,0,0,0,0,0
37494325759730181,36.54000575720694,-5.180495365639501,0.2515121102333069,27072000000.0,0.5213779807090759,1,0,0,0,0,0,0,0
43158189327270787,150.75541101892867,2.3555769928545836,0.18969546258449554,18538999808.0,0.9402716755867004,1,0,0,0,0,0,0,0
75958966235981521,244.13066854435448,56.28517317755622,0.05377541854977608,42963001344.0,0.906395673751831,1,0,0,0,0,0,0,0
42687860343595129,351.3247176477382,0.2793269392653672,0.20695650577545166,21129000960.0,0.9429930448532104,1,1,0,0,0,1,1,0
41619839416034960,350.421262297677,-0.34958214535406323,0.1905985176563263,46605000704.0,0.5808324217796326,1,0,0,0,0,0,0,0
38558365252609789,37.06504040677286,-4.266653304819616,0.18753890693187714,18143000576.0,0.7230005264282227,1,0,0,0,0,0,0,0
37484851061882989,34.50269199427285,-4.79493962761138,0.162279412150383,68569001984.0,0.7933007478713989,1,0,0,0,0,0,0,0
37489644245377982,35.496550125272044,-5.625117172850135,0.3193845748901367,42302001152.0,0.5670477151870728,1,0,0,0,0,0,0,0
38558236403583514,37.127544193015694,-3.9967227431644634,0.3277091085910797,84524998656.0,0.6129032373428345,1,0,0,0,0,0,0,0
43158584464256105,150.32950031266657,1.6032963901160064,0.22208315134048462,13429000192.0,0.743258535861969,1,0,0,0,0,0,0,0
41624087138694191,352.1142413725378,-0.9685763372553021,0.3412673771381378,48197001216.0,0.5888499617576599,1,0,0,0,0,0,0,0
42687860343597586,351.28409702379935,0.30345834825602075,0.2231277972459793,6527699968.0,0.8052198886871338,1,1,0,0,0,1,0,0
44222916014920480,150.26768159608335,3.297160753837338,0.1632029265165329,5590300160.0,0.548989474773407,1,0,0,0,0,0,0,0
42094424712301213,150.91704260887727,1.4048153647267108,0.09464885294437408,5774000128.0,0.7820789813995361,1,0,0,0,0,0,0,0
75334297602523787,241.05416123653492,54.48742813721076,0.23366041481494904,164400005120.0,0.5232089757919312,1,0,0,0,0,0,0,0
37494454608756593,36.51255706145549,-5.489116631792845,0.05901927128434181,8641099776.0,0.9922256469726562,1,1,0,1,0,0,0,0
37494334349656495,36.63483708232923,-4.8610710861821,0.3251855671405792,23346999296.0,0.5172516107559204,1,0,0,0,0,0,0,0
41619135041406661,351.3895391714248,-1.1034870680848345,0.1972961127758026,65344999424.0,0.780057966709137,1,1,0,0,0,1,0,0
75339090786020069,242.35776362901868,53.692295247495856,0.26431548595428467,92382003200.0,0.33483320474624634,1,1,0,0,1,0,0,0
37489085899627126,36.35758649677787,-5.89840674576253,0.10686375200748444,7217299968.0,0.6732597947120667,1,0,0,0,0,0,0,0
37484971320968510,34.4308882597223,-5.5146062393025,0.2251252382993698,9489099776.0,0.507895290851593,1,0,0,0,0,0,0,0
76553084767067824,241.4765797382164,56.572517479018174,0.18466348946094513,19192000512.0,0.7342695593833923,1,0,0,0,0,0,0,1
44222769986025926,150.48265919206173,2.979570593219424,0.29949718713760376,18481999872.0,0.9355815052986145,1,0,0,0,0,0,0,0
38553971501060430,35.45850416078003,-4.148598820276851,0.16828638315200806,62770999296.0,0.9602473974227905,1,1,0,0,0,1,0,0
41623142245883438,353.29624309414453,-0.2590001767752084,0.12255793809890747,7943799808.0,0.6289305686950684,1,0,0,0,0,0,0,0
37489785979293310,35.32244177816049,-5.460060483930197,0.2591463327407837,77309001728.0,0.5127351880073547,1,0,0,0,0,0,0,0
41623266799941649,353.1861461792321,-0.6680328491616605,0.10916314274072647,13941999616.0,0.7928256988525391,1,0,0,0,0,0,0,0
38554246378972329,35.061529407320336,-4.0740651062819015,0.1326913833618164,24624001024.0,0.8669880032539368,1,0,0,0,0,0,0,0
38553838357071795,35.65550439562157,-3.982151846007417,0.2321227639913559,6972000256.0,0.9003509283065796,1,0,0,0,0,0,0,0
75339253994780102,242.22461313025127,54.79306599393106,0.13513465225696564,111030001664.0,0.9720231294631958,1,0,0,0,0,0,0,0
42692670706977382,352.19220975344206,0.3853602662222514,0.20551419258117676,28486000640.0,0.8963557481765747,1,0,0,0,0,0,0,0
38549427425680220,34.21257554428323,-4.39066511243189,0.34815916419029236,39924998144.0,0.8189980983734131,1,0,0,0,0,0,0,0
37494188320773391,36.73118386107747,-5.14213562005894,0.2366839200258255,79578996736.0,0.7014460563659668,1,0,0,0,0,0,0,0
38554108940025274,35.394651821592475,-4.038008270312655,0.10948958247900009,78614003712.0,0.9634894728660583,1,0,0,0,0,0,0,0
75954688448555497,241.30586325345928,55.5856899600688,0.23309724032878876,117449998336.0,0.6835327744483948,1,0,0,0,0,0,0,0
38558498396601335,36.797962654747934,-4.389648675260176,0.21034196019172668,35494998016.0,0.8082606792449951,1,0,0,0,0,0,0,0
75343909739330153,243.9641752184374,54.09271531180705,0.30832648277282715,17265000448.0,0.7253285646438599,1,0,0,0,0,0,0,0
43158197917219698,150.86590278670604,2.824665389338276,0.30641573667526245,25354000384.0,0.7343006134033203,1,0,0,0,0,0,0,0
42697352221323732,353.34194596723177,0.7095889943449013,0.19078007340431213,31032999936.0,0.646541178226471,1,0,0,0,0,0,0,0
44222916014933378,150.20596582955062,3.4254125572399503,0.09241184592247009,40795000832.0,0.9044919013977051,1,0,0,0,0,0,0,0
38549569159596990,34.06385424267245,-4.247978185341325,0.22479252517223358,24973000704.0,0.7995940446853638,1,0,0,0,0,0,0,0
37494192615740132,36.73935015053176,-5.062140919987737,0.20652222633361816,16737999872.0,0.8013070821762085,1,0,0,0,0,0,0,0
38553434630142340,36.205378227197826,-3.604350574095705,0.324118971824646,11452000256.0,0.8251370191574097,1,0,0,0,0,0,0,0
43158751967985603,150.00472760283085,2.9010036148261147,0.33360758423805237,42111000576.0,0.606827974319458,1,0,0,0,0,0,0,0
41618855868529479,351.6436788546407,-1.2780344459288664,0.3104872703552246,20874999808.0,0.5571295619010925,1,0,0,0,0,0,0,0
37489244813418173,36.069399464197595,-5.050990754557681,0.2719334065914154,18919999488.0,0.9321131706237793,1,0,0,0,0,0,0,0
41619023372255105,351.51064814221814,-0.006548393051840421,0.3473128378391266,175449997312.0,0.7696241140365601,1,0,0,0,0,0,0,0
75959241113892050,243.566520385282,56.2860255102904,0.23665203154087067,9139200000.0,0.8457598686218262,1,1,0,0,0,1,1,0
43154207892600432,148.7847025314068,2.642799544062009,0.30449849367141724,120770002944.0,0.7266201972961426,1,1,0,0,1,0,1,0
75343926919196809,243.9053961832934,54.79311869179727,0.16990907490253448,69219999744.0,0.5256232619285583,1,0,0,0,0,0,0,0
76557761986454545,243.4037763277601,56.62601292562402,0.08136735111474991,3472300032.0,0.8835744261741638,1,1,0,0,0,1,0,0
75334718509304001,240.03027652212018,54.89724084640172,0.06684203445911407,14453999616.0,0.918815016746521,1,0,0,0,0,0,0,0
37489253403355754,36.08885360989235,-4.625097352582122,0.25338834524154663,39845998592.0,0.7023959755897522,1,0,0,0,0,0,0,1
42691858958157674,353.2509192612684,0.984044213266776,0.19600415229797363,4368500224.0,0.5883228778839111,1,0,0,0,0,0,0,0
38558498396596867,36.82863569888379,-4.441694166842748,0.24430178105831146,53195001856.0,0.9032137989997864,1,0,0,0,0,0,0,1
75339228224974778,242.12237473593876,53.68645360666796,0.22169426083564758,9349600256.0,0.9073498249053955,1,0,0,0,0,0,0,0
38553709508055213,35.84406485647832,-3.563875357459947,0.24445460736751556,130649997312.0,0.8864963054656982,1,0,0,0,0,0,0,0
42094416122374461,150.92255308697884,1.0863289194545367,0.20871710777282715,43543998464.0,0.6122043132781982,1,0,0,0,0,0,0,0
75954417865615544,241.90324879992957,55.71206860309635,0.05697747692465782,8077300224.0,0.9120967388153076,1,0,0,0,0,0,0,0
75958807322204429,244.52079777298593,55.46938636796055,0.16803516447544098,49669001216.0,0.8692924380302429,1,0,0,0,0,0,0,0
44223186597856266,149.8454801802066,3.0785907882397674,0.1943211704492569,15982999552.0,0.9946295022964478,1,1,0,0,0,1,1,0
42697343631389131,353.3739161934099,0.3317365404152147,0.09945261478424072,25716000768.0,0.8552731275558472,1,0,0,0,0,0,0,1
41628635509056639,353.36945681793236,-0.39994618006208826,0.18237677216529846,4981199872.0,0.8126941323280334,1,1,0,0,0,1,0,0
75954276131695371,242.094848374969,55.55324188991244,0.09368717670440674,18477000704.0,0.5715102553367615,1,0,0,0,0,0,0,0
75959365667952024,243.17524412242574,55.81033833561869,0.19413353502750397,4476299776.0,0.915533185005188,1,0,0,0,0,0,0,0
76557757691501728,243.5433216220676,56.58923997303775,0.2224757820367813,15866999808.0,0.7166211009025574,1,0,0,0,0,0,0,0
38549436015605762,34.28783870082514,-4.093630028909918,0.21423456072807312,3502700032.0,0.544123649597168,1,0,0,0,0,0,0,0
43154323856715643,148.49905592932657,1.7135723631306534,0.12460431456565857,32619999232.0,0.6568145751953125,1,0,0,0,0,0,0,0
38558236403583597,37.1454695805912,-3.993072924525706,0.09250402450561523,65848000512.0,0.9433414340019226,1,0,0,0,0,0,0,0
75954546714639892,241.40571253006283,55.39961730625003,0.39056065678596497,19274000384.0,0.7749840021133423,1,1,0,0,0,1,1,0
75334581070362624,240.17455977882247,54.888659999396765,0.3430405259132385,43212001280.0,0.5961271524429321,1,0,0,0,0,0,0,0
75959073610172645,243.87815365886658,55.05056297389157,0.19272013008594513,52683001856.0,0.7173253893852234,1,0,0,0,0,0,0,0
43158335356167548,150.64440646371872,2.8021887529826746,0.22309313714504242,28142000128.0,0.5790646076202393,1,1,0,0,0,1,1,0
41618873048398553,351.7545696514255,-0.4986409381183881,0.11863498389720917,12901000192.0,0.8851286172866821,1,0,0,0,0,0,0,0
38554108940028627,35.3812671160817,-4.001694158389021,0.21985673904418945,11884000256.0,0.3733702003955841,1,1,0,0,1,0,0,0
38553275716362887,36.41321299641624,-4.440457543719926,0.22461338341236115,4177100032.0,0.886057436466217,1,1,0,0,1,0,1,0
74701537250671252,243.74539545311006,53.4377656866724,0.17009656131267548,76353003520.0,0.9047303199768066,1,0,0,0,0,0,0,1
42090426097760405,148.90646260611587,1.0012100109274957,0.0870925709605217,10298999808.0,0.6825346350669861,1,1,0,0,1,0,0,0
37489923418254833,35.05999336868922,-5.395654393504857,0.1678103357553482,19335000064.0,0.9854973554611206,1,0,0,0,0,0,0,0
42089601464035472,149.91812656398668,0.9698344518230348,0.10804378241300583,9767300096.0,0.6249150037765503,1,0,0,0,0,0,0,0
75958665588285196,244.63947152475077,55.292929945366836,0.27216336131095886,56219000832.0,0.7622253894805908,1,0,0,0,0,0,0,0
75334576775384024,240.38727665262184,54.584079113137584,0.18214181065559387,77453000704.0,0.5415032505989075,1,0,0,0,0,0,0,0
38553834062110124,35.62859263229008,-4.107919270451977,0.06239563226699829,18218000384.0,0.993206799030304,1,0,0,0,0,0,0,0
75959378552857760,243.27272560791474,56.400473304471994,0.12837322056293488,8522999808.0,0.6198063492774963,1,0,0,0,0,0,0,0
44223186597868116,149.8441108881803,3.1908687243921317,0.10499919205904007,33291999232.0,0.9866857528686523,1,0,0,0,0,0,0,0
76557899425411787,243.16078264589726,56.656022469840366,0.2648898661136627,48557998080.0,0.5777047276496887,1,1,0,0,1,0,0,0
75334439336445829,240.5860389138844,54.675667504548265,0.22479382157325745,27108999168.0,0.5174241065979004,1,1,0,0,0,1,0,0
75343377163381214,245.25839985281218,54.80207832774287,0.3138188123703003,20989999104.0,0.7595352530479431,1,0,0,0,0,0,0,0
37494463198680259,36.4772076595932,-5.241121352479691,0.1619420349597931,14001000448.0,0.774687647819519,1,0,0,0,0,0,0,0
37493647154895258,37.52811287764203,-4.850315797613912,0.12583394348621368,41834000384.0,0.6996585130691528,1,0,0,0,0,0,0,0
75954404980727130,241.68510434011316,55.279477981545696,0.32786229252815247,14224000000.0,0.5181041359901428,1,0,0,0,0,0,0,0
44217968212609126,149.49519526809567,3.4180497133343577,0.15629546344280243,51709001728.0,0.5366075038909912,1,0,0,0,0,0,0,0
37489253403347456,35.98798632367911,-4.7326470718623215,0.08809632807970047,63155998720.0,0.997665286064148,1,0,0,0,0,0,0,0
37494330054698943,36.56279614468353,-4.9944329711311175,0.06872926652431488,9684500480.0,0.8310656547546387,1,0,0,0,0,0,0,0
75954821592547851,240.890830689843,55.439788307431016,0.18185210227966309,63063998464.0,0.8701508045196533,1,1,0,0,0,1,0,0
43158588759236954,150.24530467946676,1.8480523566115983,0.09079956263303757,31792001024.0,0.5516151785850525,1,0,0,0,0,0,0,0
37489648540354447,35.4765389481239,-5.323575482979973,0.25820931792259216,69188001792.0,0.6317673921585083,1,1,0,0,0,1,1,1
38553838357082303,35.73917548315154,-3.846715413969443,0.2034824639558792,12611999744.0,0.8539283871650696,1,0,0,0,0,0,0,0
42697219077328048,353.499733173087,0.8403351671851981,0.09292037785053253,9190700032.0,0.8627092838287354,1,1,0,0,0,1,0,0
41619422804217960,350.9774223383279,-0.4875262619213493,0.2802416682243347,62480998400.0,0.8349072337150574,1,1,0,0,0,1,1,0
38558786159402407,36.49991801924513,-3.910983185531377,0.10104504972696304,53851000832.0,0.9244531393051147,1,0,0,0,0,0,0,0
37488965640548613,36.42678685605635,-5.154847496758081,0.19448086619377136,31470999552.0,0.7226910591125488,1,0,0,0,0,0,0,0
38558373842549049,36.91239982897581,-3.8152388288710983,0.16045565903186798,60726001664.0,0.7783298492431641,1,0,0,0,0,0,0,0
42687722904654297,351.5292228205023,0.39484399299323675,0.20816461741924286,41138999296.0,0.7359663844108582,1,0,0,0,0,0,0,0
38557957230711572,37.537146170107675,-4.115364104452858,0.2787981331348419,23008999424.0,0.682959794998169,1,0,0,0,0,0,0,0
41619139336374298,351.39017852304744,-0.9276784028986494,0.24436035752296448,17976000512.0,0.3995223045349121,1,1,0,0,0,1,0,0
43158880817025774,149.84666014274157,2.693797220954031,0.09078217297792435,13752000512.0,0.7380865812301636,1,0,0,0,0,0,0,0
38553550594276751,36.01523626487204,-4.399039889201785,0.21836847066879272,10266000384.0,0.5081769824028015,1,0,0,0,0,0,0,0
42692945584892768,351.86625689096974,0.43772120396729575,0.22596316039562225,26421000192.0,0.5561713576316833,1,0,0,0,0,0,0,0
37493917737835052,37.19012376773887,-5.042229033376861,0.21852369606494904,140609994752.0,0.8984271883964539,1,0,0,0,0,0,0,0
37489807454134618,35.23998478837008,-4.479314895587269,0.19165809452533722,98817998848.0,0.9553828239440918,1,0,0,0,0,0,0,0
75954546714637093,241.583592666335,55.36428254494209,0.2115025520324707,131110002688.0,0.4318423271179199,1,1,0,0,0,1,1,0
75338953347073514,242.80214860792552,53.763912082768314,0.24021172523498535,83298000896.0,0.7789407968521118,1,0,0,0,0,0,0,0
75959232523974438,243.54689926397714,56.06031224118285,0.2707659900188446,25653999616.0,0.8416785597801208,1,0,0,0,0,0,0,0
38554108940018948,35.32048143751767,-4.121689303592118,0.242799311876297,58309001216.0,0.517509937286377,1,0,0,0,0,0,0,0
42692546152906434,352.4195118627213,0.8678538905721496,0.13728603720664978,36414001152.0,0.5894638895988464,1,0,0,0,0,0,0,1
75334439336439986,240.6340727120334,54.61652947521582,0.17573797702789307,34094000128.0,0.822108805179596,1,1,0,0,1,0,0,0
37488969935508746,36.43911100212244,-5.037109415137589,0.2611584961414337,26335000576.0,0.9040013551712036,1,1,0,0,1,0,0,0
74701404106676822,243.90866717373336,53.499508969289344,0.3343186676502228,77056999424.0,0.7661449909210205,1,0,0,0,0,0,0,0
74696589448339699,242.52178622925965,53.30983267869976,0.2093680202960968,139620007936.0,0.9164479374885559,1,1,0,0,0,1,0,0
37489120259363926,36.349944932672095,-4.526545371957632,0.11344029754400253,21748000768.0,0.8905352354049683,1,1,0,0,0,1,0,0
42697068753481753,353.73723926636814,0.375805272976745,0.2191869467496872,53558001664.0,0.7186054587364197,1,0,0,0,0,0,0,0
75959352783039487,243.06393749103847,55.159359212670026,0.37345969676971436,21880000512.0,0.9322142004966736,1,0,0,0,0,0,0,0
38553559184197671,36.16670885550995,-4.165806639158778,0.386750727891922,24672000000.0,0.8702610731124878,1,0,0,0,0,0,0,0
43158318176295507,150.54689087482666,2.021677076017233,0.0637015625834465,4048199936.0,0.98139488697052,1,0,0,0,0,0,0,0
37489502511452364,35.724925090277125,-5.85333159607486,0.2492545247077942,19207000064.0,0.8950728178024292,1,0,0,0,0,0,0,0
38553688033226282,35.94318342862152,-4.452150721341416,0.23292119801044464,10407000064.0,0.6586391925811768,1,0,0,0,0,0,0,0
42687735789551490,351.4105749003983,0.9725150262354849,0.23152653872966766,22137999360.0,0.8886066675186157,1,0,0,0,0,0,0,0
75334306192458116,240.88151524561658,54.84209718778996,0.3184506893157959,9269900288.0,0.9642108082771301,1,0,0,0,0,0,0,0
41623271094909385,353.0900811392854,-0.5753604185813773,0.2363431751728058,116139999232.0,0.8237482905387878,1,1,0,0,0,1,1,0
75339524577725997,241.64931329938986,54.70143040982524,0.2461874783039093,34951000064.0,0.7689016461372375,1,0,0,0,0,0,0,0
37493651449869823,37.61112538774138,-4.575788643051737,0.34385767579078674,239989997568.0,0.8007867336273193,1,0,0,0,0,0,0,0
42692670706967503,352.27060762668617,0.28977191265275204,0.15122158825397491,85597003776.0,0.9656083583831787,1,1,0,0,1,0,0,0
42687718609684601,351.5052569067829,0.17322748084117712,0.23628632724285126,22919999488.0,0.6532882452011108,1,0,0,0,0,0,0,0
75954563894510966,241.56790139200757,56.17513934666301,0.10172133147716522,39018000384.0,0.8945634365081787,1,0,0,0,0,0,0,0
37484979910909860,34.37073044415538,-5.140700265983762,0.04397670552134514,5197100032.0,0.9201574325561523,1,0,0,0,0,0,0,0
38549431720641681,34.183048105427794,-4.259736651880578,0.24643154442310333,50723999744.0,0.9138031005859375,1,0,0,0,0,0,0,0
37493922032810738,37.15789449395789,-4.7552391151191085,0.19126887619495392,25615998976.0,0.7233881950378418,1,0,0,0,0,0,0,0
75955087880514688,240.2578024653275,55.09671588831947,0.1828608363866806,3774899968.0,0.8297346830368042,1,0,0,0,0,0,0,0
75959515991808076,242.7682891972529,56.38629553323824,0.23375175893306732,5126600192.0,0.6550697088241577,1,0,0,0,0,0,0,0
38553980090995495,35.470101980098086,-3.7488512985389875,0.1881711632013321,23765999616.0,0.8217226266860962,1,0,0,0,0,0,0,0
42687598350590117,351.6533115568458,0.8417748025392666,0.14430853724479675,172990005248.0,0.9595489501953125,1,0,0,0,0,0,0,0
75959773689835122,242.28581168192693,55.54902952150601,0.09554465115070343,50965999616.0,0.7887622117996216,1,0,0,0,0,0,0,0
37489919123285317,35.19321383327352,-5.569199526975371,0.10263136029243469,10069999616.0,0.8020222187042236,1,0,0,0,0,0,0,0
41623941109810853,352.20017872973705,-1.3046792613695304,0.1439182013273239,26246000640.0,0.7225562930107117,1,0,0,0,0,0,0,0
43153911539857631,149.15191809867915,1.6903519411822663,0.09846454113721848,19694999552.0,0.7751446962356567,1,0,0,0,0,0,0,0
37489115964397514,36.337330365064766,-4.674465018524433,0.15879467129707336,10136000512.0,0.3582858145236969,1,1,0,0,0,1,1,0
42692133836058692,353.0563762037776,0.8731180343452412,0.24909241497516632,59619000320.0,0.7847434878349304,1,0,0,0,0,0,0,0
42094553561324061,150.76723833967935,1.0630159671066062,0.31878265738487244,25305999360.0,0.5539149641990662,1,0,0,0,0,0,0,0
38554246378978404,35.05991163515698,-4.000271420134216,0.2566896080970764,20189999104.0,0.839829683303833,1,1,0,0,0,1,1,0
38558648720447476,36.698487620420494,-3.9033286759833095,0.1421440690755844,96210001920.0,0.9692854881286621,1,0,0,0,0,0,0,0
42094682410351248,150.64198730322576,0.8224540528802854,0.18182891607284546,21074999296.0,0.5303601622581482,1,0,0,0,0,0,0,0
37494334349663422,36.61967193392983,-4.835814152318254,0.19783660769462585,29066999808.0,0.8588237166404724,1,1,0,0,0,1,1,0
41623387059009737,353.00093919692955,-1.4585794380756,0.20334672927856445,77415997440.0,0.6177961826324463,1,0,0,0,0,0,0,1
75343789480251624,244.26986425914106,54.86882614434242,0.26350289583206177,35877998592.0,0.8788309693336487,1,1,0,0,1,0,1,0
41619547358268584,350.7586644035842,-1.0749373941445637,0.2405029535293579,128159997952.0,0.5441221594810486,1,1,0,0,0,1,1,0
43163562331360983,151.07028659114923,2.9027272877493147,0.09607607871294022,18805000192.0,0.9134015440940857,1,1,0,0,0,0,1,0
43158739083080386,150.09089701529336,2.3912222630729425,0.19906465709209442,197260001280.0,0.8219518065452576,1,0,0,0,0,0,0,0
41619285365265044,351.15943154378505,-0.49229334970662086,0.21028319001197815,11157000192.0,0.5972653031349182,1,0,0,0,0,0,0,0
38553975796034813,35.47973992550478,-3.8632382583965734,0.2013951987028122,4607499776.0,0.8493503332138062,1,0,0,0,0,0,0,0
75338566800013886,243.63553157503242,54.81552150725955,0.10790505260229111,21261000704.0,0.6320449709892273,1,0,0,0,0,0,0,0
37494063766724807,36.924367142893765,-4.642257388729514,0.28943392634391785,12732000256.0,0.8678673505783081,1,0,0,0,0,0,0,0
75959511696829824,242.87717188162463,56.096454117491405,0.17535178363323212,3627399936.0,0.5187211632728577,1,0,0,0,0,0,0,0
42094003805514847,151.50095167346865,1.1304133678924977,0.07186991721391678,8966599680.0,0.8081541061401367,1,0,0,0,0,0,0,0
41623679116801256,352.63195857714527,-0.7765616578593261,0.32018548250198364,87034003456.0,0.6753119230270386,1,1,0,0,0,1,0,0
41623558857713794,352.84835277586416,-0.060093195594500305,0.09059737622737885,10650000384.0,0.9250390529632568,1,0,0,0,0,0,0,0
44227730673268061,151.20478684092544,3.5693528176275215,0.10864997655153275,122320003072.0,0.964370608329773,1,0,0,0,0,0,0,0
75959498811930539,242.63275707111796,55.556572205635014,0.1527256816625595,79257001984.0,0.5387901663780212,1,1,0,0,0,1,1,0
42697214782376859,353.5041386662507,0.8029441013559854,0.1172889769077301,4059300096.0,0.7091603875160217,1,1,0,0,0,1,0,0
37489657130287572,35.49027021675417,-4.947979474754468,0.2416214644908905,17415999488.0,0.8311097621917725,1,0,0,0,0,0,0,0
76552947328122097,241.7254749395237,56.558456449038445,0.1898254007101059,8135099904.0,0.9798046350479126,1,1,0,0,1,0,1,0
37490060857202409,34.99411867714953,-5.456357169080567,0.18289075791835785,51534000128.0,0.8585749268531799,1,0,0,0,0,0,0,0
74696860031265016,242.06227557381465,53.268729742590395,0.28258809447288513,8622600192.0,0.6756091713905334,1,0,0,0,0,0,0,1
38548877669859805,34.941365533534245,-4.451112160707746,0.15860876441001892,29627000832.0,0.9021190404891968,1,0,0,0,0,0,0,0
43158747673015052,149.99644648069784,2.703916681002248,0.36871635913848877,28258000896.0,0.5376234650611877,1,0,0,0,0,0,0,0
37485125939795293,34.174371940535906,-4.79509315974497,0.19576622545719147,32163999744.0,0.5089156031608582,1,0,0,0,0,0,0,0
37484975615934716,34.386823713352925,-5.380133889751769,0.297824889421463,158589992960.0,0.36910825967788696,1,1,0,1,0,0,0,0
41623258209998520,353.0601702455906,-1.193881287536846,0.24199287593364716,99160997888.0,0.6439502835273743,1,0,0,0,0,0,0,0
41619143631339401,351.26561204769433,-0.7525191255510406,0.15071901679039001,4680900096.0,0.5035013556480408,1,0,0,0,0,0,0,0
38558360957646077,37.08313447980037,-4.422088016269028,0.36800089478492737,241559994368.0,0.6943873763084412,1,1,0,0,0,1,1,1
44223044863946471,150.1214635134664,3.01735398399648,0.23304547369480133,11715999744.0,0.6797611713409424,1,0,0,0,0,0,0,0
40555108433422795,352.4307870168721,-1.4889841903736065,0.23430673778057098,7178999808.0,0.9223141670227051,1,0,0,0,0,0,0,1
42094407532442494,150.99957534346345,0.8069704454307474,0.07122115045785904,15376000000.0,0.9394569396972656,1,1,0,0,0,1,0,0
38558369547571699,37.04181148088273,-4.138674876006087,0.08809872716665268,9105099776.0,0.6933631896972656,1,0,0,0,0,0,0,0
42090430392729394,148.89487397968006,1.1953973234449244,0.36853352189064026,34012999680.0,0.7494280934333801,1,0,0,0,0,0,0,1
37485405112659397,33.850885886347164,-4.663016985523579,0.35657402873039246,55061999616.0,0.7447865605354309,1,0,0,0,0,0,0,0
42089872046974847,149.63775399376405,0.7338300804684545,0.07662378251552582,27907000320.0,0.9706679582595825,1,0,0,0,0,0,0,0
41619160811200040,351.2632525546112,-0.0785594253853142,0.08703978359699249,3747500032.0,0.6302406787872314,1,0,0,0,0,0,0,0
38558369547575808,37.04688444170534,-4.078983963785587,0.315271258354187,240610000896.0,0.8834757208824158,1,1,0,0,0,1,0,0
38554121824917389,35.38200414627958,-3.575280948699034,0.11605282872915268,7943399936.0,0.7556908130645752,1,0,0,0,0,0,0,0
75338687059100784,243.40707191989267,54.11685573913061,0.23026348650455475,15596000256.0,0.5796269774436951,1,0,0,0,0,0,0,0
42688135221499483,351.01642144206187,0.32920116566897417,0.19647589325904846,19207000064.0,0.8329484462738037,1,1,0,0,0,1,0,1
42090155514809239,149.3105968351057,1.0294615173506212,0.08817997574806213,4770899968.0,0.5131494998931885,1,0,0,0,0,0,0,0
38553692328191350,35.89909788814862,-4.291720744009515,0.3323877155780792,24612999168.0,0.8060399293899536,1,1,0,0,0,1,0,0
75959211049127219,243.5497402022349,55.06199011017372,0.08739284425973892,14236000256.0,0.8940494656562805,1,0,0,0,0,0,0,0
75338687059098556,243.54804532000057,54.09837716807354,0.33785480260849,52890001408.0,0.8880289793014526,1,0,0,0,0,0,0,0
37489670015176412,35.46701387828534,-4.528000106223887,0.19752219319343567,26616000512.0,0.8727576732635498,1,0,0,0,0,0,0,0
42687718609684501,351.4769992293877,0.1758069910981162,0.20761027932167053,29468000256.0,0.6733294129371643,1,0,0,0,0,0,0,0
75959241113894772,243.33191327798264,56.331429925879405,0.1606360822916031,109659996160.0,0.9731584191322327,1,0,0,0,0,0,0,0
75959507401882390,242.9399648267251,56.06189813281938,0.34232258796691895,27929999360.0,0.6402156352996826,1,0,0,0,0,0,0,0
75959232523973176,243.3268734641632,56.05395378170414,0.16597971320152283,59200000000.0,0.9054040312767029,1,0,0,0,0,0,0,0
43158464205185563,150.46510508857614,2.41912417657554,0.18146207928657532,32871000064.0,0.4702973961830139,1,1,0,0,1,0,1,0
75338811613157223,243.21702410813845,53.61682675164451,0.17162542045116425,14259999744.0,0.6428799629211426,1,0,0,0,0,0,0,0
75959769394877859,242.2330971735041,55.45892845162572,0.2591184377670288,15952000000.0,0.7877005338668823,1,0,0,0,0,0,0,1
42697068753479542,353.79220563985496,0.34373527726726777,0.0999307706952095,12906999808.0,0.8529436588287354,1,0,0,0,0,0,0,0
75954684153594494,241.3541433397691,55.43143414602917,0.21678367257118225,5039000064.0,0.7806650400161743,1,0,0,0,0,0,0,0
41624233167588372,351.88546954814547,-0.4993735912304321,0.39008235931396484,51885998080.0,0.5549001693725586,1,1,0,0,0,1,1,0
75338682764137001,243.51529349563026,53.9453273059248,0.2659025192260742,75004002304.0,0.542649507522583,1,0,0,0,0,0,0,0
37494196910715519,36.8562400568258,-4.772180775468064,0.10227970033884048,28128000000.0,0.9912201166152954,1,0,0,0,0,0,0,0
38553838357076132,35.61300408592338,-3.9315875196665817,0.21770980954170227,109799997440.0,0.7439306974411011,1,0,0,0,0,0,0,0
44227309766465819,151.67646417403702,3.1763598417272894,0.12220240384340286,101130002432.0,0.6121670603752136,1,0,0,0,0,0,0,0
75343909739323985,243.9751761451986,54.035954417752436,0.21954959630966187,24508000256.0,0.6538763642311096,1,0,0,0,0,0,0,0
42687452321708477,351.807397371404,0.5112504094813719,0.25243642926216125,91377000448.0,0.8910831809043884,1,0,0,0,0,0,0,0
37489940598135645,35.183002399868286,-4.571170531371789,0.22615891695022583,12190000128.0,0.8902390599250793,1,0,0,0,0,0,0,0
41623687706731014,352.5611312330315,-0.4353779284855381,0.2778129279613495,186670006272.0,0.5411424040794373,1,1,0,0,0,1,0,0
75959507401870261,242.749808967825,55.96243189382406,0.10813533514738083,10545999872.0,0.9206053614616394,1,0,0,0,0,0,0,0
38558086079737556,37.39069203939169,-4.4380433457387936,0.2138846069574356,26410000384.0,0.5296748280525208,1,0,0,0,0,0,0,0
75959644840823877,242.4872636801535,55.97639187524898,0.2471906542778015,20020000768.0,0.800957202911377,1,0,0,0,0,0,0,1
41623408533859682,353.0557884389665,-0.5984479065667864,0.22928376495838165,90905001984.0,0.5529869198799133,1,0,0,0,0,0,0,0
37489661425243831,35.43002183783974,-4.881249762622771,0.19210904836654663,14881000448.0,0.8499594330787659,1,0,0,0,0,0,0,0
75343789480253723,244.40188449360681,54.87933408030685,0.2106284201145172,3370800128.0,0.8134488463401794,1,0,0,0,0,0,0,0
38553851241975621,35.76541164915768,-3.3921212339473854,0.14404749870300293,128489996288.0,0.9699498414993286,1,0,0,0,0,0,0,0
75339666311636020,241.3630479952365,54.75921051829071,0.21103604137897491,65512001536.0,0.5113649964332581,1,0,0,0,0,0,0,0
38554392407859921,34.988328685054796,-3.6428457751148455,0.14698228240013123,19562999808.0,0.6733207702636719,1,1,0,0,0,1,0,1
41619564538136987,350.7136437753808,-0.30048501323214677,0.17957846820354462,88351997952.0,0.8866329193115234,1,0,0,0,0,0,0,0
75958665588279293,244.63310454950485,55.2371473712688,0.1880273073911667,19107999744.0,0.5345926880836487,1,1,0,0,0,1,0,0
37485259083769283,34.111759030364425,-5.08833737633478,0.13027679920196533,24711000064.0,0.7942221164703369,1,0,0,0,0,0,0,0
75343518897306777,244.98379986893,55.031739558370525,0.3647002577781677,170920001536.0,0.5369049310684204,1,0,0,0,0,0,0,0
44223470065709917,149.52053147389353,3.575090419476422,0.10666080564260483,121319997440.0,0.9948402643203735,1,1,0,0,0,1,0,0
75959082200104037,243.63232849429374,55.38583108385496,0.2957528531551361,18396000256.0,0.8219256401062012,1,0,0,0,0,0,0,0
41623404238887870,353.0208934938398,-0.8188195790726311,0.19766798615455627,64030998528.0,0.8543987274169922,1,0,0,0,0,0,0,0
37493926327772058,37.23147110101346,-4.646341980746898,0.3576659858226776,15658000384.0,0.8619606494903564,1,0,0,0,0,0,0,0
75959103674948784,243.687354537209,56.395555968364576,0.09183450788259506,10414999552.0,0.9872798919677734,1,0,0,0,0,0,0,0
75959640545855244,242.56340689082987,55.746398995130825,0.24991221725940704,7263799808.0,0.6751601099967957,1,0,0,0,0,0,0,0
38553851241972518,35.74342705216986,-3.4174393612769616,0.1655358523130417,100080001024.0,0.9732595682144165,1,0,0,0,0,0,0,0
37493922032804249,37.26847469888439,-4.8382071147212145,0.12208878993988037,21040001024.0,0.9308804273605347,1,1,0,0,0,0,1,0
41619019077289770,351.40860638923596,-0.13201242047156755,0.17521493136882782,60123000832.0,0.8891292810440063,1,0,0,0,0,0,0,0
75338979116868303,242.85983427971735,54.77234599868258,0.1761404424905777,18940000256.0,0.7065605521202087,1,0,0,0,0,0,0,0
40550710386908540,350.8005430496195,-1.5343261705037454,0.10321387648582458,33027000320.0,0.9315602779388428,1,0,0,0,0,0,0,0
43158597349166889,150.21296175036593,2.19381305240062,0.14862246811389923,7019800064.0,0.5038008689880371,1,0,0,0,0,0,0,0
43158202212180421,150.7424429456054,2.9300676570077515,0.13787022233009338,19263000576.0,0.5657714009284973,1,1,0,0,0,1,0,0
75343918329262045,244.1914309201359,54.43180045868628,0.10520520806312561,7093300224.0,0.5563393831253052,1,1,0,0,0,1,0,0
38548886259794504,34.92409165925779,-4.009300628944354,0.17006734013557434,113790001152.0,0.9717237949371338,1,1,0,0,0,1,1,0
75343905444357354,244.0641262821575,53.830135303641285,0.15039078891277313,44158001152.0,0.8616881370544434,1,0,0,0,0,0,0,0
41624228872613985,351.85202311137107,-0.7280786765641083,0.15670256316661835,157669998592.0,0.9825394153594971,1,0,0,0,0,0,0,0
75954697038483233,241.18983857605366,55.90669644364585,0.17290350794792175,29841000448.0,0.8293651938438416,1,0,0,0,0,0,0,0
75954417865614226,241.7294846674476,55.6973097997994,0.07603232562541962,23355000832.0,0.9372744560241699,1,1,0,1,0,0,0,0
38553430335180345,36.335974148313426,-3.8023968792069076,0.3599865734577179,35021000704.0,0.5061361789703369,1,0,0,0,0,0,0,0
37489661425241532,35.47733361641492,-4.914350227633411,0.16846458613872528,13555000320.0,0.6682167649269104,1,0,0,0,0,0,0,0
43163128539657872,151.475259449998,1.9799864824919926,0.21797126531600952,14257999872.0,0.6266008615493774,1,0,0,0,0,0,0,0
42085074568511407,148.697596904111,1.3697943837262252,0.07572279870510101,15326000128.0,0.6151454448699951,1,1,1,0,0,0,0,0
43154057568735475,149.03145480199436,1.9795778455561597,0.17609897255897522,4480399872.0,0.5456691980361938,1,0,0,0,0,0,0,0
75338815908118427,243.05347875934206,53.74710102756642,0.3527880609035492,12679999488.0,0.8691984415054321,1,0,0,0,0,0,0,0
38554126119880379,35.404343681352856,-3.420372370062238,0.2609820067882538,31266000896.0,0.5920571684837341,1,0,0,0,0,0,0,0
41623550267786952,352.86891854066425,-0.35035706893532953,0.20347625017166138,24386000896.0,0.5303633213043213,1,0,0,0,0,0,0,0
37489661425246616,35.46023093267582,-4.848442228958499,0.20118331909179688,76686000128.0,0.8182828426361084,1,1,0,0,0,1,0,0
37493655744831454,37.56694694815792,-4.480542604870178,0.23893176019191742,223800000512.0,0.9228523969650269,1,0,0,0,0,0,0,0
74696722592318753,242.3300843121615,53.19266903866973,0.3066292703151703,16599000064.0,0.5486746430397034,1,0,0,0,0,0,0,0
37489670015179635,35.53313491230854,-4.469177665553751,0.2719922363758087,183350001664.0,0.9296327829360962,1,1,0,0,0,1,0,0
37494330054690319,36.57072383180306,-5.100458282109764,0.3477860689163208,26169999360.0,0.6544500589370728,1,0,0,0,0,0,0,1
75959099379981354,243.66428221689404,56.24276819563574,0.10216745734214783,28096000000.0,0.7657778263092041,1,0,0,0,0,0,0,0
38558227813657476,37.2731577547595,-4.2522958858076505,0.1703999638557434,17308999680.0,0.34542137384414673,1,1,0,0,0,1,0,0
38558232108618572,37.09834058706186,-4.133585394316103,0.3624837100505829,12225000448.0,0.6109209656715393,1,0,0,0,0,0,0,0
75338553915107705,243.65375162701918,54.27624236755697,0.18013274669647217,68465999872.0,0.9800873398780823,1,0,0,0,0,0,0,0
38553838357074105,35.6100007855806,-3.949306000990618,0.2587021589279175,62286999552.0,0.9231552481651306,1,0,0,0,0,0,0,0
37494201205672927,36.88885325872212,-4.713963286991215,0.17107361555099487,12743000064.0,0.9161040782928467,1,1,0,0,0,1,1,0
75959099379965906,243.62242488257994,56.07545861510776,0.2734324634075165,32384999424.0,0.8861824870109558,1,0,0,0,0,0,0,0
38554113234990328,35.26926161670947,-3.8864698047669566,0.25634363293647766,119480000512.0,0.681535005569458,1,0,0,0,0,0,0,0
43158335356155468,150.5459614473995,2.7150065525409572,0.20579342544078827,158869995520.0,0.4659044146537781,1,1,1,0,0,0,0,0
42687873228495675,351.26489035513595,0.8751894695454635,0.10535173863172531,15982999552.0,0.883105993270874,1,0,0,0,0,0,0,0
76557757691502705,243.3766143610189,56.60406156143178,0.20360560715198517,17916999680.0,0.9116724133491516,1,0,0,0,0,0,0,0
42692816735857819,351.9427779097189,0.6745274355273247,0.24926285445690155,133239996416.0,0.5120233297348022,1,0,0,0,0,0,0,0
38553988680932704,35.52602738996435,-3.3439241070594017,0.2646525800228119,111600001024.0,0.954778790473938,1,0,0,0,0,0,0,0
38558773274499250,36.52982457431377,-4.457316065382749,0.16927477717399597,32975998976.0,0.7827713489532471,1,0,0,0,0,0,0,0
74697001765188197,241.56060055878976,53.437262951038285,0.0694291889667511,8346399744.0,0.608165442943573,1,0,0,0,0,0,0,1
44223186597864253,149.82576326935535,3.142409856839523,0.10913659632205963,17582000128.0,0.848547101020813,1,0,0,0,0,0,0,0
42692949879852171,351.9277237354615,0.5596680187113231,0.2792811691761017,191699992576.0,0.8456766605377197,1,1,0,0,0,1,1,0
37484846766925048,34.56708075729777,-4.946341972577867,0.20712633430957794,12782000128.0,0.6242202520370483,1,0,0,0,0,0,0,0
43154066158676432,148.97818417731915,2.424401513717072,0.3057009279727936,30421000192.0,0.6501041650772095,1,0,0,0,0,0,0,0
41619272480364750,351.03907172987,-1.081196300987454,0.1980009824037552,12618000384.0,0.7364671230316162,1,0,0,0,0,0,0,0
42691858958151887,353.25072253713887,0.9024492872867586,0.2290661484003067,17159999488.0,0.5004450082778931,1,0,0,0,0,0,0,0
42692262685088528,352.86019553229863,0.6152485044529422,0.2457355409860611,174300004352.0,0.9765739440917969,1,1,0,0,0,1,1,0
38554108940020396,35.37361190810878,-4.108532826145308,0.12013217806816101,19954999296.0,0.7343569397926331,1,0,0,0,0,0,0,0
75958803027221572,244.29606199669644,55.14494983177067,0.1626288890838623,15365000192.0,0.48376917839050293,1,1,0,0,1,0,0,1
37484833882010801,34.66289697530089,-5.54472415122514,0.393685907125473,27833999360.0,0.573318600654602,1,0,0,0,0,0,0,0
42692679296913100,352.18053022434975,0.798823215381355,0.22843801975250244,94608998400.0,0.6711382269859314,1,0,0,0,0,0,0,0
42687856048630925,351.2067919649222,0.1209109716331782,0.3196079432964325,15980000256.0,0.8242997527122498,1,0,0,0,0,0,0,1
75339657721702332,241.30490021056124,54.4456144543177,0.31936243176460266,178990006272.0,0.8334119319915771,1,1,0,0,0,1,0,1
38554383817926240,35.04473478034391,-4.10837998111019,0.14890539646148682,42265001984.0,0.5730627179145813,1,0,0,0,0,0,0,0
42697068753473967,353.6415938341077,0.2864109692873752,0.14421795308589935,76564996096.0,0.6204789280891418,1,0,0,0,0,0,0,0
43154048978812757,148.90355795923907,1.752324082769923,0.09607558697462082,20713000960.0,0.5568273067474365,1,0,0,0,0,0,0,0
41619147926306230,351.2311816116681,-0.5469716733337906,0.24405331909656525,76675997696.0,0.5317281484603882,1,0,0,0,0,0,0,0
37485405112654891,33.91125333211978,-4.713059078818839,0.37318894267082214,131299999744.0,0.9032904505729675,1,0,0,0,0,0,0,0
75959644840820932,242.4601847016208,55.95757810254624,0.11767073720693588,45944000512.0,0.9976904392242432,1,0,0,0,0,0,0,0
38553417450283628,36.17915137428177,-4.264889521124772,0.2628546953201294,9988299776.0,0.8552936911582947,1,0,0,0,0,0,0,0
37489103079497009,36.239579107659075,-5.246748201661572,0.057558946311473846,11130000384.0,0.9590297937393188,1,0,0,0,0,0,0,0
42697214782378664,353.4218848043657,0.8340372943736705,0.31667211651802063,54934999040.0,0.7806140780448914,1,0,0,0,0,0,0,0
75958798732266305,244.28246523642318,55.073936015803305,0.21410466730594635,133779996672.0,0.5884004831314087,1,0,0,0,0,0,0,0
38553846947011047,35.78203457620455,-3.545109874258435,0.227798193693161,48655998976.0,0.6759994029998779,1,0,0,0,0,0,0,0
42692799556000691,352.0125277072526,0.044704624049489855,0.22411206364631653,27154999296.0,0.891024112701416,1,1,0,0,0,1,0,0
74696731182266474,242.1325779913019,53.52082061193515,0.32244592905044556,15742000128.0,0.6727858185768127,1,0,0,0,0,0,0,0
75339236814919131,242.0315474822262,54.14148442836912,0.2652261555194855,33517000704.0,0.5303206443786621,1,0,0,0,0,0,0,0
41623258210002525,353.0810927492336,-1.1260727911302228,0.22711904346942902,15514999808.0,0.6221606135368347,1,0,0,0,0,0,0,0
41623674821845305,352.6492627115546,-0.8536318402971614,0.24492426216602325,86550003712.0,0.5513285994529724,1,0,0,0,0,0,0,0
37489369367479307,35.833240319182124,-5.495673972374198,0.2170824259519577,28861999104.0,0.6084162592887878,1,0,0,0,0,0,0,0
75338953347066790,242.89157818132117,53.7046188574423,0.31103456020355225,27221999616.0,0.747407078742981,1,0,0,0,0,0,0,0
42094686705318537,150.5515776173298,0.9800703765169153,0.10246197134256363,4056000000.0,0.5097090601921082,1,0,0,0,0,0,0,0
37489777389362179,35.298598383036264,-5.775936856060727,0.31729933619499207,11080999936.0,0.8378294706344604,1,0,0,0,0,0,0,0
40554696116550495,352.8444992815527,-1.5251508084138838,0.3377457857131958,42027999232.0,0.767910897731781,1,0,0,0,0,0,0,0
41618868753429612,351.5909605440286,-0.7711528393266301,0.09284152090549469,19100000256.0,0.9518953561782837,1,1,0,0,0,1,0,0
37485259083775495,34.09341273303754,-4.9916636733179445,0.1330064982175827,48303001600.0,0.8110865354537964,1,0,0,0,0,0,0,0
75959241113894774,243.32792389843047,56.33694973742867,0.153729647397995,63620001792.0,0.6593319177627563,1,0,0,0,0,0,0,0
43163141424574114,151.5176873332451,2.626851423009781,0.13709555566310883,13655000064.0,0.8452024459838867,1,1,0,0,0,1,1,0
42691974922275768,353.1029632286181,0.013857586254013439,0.26799270510673523,6428400128.0,0.6489876508712769,1,0,0,0,0,0,0,0
75954679858632647,241.31507071153624,55.248262597226095,0.1968638300895691,26129000448.0,0.37108489871025085,1,1,0,0,1,0,0,0
37484563299070193,34.93899414603904,-5.388123785316291,0.18289799988269806,29464999936.0,0.9656130075454712,1,0,0,0,0,0,0,0
43163412007515078,151.16762093210323,2.4379100376310197,0.13460850715637207,19015000064.0,0.8924259543418884,1,1,0,0,0,1,1,0
37485130234748842,34.296810717483474,-4.715038430690246,0.17082196474075317,18474999808.0,0.6130196452140808,1,0,0,0,0,0,0,0
43158197917223738,150.88206093988984,2.864100638950417,0.1921730786561966,81536000000.0,0.906410276889801,1,0,0,0,0,0,0,0
38548886259780648,34.89018114990355,-4.174956027643505,0.15408854186534882,30215999488.0,0.7482254505157471,1,0,0,0,0,0,0,0
43162982510777706,151.7263723791325,1.71700828316617,0.06898517906665802,36168998912.0,0.9972392320632935,1,0,0,0,0,0,0,0
75339090786029044,242.54661091156794,53.77345847205686,0.21725578606128693,91505000448.0,0.7482902407646179,1,0,0,0,0,0,0,0
75339095080986656,242.47008275136176,53.844544552118634,0.26552054286003113,52246999040.0,0.5394580364227295,1,0,0,0,0,0,0,0
75339395728704729,241.96053541982647,55.02797593629385,0.19408541917800903,34363998208.0,0.6093392968177795,1,1,0,0,0,1,0,0
37489107374464842,36.226527832133,-5.03550872575356,0.3015703856945038,30624999424.0,0.5754117369651794,1,0,0,0,0,0,0,0
43158189327272399,150.87201890295327,2.3548863052259894,0.1685258448123932,67415998464.0,0.9780786037445068,1,1,0,0,0,1,0,0
37484713622936330,34.745830327038384,-4.77484681533652,0.26994970440864563,18406000640.0,0.40367427468299866,1,1,0,0,0,1,0,0
75343652041293670,244.62837264508283,54.846868647760765,0.20874132215976715,15710000128.0,0.6798543930053711,1,0,0,0,0,0,0,0
37489090194599894,36.26229802489913,-5.737648047748988,0.20468363165855408,5922899968.0,0.7690836191177368,1,0,0,0,0,0,0,0
37485267673699990,34.001402331802886,-4.7371677078575924,0.09926501661539078,49085001728.0,0.9103337526321411,1,0,0,0,0,0,0,0
37489661425250208,35.45143107702504,-4.809282509105585,0.2965909540653229,11982000128.0,0.6081128716468811,1,1,0,0,0,1,0,0
44227580349415366,151.28830398769801,3.0090015076316186,0.2665647566318512,7175099904.0,0.5089514255523682,1,0,0,0,0,0,0,0
